type,organization,comment,photo,photo_after,coords,address,subdistrict,district,province,timestamp,state,star,count_reopen,last_activity
น้ำท่วม,GISTDA,น้ำท่วม | พท. (ตร.ม.): ,,,"14.19609156517707,100.5345045731602",,,,กรุงเทพมหานคร,2025-11-15T18:57:39.978Z,,0,0,2025-11-16T23:29:45.022598
น้ำท่วม,GISTDA,น้ำท่วม | พท. (ตร.ม.): ,,,"14.195858079286905,100.52850346166554",,,,กรุงเทพมหานคร,2025-11-15T18:57:39.978Z,,0,0,2025-11-16T23:29:45.022598
น้ำท่วม,GISTDA,น้ำท่วม | พท. (ตร.ม.): ,,,"14.199932447024771,100.53316922448022",,,,กรุงเทพมหานคร,2025-11-15T18:57:39.978Z,,0,0,2025-11-16T23:29:45.022598
น้ำท่วม,GISTDA,น้ำท่วม | พท. (ตร.ม.): ,,,"14.188823417666582,100.54429106917767",,,,กรุงเทพมหานคร,2025-11-15T18:57:39.978Z,,0,0,2025-11-16T23:29:45.022598
น้ำท่วม,GISTDA,น้ำท่วม | พท. (ตร.ม.): ,,,"14.189735122477861,100.5414256555696",,,,กรุงเทพมหานคร,2025-11-15T18:57:39.978Z,,0,0,2025-11-16T23:29:45.022598
น้ำท่วม,GISTDA,น้ำท่วม | พท. (ตร.ม.): ,,,"14.193298517912227,100.54512060113501",,,,กรุงเทพมหานคร,2025-11-15T18:57:39.978Z,,0,0,2025-11-16T23:29:45.022598
น้ำท่วม,GISTDA,น้ำท่วม | พท. (ตร.ม.): ,,,"14.191347315526166,100.54210241789222",,,,กรุงเทพมหานคร,2025-11-15T18:57:39.978Z,,0,0,2025-11-16T23:29:45.022598
น้ำท่วม,GISTDA,น้ำท่วม | พท. (ตร.ม.): ,,,"14.189090989357679,100.54484876306012",,,,กรุงเทพมหานคร,2025-11-15T18:57:39.978Z,,0,0,2025-11-16T23:29:45.022598
น้ำท่วม,GISTDA,น้ำท่วม | พท. (ตร.ม.): ,,,"14.185574311880512,100.54361585278889",,,,กรุงเทพมหานคร,2025-11-15T18:57:39.978Z,,0,0,2025-11-16T23:29:45.022598
น้ำท่วม,GISTDA,น้ำท่วม | พท. (ตร.ม.): ,,,"14.191017742774598,100.54689296973473",,,,กรุงเทพมหานคร,2025-11-15T18:57:39.978Z,,0,0,2025-11-16T23:29:45.022598
น้ำท่วม,GISTDA,น้ำท่วม | พท. (ตร.ม.): ,,,"14.190944582926102,100.5345983929015",,,,กรุงเทพมหานคร,2025-11-15T18:57:39.978Z,,0,0,2025-11-16T23:29:45.022598
น้ำท่วม,GISTDA,น้ำท่วม | พท. (ตร.ม.): ,,,"14.189058120935472,100.53199327816745",,,,กรุงเทพมหานคร,2025-11-15T18:57:39.978Z,,0,0,2025-11-16T23:29:45.022598
น้ำท่วม,GISTDA,น้ำท่วม | พท. (ตร.ม.): ,,,"14.193189315034834,100.53629458442758",,,,กรุงเทพมหานคร,2025-11-15T18:57:39.978Z,,0,0,2025-11-16T23:29:45.022598
น้ำท่วม,GISTDA,น้ำท่วม | พท. (ตร.ม.): ,,,"14.192802318734842,100.53192523195655",,,,กรุงเทพมหานคร,2025-11-15T18:57:39.978Z,,0,0,2025-11-16T23:29:45.022598
น้ำท่วม,GISTDA,น้ำท่วม | พท. (ตร.ม.): ,,,"14.187212305492965,100.53729955971211",,,,กรุงเทพมหานคร,2025-11-15T18:57:39.978Z,,0,0,2025-11-16T23:29:45.022598
น้ำท่วม,GISTDA,น้ำท่วม | พท. (ตร.ม.): ,,,"14.18833946819186,100.53468822438208",,,,กรุงเทพมหานคร,2025-11-15T18:57:39.978Z,,0,0,2025-11-16T23:29:45.022598
น้ำท่วม,GISTDA,น้ำท่วม | พท. (ตร.ม.): ,,,"14.19043698951719,100.53863579787388",,,,กรุงเทพมหานคร,2025-11-15T18:57:39.978Z,,0,0,2025-11-16T23:29:45.022598
น้ำท่วม,GISTDA,น้ำท่วม | พท. (ตร.ม.): ,,,"14.1974742659999,100.54994397700014",,,,กรุงเทพมหานคร,2025-11-15T18:57:39.978Z,,0,0,2025-11-16T23:29:45.022598
น้ำท่วม,GISTDA,น้ำท่วม | พท. (ตร.ม.): ,,,"14.19530158927917,100.54639922658075",,,,กรุงเทพมหานคร,2025-11-15T18:57:39.978Z,,0,0,2025-11-16T23:29:45.022598
น้ำท่วม,GISTDA,น้ำท่วม | พท. (ตร.ม.): ,,,"14.198593846715106,100.54732209747846",,,,กรุงเทพมหานคร,2025-11-15T18:57:39.978Z,,0,0,2025-11-16T23:29:45.022598
น้ำท่วม,GISTDA,น้ำท่วม | พท. (ตร.ม.): ,,,"14.195864236526448,100.54988135546432",,,,กรุงเทพมหานคร,2025-11-15T18:57:39.978Z,,0,0,2025-11-16T23:29:45.022598
น้ำท่วม,GISTDA,น้ำท่วม | พท. (ตร.ม.): ,,,"14.193823314594262,100.54917609210314",,,,กรุงเทพมหานคร,2025-11-15T18:57:39.978Z,,0,0,2025-11-16T23:29:45.022598
น้ำท่วม,GISTDA,น้ำท่วม | พท. (ตร.ม.): ,,,"14.197681553188447,100.551226259944",,,,กรุงเทพมหานคร,2025-11-15T18:57:39.978Z,,0,0,2025-11-16T23:29:45.022598
น้ำท่วม,GISTDA,น้ำท่วม | พท. (ตร.ม.): ,,,"14.167480990155509,100.57682543184826",,,,กรุงเทพมหานคร,2025-11-15T18:57:39.978Z,,0,0,2025-11-16T23:29:45.022598
น้ำท่วม,GISTDA,น้ำท่วม | พท. (ตร.ม.): ,,,"14.163894675726578,100.57885593645246",,,,กรุงเทพมหานคร,2025-11-15T18:57:39.978Z,,0,0,2025-11-16T23:29:45.022598
น้ำท่วม,GISTDA,น้ำท่วม | พท. (ตร.ม.): ,,,"14.16882846326292,100.56478800716094",,,,กรุงเทพมหานคร,2025-11-15T18:57:39.978Z,,0,0,2025-11-16T23:29:45.022598
น้ำท่วม,GISTDA,น้ำท่วม | พท. (ตร.ม.): ,,,"14.167840316977058,100.56433884975819",,,,กรุงเทพมหานคร,2025-11-15T18:57:39.978Z,,0,0,2025-11-16T23:29:45.022598
น้ำท่วม,GISTDA,น้ำท่วม | พท. (ตร.ม.): ,,,"14.176287545291943,100.57987970398324",,,,กรุงเทพมหานคร,2025-11-15T18:57:39.978Z,,0,0,2025-11-16T23:29:45.022598
น้ำท่วม,GISTDA,น้ำท่วม | พท. (ตร.ม.): ,,,"14.168289474379707,100.58329330204431",,,,กรุงเทพมหานคร,2025-11-15T18:57:39.978Z,,0,0,2025-11-16T23:29:45.022598
น้ำท่วม,GISTDA,น้ำท่วม | พท. (ตร.ม.): ,,,"14.17266258071348,100.5656653614672",,,,กรุงเทพมหานคร,2025-11-15T18:57:39.978Z,,0,0,2025-11-16T23:29:45.022598
น้ำท่วม,GISTDA,น้ำท่วม | พท. (ตร.ม.): ,,,"14.17767894820148,100.57105358475418",,,,กรุงเทพมหานคร,2025-11-15T18:57:39.978Z,,0,0,2025-11-16T23:29:45.022598
น้ำท่วม,GISTDA,น้ำท่วม | พท. (ตร.ม.): ,,,"14.176004313048582,100.56760572252622",,,,กรุงเทพมหานคร,2025-11-15T18:57:39.978Z,,0,0,2025-11-16T23:29:45.022598
น้ำท่วม,GISTDA,น้ำท่วม | พท. (ตร.ม.): ,,,"14.156528588632398,100.57997085686277",,,,กรุงเทพมหานคร,2025-11-15T18:57:39.978Z,,0,0,2025-11-16T23:29:45.022598
น้ำท่วม,GISTDA,น้ำท่วม | พท. (ตร.ม.): ,,,"14.158358603306432,100.5828441446404",,,,กรุงเทพมหานคร,2025-11-15T18:57:39.978Z,,0,0,2025-11-16T23:29:45.022598
น้ำท่วม,GISTDA,น้ำท่วม | พท. (ตร.ม.): ,,,"14.200689392001768,100.56336358446202",,,,กรุงเทพมหานคร,2025-11-15T18:57:39.822Z,,0,0,2025-11-16T23:29:45.022598
น้ำท่วม,GISTDA,น้ำท่วม | พท. (ตร.ม.): ,,,"14.201340304633664,100.55284061470964",,,,กรุงเทพมหานคร,2025-11-15T18:57:39.822Z,,0,0,2025-11-16T23:29:45.022598
น้ำท่วม,GISTDA,น้ำท่วม | พท. (ตร.ม.): ,,,"14.198172680930773,100.56768144447412",,,,กรุงเทพมหานคร,2025-11-15T18:57:39.822Z,,0,0,2025-11-16T23:29:45.022598
น้ำท่วม,GISTDA,น้ำท่วม | พท. (ตร.ม.): ,,,"14.197053739434416,100.56535400729126",,,,กรุงเทพมหานคร,2025-11-15T18:57:39.822Z,,0,0,2025-11-16T23:29:45.022598
น้ำท่วม,GISTDA,น้ำท่วม | พท. (ตร.ม.): ,,,"14.199097882461254,100.56994959499798",,,,กรุงเทพมหานคร,2025-11-15T18:57:39.822Z,,0,0,2025-11-16T23:29:45.022598
น้ำท่วม,GISTDA,น้ำท่วม | พท. (ตร.ม.): ,,,"14.197907988043013,100.56703255712691",,,,กรุงเทพมหานคร,2025-11-15T18:57:39.822Z,,0,0,2025-11-16T23:29:45.022598
น้ำท่วม,GISTDA,น้ำท่วม | พท. (ตร.ม.): ,,,"14.192820775558303,100.56895319563353",,,,กรุงเทพมหานคร,2025-11-15T18:57:39.822Z,,0,0,2025-11-16T23:29:45.022598
น้ำท่วม,GISTDA,น้ำท่วม | พท. (ตร.ม.): ,,,"14.194383712494187,100.5678213178996",,,,กรุงเทพมหานคร,2025-11-15T18:57:39.822Z,,0,0,2025-11-16T23:29:45.022598
น้ำท่วม,GISTDA,น้ำท่วม | พท. (ตร.ม.): ,,,"14.195684954397105,100.55953094819473",,,,กรุงเทพมหานคร,2025-11-15T18:57:39.822Z,,0,0,2025-11-16T23:29:45.022598
น้ำท่วม,GISTDA,น้ำท่วม | พท. (ตร.ม.): ,,,"14.19627114869456,100.55663849467078",,,,กรุงเทพมหานคร,2025-11-15T18:57:39.822Z,,0,0,2025-11-16T23:29:45.022598
น้ำท่วม,GISTDA,น้ำท่วม | พท. (ตร.ม.): ,,,"14.200347279589975,100.56142030438932",,,,กรุงเทพมหานคร,2025-11-15T18:57:39.822Z,,0,0,2025-11-16T23:29:45.022598
น้ำท่วม,GISTDA,น้ำท่วม | พท. (ตร.ม.): ,,,"14.200248878686624,100.5542518327994",,,,กรุงเทพมหานคร,2025-11-15T18:57:39.822Z,,0,0,2025-11-16T23:29:45.022598
น้ำท่วม,GISTDA,น้ำท่วม | พท. (ตร.ม.): ,,,"14.195628355022457,100.56263718163147",,,,กรุงเทพมหานคร,2025-11-15T18:57:39.822Z,,0,0,2025-11-16T23:29:45.022598
น้ำท่วม,GISTDA,น้ำท่วม | พท. (ตร.ม.): ,,,"14.19418947818908,100.55938115644325",,,,กรุงเทพมหานคร,2025-11-15T18:57:39.822Z,,0,0,2025-11-16T23:29:45.022598
น้ำท่วม,GISTDA,น้ำท่วม | พท. (ตร.ม.): ,,,"14.196559378712283,100.56112269245824",,,,กรุงเทพมหานคร,2025-11-15T18:57:39.822Z,,0,0,2025-11-16T23:29:45.022598
น้ำท่วม,GISTDA,น้ำท่วม | พท. (ตร.ม.): ,,,"14.202251631830817,100.5721070726057",,,,กรุงเทพมหานคร,2025-11-15T18:57:39.822Z,,0,0,2025-11-16T23:29:45.022598
น้ำท่วม,GISTDA,น้ำท่วม | พท. (ตร.ม.): ,,,"14.197540407763524,100.53976565725942",,,,กรุงเทพมหานคร,2025-11-15T18:57:39.822Z,,0,0,2025-11-16T23:29:45.022598
น้ำท่วม,GISTDA,น้ำท่วม | พท. (ตร.ม.): ,,,"14.197888620455654,100.53847725576354",,,,กรุงเทพมหานคร,2025-11-15T18:57:39.822Z,,0,0,2025-11-16T23:29:45.022598
น้ำท่วม,GISTDA,น้ำท่วม | พท. (ตร.ม.): ,,,"14.199855661860594,100.5381916537058",,,,กรุงเทพมหานคร,2025-11-15T18:57:39.822Z,,0,0,2025-11-16T23:29:45.022598
น้ำท่วม,GISTDA,น้ำท่วม | พท. (ตร.ม.): ,,,"14.194490352009579,100.54298118495691",,,,กรุงเทพมหานคร,2025-11-15T18:57:39.822Z,,0,0,2025-11-16T23:29:45.022598
น้ำท่วม,GISTDA,น้ำท่วม | พท. (ตร.ม.): ,,,"14.194219332160705,100.54014233193622",,,,กรุงเทพมหานคร,2025-11-15T18:57:39.822Z,,0,0,2025-11-16T23:29:45.022598
น้ำท่วม,GISTDA,น้ำท่วม | พท. (ตร.ม.): ,,,"14.198735190309755,100.54286931505595",,,,กรุงเทพมหานคร,2025-11-15T18:57:39.822Z,,0,0,2025-11-16T23:29:45.022598
น้ำท่วม,GISTDA,น้ำท่วม | พท. (ตร.ม.): ,,,"14.200552905244122,100.53234876624346",,,,กรุงเทพมหานคร,2025-11-15T18:57:39.822Z,,0,0,2025-11-16T23:29:45.022598
น้ำท่วม,GISTDA,น้ำท่วม | พท. (ตร.ม.): ,,,"14.19828372686546,100.52920975682919",,,,กรุงเทพมหานคร,2025-11-15T18:57:39.822Z,,0,0,2025-11-16T23:29:45.022598
น้ำท่วม,GISTDA,น้ำท่วม | พท. (ตร.ม.): ,,,"14.175028656411895,100.5985646618298",,,,กรุงเทพมหานคร,2025-11-15T18:57:39.333Z,,0,0,2025-11-16T23:29:45.022598
น้ำท่วม,GISTDA,น้ำท่วม | พท. (ตร.ม.): ,,,"14.200213479571728,100.62959522980674",,,,กรุงเทพมหานคร,2025-11-15T18:57:39.333Z,,0,0,2025-11-16T23:29:45.022598
น้ำท่วม,GISTDA,น้ำท่วม | พท. (ตร.ม.): ,,,"14.196453210717529,100.62438500117425",,,,กรุงเทพมหานคร,2025-11-15T18:57:39.333Z,,0,0,2025-11-16T23:29:45.022598
น้ำท่วม,GISTDA,น้ำท่วม | พท. (ตร.ม.): ,,,"14.203593725815534,100.62920057284452",,,,กรุงเทพมหานคร,2025-11-15T18:57:39.333Z,,0,0,2025-11-16T23:29:45.022598
น้ำท่วม,GISTDA,น้ำท่วม | พท. (ตร.ม.): ,,,"14.201842853634874,100.62477363999845",,,,กรุงเทพมหานคร,2025-11-15T18:57:39.333Z,,0,0,2025-11-16T23:29:45.022598
น้ำท่วม,GISTDA,น้ำท่วม | พท. (ตร.ม.): ,,,"14.196339884131605,100.62651716430383",,,,กรุงเทพมหานคร,2025-11-15T18:57:39.333Z,,0,0,2025-11-16T23:29:45.022598
น้ำท่วม,GISTDA,น้ำท่วม | พท. (ตร.ม.): ,,,"14.19896960254812,100.63126353901349",,,,กรุงเทพมหานคร,2025-11-15T18:57:39.333Z,,0,0,2025-11-16T23:29:45.022598
น้ำท่วม,GISTDA,น้ำท่วม | พท. (ตร.ม.): ,,,"14.199408981658827,100.62036559640622",,,,กรุงเทพมหานคร,2025-11-15T18:57:39.333Z,,0,0,2025-11-16T23:29:45.022598
น้ำท่วม,GISTDA,น้ำท่วม | พท. (ตร.ม.): ,,,"14.19955814019596,100.61568355645109",,,,กรุงเทพมหานคร,2025-11-15T18:57:39.333Z,,0,0,2025-11-16T23:29:45.022598
น้ำท่วม,GISTDA,น้ำท่วม | พท. (ตร.ม.): ,,,"14.203172045153718,100.61625525187844",,,,กรุงเทพมหานคร,2025-11-15T18:57:39.333Z,,0,0,2025-11-16T23:29:45.022598
น้ำท่วม,GISTDA,น้ำท่วม | พท. (ตร.ม.): ,,,"14.196498083583675,100.624066097512",,,,กรุงเทพมหานคร,2025-11-15T18:57:39.333Z,,0,0,2025-11-16T23:29:45.022598
น้ำท่วม,GISTDA,น้ำท่วม | พท. (ตร.ม.): ,,,"14.194970947598446,100.6174326426244",,,,กรุงเทพมหานคร,2025-11-15T18:57:39.333Z,,0,0,2025-11-16T23:29:45.022598
น้ำท่วม,GISTDA,น้ำท่วม | พท. (ตร.ม.): ,,,"14.199359313931987,100.62151577481883",,,,กรุงเทพมหานคร,2025-11-15T18:57:39.333Z,,0,0,2025-11-16T23:29:45.022598
น้ำท่วม,GISTDA,น้ำท่วม | พท. (ตร.ม.): ,,,"14.191196513608201,100.62892771843964",,,,กรุงเทพมหานคร,2025-11-15T18:57:39.333Z,,0,0,2025-11-16T23:29:45.022598
น้ำท่วม,GISTDA,น้ำท่วม | พท. (ตร.ม.): ,,,"14.194368474598036,100.6295000087193",,,,กรุงเทพมหานคร,2025-11-15T18:57:39.333Z,,0,0,2025-11-16T23:29:45.022598
น้ำท่วม,GISTDA,น้ำท่วม | พท. (ตร.ม.): ,,,"14.19116467357048,100.61841763045007",,,,กรุงเทพมหานคร,2025-11-15T18:57:39.333Z,,0,0,2025-11-16T23:29:45.022598
น้ำท่วม,GISTDA,น้ำท่วม | พท. (ตร.ม.): ,,,"14.19426109107643,100.62409740577077",,,,กรุงเทพมหานคร,2025-11-15T18:57:39.333Z,,0,0,2025-11-16T23:29:45.022598
น้ำท่วม,GISTDA,น้ำท่วม | พท. (ตร.ม.): ,,,"14.192354880872811,100.61969418476521",,,,กรุงเทพมหานคร,2025-11-15T18:57:39.333Z,,0,0,2025-11-16T23:29:45.022598
น้ำท่วม,GISTDA,น้ำท่วม | พท. (ตร.ม.): ,,,"14.189454452136065,100.62760952628514",,,,กรุงเทพมหานคร,2025-11-15T18:57:39.333Z,,0,0,2025-11-16T23:29:45.022598
น้ำท่วม,GISTDA,น้ำท่วม | พท. (ตร.ม.): ,,,"14.18892605639236,100.62138207088795",,,,กรุงเทพมหานคร,2025-11-15T18:57:39.333Z,,0,0,2025-11-16T23:29:45.022598
น้ำท่วม,GISTDA,น้ำท่วม | พท. (ตร.ม.): ,,,"14.19166323477604,100.6289378725254",,,,กรุงเทพมหานคร,2025-11-15T18:57:39.333Z,,0,0,2025-11-16T23:29:45.022598
น้ำท่วม,GISTDA,น้ำท่วม | พท. (ตร.ม.): ,,,"14.196424305936917,100.63565886156738",,,,กรุงเทพมหานคร,2025-11-15T18:57:39.333Z,,0,0,2025-11-16T23:29:45.022598
น้ำท่วม,GISTDA,น้ำท่วม | พท. (ตร.ม.): ,,,"14.195615822613334,100.63593547130642",,,,กรุงเทพมหานคร,2025-11-15T18:57:39.333Z,,0,0,2025-11-16T23:29:45.022598
น้ำท่วม,GISTDA,น้ำท่วม | พท. (ตร.ม.): ,,,"14.200042676449044,100.64276084039678",,,,กรุงเทพมหานคร,2025-11-15T18:57:39.333Z,,0,0,2025-11-16T23:29:45.022598
น้ำท่วม,GISTDA,น้ำท่วม | พท. (ตร.ม.): ,,,"14.19401776717793,100.60657343967098",,,,กรุงเทพมหานคร,2025-11-15T18:57:39.333Z,,0,0,2025-11-16T23:29:45.022598
น้ำท่วม,GISTDA,น้ำท่วม | พท. (ตร.ม.): ,,,"14.197982491717314,100.60607177334231",,,,กรุงเทพมหานคร,2025-11-15T18:57:39.333Z,,0,0,2025-11-16T23:29:45.022598
น้ำท่วม,GISTDA,น้ำท่วม | พท. (ตร.ม.): ,,,"14.195569723364033,100.60428030759029",,,,กรุงเทพมหานคร,2025-11-15T18:57:39.333Z,,0,0,2025-11-16T23:29:45.022598
น้ำท่วม,GISTDA,น้ำท่วม | พท. (ตร.ม.): ,,,"14.18816390973662,100.60339438724128",,,,กรุงเทพมหานคร,2025-11-15T18:57:39.333Z,,0,0,2025-11-16T23:29:45.022598
น้ำท่วม,GISTDA,น้ำท่วม | พท. (ตร.ม.): ,,,"14.195456205499548,100.60772861198163",,,,กรุงเทพมหานคร,2025-11-15T18:57:39.333Z,,0,0,2025-11-16T23:29:45.022598
น้ำท่วม,GISTDA,น้ำท่วม | พท. (ตร.ม.): ,,,"14.19815676802414,100.60698532189645",,,,กรุงเทพมหานคร,2025-11-15T18:57:39.333Z,,0,0,2025-11-16T23:29:45.022598
น้ำท่วม,GISTDA,น้ำท่วม | พท. (ตร.ม.): ,,,"14.197995071716008,100.61461459145596",,,,กรุงเทพมหานคร,2025-11-15T18:57:39.333Z,,0,0,2025-11-16T23:29:45.022598
น้ำท่วม,GISTDA,น้ำท่วม | พท. (ตร.ม.): ,,,"14.196558427250025,100.60773194197563",,,,กรุงเทพมหานคร,2025-11-15T18:57:39.333Z,,0,0,2025-11-16T23:29:45.022598
น้ำท่วม,GISTDA,น้ำท่วม | พท. (ตร.ม.): ,,,"14.187415272696624,100.6206208344839",,,,กรุงเทพมหานคร,2025-11-15T18:57:39.162Z,,0,0,2025-11-16T23:29:45.022598
น้ำท่วม,GISTDA,น้ำท่วม | พท. (ตร.ม.): ,,,"14.18655578978228,100.62135586883075",,,,กรุงเทพมหานคร,2025-11-15T18:57:39.162Z,,0,0,2025-11-16T23:29:45.022598
น้ำท่วม,GISTDA,น้ำท่วม | พท. (ตร.ม.): ,,,"14.171613240958298,100.59964264049557",,,,กรุงเทพมหานคร,2025-11-15T18:57:39.162Z,,0,0,2025-11-16T23:29:45.022598
น้ำท่วม,GISTDA,น้ำท่วม | พท. (ตร.ม.): ,,,"14.17125391503612,100.60018162937887",,,,กรุงเทพมหานคร,2025-11-15T18:57:39.162Z,,0,0,2025-11-16T23:29:45.022598
น้ำท่วม,GISTDA,น้ำท่วม | พท. (ตร.ม.): ,,,"14.16954711600655,100.58437128071022",,,,กรุงเทพมหานคร,2025-11-15T18:57:39.162Z,,0,0,2025-11-16T23:29:45.022598
น้ำท่วม,GISTDA,น้ำท่วม | พท. (ตร.ม.): ,,,"14.17448784923478,100.58679673158402",,,,กรุงเทพมหานคร,2025-11-15T18:57:39.162Z,,0,0,2025-11-16T23:29:45.022598
น้ำท่วม,GISTDA,น้ำท่วม | พท. (ตร.ม.): ,,,"14.176913096318412,100.59874432479073",,,,กรุงเทพมหานคร,2025-11-15T18:57:39.162Z,,0,0,2025-11-16T23:29:45.022598
น้ำท่วม,GISTDA,น้ำท่วม | พท. (ตร.ม.): ,,,"14.182542371349054,100.60413421721795",,,,กรุงเทพมหานคร,2025-11-15T18:57:39.162Z,,0,0,2025-11-16T23:29:45.022598
น้ำท่วม,GISTDA,น้ำท่วม | พท. (ตร.ม.): ,,,"14.17804521554325,100.58905749140995",,,,กรุงเทพมหานคร,2025-11-15T18:57:39.162Z,,0,0,2025-11-16T23:29:45.022598
น้ำท่วม,GISTDA,น้ำท่วม | พท. (ตร.ม.): ,,,"14.19678864144626,100.60401094643342",,,,กรุงเทพมหานคร,2025-11-15T18:57:39.501Z,,0,0,2025-11-16T23:29:45.022598
น้ำท่วม,GISTDA,น้ำท่วม | พท. (ตร.ม.): ,,,"14.203331064178167,100.60586308180179",,,,กรุงเทพมหานคร,2025-11-15T18:57:39.501Z,,0,0,2025-11-16T23:29:45.022598
น้ำท่วม,GISTDA,น้ำท่วม | พท. (ตร.ม.): ,,,"14.182572686982539,100.60411699301042",,,,กรุงเทพมหานคร,2025-11-15T18:57:39.501Z,,0,0,2025-11-16T23:29:45.022598
น้ำท่วม,GISTDA,น้ำท่วม | พท. (ตร.ม.): ,,,"14.186190354701136,100.60115706554626",,,,กรุงเทพมหานคร,2025-11-15T18:57:39.501Z,,0,0,2025-11-16T23:29:45.022598
น้ำท่วม,GISTDA,น้ำท่วม | พท. (ตร.ม.): ,,,"14.188185468284633,100.60118474757823",,,,กรุงเทพมหานคร,2025-11-15T18:57:39.501Z,,0,0,2025-11-16T23:29:45.022598
น้ำท่วม,GISTDA,น้ำท่วม | พท. (ตร.ม.): ,,,"14.183111676764122,100.60394428660862",,,,กรุงเทพมหานคร,2025-11-15T18:57:39.501Z,,0,0,2025-11-16T23:29:45.022598
น้ำท่วม,GISTDA,น้ำท่วม | พท. (ตร.ม.): ,,,"14.188263959005972,100.60274658093482",,,,กรุงเทพมหานคร,2025-11-15T18:57:39.501Z,,0,0,2025-11-16T23:29:45.022598
น้ำท่วม,GISTDA,น้ำท่วม | พท. (ตร.ม.): ,,,"14.190257167234444,100.61471178502083",,,,กรุงเทพมหานคร,2025-11-15T18:57:39.501Z,,0,0,2025-11-16T23:29:45.022598
น้ำท่วม,GISTDA,น้ำท่วม | พท. (ตร.ม.): ,,,"14.191446006228174,100.61266199085814",,,,กรุงเทพมหานคร,2025-11-15T18:57:39.501Z,,0,0,2025-11-16T23:29:45.022598
น้ำท่วม,GISTDA,น้ำท่วม | พท. (ตร.ม.): ,,,"14.194313124051341,100.61640815101535",,,,กรุงเทพมหานคร,2025-11-15T18:57:39.501Z,,0,0,2025-11-16T23:29:45.022598
น้ำท่วม,GISTDA,น้ำท่วม | พท. (ตร.ม.): ,,,"14.194153602306812,100.61325704797453",,,,กรุงเทพมหานคร,2025-11-15T18:57:39.501Z,,0,0,2025-11-16T23:29:45.022598
น้ำท่วม,GISTDA,น้ำท่วม | พท. (ตร.ม.): ,,,"14.190208064250722,100.61535337126124",,,,กรุงเทพมหานคร,2025-11-15T18:57:39.501Z,,0,0,2025-11-16T23:29:45.022598
น้ำท่วม,GISTDA,น้ำท่วม | พท. (ตร.ม.): ,,,"14.189243193899982,100.61505650902443",,,,กรุงเทพมหานคร,2025-11-15T18:57:39.501Z,,0,0,2025-11-16T23:29:45.022598
น้ำท่วม,GISTDA,น้ำท่วม | พท. (ตร.ม.): ,,,"14.192657393030974,100.61951501251878",,,,กรุงเทพมหานคร,2025-11-15T18:57:39.501Z,,0,0,2025-11-16T23:29:45.022598
น้ำท่วม,GISTDA,น้ำท่วม | พท. (ตร.ม.): ,,,"14.182795390370035,100.55617915154677",,,,กรุงเทพมหานคร,2025-11-15T18:57:39.501Z,,0,0,2025-11-16T23:29:45.022598
น้ำท่วม,GISTDA,น้ำท่วม | พท. (ตร.ม.): ,,,"14.179434191908438,100.55487091855808",,,,กรุงเทพมหานคร,2025-11-15T18:57:39.501Z,,0,0,2025-11-16T23:29:45.022598
น้ำท่วม,GISTDA,น้ำท่วม | พท. (ตร.ม.): ,,,"14.184386881249498,100.5583139163541",,,,กรุงเทพมหานคร,2025-11-15T18:57:39.501Z,,0,0,2025-11-16T23:29:45.022598
น้ำท่วม,GISTDA,น้ำท่วม | พท. (ตร.ม.): ,,,"14.183819656352224,100.5560681275422",,,,กรุงเทพมหานคร,2025-11-15T18:57:39.501Z,,0,0,2025-11-16T23:29:45.022598
น้ำท่วม,GISTDA,น้ำท่วม | พท. (ตร.ม.): ,,,"14.177241272966274,100.56014705124554",,,,กรุงเทพมหานคร,2025-11-15T18:57:39.501Z,,0,0,2025-11-16T23:29:45.022598
น้ำท่วม,GISTDA,น้ำท่วม | พท. (ตร.ม.): ,,,"14.179777237929112,100.5566103431928",,,,กรุงเทพมหานคร,2025-11-15T18:57:39.501Z,,0,0,2025-11-16T23:29:45.022598
น้ำท่วม,GISTDA,น้ำท่วม | พท. (ตร.ม.): ,,,"14.183064717379624,100.55876307375546",,,,กรุงเทพมหานคร,2025-11-15T18:57:39.501Z,,0,0,2025-11-16T23:29:45.022598
น้ำท่วม,GISTDA,น้ำท่วม | พท. (ตร.ม.): ,,,"14.184193487439467,100.54740133670246",,,,กรุงเทพมหานคร,2025-11-15T18:57:39.501Z,,0,0,2025-11-16T23:29:45.022598
น้ำท่วม,GISTDA,น้ำท่วม | พท. (ตร.ม.): ,,,"14.179777237930454,100.54487832023356",,,,กรุงเทพมหานคร,2025-11-15T18:57:39.501Z,,0,0,2025-11-16T23:29:45.022598
น้ำท่วม,GISTDA,น้ำท่วม | พท. (ตร.ม.): ,,,"14.184354850995565,100.54751772426373",,,,กรุงเทพมหานคร,2025-11-15T18:57:39.501Z,,0,0,2025-11-16T23:29:45.022598
น้ำท่วม,GISTDA,น้ำท่วม | พท. (ตร.ม.): ,,,"14.184286809188892,100.54694705046612",,,,กรุงเทพมหานคร,2025-11-15T18:57:39.501Z,,0,0,2025-11-16T23:29:45.022598
น้ำท่วม,GISTDA,น้ำท่วม | พท. (ตร.ม.): ,,,"14.178371783422536,100.54973295652538",,,,กรุงเทพมหานคร,2025-11-15T18:57:39.501Z,,0,0,2025-11-16T23:29:45.022598
น้ำท่วม,GISTDA,น้ำท่วม | พท. (ตร.ม.): ,,,"14.178537562064673,100.54528216195811",,,,กรุงเทพมหานคร,2025-11-15T18:57:39.501Z,,0,0,2025-11-16T23:29:45.022598
น้ำท่วม,GISTDA,น้ำท่วม | พท. (ตร.ม.): ,,,"14.181452515720977,100.55193058602781",,,,กรุงเทพมหานคร,2025-11-15T18:57:39.501Z,,0,0,2025-11-16T23:29:45.022598
น้ำท่วม,GISTDA,น้ำท่วม | พท. (ตร.ม.): ,,,"14.189393333091747,100.5678718850934",,,,กรุงเทพมหานคร,2025-11-15T18:57:39.501Z,,0,0,2025-11-16T23:29:45.022598
น้ำท่วม,GISTDA,น้ำท่วม | พท. (ตร.ม.): ,,,"14.188134417369394,100.5529951647951",,,,กรุงเทพมหานคร,2025-11-15T18:57:39.501Z,,0,0,2025-11-16T23:29:45.022598
น้ำท่วม,GISTDA,น้ำท่วม | พท. (ตร.ม.): ,,,"14.189906189693426,100.55141797724141",,,,กรุงเทพมหานคร,2025-11-15T18:57:39.501Z,,0,0,2025-11-16T23:29:45.022598
น้ำท่วม,GISTDA,น้ำท่วม | พท. (ตร.ม.): ,,,"14.193114908082265,100.55240402561465",,,,กรุงเทพมหานคร,2025-11-15T18:57:39.501Z,,0,0,2025-11-16T23:29:45.022598
น้ำท่วม,GISTDA,น้ำท่วม | พท. (ตร.ม.): ,,,"14.192029240038414,100.54905684371305",,,,กรุงเทพมหานคร,2025-11-15T18:57:39.501Z,,0,0,2025-11-16T23:29:45.022598
น้ำท่วม,GISTDA,น้ำท่วม | พท. (ตร.ม.): ,,,"14.186499674720165,100.55418842305743",,,,กรุงเทพมหานคร,2025-11-15T18:57:39.501Z,,0,0,2025-11-16T23:29:45.022598
น้ำท่วม,GISTDA,น้ำท่วม | พท. (ตร.ม.): ,,,"14.185254694648401,100.55103000583013",,,,กรุงเทพมหานคร,2025-11-15T18:57:39.501Z,,0,0,2025-11-16T23:29:45.022598
น้ำท่วม,GISTDA,น้ำท่วม | พท. (ตร.ม.): ,,,"14.17289861067474,100.56076055975218",,,,กรุงเทพมหานคร,2025-11-15T18:57:39.501Z,,0,0,2025-11-16T23:29:45.022598
น้ำท่วม,GISTDA,น้ำท่วม | พท. (ตร.ม.): ,,,"14.170912151875248,100.5580313988568",,,,กรุงเทพมหานคร,2025-11-15T18:57:39.501Z,,0,0,2025-11-16T23:29:45.022598
น้ำท่วม,GISTDA,น้ำท่วม | พท. (ตร.ม.): ,,,"14.17485930649733,100.56216885837597",,,,กรุงเทพมหานคร,2025-11-15T18:57:39.501Z,,0,0,2025-11-16T23:29:45.022598
น้ำท่วม,GISTDA,น้ำท่วม | พท. (ตร.ม.): ,,,"14.177615467379859,100.55820413341402",,,,กรุงเทพมหานคร,2025-11-15T18:57:39.501Z,,0,0,2025-11-16T23:29:45.022598
น้ำท่วม,GISTDA,น้ำท่วม | พท. (ตร.ม.): ,,,"14.170984419695246,100.56011666818006",,,,กรุงเทพมหานคร,2025-11-15T18:57:39.501Z,,0,0,2025-11-16T23:29:45.022598
น้ำท่วม,GISTDA,น้ำท่วม | พท. (ตร.ม.): ,,,"14.172621355683168,100.56380230980484",,,,กรุงเทพมหานคร,2025-11-15T18:57:39.501Z,,0,0,2025-11-16T23:29:45.022598
น้ำท่วม,GISTDA,น้ำท่วม | พท. (ตร.ม.): ,,,"14.17321845706606,100.55326418889128",,,,กรุงเทพมหานคร,2025-11-15T18:57:39.501Z,,0,0,2025-11-16T23:29:45.022598
น้ำท่วม,GISTDA,น้ำท่วม | พท. (ตร.ม.): ,,,"14.173093771460412,100.55030417020136",,,,กรุงเทพมหานคร,2025-11-15T18:57:39.501Z,,0,0,2025-11-16T23:29:45.022598
น้ำท่วม,GISTDA,น้ำท่วม | พท. (ตร.ม.): ,,,"14.17693687493674,100.55473747355565",,,,กรุงเทพมหานคร,2025-11-15T18:57:39.501Z,,0,0,2025-11-16T23:29:45.022598
น้ำท่วม,GISTDA,น้ำท่วม | พท. (ตร.ม.): ,,,"14.175750927107165,100.54846211132718",,,,กรุงเทพมหานคร,2025-11-15T18:57:39.501Z,,0,0,2025-11-16T23:29:45.022598
น้ำท่วม,GISTDA,น้ำท่วม | พท. (ตร.ม.): ,,,"14.1702728122405,100.55415226581454",,,,กรุงเทพมหานคร,2025-11-15T18:57:39.502Z,,0,0,2025-11-16T23:29:45.022598
น้ำท่วม,GISTDA,น้ำท่วม | พท. (ตร.ม.): ,,,"14.173481808238837,100.55447030476084",,,,กรุงเทพมหานคร,2025-11-15T18:57:39.502Z,,0,0,2025-11-16T23:29:45.022598
น้ำท่วม,GISTDA,น้ำท่วม | พท. (ตร.ม.): ,,,"14.179857896324807,100.56499240507543",,,,กรุงเทพมหานคร,2025-11-15T18:57:39.655Z,,0,0,2025-11-16T23:29:45.022598
น้ำท่วม,GISTDA,น้ำท่วม | พท. (ตร.ม.): ,,,"14.178586187502559,100.56182380392544",,,,กรุงเทพมหานคร,2025-11-15T18:57:39.655Z,,0,0,2025-11-16T23:29:45.022598
น้ำท่วม,GISTDA,น้ำท่วม | พท. (ตร.ม.): ,,,"14.181683708223503,100.5649272722335",,,,กรุงเทพมหานคร,2025-11-15T18:57:39.655Z,,0,0,2025-11-16T23:29:45.022598
น้ำท่วม,GISTDA,น้ำท่วม | พท. (ตร.ม.): ,,,"14.176879156447916,100.56761343061534",,,,กรุงเทพมหานคร,2025-11-15T18:57:39.655Z,,0,0,2025-11-16T23:29:45.022598
น้ำท่วม,GISTDA,น้ำท่วม | พท. (ตร.ม.): ,,,"14.17682346952752,100.56397946679705",,,,กรุงเทพมหานคร,2025-11-15T18:57:39.655Z,,0,0,2025-11-16T23:29:45.022598
น้ำท่วม,GISTDA,น้ำท่วม | พท. (ตร.ม.): ,,,"14.179706712194971,100.57016928138722",,,,กรุงเทพมหานคร,2025-11-15T18:57:39.655Z,,0,0,2025-11-16T23:29:45.022598
น้ำท่วม,GISTDA,น้ำท่วม | พท. (ตร.ม.): ,,,"14.176070741898856,100.5314096643103",,,,กรุงเทพมหานคร,2025-11-15T18:57:39.655Z,,0,0,2025-11-16T23:29:45.022598
น้ำท่วม,GISTDA,น้ำท่วม | พท. (ตร.ม.): ,,,"14.176070741898856,100.5314096643103",,,,กรุงเทพมหานคร,2025-11-15T18:57:39.655Z,,0,0,2025-11-16T23:29:45.022598
น้ำท่วม,GISTDA,น้ำท่วม | พท. (ตร.ม.): ,,,"14.177405730190296,100.53467160041407",,,,กรุงเทพมหานคร,2025-11-15T18:57:39.655Z,,0,0,2025-11-16T23:29:45.022598
น้ำท่วม,GISTDA,น้ำท่วม | พท. (ตร.ม.): ,,,"14.179382778192597,100.53152771263393",,,,กรุงเทพมหานคร,2025-11-15T18:57:39.655Z,,0,0,2025-11-16T23:29:45.022598
น้ำท่วม,GISTDA,น้ำท่วม | พท. (ตร.ม.): ,,,"14.172967758455217,100.53763625600853",,,,กรุงเทพมหานคร,2025-11-15T18:57:39.655Z,,0,0,2025-11-16T23:29:45.022598
น้ำท่วม,GISTDA,น้ำท่วม | พท. (ตร.ม.): ,,,"14.170937815029497,100.53302289069114",,,,กรุงเทพมหานคร,2025-11-15T18:57:39.655Z,,0,0,2025-11-16T23:29:45.022598
น้ำท่วม,GISTDA,น้ำท่วม | พท. (ตร.ม.): ,,,"14.177190089850683,100.5374223288775",,,,กรุงเทพมหานคร,2025-11-15T18:57:39.655Z,,0,0,2025-11-16T23:29:45.022598
น้ำท่วม,GISTDA,น้ำท่วม | พท. (ตร.ม.): ,,,"14.177103735149235,100.52292224566523",,,,กรุงเทพมหานคร,2025-11-15T18:57:39.655Z,,0,0,2025-11-16T23:29:45.022598
น้ำท่วม,GISTDA,น้ำท่วม | พท. (ตร.ม.): ,,,"14.174535986691751,100.51927377833718",,,,กรุงเทพมหานคร,2025-11-15T18:57:39.655Z,,0,0,2025-11-16T23:29:45.022598
น้ำท่วม,GISTDA,น้ำท่วม | พท. (ตร.ม.): ,,,"14.17923445390694,100.52649714702578",,,,กรุงเทพมหานคร,2025-11-15T18:57:39.655Z,,0,0,2025-11-16T23:29:45.022598
น้ำท่วม,GISTDA,น้ำท่วม | พท. (ตร.ม.): ,,,"14.178226629555223,100.52000272074902",,,,กรุงเทพมหานคร,2025-11-15T18:57:39.655Z,,0,0,2025-11-16T23:29:45.022598
น้ำท่วม,GISTDA,น้ำท่วม | พท. (ตร.ม.): ,,,"14.175085599107494,100.52472858091056",,,,กรุงเทพมหานคร,2025-11-15T18:57:39.655Z,,0,0,2025-11-16T23:29:45.022598
น้ำท่วม,GISTDA,น้ำท่วม | พท. (ตร.ม.): ,,,"14.1793242853874,100.52676664146746",,,,กรุงเทพมหานคร,2025-11-15T18:57:39.655Z,,0,0,2025-11-16T23:29:45.022598
น้ำท่วม,GISTDA,น้ำท่วม | พท. (ตร.ม.): ,,,"14.182489900789061,100.5403093996716",,,,กรุงเทพมหานคร,2025-11-15T18:57:39.655Z,,0,0,2025-11-16T23:29:45.022598
น้ำท่วม,GISTDA,น้ำท่วม | พท. (ตร.ม.): ,,,"14.18074348482396,100.53571313495334",,,,กรุงเทพมหานคร,2025-11-15T18:57:39.655Z,,0,0,2025-11-16T23:29:45.022598
น้ำท่วม,GISTDA,น้ำท่วม | พท. (ตร.ม.): ,,,"14.186455689778237,100.53785127041978",,,,กรุงเทพมหานคร,2025-11-15T18:57:39.655Z,,0,0,2025-11-16T23:29:45.022598
น้ำท่วม,GISTDA,น้ำท่วม | พท. (ตร.ม.): ,,,"14.187049797210303,100.53503114217366",,,,กรุงเทพมหานคร,2025-11-15T18:57:39.655Z,,0,0,2025-11-16T23:29:45.022598
น้ำท่วม,GISTDA,น้ำท่วม | พท. (ตร.ม.): ,,,"14.17933674999097,100.54182389515667",,,,กรุงเทพมหานคร,2025-11-15T18:57:39.655Z,,0,0,2025-11-16T23:29:45.022598
น้ำท่วม,GISTDA,น้ำท่วม | พท. (ตร.ม.): ,,,"14.178199016771165,100.53782679267232",,,,กรุงเทพมหานคร,2025-11-15T18:57:39.655Z,,0,0,2025-11-16T23:29:45.022598
น้ำท่วม,GISTDA,น้ำท่วม | พท. (ตร.ม.): ,,,"14.18327633768342,100.5413030509949",,,,กรุงเทพมหานคร,2025-11-15T18:57:39.655Z,,0,0,2025-11-16T23:29:45.022598
น้ำท่วม,GISTDA,น้ำท่วม | พท. (ตร.ม.): ,,,"14.183492953452884,100.53119203496276",,,,กรุงเทพมหานคร,2025-11-15T18:57:39.655Z,,0,0,2025-11-16T23:29:45.022598
น้ำท่วม,GISTDA,น้ำท่วม | พท. (ตร.ม.): ,,,"14.184628139677827,100.52627603305274",,,,กรุงเทพมหานคร,2025-11-15T18:57:39.655Z,,0,0,2025-11-16T23:29:45.022598
น้ำท่วม,GISTDA,น้ำท่วม | พท. (ตร.ม.): ,,,"14.186902163603975,100.5321729411285",,,,กรุงเทพมหานคร,2025-11-15T18:57:39.655Z,,0,0,2025-11-16T23:29:45.022598
น้ำท่วม,GISTDA,น้ำท่วม | พท. (ตร.ม.): ,,,"14.180773072997576,100.53019664765331",,,,กรุงเทพมหานคร,2025-11-15T18:57:39.655Z,,0,0,2025-11-16T23:29:45.022598
น้ำท่วม,GISTDA,น้ำท่วม | พท. (ตร.ม.): ,,,"14.182042736869818,100.52986911546404",,,,กรุงเทพมหานคร,2025-11-15T18:57:39.655Z,,0,0,2025-11-16T23:29:45.022598
น้ำท่วม,GISTDA,น้ำท่วม | พท. (ตร.ม.): ,,,"14.185914017318018,100.53127462632291",,,,กรุงเทพมหานคร,2025-11-15T18:57:39.655Z,,0,0,2025-11-16T23:29:45.022598
น้ำท่วม,GISTDA,น้ำท่วม | พท. (ตร.ม.): ,,,"14.16863603140858,100.53387974015266",,,,กรุงเทพมหานคร,2025-11-15T18:57:39.655Z,,0,0,2025-11-16T23:29:45.022598
น้ำท่วม,GISTDA,น้ำท่วม | พท. (ตร.ม.): ,,,"14.172338938091533,100.53906056988951",,,,กรุงเทพมหานคร,2025-11-15T18:57:39.655Z,,0,0,2025-11-16T23:29:45.022598
น้ำท่วม,GISTDA,น้ำท่วม | พท. (ตร.ม.): ,,,"14.169115521464123,100.53370007719694",,,,กรุงเทพมหานคร,2025-11-15T18:57:39.655Z,,0,0,2025-11-16T23:29:45.022598
น้ำท่วม,GISTDA,น้ำท่วม | พท. (ตร.ม.): ,,,"14.164174787336524,100.53630519193106",,,,กรุงเทพมหานคร,2025-11-15T18:57:39.655Z,,0,0,2025-11-16T23:29:45.022598
น้ำท่วม,GISTDA,น้ำท่วม | พท. (ตร.ม.): ,,,"14.169468415016787,100.53909192025603",,,,กรุงเทพมหานคร,2025-11-15T18:57:39.655Z,,0,0,2025-11-16T23:29:45.022598
น้ำท่วม,GISTDA,น้ำท่วม | พท. (ตร.ม.): ,,,"14.166033013312905,100.52470218475806",,,,กรุงเทพมหานคร,2025-11-15T18:57:39.655Z,,0,0,2025-11-16T23:29:45.022598
น้ำท่วม,GISTDA,น้ำท่วม | พท. (ตร.ม.): ,,,"14.171678951722239,100.52555433196703",,,,กรุงเทพมหานคร,2025-11-15T18:57:39.655Z,,0,0,2025-11-16T23:29:45.022598
น้ำท่วม,GISTDA,น้ำท่วม | พท. (ตร.ม.): ,,,"14.165601237107373,100.52894133437526",,,,กรุงเทพมหานคร,2025-11-15T18:57:39.655Z,,0,0,2025-11-16T23:29:45.022598
น้ำท่วม,GISTDA,น้ำท่วม | พท. (ตร.ม.): ,,,"14.163549337045401,100.52765196556571",,,,กรุงเทพมหานคร,2025-11-15T18:57:39.655Z,,0,0,2025-11-16T23:29:45.022598
น้ำท่วม,GISTDA,น้ำท่วม | พท. (ตร.ม.): ,,,"14.173506747338527,100.5418453466856",,,,กรุงเทพมหานคร,2025-11-15T18:57:39.655Z,,0,0,2025-11-16T23:29:45.022598
น้ำท่วม,GISTDA,น้ำท่วม | พท. (ตร.ม.): ,,,"14.172671374284507,100.53993024668344",,,,กรุงเทพมหานคร,2025-11-15T18:57:39.655Z,,0,0,2025-11-16T23:29:45.022598
น้ำท่วม,GISTDA,น้ำท่วม | พท. (ตร.ม.): ,,,"14.179732600614036,100.54491427866915",,,,กรุงเทพมหานคร,2025-11-15T18:57:39.655Z,,0,0,2025-11-16T23:29:45.022598
น้ำท่วม,GISTDA,น้ำท่วม | พท. (ตร.ม.): ,,,"14.175627021371357,100.54057972340715",,,,กรุงเทพมหานคร,2025-11-15T18:57:39.655Z,,0,0,2025-11-16T23:29:45.022598
น้ำท่วม,GISTDA,น้ำท่วม | พท. (ตร.ม.): ,,,"14.173405090331554,100.54331159486149",,,,กรุงเทพมหานคร,2025-11-15T18:57:39.655Z,,0,0,2025-11-16T23:29:45.022598
น้ำท่วม,GISTDA,น้ำท่วม | พท. (ตร.ม.): ,,,"14.173508525978741,100.54175551520498",,,,กรุงเทพมหานคร,2025-11-15T18:57:39.655Z,,0,0,2025-11-16T23:29:45.022598
น้ำท่วม,GISTDA,น้ำท่วม | พท. (ตร.ม.): ,,,"14.17773468308994,100.54569827116318",,,,กรุงเทพมหานคร,2025-11-15T18:57:39.655Z,,0,0,2025-11-16T23:29:45.022598
น้ำท่วม,GISTDA,น้ำท่วม | พท. (ตร.ม.): ,,,"14.164433763307507,100.58280852339475",,,,กรุงเทพมหานคร,2025-11-15T18:57:40.137Z,,0,0,2025-11-16T23:29:45.022598
น้ำท่วม,GISTDA,น้ำท่วม | พท. (ตร.ม.): ,,,"14.161073967355936,100.57984408363326",,,,กรุงเทพมหานคร,2025-11-15T18:57:40.137Z,,0,0,2025-11-16T23:29:45.022598
น้ำท่วม,GISTDA,น้ำท่วม | พท. (ตร.ม.): ,,,"14.166672506830691,100.58284414464175",,,,กรุงเทพมหานคร,2025-11-15T18:57:40.137Z,,0,0,2025-11-16T23:29:45.022598
น้ำท่วม,GISTDA,น้ำท่วม | พท. (ตร.ม.): ,,,"14.166623787010002,100.5828085233912",,,,กรุงเทพมหานคร,2025-11-15T18:57:40.137Z,,0,0,2025-11-16T23:29:45.022598
น้ำท่วม,GISTDA,น้ำท่วม | พท. (ตร.ม.): ,,,"14.161641941222625,100.58280852339475",,,,กรุงเทพมหานคร,2025-11-15T18:57:40.137Z,,0,0,2025-11-16T23:29:45.022598
น้ำท่วม,GISTDA,น้ำท่วม | พท. (ตร.ม.): ,,,"14.157971695616506,100.54877232400115",,,,กรุงเทพมหานคร,2025-11-15T18:57:40.137Z,,0,0,2025-11-16T23:29:45.022598
น้ำท่วม,GISTDA,น้ำท่วม | พท. (ตร.ม.): ,,,"14.157632952175067,100.54523279538027",,,,กรุงเทพมหานคร,2025-11-15T18:57:40.137Z,,0,0,2025-11-16T23:29:45.022598
น้ำท่วม,GISTDA,น้ำท่วม | พท. (ตร.ม.): ,,,"14.156693561307614,100.55454211828906",,,,กรุงเทพมหานคร,2025-11-15T18:57:40.137Z,,0,0,2025-11-16T23:29:45.022598
น้ำท่วม,GISTDA,น้ำท่วม | พท. (ตร.ม.): ,,,"14.153624596697725,100.55007409214555",,,,กรุงเทพมหานคร,2025-11-15T18:57:40.137Z,,0,0,2025-11-16T23:29:45.022598
น้ำท่วม,GISTDA,น้ำท่วม | พท. (ตร.ม.): ,,,"14.157748023352603,100.54139444549722",,,,กรุงเทพมหานคร,2025-11-15T18:57:40.137Z,,0,0,2025-11-16T23:29:45.022598
น้ำท่วม,GISTDA,น้ำท่วม | พท. (ตร.ม.): ,,,"14.156762399671008,100.53817933627923",,,,กรุงเทพมหานคร,2025-11-15T18:57:40.137Z,,0,0,2025-11-16T23:29:45.022598
น้ำท่วม,GISTDA,น้ำท่วม | พท. (ตร.ม.): ,,,"14.160364455155372,100.53903193097896",,,,กรุงเทพมหานคร,2025-11-15T18:57:40.137Z,,0,0,2025-11-16T23:29:45.022598
น้ำท่วม,GISTDA,น้ำท่วม | พท. (ตร.ม.): ,,,"14.156386285198902,100.54231159840158",,,,กรุงเทพมหานคร,2025-11-15T18:57:40.137Z,,0,0,2025-11-16T23:29:45.022598
น้ำท่วม,GISTDA,น้ำท่วม | พท. (ตร.ม.): ,,,"14.15681629875236,100.53827093049252",,,,กรุงเทพมหานคร,2025-11-15T18:57:40.137Z,,0,0,2025-11-16T23:29:45.022598
น้ำท่วม,GISTDA,น้ำท่วม | พท. (ตร.ม.): ,,,"14.15856009235718,100.54439625028594",,,,กรุงเทพมหานคร,2025-11-15T18:57:40.137Z,,0,0,2025-11-16T23:29:45.022598
น้ำท่วม,GISTDA,น้ำท่วม | พท. (ตร.ม.): ,,,"14.165892267305255,100.55398364443911",,,,กรุงเทพมหานคร,2025-11-15T18:57:40.137Z,,0,0,2025-11-16T23:29:45.022598
น้ำท่วม,GISTDA,น้ำท่วม | พท. (ตร.ม.): ,,,"14.16591435437447,100.55057045972568",,,,กรุงเทพมหานคร,2025-11-15T18:57:40.137Z,,0,0,2025-11-16T23:29:45.022598
น้ำท่วม,GISTDA,น้ำท่วม | พท. (ตร.ม.): ,,,"14.16818230795027,100.55809767073855",,,,กรุงเทพมหานคร,2025-11-15T18:57:40.137Z,,0,0,2025-11-16T23:29:45.022598
น้ำท่วม,GISTDA,น้ำท่วม | พท. (ตร.ม.): ,,,"14.169612278246515,100.55483785122358",,,,กรุงเทพมหานคร,2025-11-15T18:57:40.137Z,,0,0,2025-11-16T23:29:45.022598
น้ำท่วม,GISTDA,น้ำท่วม | พท. (ตร.ม.): ,,,"14.168489383781068,100.55956240220968",,,,กรุงเทพมหานคร,2025-11-15T18:57:40.137Z,,0,0,2025-11-16T23:29:45.022598
น้ำท่วม,GISTDA,น้ำท่วม | พท. (ตร.ม.): ,,,"14.167703879935186,100.546186659287",,,,กรุงเทพมหานคร,2025-11-15T18:57:40.137Z,,0,0,2025-11-16T23:29:45.022598
น้ำท่วม,GISTDA,น้ำท่วม | พท. (ตร.ม.): ,,,"14.166494172631667,100.54476109235672",,,,กรุงเทพมหานคร,2025-11-15T18:57:40.137Z,,0,0,2025-11-16T23:29:45.022598
น้ำท่วม,GISTDA,น้ำท่วม | พท. (ตร.ม.): ,,,"14.169560830436435,100.54578372779176",,,,กรุงเทพมหานคร,2025-11-15T18:57:40.137Z,,0,0,2025-11-16T23:29:45.022598
น้ำท่วม,GISTDA,น้ำท่วม | พท. (ตร.ม.): ,,,"14.167973374371677,100.54389905493694",,,,กรุงเทพมหานคร,2025-11-15T18:57:40.137Z,,0,0,2025-11-16T23:29:45.022598
น้ำท่วม,GISTDA,น้ำท่วม | พท. (ตร.ม.): ,,,"14.165463073343936,100.55046742644421",,,,กรุงเทพมหานคร,2025-11-15T18:57:40.137Z,,0,0,2025-11-16T23:29:45.022598
น้ำท่วม,GISTDA,น้ำท่วม | พท. (ตร.ม.): ,,,"14.165798423911507,100.55044619324003",,,,กรุงเทพมหานคร,2025-11-15T18:57:40.137Z,,0,0,2025-11-16T23:29:45.022598
น้ำท่วม,GISTDA,น้ำท่วม | พท. (ตร.ม.): ,,,"14.152227194129658,100.55382233962932",,,,กรุงเทพมหานคร,2025-11-15T18:57:40.137Z,,0,0,2025-11-16T23:29:45.022598
น้ำท่วม,GISTDA,น้ำท่วม | พท. (ตร.ม.): ,,,"14.149358636144518,100.55280661442038",,,,กรุงเทพมหานคร,2025-11-15T18:57:40.137Z,,0,0,2025-11-16T23:29:45.022598
น้ำท่วม,GISTDA,น้ำท่วม | พท. (ตร.ม.): ,,,"14.152676351532309,100.55382233962932",,,,กรุงเทพมหานคร,2025-11-15T18:57:40.137Z,,0,0,2025-11-16T23:29:45.022598
น้ำท่วม,GISTDA,น้ำท่วม | พท. (ตร.ม.): ,,,"14.153754330198122,100.55184604615805",,,,กรุงเทพมหานคร,2025-11-15T18:57:40.137Z,,0,0,2025-11-16T23:29:45.022598
น้ำท่วม,GISTDA,น้ำท่วม | พท. (ตร.ม.): ,,,"14.149854165637198,100.54397266510657",,,,กรุงเทพมหานคร,2025-11-15T18:57:40.137Z,,0,0,2025-11-16T23:29:45.022598
น้ำท่วม,GISTDA,น้ำท่วม | พท. (ตร.ม.): ,,,"14.1497119108759,100.5433120510105",,,,กรุงเทพมหานคร,2025-11-15T18:57:40.137Z,,0,0,2025-11-16T23:29:45.022598
น้ำท่วม,GISTDA,น้ำท่วม | พท. (ตร.ม.): ,,,"14.153905757144907,100.54615395364196",,,,กรุงเทพมหานคร,2025-11-15T18:57:40.137Z,,0,0,2025-11-16T23:29:45.022598
น้ำท่วม,GISTDA,น้ำท่วม | พท. (ตร.ม.): ,,,"14.152400972826618,100.54358155714311",,,,กรุงเทพมหานคร,2025-11-15T18:57:40.137Z,,0,0,2025-11-16T23:29:45.022598
น้ำท่วม,GISTDA,น้ำท่วม | พท. (ตร.ม.): ,,,"14.150405614070205,100.54810701425187",,,,กรุงเทพมหานคร,2025-11-15T18:57:40.137Z,,0,0,2025-11-16T23:29:45.022598
น้ำท่วม,GISTDA,น้ำท่วม | พท. (ตร.ม.): ,,,"14.149624762973652,100.54330256310669",,,,กรุงเทพมหานคร,2025-11-15T18:57:40.137Z,,0,0,2025-11-16T23:29:45.022598
น้ำท่วม,GISTDA,น้ำท่วม | พท. (ตร.ม.): ,,,"14.150713411362291,100.54701713872612",,,,กรุงเทพมหานคร,2025-11-15T18:57:40.137Z,,0,0,2025-11-16T23:29:45.022598
น้ำท่วม,GISTDA,น้ำท่วม | พท. (ตร.ม.): ,,,"14.15634188117284,100.55472687594468",,,,กรุงเทพมหานคร,2025-11-15T18:57:40.137Z,,0,0,2025-11-16T23:29:45.022598
น้ำท่วม,GISTDA,น้ำท่วม | พท. (ตร.ม.): ,,,"14.188180556535443,100.57362489005777",,,,กรุงเทพมหานคร,2025-11-15T18:57:40.137Z,,0,0,2025-11-16T23:29:45.022598
น้ำท่วม,GISTDA,น้ำท่วม | พท. (ตร.ม.): ,,,"14.188962270012661,100.56884331457364",,,,กรุงเทพมหานคร,2025-11-15T18:57:40.137Z,,0,0,2025-11-16T23:29:45.022598
น้ำท่วม,GISTDA,น้ำท่วม | พท. (ตร.ม.): ,,,"14.191966989784746,100.57358899483617",,,,กรุงเทพมหานคร,2025-11-15T18:57:40.137Z,,0,0,2025-11-16T23:29:45.022598
น้ำท่วม,GISTDA,น้ำท่วม | พท. (ตร.ม.): ,,,"14.189210431016564,100.56819649976883",,,,กรุงเทพมหานคร,2025-11-15T18:57:40.137Z,,0,0,2025-11-16T23:29:45.022598
น้ำท่วม,GISTDA,น้ำท่วม | พท. (ตร.ม.): ,,,"14.187368760149825,100.57448370727198",,,,กรุงเทพมหานคร,2025-11-15T18:57:40.137Z,,0,0,2025-11-16T23:29:45.022598
น้ำท่วม,GISTDA,น้ำท่วม | พท. (ตร.ม.): ,,,"14.18594791178601,100.56949914171643",,,,กรุงเทพมหานคร,2025-11-15T18:57:40.137Z,,0,0,2025-11-16T23:29:45.022598
น้ำท่วม,GISTDA,น้ำท่วม | พท. (ตร.ม.): ,,,"14.190195246295112,100.574053188454",,,,กรุงเทพมหานคร,2025-11-15T18:57:40.137Z,,0,0,2025-11-16T23:29:45.022598
น้ำท่วม,GISTDA,น้ำท่วม | พท. (ตร.ม.): ,,,"14.192971328364065,100.5735959286092",,,,กรุงเทพมหานคร,2025-11-15T18:57:40.137Z,,0,0,2025-11-16T23:29:45.022598
น้ำท่วม,GISTDA,น้ำท่วม | พท. (ตร.ม.): ,,,"14.193183711551756,100.5747091641714",,,,กรุงเทพมหานคร,2025-11-15T18:57:40.137Z,,0,0,2025-11-16T23:29:45.022598
น้ำท่วม,GISTDA,น้ำท่วม | พท. (ตร.ม.): ,,,"14.177836876870343,100.58889579420551",,,,กรุงเทพมหานคร,2025-11-15T18:57:40.137Z,,0,0,2025-11-16T23:29:45.022598
น้ำท่วม,GISTDA,น้ำท่วม | พท. (ตร.ม.): ,,,"14.180316226812414,100.58803341181248",,,,กรุงเทพมหานคร,2025-11-15T18:57:40.137Z,,0,0,2025-11-16T23:29:45.022598
น้ำท่วม,GISTDA,น้ำท่วม | พท. (ตร.ม.): ,,,"14.179453844423994,100.5704345476634",,,,กรุงเทพมหานคร,2025-11-15T18:57:40.137Z,,0,0,2025-11-16T23:29:45.022598
น้ำท่วม,GISTDA,น้ำท่วม | พท. (ตร.ม.): ,,,"14.176104816783795,100.57925088362155",,,,กรุงเทพมหานคร,2025-11-15T18:57:40.299Z,,0,0,2025-11-16T23:29:45.022598
น้ำท่วม,GISTDA,น้ำท่วม | พท. (ตร.ม.): ,,,"14.202911788898982,100.6412132680653",,,,กรุงเทพมหานคร,2025-11-15T18:57:41.018Z,,0,0,2025-11-16T23:29:45.022598
น้ำท่วม,GISTDA,น้ำท่วม | พท. (ตร.ม.): ,,,"14.19792995731276,100.64395001145378",,,,กรุงเทพมหานคร,2025-11-15T18:57:41.018Z,,0,0,2025-11-16T23:29:45.022598
น้ำท่วม,GISTDA,น้ำท่วม | พท. (ตร.ม.): ,,,"14.197921164530085,100.64404259528958",,,,กรุงเทพมหานคร,2025-11-15T18:57:41.018Z,,0,0,2025-11-16T23:29:45.022598
น้ำท่วม,GISTDA,น้ำท่วม | พท. (ตร.ม.): ,,,"14.143111977036101,100.46823183613044",,,,กรุงเทพมหานคร,2025-11-15T18:57:42.909Z,,0,0,2025-11-16T23:29:45.022598
น้ำท่วม,GISTDA,น้ำท่วม | พท. (ตร.ม.): ,,,"14.141050676047788,100.46554890305937",,,,กรุงเทพมหานคร,2025-11-15T18:57:42.909Z,,0,0,2025-11-16T23:29:45.022598
น้ำท่วม,GISTDA,น้ำท่วม | พท. (ตร.ม.): ,,,"14.144010292740768,100.47047762404306",,,,กรุงเทพมหานคร,2025-11-15T18:57:42.909Z,,0,0,2025-11-16T23:29:45.022598
น้ำท่วม,GISTDA,น้ำท่วม | พท. (ตร.ม.): ,,,"14.14401351051508,100.46849455238169",,,,กรุงเทพมหานคร,2025-11-15T18:57:42.909Z,,0,0,2025-11-16T23:29:45.022598
น้ำท่วม,GISTDA,น้ำท่วม | พท. (ตร.ม.): ,,,"14.141177915728187,100.47306372351201",,,,กรุงเทพมหานคร,2025-11-15T18:57:42.909Z,,0,0,2025-11-16T23:29:45.022598
น้ำท่วม,GISTDA,น้ำท่วม | พท. (ตร.ม.): ,,,"14.13725179133708,100.46887350780624",,,,กรุงเทพมหานคร,2025-11-15T18:57:42.909Z,,0,0,2025-11-16T23:29:45.022598
น้ำท่วม,GISTDA,น้ำท่วม | พท. (ตร.ม.): ,,,"14.142667643596907,100.47264643178757",,,,กรุงเทพมหานคร,2025-11-15T18:57:42.909Z,,0,0,2025-11-16T23:29:45.022598
น้ำท่วม,GISTDA,น้ำท่วม | พท. (ตร.ม.): ,,,"14.147255824596654,100.48384680528602",,,,กรุงเทพมหานคร,2025-11-15T18:57:42.909Z,,0,0,2025-11-16T23:29:45.022598
น้ำท่วม,GISTDA,น้ำท่วม | พท. (ตร.ม.): ,,,"14.147594900875484,100.48253173559243",,,,กรุงเทพมหานคร,2025-11-15T18:57:42.909Z,,0,0,2025-11-16T23:29:45.022598
น้ำท่วม,GISTDA,น้ำท่วม | พท. (ตร.ม.): ,,,"14.152459280371458,100.48315588223817",,,,กรุงเทพมหานคร,2025-11-15T18:57:42.909Z,,0,0,2025-11-16T23:29:45.022598
น้ำท่วม,GISTDA,น้ำท่วม | พท. (ตร.ม.): ,,,"14.151291470379254,100.48339147578363",,,,กรุงเทพมหานคร,2025-11-15T18:57:42.909Z,,0,0,2025-11-16T23:29:45.022598
น้ำท่วม,GISTDA,น้ำท่วม | พท. (ตร.ม.): ,,,"14.145113653872027,100.48510103128764",,,,กรุงเทพมหานคร,2025-11-15T18:57:42.909Z,,0,0,2025-11-16T23:29:45.022598
น้ำท่วม,GISTDA,น้ำท่วม | พท. (ตร.ม.): ,,,"14.144689042566608,100.48451357163958",,,,กรุงเทพมหานคร,2025-11-15T18:57:42.909Z,,0,0,2025-11-16T23:29:45.022598
น้ำท่วม,GISTDA,น้ำท่วม | พท. (ตร.ม.): ,,,"14.150240631300063,100.47446839350161",,,,กรุงเทพมหานคร,2025-11-15T18:57:42.909Z,,0,0,2025-11-16T23:29:45.022598
น้ำท่วม,GISTDA,น้ำท่วม | พท. (ตร.ม.): ,,,"14.149135513792944,100.4695014900019",,,,กรุงเทพมหานคร,2025-11-15T18:57:42.909Z,,0,0,2025-11-16T23:29:45.022598
น้ำท่วม,GISTDA,น้ำท่วม | พท. (ตร.ม.): ,,,"14.15403210716459,100.4772425263448",,,,กรุงเทพมหานคร,2025-11-15T18:57:42.909Z,,0,0,2025-11-16T23:29:45.022598
น้ำท่วม,GISTDA,น้ำท่วม | พท. (ตร.ม.): ,,,"14.1535686399807,100.47281713840025",,,,กรุงเทพมหานคร,2025-11-15T18:57:42.909Z,,0,0,2025-11-16T23:29:45.022598
น้ำท่วม,GISTDA,น้ำท่วม | พท. (ตร.ม.): ,,,"14.147771252141563,100.47481771716414",,,,กรุงเทพมหานคร,2025-11-15T18:57:42.909Z,,0,0,2025-11-16T23:29:45.022598
น้ำท่วม,GISTDA,น้ำท่วม | พท. (ตร.ม.): ,,,"14.149405008234456,100.47893463902257",,,,กรุงเทพมหานคร,2025-11-15T18:57:42.909Z,,0,0,2025-11-16T23:29:45.022598
น้ำท่วม,GISTDA,น้ำท่วม | พท. (ตร.ม.): ,,,"14.131618366094699,100.48261773152308",,,,กรุงเทพมหานคร,2025-11-15T18:57:42.909Z,,0,0,2025-11-16T23:29:45.022598
น้ำท่วม,GISTDA,น้ำท่วม | พท. (ตร.ม.): ,,,"14.13083952622309,100.47943251629762",,,,กรุงเทพมหานคร,2025-11-15T18:57:42.909Z,,0,0,2025-11-16T23:29:45.022598
น้ำท่วม,GISTDA,น้ำท่วม | พท. (ตร.ม.): ,,,"14.135523759314019,100.48205636031291",,,,กรุงเทพมหานคร,2025-11-15T18:57:42.909Z,,0,0,2025-11-16T23:29:45.022598
น้ำท่วม,GISTDA,น้ำท่วม | พท. (ตร.ม.): ,,,"14.135073529919437,100.48177556319189",,,,กรุงเทพมหานคร,2025-11-15T18:57:42.909Z,,0,0,2025-11-16T23:29:45.022598
น้ำท่วม,GISTDA,น้ำท่วม | พท. (ตร.ม.): ,,,"14.131528534747673,100.48315211903352",,,,กรุงเทพมหานคร,2025-11-15T18:57:42.909Z,,0,0,2025-11-16T23:29:45.022598
น้ำท่วม,GISTDA,น้ำท่วม | พท. (ตร.ม.): ,,,"14.131614782768585,100.48249418462152",,,,กรุงเทพมหานคร,2025-11-15T18:57:42.909Z,,0,0,2025-11-16T23:29:45.022598
น้ำท่วม,GISTDA,น้ำท่วม | พท. (ตร.ม.): ,,,"14.135146772505479,100.48455485862002",,,,กรุงเทพมหานคร,2025-11-15T18:57:42.909Z,,0,0,2025-11-16T23:29:45.022598
น้ำท่วม,GISTDA,น้ำท่วม | พท. (ตร.ม.): ,,,"14.134825194003659,100.47139967619947",,,,กรุงเทพมหานคร,2025-11-15T18:57:42.909Z,,0,0,2025-11-16T23:29:45.022598
น้ำท่วม,GISTDA,น้ำท่วม | พท. (ตร.ม.): ,,,"14.131621152194326,100.46989706130029",,,,กรุงเทพมหานคร,2025-11-15T18:57:42.909Z,,0,0,2025-11-16T23:29:45.022598
น้ำท่วม,GISTDA,น้ำท่วม | พท. (ตร.ม.): ,,,"14.13839582160982,100.47407088506336",,,,กรุงเทพมหานคร,2025-11-15T18:57:42.909Z,,0,0,2025-11-16T23:29:45.023599
น้ำท่วม,GISTDA,น้ำท่วม | พท. (ตร.ม.): ,,,"14.134776268909597,100.47130673421843",,,,กรุงเทพมหานคร,2025-11-15T18:57:42.909Z,,0,0,2025-11-16T23:29:45.023599
น้ำท่วม,GISTDA,น้ำท่วม | พท. (ตร.ม.): ,,,"14.131052257255863,100.47423160560422",,,,กรุงเทพมหานคร,2025-11-15T18:57:42.909Z,,0,0,2025-11-16T23:29:45.023599
น้ำท่วม,GISTDA,น้ำท่วม | พท. (ตร.ม.): ,,,"14.12927395224472,100.47309528040988",,,,กรุงเทพมหานคร,2025-11-15T18:57:42.909Z,,0,0,2025-11-16T23:29:45.023599
น้ำท่วม,GISTDA,น้ำท่วม | พท. (ตร.ม.): ,,,"14.133236088145118,100.4767468879581",,,,กรุงเทพมหานคร,2025-11-15T18:57:42.909Z,,0,0,2025-11-16T23:29:45.023599
น้ำท่วม,GISTDA,น้ำท่วม | พท. (ตร.ม.): ,,,"14.139996791118959,100.48958829666256",,,,กรุงเทพมหานคร,2025-11-15T18:57:42.909Z,,0,0,2025-11-16T23:29:45.023599
น้ำท่วม,GISTDA,น้ำท่วม | พท. (ตร.ม.): ,,,"14.138951664687525,100.48319010593865",,,,กรุงเทพมหานคร,2025-11-15T18:57:42.909Z,,0,0,2025-11-16T23:29:45.023599
น้ำท่วม,GISTDA,น้ำท่วม | พท. (ตร.ม.): ,,,"14.143471057290679,100.49085111149017",,,,กรุงเทพมหานคร,2025-11-15T18:57:42.909Z,,0,0,2025-11-16T23:29:45.023599
น้ำท่วม,GISTDA,น้ำท่วม | พท. (ตร.ม.): ,,,"14.143233772220796,100.48454749137365",,,,กรุงเทพมหานคร,2025-11-15T18:57:42.909Z,,0,0,2025-11-16T23:29:45.023599
น้ำท่วม,GISTDA,น้ำท่วม | พท. (ตร.ม.): ,,,"14.138084738919462,100.4921549473931",,,,กรุงเทพมหานคร,2025-11-15T18:57:42.909Z,,0,0,2025-11-16T23:29:45.023599
น้ำท่วม,GISTDA,น้ำท่วม | พท. (ตร.ม.): ,,,"14.136043215821685,100.48576483258105",,,,กรุงเทพมหานคร,2025-11-15T18:57:42.909Z,,0,0,2025-11-16T23:29:45.023599
น้ำท่วม,GISTDA,น้ำท่วม | พท. (ตร.ม.): ,,,"14.143268479494493,100.4915690903407",,,,กรุงเทพมหานคร,2025-11-15T18:57:42.909Z,,0,0,2025-11-16T23:29:45.023599
น้ำท่วม,GISTDA,น้ำท่วม | พท. (ตร.ม.): ,,,"14.15317793234873,100.39764116761998",,,,กรุงเทพมหานคร,2025-11-15T18:57:42.909Z,,0,0,2025-11-16T23:29:45.023599
น้ำท่วม,GISTDA,น้ำท่วม | พท. (ตร.ม.): ,,,"14.153181449970024,100.39338322995188",,,,กรุงเทพมหานคร,2025-11-15T18:57:42.909Z,,0,0,2025-11-16T23:29:45.023599
น้ำท่วม,GISTDA,น้ำท่วม | พท. (ตร.ม.): ,,,"14.130984720868208,100.3932225094114",,,,กรุงเทพมหานคร,2025-11-15T18:57:42.909Z,,0,0,2025-11-16T23:29:45.023599
น้ำท่วม,GISTDA,น้ำท่วม | พท. (ตร.ม.): ,,,"14.138844979032006,100.40315913835084",,,,กรุงเทพมหานคร,2025-11-15T18:57:42.909Z,,0,0,2025-11-16T23:29:45.023599
น้ำท่วม,GISTDA,น้ำท่วม | พท. (ตร.ม.): ,,,"14.139967873439785,100.40244567352127",,,,กรุงเทพมหานคร,2025-11-15T18:57:42.909Z,,0,0,2025-11-16T23:29:45.023599
น้ำท่วม,GISTDA,น้ำท่วม | พท. (ตร.ม.): ,,,"14.135946143732998,100.3676205239673",,,,กรุงเทพมหานคร,2025-11-15T18:57:42.909Z,,0,0,2025-11-16T23:29:45.023599
น้ำท่วม,GISTDA,น้ำท่วม | พท. (ตร.ม.): ,,,"14.134235165555932,100.36379309220979",,,,กรุงเทพมหานคร,2025-11-15T18:57:42.909Z,,0,0,2025-11-16T23:29:45.023599
น้ำท่วม,GISTDA,น้ำท่วม | พท. (ตร.ม.): ,,,"14.140765813701455,100.3680696813623",,,,กรุงเทพมหานคร,2025-11-15T18:57:42.909Z,,0,0,2025-11-16T23:29:45.023599
น้ำท่วม,GISTDA,น้ำท่วม | พท. (ตร.ม.): ,,,"14.132518404900408,100.3636576892511",,,,กรุงเทพมหานคร,2025-11-15T18:57:42.909Z,,0,0,2025-11-16T23:29:45.023599
น้ำท่วม,GISTDA,น้ำท่วม | พท. (ตร.ม.): ,,,"14.138171242908498,100.36851883877348",,,,กรุงเทพมหานคร,2025-11-15T18:57:42.909Z,,0,0,2025-11-16T23:29:45.023599
น้ำท่วม,GISTDA,น้ำท่วม | พท. (ตร.ม.): ,,,"14.160278834587585,100.45749023468672",,,,กรุงเทพมหานคร,2025-11-15T18:57:42.464Z,,0,0,2025-11-16T23:29:45.023599
น้ำท่วม,GISTDA,น้ำท่วม | พท. (ตร.ม.): ,,,"14.15718816876146,100.46223909239045",,,,กรุงเทพมหานคร,2025-11-15T18:57:42.464Z,,0,0,2025-11-16T23:29:45.023599
น้ำท่วม,GISTDA,น้ำท่วม | พท. (ตร.ม.): ,,,"14.156430537077087,100.4588799949772",,,,กรุงเทพมหานคร,2025-11-15T18:57:42.464Z,,0,0,2025-11-16T23:29:45.023599
น้ำท่วม,GISTDA,น้ำท่วม | พท. (ตร.ม.): ,,,"14.15885275973551,100.46606117542584",,,,กรุงเทพมหานคร,2025-11-15T18:57:42.464Z,,0,0,2025-11-16T23:29:45.023599
น้ำท่วม,GISTDA,น้ำท่วม | พท. (ตร.ม.): ,,,"14.161337211813324,100.45139878999977",,,,กรุงเทพมหานคร,2025-11-15T18:57:42.464Z,,0,0,2025-11-16T23:29:45.023599
น้ำท่วม,GISTDA,น้ำท่วม | พท. (ตร.ม.): ,,,"14.157518063260312,100.44734600521355",,,,กรุงเทพมหานคร,2025-11-15T18:57:42.464Z,,0,0,2025-11-16T23:29:45.023599
น้ำท่วม,GISTDA,น้ำท่วม | พท. (ตร.ม.): ,,,"14.162328633411285,100.45500834673284",,,,กรุงเทพมหานคร,2025-11-15T18:57:42.464Z,,0,0,2025-11-16T23:29:45.023599
น้ำท่วม,GISTDA,น้ำท่วม | พท. (ตร.ม.): ,,,"14.16234756240775,100.44973342382032",,,,กรุงเทพมหานคร,2025-11-15T18:57:42.464Z,,0,0,2025-11-16T23:29:45.023599
น้ำท่วม,GISTDA,น้ำท่วม | พท. (ตร.ม.): ,,,"14.157442832355125,100.45640847703464",,,,กรุงเทพมหานคร,2025-11-15T18:57:42.464Z,,0,0,2025-11-16T23:29:45.023599
น้ำท่วม,GISTDA,น้ำท่วม | พท. (ตร.ม.): ,,,"14.155025781865001,100.44995800264127",,,,กรุงเทพมหานคร,2025-11-15T18:57:42.464Z,,0,0,2025-11-16T23:29:45.023599
น้ำท่วม,GISTDA,น้ำท่วม | พท. (ตร.ม.): ,,,"14.159286852406302,100.45414113510526",,,,กรุงเทพมหานคร,2025-11-15T18:57:42.464Z,,0,0,2025-11-16T23:29:45.023599
น้ำท่วม,GISTDA,น้ำท่วม | พท. (ตร.ม.): ,,,"14.16772957469617,100.46783795999998",,,,กรุงเทพมหานคร,2025-11-15T18:57:42.464Z,,0,0,2025-11-16T23:29:45.023599
น้ำท่วม,GISTDA,น้ำท่วม | พท. (ตร.ม.): ,,,"14.166532438178987,100.46205942932336",,,,กรุงเทพมหานคร,2025-11-15T18:57:42.464Z,,0,0,2025-11-16T23:29:45.023599
น้ำท่วม,GISTDA,น้ำท่วม | พท. (ตร.ม.): ,,,"14.169712071454965,100.4666002420077",,,,กรุงเทพมหานคร,2025-11-15T18:57:42.464Z,,0,0,2025-11-16T23:29:45.023599
น้ำท่วม,GISTDA,น้ำท่วม | พท. (ตร.ม.): ,,,"14.166787174794031,100.46487994913775",,,,กรุงเทพมหานคร,2025-11-15T18:57:42.464Z,,0,0,2025-11-16T23:29:45.023599
น้ำท่วม,GISTDA,น้ำท่วม | พท. (ตร.ม.): ,,,"14.16325266529159,100.47123445572421",,,,กรุงเทพมหานคร,2025-11-15T18:57:42.464Z,,0,0,2025-11-16T23:29:45.023599
น้ำท่วม,GISTDA,น้ำท่วม | พท. (ตร.ม.): ,,,"14.164547948429037,100.4659860473183",,,,กรุงเทพมหานคร,2025-11-15T18:57:42.464Z,,0,0,2025-11-16T23:29:45.023599
น้ำท่วม,GISTDA,น้ำท่วม | พท. (ตร.ม.): ,,,"14.16801280764958,100.46874069262581",,,,กรุงเทพมหานคร,2025-11-15T18:57:42.464Z,,0,0,2025-11-16T23:29:45.023599
น้ำท่วม,GISTDA,น้ำท่วม | พท. (ตร.ม.): ,,,"14.168631165310915,100.45834100579808",,,,กรุงเทพมหานคร,2025-11-15T18:57:42.464Z,,0,0,2025-11-16T23:29:45.023599
น้ำท่วม,GISTDA,น้ำท่วม | พท. (ตร.ม.): ,,,"14.165685869336134,100.45250195646",,,,กรุงเทพมหานคร,2025-11-15T18:57:42.464Z,,0,0,2025-11-16T23:29:45.023599
น้ำท่วม,GISTDA,น้ำท่วม | พท. (ตร.ม.): ,,,"14.17190271684867,100.45762235355123",,,,กรุงเทพมหานคร,2025-11-15T18:57:42.464Z,,0,0,2025-11-16T23:29:45.023599
น้ำท่วม,GISTDA,น้ำท่วม | พท. (ตร.ม.): ,,,"14.170267277446301,100.45332264296381",,,,กรุงเทพมหานคร,2025-11-15T18:57:42.464Z,,0,0,2025-11-16T23:29:45.023599
น้ำท่วม,GISTDA,น้ำท่วม | พท. (ตร.ม.): ,,,"14.165161796234518,100.45804345405125",,,,กรุงเทพมหานคร,2025-11-15T18:57:42.464Z,,0,0,2025-11-16T23:29:45.023599
น้ำท่วม,GISTDA,น้ำท่วม | พท. (ตร.ม.): ,,,"14.162661461780013,100.4559059736817",,,,กรุงเทพมหานคร,2025-11-15T18:57:42.464Z,,0,0,2025-11-16T23:29:45.023599
น้ำท่วม,GISTDA,น้ำท่วม | พท. (ตร.ม.): ,,,"14.168442397783583,100.45901042545862",,,,กรุงเทพมหานคร,2025-11-15T18:57:42.464Z,,0,0,2025-11-16T23:29:45.023599
น้ำท่วม,GISTDA,น้ำท่วม | พท. (ตร.ม.): ,,,"14.149981406216883,100.46632643082029",,,,กรุงเทพมหานคร,2025-11-15T18:57:42.464Z,,0,0,2025-11-16T23:29:45.023599
น้ำท่วม,GISTDA,น้ำท่วม | พท. (ตร.ม.): ,,,"14.148212093513234,100.46185190883855",,,,กรุงเทพมหานคร,2025-11-15T18:57:42.464Z,,0,0,2025-11-16T23:29:45.023599
น้ำท่วม,GISTDA,น้ำท่วม | พท. (ตร.ม.): ,,,"14.153508535590422,100.4678717808581",,,,กรุงเทพมหานคร,2025-11-15T18:57:42.464Z,,0,0,2025-11-16T23:29:45.023599
น้ำท่วม,GISTDA,น้ำท่วม | พท. (ตร.ม.): ,,,"14.154068415692498,100.46144452551566",,,,กรุงเทพมหานคร,2025-11-15T18:57:42.464Z,,0,0,2025-11-16T23:29:45.023599
น้ำท่วม,GISTDA,น้ำท่วม | พท. (ตร.ม.): ,,,"14.148993259031647,100.46632643082029",,,,กรุงเทพมหานคร,2025-11-15T18:57:42.464Z,,0,0,2025-11-16T23:29:45.023599
น้ำท่วม,GISTDA,น้ำท่วม | พท. (ตร.ม.): ,,,"14.146576744076068,100.4628419436931",,,,กรุงเทพมหานคร,2025-11-15T18:57:42.464Z,,0,0,2025-11-16T23:29:45.023599
น้ำท่วม,GISTDA,น้ำท่วม | พท. (ตร.ม.): ,,,"14.15329261790124,100.4686310478063",,,,กรุงเทพมหานคร,2025-11-15T18:57:42.464Z,,0,0,2025-11-16T23:29:45.023599
น้ำท่วม,GISTDA,น้ำท่วม | พท. (ตร.ม.): ,,,"14.15248063465956,100.45510707078408",,,,กรุงเทพมหานคร,2025-11-15T18:57:42.464Z,,0,0,2025-11-16T23:29:45.023599
น้ำท่วม,GISTDA,น้ำท่วม | พท. (ตร.ม.): ,,,"14.149537657792642,100.45195762546523",,,,กรุงเทพมหานคร,2025-11-15T18:57:42.464Z,,0,0,2025-11-16T23:29:45.023599
น้ำท่วม,GISTDA,น้ำท่วม | พท. (ตร.ม.): ,,,"14.154750353693622,100.45691994609325",,,,กรุงเทพมหานคร,2025-11-15T18:57:42.464Z,,0,0,2025-11-16T23:29:45.023599
น้ำท่วม,GISTDA,น้ำท่วม | พท. (ตร.ม.): ,,,"14.152929792301661,100.45363751097679",,,,กรุงเทพมหานคร,2025-11-15T18:57:42.464Z,,0,0,2025-11-16T23:29:45.023599
น้ำท่วม,GISTDA,น้ำท่วม | พท. (ตร.ม.): ,,,"14.147815179526837,100.4586221124207",,,,กรุงเทพมหานคร,2025-11-15T18:57:42.464Z,,0,0,2025-11-16T23:29:45.023599
น้ำท่วม,GISTDA,น้ำท่วม | พท. (ตร.ม.): ,,,"14.146841951018315,100.45370364219708",,,,กรุงเทพมหานคร,2025-11-15T18:57:42.464Z,,0,0,2025-11-16T23:29:45.023599
น้ำท่วม,GISTDA,น้ำท่วม | พท. (ตร.ม.): ,,,"14.151557842976237,100.45856991662455",,,,กรุงเทพมหานคร,2025-11-15T18:57:42.464Z,,0,0,2025-11-16T23:29:45.023599
น้ำท่วม,GISTDA,น้ำท่วม | พท. (ตร.ม.): ,,,"14.158146450301299,100.46892476570945",,,,กรุงเทพมหานคร,2025-11-15T18:57:42.464Z,,0,0,2025-11-16T23:29:45.023599
น้ำท่วม,GISTDA,น้ำท่วม | พท. (ตร.ม.): ,,,"14.158670328743085,100.46637442231413",,,,กรุงเทพมหานคร,2025-11-15T18:57:42.464Z,,0,0,2025-11-16T23:29:45.023599
น้ำท่วม,GISTDA,น้ำท่วม | พท. (ตร.ม.): ,,,"14.161752019140325,100.46990544567997",,,,กรุงเทพมหานคร,2025-11-15T18:57:42.464Z,,0,0,2025-11-16T23:29:45.023599
น้ำท่วม,GISTDA,น้ำท่วม | พท. (ตร.ม.): ,,,"14.159199423014929,100.46849945908286",,,,กรุงเทพมหานคร,2025-11-15T18:57:42.464Z,,0,0,2025-11-16T23:29:45.023599
น้ำท่วม,GISTDA,น้ำท่วม | พท. (ตร.ม.): ,,,"14.155825864781523,100.47477483368185",,,,กรุงเทพมหานคร,2025-11-15T18:57:42.464Z,,0,0,2025-11-16T23:29:45.023599
น้ำท่วม,GISTDA,น้ำท่วม | พท. (ตร.ม.): ,,,"14.155371297747115,100.47108750198677",,,,กรุงเทพมหานคร,2025-11-15T18:57:42.464Z,,0,0,2025-11-16T23:29:45.023599
น้ำท่วม,GISTDA,น้ำท่วม | พท. (ตร.ม.): ,,,"14.157351311713697,100.47330469685429",,,,กรุงเทพมหานคร,2025-11-15T18:57:42.464Z,,0,0,2025-11-16T23:29:45.023599
น้ำท่วม,GISTDA,น้ำท่วม | พท. (ตร.ม.): ,,,"14.15229229012076,100.43767441244758",,,,กรุงเทพมหานคร,2025-11-15T18:57:42.464Z,,0,0,2025-11-16T23:29:45.023599
น้ำท่วม,GISTDA,น้ำท่วม | พท. (ตร.ม.): ,,,"14.15108555875143,100.43504865127419",,,,กรุงเทพมหานคร,2025-11-15T18:57:42.464Z,,0,0,2025-11-16T23:29:45.023599
น้ำท่วม,GISTDA,น้ำท่วม | พท. (ตร.ม.): ,,,"14.158364643231845,100.43804082961869",,,,กรุงเทพมหานคร,2025-11-15T18:57:42.464Z,,0,0,2025-11-16T23:29:45.023599
น้ำท่วม,GISTDA,น้ำท่วม | พท. (ตร.ม.): ,,,"14.15420889727009,100.43558495809545",,,,กรุงเทพมหานคร,2025-11-15T18:57:42.464Z,,0,0,2025-11-16T23:29:45.023599
น้ำท่วม,GISTDA,น้ำท่วม | พท. (ตร.ม.): ,,,"14.124521674658371,100.46291087394823",,,,กรุงเทพมหานคร,2025-11-15T18:57:42.304Z,,0,0,2025-11-16T23:29:45.023599
น้ำท่วม,GISTDA,น้ำท่วม | พท. (ตร.ม.): ,,,"14.127036958531454,100.46305768859342",,,,กรุงเทพมหานคร,2025-11-15T18:57:42.304Z,,0,0,2025-11-16T23:29:45.023599
น้ำท่วม,GISTDA,น้ำท่วม | พท. (ตร.ม.): ,,,"14.133504828085307,100.46366327923694",,,,กรุงเทพมหานคร,2025-11-15T18:57:42.304Z,,0,0,2025-11-16T23:29:45.023599
น้ำท่วม,GISTDA,น้ำท่วม | พท. (ตร.ม.): ,,,"14.136530439727967,100.46529715853724",,,,กรุงเทพมหานคร,2025-11-15T18:57:42.304Z,,0,0,2025-11-16T23:29:45.023599
น้ำท่วม,GISTDA,น้ำท่วม | พท. (ตร.ม.): ,,,"14.132276499860504,100.46619619729677",,,,กรุงเทพมหานคร,2025-11-15T18:57:42.304Z,,0,0,2025-11-16T23:29:45.023599
น้ำท่วม,GISTDA,น้ำท่วม | พท. (ตร.ม.): ,,,"14.130398132667613,100.46183485409514",,,,กรุงเทพมหานคร,2025-11-15T18:57:42.304Z,,0,0,2025-11-16T23:29:45.023599
น้ำท่วม,GISTDA,น้ำท่วม | พท. (ตร.ม.): ,,,"14.137369320130409,100.46839255577096",,,,กรุงเทพมหานคร,2025-11-15T18:57:42.304Z,,0,0,2025-11-16T23:29:45.023599
น้ำท่วม,GISTDA,น้ำท่วม | พท. (ตร.ม.): ,,,"14.130760143074486,100.42883861169307",,,,กรุงเทพมหานคร,2025-11-15T18:57:42.304Z,,0,0,2025-11-16T23:29:45.023599
น้ำท่วม,GISTDA,น้ำท่วม | พท. (ตร.ม.): ,,,"14.130980953805754,100.42803222698421",,,,กรุงเทพมหานคร,2025-11-15T18:57:42.304Z,,0,0,2025-11-16T23:29:45.023599
น้ำท่วม,GISTDA,น้ำท่วม | พท. (ตร.ม.): ,,,"14.130760143074486,100.42883861169307",,,,กรุงเทพมหานคร,2025-11-15T18:57:42.304Z,,0,0,2025-11-16T23:29:45.023599
น้ำท่วม,GISTDA,น้ำท่วม | พท. (ตร.ม.): ,,,"14.126717722844571,100.43185006672738",,,,กรุงเทพมหานคร,2025-11-15T18:57:42.304Z,,0,0,2025-11-16T23:29:45.023599
น้ำท่วม,GISTDA,น้ำท่วม | พท. (ตร.ม.): ,,,"14.126942301885402,100.42800397456263",,,,กรุงเทพมหานคร,2025-11-15T18:57:42.304Z,,0,0,2025-11-16T23:29:45.023599
น้ำท่วม,GISTDA,น้ำท่วม | พท. (ตร.ม.): ,,,"14.129335106096562,100.43387127590053",,,,กรุงเทพมหานคร,2025-11-15T18:57:42.304Z,,0,0,2025-11-16T23:29:45.023599
น้ำท่วม,GISTDA,น้ำท่วม | พท. (ตร.ม.): ,,,"14.132107614374807,100.42062112536458",,,,กรุงเทพมหานคร,2025-11-15T18:57:42.304Z,,0,0,2025-11-16T23:29:45.023599
น้ำท่วม,GISTDA,น้ำท่วม | พท. (ตร.ม.): ,,,"14.130909821682083,100.41972281055688",,,,กรุงเทพมหานคร,2025-11-15T18:57:42.304Z,,0,0,2025-11-16T23:29:45.023599
น้ำท่วม,GISTDA,น้ำท่วม | พท. (ตร.ม.): ,,,"14.13367966618364,100.42084570406617",,,,กรุงเทพมหานคร,2025-11-15T18:57:42.304Z,,0,0,2025-11-16T23:29:45.023599
น้ำท่วม,GISTDA,น้ำท่วม | พท. (ตร.ม.): ,,,"14.134802560589703,100.42039654666334",,,,กรุงเทพมหานคร,2025-11-15T18:57:42.304Z,,0,0,2025-11-16T23:29:45.023599
น้ำท่วม,GISTDA,น้ำท่วม | พท. (ตร.ม.): ,,,"14.127840617273849,100.4257122988702",,,,กรุงเทพมหานคร,2025-11-15T18:57:42.304Z,,0,0,2025-11-16T23:29:45.023599
น้ำท่วม,GISTDA,น้ำท่วม | พท. (ตร.ม.): ,,,"14.127166881503523,100.41887550648708",,,,กรุงเทพมหานคร,2025-11-15T18:57:42.304Z,,0,0,2025-11-16T23:29:45.023599
น้ำท่วม,GISTDA,น้ำท่วม | พท. (ตร.ม.): ,,,"14.130086405163429,100.4255618594922",,,,กรุงเทพมหานคร,2025-11-15T18:57:42.304Z,,0,0,2025-11-16T23:29:45.023599
น้ำท่วม,GISTDA,น้ำท่วม | พท. (ตร.ม.): ,,,"14.135700876294372,100.43656622215346",,,,กรุงเทพมหานคร,2025-11-15T18:57:42.304Z,,0,0,2025-11-16T23:29:45.023599
น้ำท่วม,GISTDA,น้ำท่วม | พท. (ตร.ม.): ,,,"14.142346633572853,100.43813827390684",,,,กรุงเทพมหานคร,2025-11-15T18:57:42.304Z,,0,0,2025-11-16T23:29:45.023599
น้ำท่วม,GISTDA,น้ำท่วม | พท. (ตร.ม.): ,,,"14.14131534652595,100.43297296113346",,,,กรุงเทพมหานคร,2025-11-15T18:57:42.304Z,,0,0,2025-11-16T23:29:45.023599
น้ำท่วม,GISTDA,น้ำท่วม | พท. (ตร.ม.): ,,,"14.135027139291033,100.43701537955629",,,,กรุงเทพมหานคร,2025-11-15T18:57:42.304Z,,0,0,2025-11-16T23:29:45.023599
น้ำท่วม,GISTDA,น้ำท่วม | พท. (ตร.ม.): ,,,"14.133455087482218,100.4343204333413",,,,กรุงเทพมหานคร,2025-11-15T18:57:42.304Z,,0,0,2025-11-16T23:29:45.023599
น้ำท่วม,GISTDA,น้ำท่วม | พท. (ตร.ม.): ,,,"14.137048348855837,100.43809237896457",,,,กรุงเทพมหานคร,2025-11-15T18:57:42.304Z,,0,0,2025-11-16T23:29:45.023599
น้ำท่วม,GISTDA,น้ำท่วม | พท. (ตร.ม.): ,,,"14.137722085505837,100.42803222700584",,,,กรุงเทพมหานคร,2025-11-15T18:57:42.304Z,,0,0,2025-11-16T23:29:45.023599
น้ำท่วม,GISTDA,น้ำท่วม | พท. (ตร.ม.): ,,,"14.137497506804444,100.42354065028081",,,,กรุงเทพมหานคร,2025-11-15T18:57:42.304Z,,0,0,2025-11-16T23:29:45.023599
น้ำท่วม,GISTDA,น้ำท่วม | พท. (ตร.ม.): ,,,"14.14266281963337,100.42646017519702",,,,กรุงเทพมหานคร,2025-11-15T18:57:42.304Z,,0,0,2025-11-16T23:29:45.023599
น้ำท่วม,GISTDA,น้ำท่วม | พท. (ตร.ม.): ,,,"14.139592768494458,100.42556185948249",,,,กรุงเทพมหานคร,2025-11-15T18:57:42.304Z,,0,0,2025-11-16T23:29:45.023599
น้ำท่วม,GISTDA,น้ำท่วม | พท. (ตร.ม.): ,,,"14.1374975068591,100.42841227278667",,,,กรุงเทพมหานคร,2025-11-15T18:57:42.304Z,,0,0,2025-11-16T23:29:45.023599
น้ำท่วม,GISTDA,น้ำท่วม | พท. (ตร.ม.): ,,,"14.13662787168752,100.42690933251001",,,,กรุงเทพมหานคร,2025-11-15T18:57:42.304Z,,0,0,2025-11-16T23:29:45.023599
น้ำท่วม,GISTDA,น้ำท่วม | พท. (ตร.ม.): ,,,"14.140755546284378,100.43117633061505",,,,กรุงเทพมหานคร,2025-11-15T18:57:42.304Z,,0,0,2025-11-16T23:29:45.023599
น้ำท่วม,GISTDA,น้ำท่วม | พท. (ตร.ม.): ,,,"14.121103252815221,100.43632661187118",,,,กรุงเทพมหานคร,2025-11-15T18:57:42.304Z,,0,0,2025-11-16T23:29:45.023599
น้ำท่วม,GISTDA,น้ำท่วม | พท. (ตร.ม.): ,,,"14.122001567439938,100.43290802967192",,,,กรุงเทพมหานคร,2025-11-15T18:57:42.304Z,,0,0,2025-11-16T23:29:45.023599
น้ำท่วม,GISTDA,น้ำท่วม | พท. (ตร.ม.): ,,,"14.126861904945791,100.43634164340746",,,,กรุงเทพมหานคร,2025-11-15T18:57:42.304Z,,0,0,2025-11-16T23:29:45.023599
น้ำท่วม,GISTDA,น้ำท่วม | พท. (ตร.ม.): ,,,"14.123124461824364,100.43252380283116",,,,กรุงเทพมหานคร,2025-11-15T18:57:42.304Z,,0,0,2025-11-16T23:29:45.023599
น้ำท่วม,GISTDA,น้ำท่วม | พท. (ตร.ม.): ,,,"14.12140474587845,100.43679080084529",,,,กรุงเทพมหานคร,2025-11-15T18:57:42.304Z,,0,0,2025-11-16T23:29:45.023599
น้ำท่วม,GISTDA,น้ำท่วม | พท. (ตร.ม.): ,,,"14.12454437959293,100.43746453693404",,,,กรุงเทพมหานคร,2025-11-15T18:57:42.304Z,,0,0,2025-11-16T23:29:45.023599
น้ำท่วม,GISTDA,น้ำท่วม | พท. (ตร.ม.): ,,,"14.12098384347547,100.42601101747645",,,,กรุงเทพมหานคร,2025-11-15T18:57:42.304Z,,0,0,2025-11-16T23:29:45.023599
น้ำท่วม,GISTDA,น้ำท่วม | พท. (ตร.ม.): ,,,"14.120878673911568,100.42331607157956",,,,กรุงเทพมหานคร,2025-11-15T18:57:42.304Z,,0,0,2025-11-16T23:29:45.023599
น้ำท่วม,GISTDA,น้ำท่วม | พท. (ตร.ม.): ,,,"14.124379987035319,100.42623559632528",,,,กรุงเทพมหานคร,2025-11-15T18:57:42.304Z,,0,0,2025-11-16T23:29:45.023599
น้ำท่วม,GISTDA,น้ำท่วม | พท. (ตร.ม.): ,,,"14.124022777545427,100.42417115796084",,,,กรุงเทพมหานคร,2025-11-15T18:57:42.304Z,,0,0,2025-11-16T23:29:45.023599
น้ำท่วม,GISTDA,น้ำท่วม | พท. (ตร.ม.): ,,,"14.12098384347547,100.42601101747645",,,,กรุงเทพมหานคร,2025-11-15T18:57:42.304Z,,0,0,2025-11-16T23:29:45.023599
น้ำท่วม,GISTDA,น้ำท่วม | พท. (ตร.ม.): ,,,"14.120611154545855,100.42601101754371",,,,กรุงเทพมหานคร,2025-11-15T18:57:42.304Z,,0,0,2025-11-16T23:29:45.023599
น้ำท่วม,GISTDA,น้ำท่วม | พท. (ตร.ม.): ,,,"14.130086405180164,100.43750928139937",,,,กรุงเทพมหานคร,2025-11-15T18:57:42.304Z,,0,0,2025-11-16T23:29:45.023599
น้ำท่วม,GISTDA,น้ำท่วม | พท. (ตร.ม.): ,,,"14.13120929956944,100.43611706475092",,,,กรุงเทพมหานคร,2025-11-15T18:57:42.304Z,,0,0,2025-11-16T23:29:45.023599
น้ำท่วม,GISTDA,น้ำท่วม | พท. (ตร.ม.): ,,,"14.15961410400766,100.45979415207854",,,,กรุงเทพมหานคร,2025-11-15T18:57:42.304Z,,0,0,2025-11-16T23:29:45.023599
น้ำท่วม,GISTDA,น้ำท่วม | พท. (ตร.ม.): ,,,"14.157233024183425,100.457619194593",,,,กรุงเทพมหานคร,2025-11-15T18:57:42.304Z,,0,0,2025-11-16T23:29:45.023599
น้ำท่วม,GISTDA,น้ำท่วม | พท. (ตร.ม.): ,,,"14.16269390850021,100.46049472464286",,,,กรุงเทพมหานคร,2025-11-15T18:57:42.304Z,,0,0,2025-11-16T23:29:45.023599
น้ำท่วม,GISTDA,น้ำท่วม | พท. (ตร.ม.): ,,,"14.150340732139043,100.43842892585425",,,,กรุงเทพมหานคร,2025-11-15T18:57:42.628Z,,0,0,2025-11-16T23:29:45.023599
น้ำท่วม,GISTDA,น้ำท่วม | พท. (ตร.ม.): ,,,"14.151178120397875,100.43760047477477",,,,กรุงเทพมหานคร,2025-11-15T18:57:42.628Z,,0,0,2025-11-16T23:29:45.023599
น้ำท่วม,GISTDA,น้ำท่วม | พท. (ตร.ม.): ,,,"14.152180162044518,100.44159011771208",,,,กรุงเทพมหานคร,2025-11-15T18:57:42.628Z,,0,0,2025-11-16T23:29:45.023599
น้ำท่วม,GISTDA,น้ำท่วม | พท. (ตร.ม.): ,,,"14.154435573842632,100.42653106425732",,,,กรุงเทพมหานคร,2025-11-15T18:57:42.628Z,,0,0,2025-11-16T23:29:45.023599
น้ำท่วม,GISTDA,น้ำท่วม | พท. (ตร.ม.): ,,,"14.154802243871716,100.42402002012874",,,,กรุงเทพมหานคร,2025-11-15T18:57:42.628Z,,0,0,2025-11-16T23:29:45.023599
น้ำท่วม,GISTDA,น้ำท่วม | พท. (ตร.ม.): ,,,"14.157127397737788,100.42858158200012",,,,กรุงเทพมหานคร,2025-11-15T18:57:42.628Z,,0,0,2025-11-16T23:29:45.023599
น้ำท่วม,GISTDA,น้ำท่วม | พท. (ตร.ม.): ,,,"14.154665115092413,100.42595247491299",,,,กรุงเทพมหานคร,2025-11-15T18:57:42.628Z,,0,0,2025-11-16T23:29:45.023599
น้ำท่วม,GISTDA,น้ำท่วม | พท. (ตร.ม.): ,,,"14.151009804358987,100.4325970957794",,,,กรุงเทพมหานคร,2025-11-15T18:57:42.628Z,,0,0,2025-11-16T23:29:45.023599
น้ำท่วม,GISTDA,น้ำท่วม | พท. (ตร.ม.): ,,,"14.15095966265824,100.42583437205865",,,,กรุงเทพมหานคร,2025-11-15T18:57:42.628Z,,0,0,2025-11-16T23:29:45.023599
น้ำท่วม,GISTDA,น้ำท่วม | พท. (ตร.ม.): ,,,"14.154624048361105,100.43252380283116",,,,กรุงเทพมหานคร,2025-11-15T18:57:42.628Z,,0,0,2025-11-16T23:29:45.023599
น้ำท่วม,GISTDA,น้ำท่วม | พท. (ตร.ม.): ,,,"14.15988771014968,100.44162858688996",,,,กรุงเทพมหานคร,2025-11-15T18:57:42.628Z,,0,0,2025-11-16T23:29:45.023599
น้ำท่วม,GISTDA,น้ำท่วม | พท. (ตร.ม.): ,,,"14.15879030521911,100.43802949916201",,,,กรุงเทพมหานคร,2025-11-15T18:57:42.628Z,,0,0,2025-11-16T23:29:45.023599
น้ำท่วม,GISTDA,น้ำท่วม | พท. (ตร.ม.): ,,,"14.163110619422037,100.44360096526958",,,,กรุงเทพมหานคร,2025-11-15T18:57:42.628Z,,0,0,2025-11-16T23:29:45.023599
น้ำท่วม,GISTDA,น้ำท่วม | พท. (ตร.ม.): ,,,"14.161266922087114,100.4403504834269",,,,กรุงเทพมหานคร,2025-11-15T18:57:42.628Z,,0,0,2025-11-16T23:29:45.023599
น้ำท่วม,GISTDA,น้ำท่วม | พท. (ตร.ม.): ,,,"14.156634348537215,100.44483375910902",,,,กรุงเทพมหานคร,2025-11-15T18:57:42.628Z,,0,0,2025-11-16T23:29:45.023599
น้ำท่วม,GISTDA,น้ำท่วม | พท. (ตร.ม.): ,,,"14.157841756575491,100.44001221498934",,,,กรุงเทพมหานคร,2025-11-15T18:57:42.628Z,,0,0,2025-11-16T23:29:45.023599
น้ำท่วม,GISTDA,น้ำท่วม | พท. (ตร.ม.): ,,,"14.161717306208681,100.44452210700962",,,,กรุงเทพมหานคร,2025-11-15T18:57:42.628Z,,0,0,2025-11-16T23:29:45.023599
น้ำท่วม,GISTDA,น้ำท่วม | พท. (ตร.ม.): ,,,"14.160312031903205,100.4350159893812",,,,กรุงเทพมหานคร,2025-11-15T18:57:42.628Z,,0,0,2025-11-16T23:29:45.023599
น้ำท่วม,GISTDA,น้ำท่วม | พท. (ตร.ม.): ,,,"14.159376307970138,100.43126113198727",,,,กรุงเทพมหานคร,2025-11-15T18:57:42.628Z,,0,0,2025-11-16T23:29:45.023599
น้ำท่วม,GISTDA,น้ำท่วม | พท. (ตร.ม.): ,,,"14.162966447084502,100.43503405618061",,,,กรุงเทพมหานคร,2025-11-15T18:57:42.628Z,,0,0,2025-11-16T23:29:45.023599
น้ำท่วม,GISTDA,น้ำท่วม | พท. (ตร.ม.): ,,,"14.163820870810145,100.42967940641897",,,,กรุงเทพมหานคร,2025-11-15T18:57:42.628Z,,0,0,2025-11-16T23:29:45.023599
น้ำท่วม,GISTDA,น้ำท่วม | พท. (ตร.ม.): ,,,"14.157945306538386,100.43468664281124",,,,กรุงเทพมหานคร,2025-11-15T18:57:42.628Z,,0,0,2025-11-16T23:29:45.023599
น้ำท่วม,GISTDA,น้ำท่วม | พท. (ตร.ม.): ,,,"14.158402699495547,100.43439131858264",,,,กรุงเทพมหานคร,2025-11-15T18:57:42.628Z,,0,0,2025-11-16T23:29:45.023599
น้ำท่วม,GISTDA,น้ำท่วม | พท. (ตร.ม.): ,,,"14.16206813180459,100.43525875339277",,,,กรุงเทพมหานคร,2025-11-15T18:57:42.628Z,,0,0,2025-11-16T23:29:45.023599
น้ำท่วม,GISTDA,น้ำท่วม | พท. (ตร.ม.): ,,,"14.14580692334533,100.43731131032996",,,,กรุงเทพมหานคร,2025-11-15T18:57:42.628Z,,0,0,2025-11-16T23:29:45.023599
น้ำท่วม,GISTDA,น้ำท่วม | พท. (ตร.ม.): ,,,"14.14998681543804,100.44254942962397",,,,กรุงเทพมหานคร,2025-11-15T18:57:42.628Z,,0,0,2025-11-16T23:29:45.023599
น้ำท่วม,GISTDA,น้ำท่วม | พท. (ตร.ม.): ,,,"14.141764504184811,100.4457179631806",,,,กรุงเทพมหานคร,2025-11-15T18:57:42.628Z,,0,0,2025-11-16T23:29:45.023599
น้ำท่วม,GISTDA,น้ำท่วม | พท. (ตร.ม.): ,,,"14.143985373025792,100.44554937468065",,,,กรุงเทพมหานคร,2025-11-15T18:57:42.628Z,,0,0,2025-11-16T23:29:45.023599
น้ำท่วม,GISTDA,น้ำท่วม | พท. (ตร.ม.): ,,,"14.144010292740772,100.43274838243194",,,,กรุงเทพมหานคร,2025-11-15T18:57:42.628Z,,0,0,2025-11-16T23:29:45.023599
น้ำท่วม,GISTDA,น้ำท่วม | พท. (ตร.ม.): ,,,"14.146845428025598,100.42848138440583",,,,กรุงเทพมหานคร,2025-11-15T18:57:42.628Z,,0,0,2025-11-16T23:29:45.023599
น้ำท่วม,GISTDA,น้ำท่วม | พท. (ตร.ม.): ,,,"14.150911314972053,100.4329670210772",,,,กรุงเทพมหานคร,2025-11-15T18:57:42.628Z,,0,0,2025-11-16T23:29:45.023599
น้ำท่วม,GISTDA,น้ำท่วม | พท. (ตร.ม.): ,,,"14.146480659354877,100.43027801491853",,,,กรุงเทพมหานคร,2025-11-15T18:57:42.628Z,,0,0,2025-11-16T23:29:45.023599
น้ำท่วม,GISTDA,น้ำท่วม | พท. (ตร.ม.): ,,,"14.143924838666702,100.4327483824252",,,,กรุงเทพมหานคร,2025-11-15T18:57:42.628Z,,0,0,2025-11-16T23:29:45.023599
น้ำท่วม,GISTDA,น้ำท่วม | พท. (ตร.ม.): ,,,"14.144309080967405,100.43117632933193",,,,กรุงเทพมหานคร,2025-11-15T18:57:42.628Z,,0,0,2025-11-16T23:29:45.023599
น้ำท่วม,GISTDA,น้ำท่วม | พท. (ตร.ม.): ,,,"14.144946381303301,100.43521874904278",,,,กรุงเทพมหานคร,2025-11-15T18:57:42.628Z,,0,0,2025-11-16T23:29:45.023599
น้ำท่วม,GISTDA,น้ำท่วม | พท. (ตร.ม.): ,,,"14.15417875221742,100.44639025354167",,,,กรุงเทพมหานคร,2025-11-15T18:57:42.628Z,,0,0,2025-11-16T23:29:45.023599
น้ำท่วม,GISTDA,น้ำท่วม | พท. (ตร.ม.): ,,,"14.152111611461688,100.44483193604522",,,,กรุงเทพมหานคร,2025-11-15T18:57:42.628Z,,0,0,2025-11-16T23:29:45.023599
น้ำท่วม,GISTDA,น้ำท่วม | พท. (ตร.ม.): ,,,"14.157173337707658,100.44751893495096",,,,กรุงเทพมหานคร,2025-11-15T18:57:42.628Z,,0,0,2025-11-16T23:29:45.023599
น้ำท่วม,GISTDA,น้ำท่วม | พท. (ตร.ม.): ,,,"14.15357466723708,100.44368888603331",,,,กรุงเทพมหานคร,2025-11-15T18:57:42.628Z,,0,0,2025-11-16T23:29:45.023599
น้ำท่วม,GISTDA,น้ำท่วม | พท. (ตร.ม.): ,,,"14.149193459810258,100.4490746784537",,,,กรุงเทพมหานคร,2025-11-15T18:57:42.628Z,,0,0,2025-11-16T23:29:45.023599
น้ำท่วม,GISTDA,น้ำท่วม | พท. (ตร.ม.): ,,,"14.148738869189643,100.44777176745097",,,,กรุงเทพมหานคร,2025-11-15T18:57:42.628Z,,0,0,2025-11-16T23:29:45.023599
น้ำท่วม,GISTDA,น้ำท่วม | พท. (ตร.ม.): ,,,"14.151813644484037,100.44927655466937",,,,กรุงเทพมหานคร,2025-11-15T18:57:42.628Z,,0,0,2025-11-16T23:29:45.023599
น้ำท่วม,GISTDA,น้ำท่วม | พท. (ตร.ม.): ,,,"14.118219772524412,100.47370115218649",,,,กรุงเทพมหานคร,2025-11-15T18:57:42.628Z,,0,0,2025-11-16T23:29:45.023599
น้ำท่วม,GISTDA,น้ำท่วม | พท. (ตร.ม.): ,,,"14.119121935391984,100.46731607936374",,,,กรุงเทพมหานคร,2025-11-15T18:57:42.628Z,,0,0,2025-11-16T23:29:45.023599
น้ำท่วม,GISTDA,น้ำท่วม | พท. (ตร.ม.): ,,,"14.11552972851414,100.47317483804542",,,,กรุงเทพมหานคร,2025-11-15T18:57:42.628Z,,0,0,2025-11-16T23:29:45.023599
น้ำท่วม,GISTDA,น้ำท่วม | พท. (ตร.ม.): ,,,"14.117894624966642,100.47444306229698",,,,กรุงเทพมหานคร,2025-11-15T18:57:42.628Z,,0,0,2025-11-16T23:29:45.023599
น้ำท่วม,GISTDA,น้ำท่วม | พท. (ตร.ม.): ,,,"14.118371078800479,100.46396483810165",,,,กรุงเทพมหานคร,2025-11-15T18:57:42.628Z,,0,0,2025-11-16T23:29:45.023599
น้ำท่วม,GISTDA,น้ำท่วม | พท. (ตร.ม.): ,,,"14.11866207889178,100.46045915036964",,,,กรุงเทพมหานคร,2025-11-15T18:57:42.628Z,,0,0,2025-11-16T23:29:45.023599
น้ำท่วม,GISTDA,น้ำท่วม | พท. (ตร.ม.): ,,,"14.124026708465761,100.46486315381165",,,,กรุงเทพมหานคร,2025-11-15T18:57:42.628Z,,0,0,2025-11-16T23:29:45.023599
น้ำท่วม,GISTDA,น้ำท่วม | พท. (ตร.ม.): ,,,"14.12087867395266,100.45859283009125",,,,กรุงเทพมหานคร,2025-11-15T18:57:42.628Z,,0,0,2025-11-16T23:29:45.023599
น้ำท่วม,GISTDA,น้ำท่วม | พท. (ตร.ม.): ,,,"14.127935272694653,100.57244925972563",,,,กรุงเทพมหานคร,2025-11-15T18:57:42.026Z,,0,0,2025-11-16T23:29:45.023599
น้ำท่วม,GISTDA,น้ำท่วม | พท. (ตร.ม.): ,,,"14.133973829966065,100.5927707932696",,,,กรุงเทพมหานคร,2025-11-15T18:57:42.026Z,,0,0,2025-11-16T23:29:45.023599
น้ำท่วม,GISTDA,น้ำท่วม | พท. (ตร.ม.): ,,,"14.133973829928276,100.59344426474122",,,,กรุงเทพมหานคร,2025-11-15T18:57:42.026Z,,0,0,2025-11-16T23:29:45.023599
น้ำท่วม,GISTDA,น้ำท่วม | พท. (ตร.ม.): ,,,"14.118221488469334,100.55550669527629",,,,กรุงเทพมหานคร,2025-11-15T18:57:42.026Z,,0,0,2025-11-16T23:29:45.023599
น้ำท่วม,GISTDA,น้ำท่วม | พท. (ตร.ม.): ,,,"14.117593005312871,100.55219143708528",,,,กรุงเทพมหานคร,2025-11-15T18:57:42.026Z,,0,0,2025-11-16T23:29:45.023599
น้ำท่วม,GISTDA,น้ำท่วม | พท. (ตร.ม.): ,,,"14.119252901380175,100.54642197991127",,,,กรุงเทพมหานคร,2025-11-15T18:57:42.026Z,,0,0,2025-11-16T23:29:45.023599
น้ำท่วม,GISTDA,น้ำท่วม | พท. (ตร.ม.): ,,,"14.120906170515939,100.55328853337521",,,,กรุงเทพมหานคร,2025-11-15T18:57:42.026Z,,0,0,2025-11-16T23:29:45.023599
น้ำท่วม,GISTDA,น้ำท่วม | พท. (ตร.ม.): ,,,"14.123594223034315,100.54867610821219",,,,กรุงเทพมหานคร,2025-11-15T18:57:42.026Z,,0,0,2025-11-16T23:29:45.023599
น้ำท่วม,GISTDA,น้ำท่วม | พท. (ตร.ม.): ,,,"14.117113945432582,100.55209681593188",,,,กรุงเทพมหานคร,2025-11-15T18:57:42.026Z,,0,0,2025-11-16T23:29:45.023599
น้ำท่วม,GISTDA,น้ำท่วม | พท. (ตร.ม.): ,,,"14.117457216277222,100.55153215377827",,,,กรุงเทพมหานคร,2025-11-15T18:57:42.026Z,,0,0,2025-11-16T23:29:45.023599
น้ำท่วม,GISTDA,น้ำท่วม | พท. (ตร.ม.): ,,,"14.118221488469334,100.55550669527629",,,,กรุงเทพมหานคร,2025-11-15T18:57:42.026Z,,0,0,2025-11-16T23:29:45.023599
น้ำท่วม,GISTDA,น้ำท่วม | พท. (ตร.ม.): ,,,"14.130186439452547,100.56665184041016",,,,กรุงเทพมหานคร,2025-11-15T18:57:42.026Z,,0,0,2025-11-16T23:29:45.023599
น้ำท่วม,GISTDA,น้ำท่วม | พท. (ตร.ม.): ,,,"14.126497969033357,100.57139251261492",,,,กรุงเทพมหานคร,2025-11-15T18:57:42.026Z,,0,0,2025-11-16T23:29:45.023599
น้ำท่วม,GISTDA,น้ำท่วม | พท. (ตร.ม.): ,,,"14.126363453810267,100.55841057099111",,,,กรุงเทพมหานคร,2025-11-15T18:57:42.026Z,,0,0,2025-11-16T23:29:45.023599
น้ำท่วม,GISTDA,น้ำท่วม | พท. (ตร.ม.): ,,,"14.124045186835794,100.55348593292949",,,,กรุงเทพมหานคร,2025-11-15T18:57:42.026Z,,0,0,2025-11-16T23:29:45.023599
น้ำท่วม,GISTDA,น้ำท่วม | พท. (ตร.ม.): ,,,"14.128605510547848,100.5563438434919",,,,กรุงเทพมหานคร,2025-11-15T18:57:42.026Z,,0,0,2025-11-16T23:29:45.023599
น้ำท่วม,GISTDA,น้ำท่วม | พท. (ตร.ม.): ,,,"14.128953967873294,100.55625401201246",,,,กรุงเทพมหานคร,2025-11-15T18:57:42.026Z,,0,0,2025-11-16T23:29:45.023599
น้ำท่วม,GISTDA,น้ำท่วม | พท. (ตร.ม.): ,,,"14.125999717257436,100.5587468831484",,,,กรุงเทพมหานคร,2025-11-15T18:57:42.026Z,,0,0,2025-11-16T23:29:45.023599
น้ำท่วม,GISTDA,น้ำท่วม | พท. (ตร.ม.): ,,,"14.125028702931308,100.55617859860365",,,,กรุงเทพมหานคร,2025-11-15T18:57:42.026Z,,0,0,2025-11-16T23:29:45.023599
น้ำท่วม,GISTDA,น้ำท่วม | พท. (ตร.ม.): ,,,"14.12868286140096,100.55907470669432",,,,กรุงเทพมหานคร,2025-11-15T18:57:42.026Z,,0,0,2025-11-16T23:29:45.023599
น้ำท่วม,GISTDA,น้ำท่วม | พท. (ตร.ม.): ,,,"14.111358350907144,100.5559503208506",,,,กรุงเทพมหานคร,2025-11-15T18:57:42.026Z,,0,0,2025-11-16T23:29:45.023599
น้ำท่วม,GISTDA,น้ำท่วม | พท. (ตร.ม.): ,,,"14.110250600306385,100.55369634342412",,,,กรุงเทพมหานคร,2025-11-15T18:57:42.026Z,,0,0,2025-11-16T23:29:45.023599
น้ำท่วม,GISTDA,น้ำท่วม | พท. (ตร.ม.): ,,,"14.112796835405588,100.55546755578321",,,,กรุงเทพมหานคร,2025-11-15T18:57:42.026Z,,0,0,2025-11-16T23:29:45.023599
น้ำท่วม,GISTDA,น้ำท่วม | พท. (ตร.ม.): ,,,"14.111771679319537,100.5536246146843",,,,กรุงเทพมหานคร,2025-11-15T18:57:42.026Z,,0,0,2025-11-16T23:29:45.023599
น้ำท่วม,GISTDA,น้ำท่วม | พท. (ตร.ม.): ,,,"14.108939852603775,100.55320341194357",,,,กรุงเทพมหานคร,2025-11-15T18:57:42.026Z,,0,0,2025-11-16T23:29:45.023599
น้ำท่วม,GISTDA,น้ำท่วม | พท. (ตร.ม.): ,,,"14.143316309300184,100.59416291748484",,,,กรุงเทพมหานคร,2025-11-15T18:57:42.026Z,,0,0,2025-11-16T23:29:45.023599
น้ำท่วม,GISTDA,น้ำท่วม | พท. (ตร.ม.): ,,,"14.142038547646498,100.59030016100225",,,,กรุงเทพมหานคร,2025-11-15T18:57:42.026Z,,0,0,2025-11-16T23:29:45.023599
น้ำท่วม,GISTDA,น้ำท่วม | พท. (ตร.ม.): ,,,"14.146101086995488,100.59479173784852",,,,กรุงเทพมหานคร,2025-11-15T18:57:42.026Z,,0,0,2025-11-16T23:29:45.023599
น้ำท่วม,GISTDA,น้ำท่วม | พท. (ตร.ม.): ,,,"14.149245190614584,100.5836619895165",,,,กรุงเทพมหานคร,2025-11-15T18:57:42.026Z,,0,0,2025-11-16T23:29:45.023599
น้ำท่วม,GISTDA,น้ำท่วม | พท. (ตร.ม.): ,,,"14.148931759839456,100.58077801967981",,,,กรุงเทพมหานคร,2025-11-15T18:57:42.026Z,,0,0,2025-11-16T23:29:45.023599
น้ำท่วม,GISTDA,น้ำท่วม | พท. (ตร.ม.): ,,,"14.146460412921325,100.58595897184786",,,,กรุงเทพมหานคร,2025-11-15T18:57:42.026Z,,0,0,2025-11-16T23:29:45.023599
น้ำท่วม,GISTDA,น้ำท่วม | พท. (ตร.ม.): ,,,"14.148077380466662,100.58616791122007",,,,กรุงเทพมหานคร,2025-11-15T18:57:42.026Z,,0,0,2025-11-16T23:29:45.023599
น้ำท่วม,GISTDA,น้ำท่วม | พท. (ตร.ม.): ,,,"14.151490885224346,100.59497140080965",,,,กรุงเทพมหานคร,2025-11-15T18:57:42.026Z,,0,0,2025-11-16T23:29:45.023599
น้ำท่วม,GISTDA,น้ำท่วม | พท. (ตร.ม.): ,,,"14.138555439145842,100.59380359156266",,,,กรุงเทพมหานคร,2025-11-15T18:57:42.026Z,,0,0,2025-11-16T23:29:45.023599
น้ำท่วม,GISTDA,น้ำท่วม | พท. (ตร.ม.): ,,,"14.139184059396776,100.59290527585783",,,,กรุงเทพมหานคร,2025-11-15T18:57:42.026Z,,0,0,2025-11-16T23:29:45.023599
น้ำท่วม,GISTDA,น้ำท่วม | พท. (ตร.ม.): ,,,"14.142507825975363,100.59398325452379",,,,กรุงเทพมหานคร,2025-11-15T18:57:42.026Z,,0,0,2025-11-16T23:29:45.023599
น้ำท่วม,GISTDA,น้ำท่วม | พท. (ตร.ม.): ,,,"14.136169195269103,100.59290527585344",,,,กรุงเทพมหานคร,2025-11-15T18:57:42.026Z,,0,0,2025-11-16T23:29:45.023599
น้ำท่วม,GISTDA,น้ำท่วม | พท. (ตร.ม.): ,,,"14.138465406653149,100.58733572136661",,,,กรุงเทพมหานคร,2025-11-15T18:57:42.026Z,,0,0,2025-11-16T23:29:45.023599
น้ำท่วม,GISTDA,น้ำท่วม | พท. (ตร.ม.): ,,,"14.138195912211541,100.58455094367106",,,,กรุงเทพมหานคร,2025-11-15T18:57:42.026Z,,0,0,2025-11-16T23:29:45.023599
น้ำท่วม,GISTDA,น้ำท่วม | พท. (ตร.ม.): ,,,"14.142148499153897,100.58868319447393",,,,กรุงเทพมหานคร,2025-11-15T18:57:42.026Z,,0,0,2025-11-16T23:29:45.023599
น้ำท่วม,GISTDA,น้ำท่วม | พท. (ตร.ม.): ,,,"14.138231772698157,100.58491026959285",,,,กรุงเทพมหานคร,2025-11-15T18:57:42.026Z,,0,0,2025-11-16T23:29:45.023599
น้ำท่วม,GISTDA,น้ำท่วม | พท. (ตร.ม.): ,,,"14.138645069614196,100.58994083520149",,,,กรุงเทพมหานคร,2025-11-15T18:57:42.026Z,,0,0,2025-11-16T23:29:45.023599
น้ำท่วม,GISTDA,น้ำท่วม | พท. (ตร.ม.): ,,,"14.139523540011044,100.56814549013328",,,,กรุงเทพมหานคร,2025-11-15T18:57:42.026Z,,0,0,2025-11-16T23:29:45.023599
น้ำท่วม,GISTDA,น้ำท่วม | พท. (ตร.ม.): ,,,"14.13981287976056,100.56344053495289",,,,กรุงเทพมหานคร,2025-11-15T18:57:42.026Z,,0,0,2025-11-16T23:29:45.023599
น้ำท่วม,GISTDA,น้ำท่วม | พท. (ตร.ม.): ,,,"14.144591513787264,100.56882420497327",,,,กรุงเทพมหานคร,2025-11-15T18:57:42.026Z,,0,0,2025-11-16T23:29:45.023599
น้ำท่วม,GISTDA,น้ำท่วม | พท. (ตร.ม.): ,,,"14.144028370912515,100.56631159270603",,,,กรุงเทพมหานคร,2025-11-15T18:57:42.026Z,,0,0,2025-11-16T23:29:45.023599
น้ำท่วม,GISTDA,น้ำท่วม | พท. (ตร.ม.): ,,,"14.14054909536441,100.56927336237574",,,,กรุงเทพมหานคร,2025-11-15T18:57:42.026Z,,0,0,2025-11-16T23:29:45.023599
น้ำท่วม,GISTDA,น้ำท่วม | พท. (ตร.ม.): ,,,"14.13835573073236,100.56831700982231",,,,กรุงเทพมหานคร,2025-11-15T18:57:42.026Z,,0,0,2025-11-16T23:29:45.023599
น้ำท่วม,GISTDA,น้ำท่วม | พท. (ตร.ม.): ,,,"14.143423704540346,100.57169881414903",,,,กรุงเทพมหานคร,2025-11-15T18:57:42.161Z,,0,0,2025-11-16T23:29:45.023599
น้ำท่วม,GISTDA,น้ำท่วม | พท. (ตร.ม.): ,,,"14.143545073446393,100.55723076029149",,,,กรุงเทพมหานคร,2025-11-15T18:57:42.161Z,,0,0,2025-11-16T23:29:45.023599
น้ำท่วม,GISTDA,น้ำท่วม | พท. (ตร.ม.): ,,,"14.139967873418636,100.5537963663094",,,,กรุงเทพมหานคร,2025-11-15T18:57:42.161Z,,0,0,2025-11-16T23:29:45.023599
น้ำท่วม,GISTDA,น้ำท่วม | พท. (ตร.ม.): ,,,"14.143641490841198,100.55947486304089",,,,กรุงเทพมหานคร,2025-11-15T18:57:42.161Z,,0,0,2025-11-16T23:29:45.023599
น้ำท่วม,GISTDA,น้ำท่วม | พท. (ตร.ม.): ,,,"14.143106947127883,100.55509733817162",,,,กรุงเทพมหานคร,2025-11-15T18:57:42.161Z,,0,0,2025-11-16T23:29:45.023599
น้ำท่วม,GISTDA,น้ำท่วม | พท. (ตร.ม.): ,,,"14.140818400961505,100.55934216794633",,,,กรุงเทพมหานคร,2025-11-15T18:57:42.161Z,,0,0,2025-11-16T23:29:45.023599
น้ำท่วม,GISTDA,น้ำท่วม | พท. (ตร.ม.): ,,,"14.13776941142911,100.5558020676115",,,,กรุงเทพมหานคร,2025-11-15T18:57:42.161Z,,0,0,2025-11-16T23:29:45.023599
น้ำท่วม,GISTDA,น้ำท่วม | พท. (ตร.ม.): ,,,"14.143641490662283,100.55997775117227",,,,กรุงเทพมหานคร,2025-11-15T18:57:42.161Z,,0,0,2025-11-16T23:29:45.023599
น้ำท่วม,GISTDA,น้ำท่วม | พท. (ตร.ม.): ,,,"14.147776791486194,100.56415918679662",,,,กรุงเทพมหานคร,2025-11-15T18:57:42.161Z,,0,0,2025-11-16T23:29:45.023599
น้ำท่วม,GISTDA,น้ำท่วม | พท. (ตร.ม.): ,,,"14.146896311950512,100.56451851274205",,,,กรุงเทพมหานคร,2025-11-15T18:57:42.161Z,,0,0,2025-11-16T23:29:45.023599
น้ำท่วม,GISTDA,น้ำท่วม | พท. (ตร.ม.): ,,,"14.146974304751183,100.56308974990975",,,,กรุงเทพมหานคร,2025-11-15T18:57:42.161Z,,0,0,2025-11-16T23:29:45.023599
น้ำท่วม,GISTDA,น้ำท่วม | พท. (ตร.ม.): ,,,"14.131893238482142,100.57222139490165",,,,กรุงเทพมหานคร,2025-11-15T18:57:42.161Z,,0,0,2025-11-16T23:29:45.023599
น้ำท่วม,GISTDA,น้ำท่วม | พท. (ตร.ม.): ,,,"14.130667627109291,100.56774622630729",,,,กรุงเทพมหานคร,2025-11-15T18:57:42.161Z,,0,0,2025-11-16T23:29:45.023599
น้ำท่วม,GISTDA,น้ำท่วม | พท. (ตร.ม.): ,,,"14.138086235391375,100.57271875416734",,,,กรุงเทพมหานคร,2025-11-15T18:57:42.161Z,,0,0,2025-11-16T23:29:45.023599
น้ำท่วม,GISTDA,น้ำท่วม | พท. (ตร.ม.): ,,,"14.13170773158273,100.57250729746276",,,,กรุงเทพมหานคร,2025-11-15T18:57:42.161Z,,0,0,2025-11-16T23:29:45.023599
น้ำท่วม,GISTDA,น้ำท่วม | พท. (ตร.ม.): ,,,"14.130128638229847,100.5722698757242",,,,กรุงเทพมหานคร,2025-11-15T18:57:42.161Z,,0,0,2025-11-16T23:29:45.023599
น้ำท่วม,GISTDA,น้ำท่วม | พท. (ตร.ม.): ,,,"14.135009171735847,100.56328588213789",,,,กรุงเทพมหานคร,2025-11-15T18:57:42.161Z,,0,0,2025-11-16T23:29:45.023599
น้ำท่วม,GISTDA,น้ำท่วม | พท. (ตร.ม.): ,,,"14.13773412202994,100.56124349570088",,,,กรุงเทพมหานคร,2025-11-15T18:57:42.161Z,,0,0,2025-11-16T23:29:45.023599
น้ำท่วม,GISTDA,น้ำท่วม | พท. (ตร.ม.): ,,,"14.138000241225297,100.5605765233864",,,,กรุงเทพมหานคร,2025-11-15T18:57:42.161Z,,0,0,2025-11-16T23:29:45.023599
น้ำท่วม,GISTDA,น้ำท่วม | พท. (ตร.ม.): ,,,"14.13338576377676,100.56433262824521",,,,กรุงเทพมหานคร,2025-11-15T18:57:42.161Z,,0,0,2025-11-16T23:29:45.023599
น้ำท่วม,GISTDA,น้ำท่วม | พท. (ตร.ม.): ,,,"14.134915546221835,100.56378331086424",,,,กรุงเทพมหานคร,2025-11-15T18:57:42.161Z,,0,0,2025-11-16T23:29:45.023599
น้ำท่วม,GISTDA,น้ำท่วม | พท. (ตร.ม.): ,,,"14.140262037166224,100.57509752912212",,,,กรุงเทพมหานคร,2025-11-15T18:57:42.161Z,,0,0,2025-11-16T23:29:45.023599
น้ำท่วม,GISTDA,น้ำท่วม | พท. (ตร.ม.): ,,,"14.141410001969966,100.57295645487658",,,,กรุงเทพมหานคร,2025-11-15T18:57:42.161Z,,0,0,2025-11-16T23:29:45.023599
น้ำท่วม,GISTDA,น้ำท่วม | พท. (ตร.ม.): ,,,"14.142166062913425,100.57286662339601",,,,กรุงเทพมหานคร,2025-11-15T18:57:42.161Z,,0,0,2025-11-16T23:29:45.023599
น้ำท่วม,GISTDA,น้ำท่วม | พท. (ตร.ม.): ,,,"14.13806027556135,100.57747815822498",,,,กรุงเทพมหานคร,2025-11-15T18:57:42.161Z,,0,0,2025-11-16T23:29:45.023599
น้ำท่วม,GISTDA,น้ำท่วม | พท. (ตร.ม.): ,,,"14.138387131944379,100.5758050907508",,,,กรุงเทพมหานคร,2025-11-15T18:57:42.161Z,,0,0,2025-11-16T23:29:45.023599
น้ำท่วม,GISTDA,น้ำท่วม | พท. (ตร.ม.): ,,,"14.134128824485567,100.45206216064032",,,,กรุงเทพมหานคร,2025-11-15T18:57:42.161Z,,0,0,2025-11-16T23:29:45.023599
น้ำท่วม,GISTDA,น้ำท่วม | พท. (ตร.ม.): ,,,"14.139923581031693,100.45730387576917",,,,กรุงเทพมหานคร,2025-11-15T18:57:42.161Z,,0,0,2025-11-16T23:29:45.023599
น้ำท่วม,GISTDA,น้ำท่วม | พท. (ตร.ม.): ,,,"14.137272928103119,100.45075913292784",,,,กรุงเทพมหานคร,2025-11-15T18:57:42.161Z,,0,0,2025-11-16T23:29:45.023599
น้ำท่วม,GISTDA,น้ำท่วม | พท. (ตร.ม.): ,,,"14.13367966618363,100.45296047634508",,,,กรุงเทพมหานคร,2025-11-15T18:57:42.161Z,,0,0,2025-11-16T23:29:45.023599
น้ำท่วม,GISTDA,น้ำท่วม | พท. (ตร.ม.): ,,,"14.136823769801078,100.44532479600258",,,,กรุงเทพมหานคร,2025-11-15T18:57:42.161Z,,0,0,2025-11-16T23:29:45.023599
น้ำท่วม,GISTDA,น้ำท่วม | พท. (ตร.ม.): ,,,"14.139069558613242,100.44599853210664",,,,กรุงเทพมหานคร,2025-11-15T18:57:42.161Z,,0,0,2025-11-16T23:29:45.023599
น้ำท่วม,GISTDA,น้ำท่วม | พท. (ตร.ม.): ,,,"14.138620400311146,100.44442648029774",,,,กรุงเทพมหานคร,2025-11-15T18:57:42.161Z,,0,0,2025-11-16T23:29:45.023599
น้ำท่วม,GISTDA,น้ำท่วม | พท. (ตร.ม.): ,,,"14.13457798188829,100.44712142651272",,,,กรุงเทพมหานคร,2025-11-15T18:57:42.161Z,,0,0,2025-11-16T23:29:45.023599
น้ำท่วม,GISTDA,น้ำท่วม | พท. (ตร.ม.): ,,,"14.134353403186973,100.44599853210664",,,,กรุงเทพมหานคร,2025-11-15T18:57:42.161Z,,0,0,2025-11-16T23:29:45.023599
น้ำท่วม,GISTDA,น้ำท่วม | พท. (ตร.ม.): ,,,"14.137445017873278,100.44862974426744",,,,กรุงเทพมหานคร,2025-11-15T18:57:42.161Z,,0,0,2025-11-16T23:29:45.023599
น้ำท่วม,GISTDA,น้ำท่วม | พท. (ตร.ม.): ,,,"14.143422025506029,100.46172866304738",,,,กรุงเทพมหานคร,2025-11-15T18:57:42.161Z,,0,0,2025-11-16T23:29:45.023599
น้ำท่วม,GISTDA,น้ำท่วม | พท. (ตร.ม.): ,,,"14.14101862690802,100.45559968437809",,,,กรุงเทพมหานคร,2025-11-15T18:57:42.161Z,,0,0,2025-11-16T23:29:45.023599
น้ำท่วม,GISTDA,น้ำท่วม | พท. (ตร.ม.): ,,,"14.144958643126806,100.46173848184561",,,,กรุงเทพมหานคร,2025-11-15T18:57:42.161Z,,0,0,2025-11-16T23:29:45.023599
น้ำท่วม,GISTDA,น้ำท่วม | พท. (ตร.ม.): ,,,"14.1444594501435,100.4567783160666",,,,กรุงเทพมหานคร,2025-11-15T18:57:42.161Z,,0,0,2025-11-16T23:29:45.023599
น้ำท่วม,GISTDA,น้ำท่วม | พท. (ตร.ม.): ,,,"14.139972698281357,100.46411243663975",,,,กรุงเทพมหานคร,2025-11-15T18:57:42.161Z,,0,0,2025-11-16T23:29:45.023599
น้ำท่วม,GISTDA,น้ำท่วม | พท. (ตร.ม.): ,,,"14.140866189176142,100.45749211154933",,,,กรุงเทพมหานคร,2025-11-15T18:57:42.161Z,,0,0,2025-11-16T23:29:45.023599
น้ำท่วม,GISTDA,น้ำท่วม | พท. (ตร.ม.): ,,,"14.143852174543424,100.46173141152826",,,,กรุงเทพมหานคร,2025-11-15T18:57:42.161Z,,0,0,2025-11-16T23:29:45.023599
น้ำท่วม,GISTDA,น้ำท่วม | พท. (ตร.ม.): ,,,"14.142312655104865,100.45088371601088",,,,กรุงเทพมหานคร,2025-11-15T18:57:42.161Z,,0,0,2025-11-16T23:29:45.023599
น้ำท่วม,GISTDA,น้ำท่วม | พท. (ตร.ม.): ,,,"14.14401029274077,100.44599853210664",,,,กรุงเทพมหานคร,2025-11-15T18:57:42.161Z,,0,0,2025-11-16T23:29:45.023599
น้ำท่วม,GISTDA,น้ำท่วม | พท. (ตร.ม.): ,,,"14.146837176694346,100.45007871486081",,,,กรุงเทพมหานคร,2025-11-15T18:57:42.161Z,,0,0,2025-11-16T23:29:45.023599
น้ำท่วม,GISTDA,น้ำท่วม | พท. (ตร.ม.): ,,,"14.145042232413047,100.44793678425529",,,,กรุงเทพมหานคร,2025-11-15T18:57:42.161Z,,0,0,2025-11-16T23:29:45.023599
น้ำท่วม,GISTDA,น้ำท่วม | พท. (ตร.ม.): ,,,"14.142305815422512,100.45487486318426",,,,กรุงเทพมหานคร,2025-11-15T18:57:42.161Z,,0,0,2025-11-16T23:29:45.023599
น้ำท่วม,GISTDA,น้ำท่วม | พท. (ตร.ม.): ,,,"14.139330469966978,100.4507527035636",,,,กรุงเทพมหานคร,2025-11-15T18:57:42.161Z,,0,0,2025-11-16T23:29:45.023599
น้ำท่วม,GISTDA,น้ำท่วม | พท. (ตร.ม.): ,,,"14.143785713140065,100.45543084295902",,,,กรุงเทพมหานคร,2025-11-15T18:57:42.161Z,,0,0,2025-11-16T23:29:45.023599
น้ำท่วม,GISTDA,น้ำท่วม | พท. (ตร.ม.): ,,,"14.115488782381423,100.46508773251297",,,,กรุงเทพมหานคร,2025-11-15T18:57:42.757Z,,0,0,2025-11-16T23:29:45.023599
น้ำท่วม,GISTDA,น้ำท่วม | พท. (ตร.ม.): ,,,"14.11908361811442,100.46546340451243",,,,กรุงเทพมหานคร,2025-11-15T18:57:42.757Z,,0,0,2025-11-16T23:29:45.023599
น้ำท่วม,GISTDA,น้ำท่วม | พท. (ตร.ม.): ,,,"14.124877800355895,100.4785753130985",,,,กรุงเทพมหานคร,2025-11-15T18:57:42.757Z,,0,0,2025-11-16T23:29:45.023599
น้ำท่วม,GISTDA,น้ำท่วม | พท. (ตร.ม.): ,,,"14.128025104175135,100.47929396494446",,,,กรุงเทพมหานคร,2025-11-15T18:57:42.757Z,,0,0,2025-11-16T23:29:45.023599
น้ำท่วม,GISTDA,น้ำท่วม | พท. (ตร.ม.): ,,,"14.129765439902762,100.47362172763904",,,,กรุงเทพมหานคร,2025-11-15T18:57:42.757Z,,0,0,2025-11-16T23:29:45.023599
น้ำท่วม,GISTDA,น้ำท่วม | พท. (ตร.ม.): ,,,"14.121953969000453,100.4789926767707",,,,กรุงเทพมหานคร,2025-11-15T18:57:42.757Z,,0,0,2025-11-16T23:29:45.023599
น้ำท่วม,GISTDA,น้ำท่วม | พท. (ตร.ม.): ,,,"14.123927540223782,100.47775622766794",,,,กรุงเทพมหานคร,2025-11-15T18:57:42.757Z,,0,0,2025-11-16T23:29:45.023599
น้ำท่วม,GISTDA,น้ำท่วม | พท. (ตร.ม.): ,,,"14.126741502718096,100.48180924819833",,,,กรุงเทพมหานคร,2025-11-15T18:57:42.757Z,,0,0,2025-11-16T23:29:45.023599
น้ำท่วม,GISTDA,น้ำท่วม | พท. (ตร.ม.): ,,,"14.128284707872966,100.46857417116117",,,,กรุงเทพมหานคร,2025-11-15T18:57:42.757Z,,0,0,2025-11-16T23:29:45.023599
น้ำท่วม,GISTDA,น้ำท่วม | พท. (ตร.ม.): ,,,"14.12443184315502,100.46519041530537",,,,กรุงเทพมหานคร,2025-11-15T18:57:42.757Z,,0,0,2025-11-16T23:29:45.023599
น้ำท่วม,GISTDA,น้ำท่วม | พท. (ตร.ม.): ,,,"14.128807730093865,100.47004868250072",,,,กรุงเทพมหานคร,2025-11-15T18:57:42.757Z,,0,0,2025-11-16T23:29:45.023599
น้ำท่วม,GISTDA,น้ำท่วม | พท. (ตร.ม.): ,,,"14.128384430996677,100.46393277367864",,,,กรุงเทพมหานคร,2025-11-15T18:57:42.757Z,,0,0,2025-11-16T23:29:45.023599
น้ำท่วม,GISTDA,น้ำท่วม | พท. (ตร.ม.): ,,,"14.125080802776933,100.46860401335746",,,,กรุงเทพมหานคร,2025-11-15T18:57:42.757Z,,0,0,2025-11-16T23:29:45.023599
น้ำท่วม,GISTDA,น้ำท่วม | พท. (ตร.ม.): ,,,"14.124791169980654,100.46846574896443",,,,กรุงเทพมหานคร,2025-11-15T18:57:42.757Z,,0,0,2025-11-16T23:29:45.023599
น้ำท่วม,GISTDA,น้ำท่วม | พท. (ตร.ม.): ,,,"14.128710241025352,100.4728955400856",,,,กรุงเทพมหานคร,2025-11-15T18:57:42.757Z,,0,0,2025-11-16T23:29:45.023599
น้ำท่วม,GISTDA,น้ำท่วม | พท. (ตร.ม.): ,,,"14.111142059907824,100.47405194266915",,,,กรุงเทพมหานคร,2025-11-15T18:57:42.757Z,,0,0,2025-11-16T23:29:45.023599
น้ำท่วม,GISTDA,น้ำท่วม | พท. (ตร.ม.): ,,,"14.111253653063441,100.47278928383108",,,,กรุงเทพมหานคร,2025-11-15T18:57:42.757Z,,0,0,2025-11-16T23:29:45.023599
น้ำท่วม,GISTDA,น้ำท่วม | พท. (ตร.ม.): ,,,"14.112304586987051,100.47776682887601",,,,กรุงเทพมหานคร,2025-11-15T18:57:42.757Z,,0,0,2025-11-16T23:29:45.023599
น้ำท่วม,GISTDA,น้ำท่วม | พท. (ตร.ม.): ,,,"14.111994506793806,100.47176860721946",,,,กรุงเทพมหานคร,2025-11-15T18:57:42.757Z,,0,0,2025-11-16T23:29:45.023599
น้ำท่วม,GISTDA,น้ำท่วม | พท. (ตร.ม.): ,,,"14.111749507468865,100.48090019539875",,,,กรุงเทพมหานคร,2025-11-15T18:57:42.757Z,,0,0,2025-11-16T23:29:45.023599
น้ำท่วม,GISTDA,น้ำท่วม | พท. (ตร.ม.): ,,,"14.112730596990152,100.46755302506907",,,,กรุงเทพมหานคร,2025-11-15T18:57:42.757Z,,0,0,2025-11-16T23:29:45.023599
น้ำท่วม,GISTDA,น้ำท่วม | พท. (ตร.ม.): ,,,"14.113384576536914,100.46616792351097",,,,กรุงเทพมหานคร,2025-11-15T18:57:42.757Z,,0,0,2025-11-16T23:29:45.023599
น้ำท่วม,GISTDA,น้ำท่วม | พท. (ตร.ม.): ,,,"14.113856809644027,100.46283664309671",,,,กรุงเทพมหานคร,2025-11-15T18:57:42.757Z,,0,0,2025-11-16T23:29:45.023599
น้ำท่วม,GISTDA,น้ำท่วม | พท. (ตร.ม.): ,,,"14.112268825445936,100.47125481455801",,,,กรุงเทพมหานคร,2025-11-15T18:57:42.757Z,,0,0,2025-11-16T23:29:45.023599
น้ำท่วม,GISTDA,น้ำท่วม | พท. (ตร.ม.): ,,,"14.116097049639054,100.48081923581907",,,,กรุงเทพมหานคร,2025-11-15T18:57:42.757Z,,0,0,2025-11-16T23:29:45.023599
น้ำท่วม,GISTDA,น้ำท่วม | พท. (ตร.ม.): ,,,"14.11558362758761,100.47633662069357",,,,กรุงเทพมหานคร,2025-11-15T18:57:42.757Z,,0,0,2025-11-16T23:29:45.023599
น้ำท่วม,GISTDA,น้ำท่วม | พท. (ตร.ม.): ,,,"14.119249818224525,100.4825994042392",,,,กรุงเทพมหานคร,2025-11-15T18:57:42.757Z,,0,0,2025-11-16T23:29:45.023599
น้ำท่วม,GISTDA,น้ำท่วม | พท. (ตร.ม.): ,,,"14.12069632737353,100.4777924379706",,,,กรุงเทพมหานคร,2025-11-15T18:57:42.757Z,,0,0,2025-11-16T23:29:45.023599
น้ำท่วม,GISTDA,น้ำท่วม | พท. (ตร.ม.): ,,,"14.11436588797533,100.48350319591573",,,,กรุงเทพมหานคร,2025-11-15T18:57:42.757Z,,0,0,2025-11-16T23:29:45.023599
น้ำท่วม,GISTDA,น้ำท่วม | พท. (ตร.ม.): ,,,"14.11401138601661,100.48037194361045",,,,กรุงเทพมหานคร,2025-11-15T18:57:42.757Z,,0,0,2025-11-16T23:29:45.023599
น้ำท่วม,GISTDA,น้ำท่วม | พท. (ตร.ม.): ,,,"14.116673425694332,100.48507050255161",,,,กรุงเทพมหานคร,2025-11-15T18:57:42.757Z,,0,0,2025-11-16T23:29:45.023599
น้ำท่วม,GISTDA,น้ำท่วม | พท. (ตร.ม.): ,,,"14.115908496568846,100.45080670292245",,,,กรุงเทพมหานคร,2025-11-15T18:57:42.757Z,,0,0,2025-11-16T23:29:45.023599
น้ำท่วม,GISTDA,น้ำท่วม | พท. (ตร.ม.): ,,,"14.11506816601647,100.44712142647764",,,,กรุงเทพมหานคร,2025-11-15T18:57:42.757Z,,0,0,2025-11-16T23:29:45.023599
น้ำท่วม,GISTDA,น้ำท่วม | พท. (ตร.ม.): ,,,"14.11840830641419,100.45381655609377",,,,กรุงเทพมหานคร,2025-11-15T18:57:42.757Z,,0,0,2025-11-16T23:29:45.023599
น้ำท่วม,GISTDA,น้ำท่วม | พท. (ตร.ม.): ,,,"14.118408306398177,100.44846889962005",,,,กรุงเทพมหานคร,2025-11-15T18:57:42.757Z,,0,0,2025-11-16T23:29:45.023599
น้ำท่วม,GISTDA,น้ำท่วม | พท. (ตร.ม.): ,,,"14.122428304731168,100.45557469456182",,,,กรุงเทพมหานคร,2025-11-15T18:57:42.757Z,,0,0,2025-11-16T23:29:45.023599
น้ำท่วม,GISTDA,น้ำท่วม | พท. (ตร.ม.): ,,,"14.121946191299246,100.452511318041",,,,กรุงเทพมหานคร,2025-11-15T18:57:42.757Z,,0,0,2025-11-16T23:29:45.023599
น้ำท่วม,GISTDA,น้ำท่วม | พท. (ตร.ม.): ,,,"14.118408306398182,100.45385879115045",,,,กรุงเทพมหานคร,2025-11-15T18:57:42.757Z,,0,0,2025-11-16T23:29:45.023599
น้ำท่วม,GISTDA,น้ำท่วม | พท. (ตร.ม.): ,,,"14.11843277272316,100.4536342124478",,,,กรุงเทพมหานคร,2025-11-15T18:57:42.757Z,,0,0,2025-11-16T23:29:45.023599
น้ำท่วม,GISTDA,น้ำท่วม | พท. (ตร.ม.): ,,,"14.120654095210329,100.45835036787524",,,,กรุงเทพมหานคร,2025-11-15T18:57:42.757Z,,0,0,2025-11-16T23:29:45.023599
น้ำท่วม,GISTDA,น้ำท่วม | พท. (ตร.ม.): ,,,"14.11750999160646,100.44776056632612",,,,กรุงเทพมหานคร,2025-11-15T18:57:42.757Z,,0,0,2025-11-16T23:29:45.023599
น้ำท่วม,GISTDA,น้ำท่วม | พท. (ตร.ม.): ,,,"14.117046370784555,100.45745205212835",,,,กรุงเทพมหานคร,2025-11-15T18:57:42.757Z,,0,0,2025-11-16T23:29:45.023599
น้ำท่วม,GISTDA,น้ำท่วม | พท. (ตร.ม.): ,,,"14.113230834735216,100.46172121756032",,,,กรุงเทพมหานคร,2025-11-15T18:57:42.757Z,,0,0,2025-11-16T23:29:45.023599
น้ำท่วม,GISTDA,น้ำท่วม | พท. (ตร.ม.): ,,,"14.139945938054538,100.47883427352362",,,,กรุงเทพมหานคร,2025-11-15T18:57:42.757Z,,0,0,2025-11-16T23:29:45.023599
น้ำท่วม,GISTDA,น้ำท่วม | พท. (ตร.ม.): ,,,"14.141410001969966,100.47336508453101",,,,กรุงเทพมหานคร,2025-11-15T18:57:42.757Z,,0,0,2025-11-16T23:29:45.023599
น้ำท่วม,GISTDA,น้ำท่วม | พท. (ตร.ม.): ,,,"14.14328767039098,100.47890560333569",,,,กรุงเทพมหานคร,2025-11-15T18:57:42.757Z,,0,0,2025-11-16T23:29:45.023599
น้ำท่วม,GISTDA,น้ำท่วม | พท. (ตร.ม.): ,,,"14.144783906184387,100.47442544978344",,,,กรุงเทพมหานคร,2025-11-15T18:57:42.757Z,,0,0,2025-11-16T23:29:45.023599
น้ำท่วม,GISTDA,น้ำท่วม | พท. (ตร.ม.): ,,,"14.14067960426977,100.48185254515495",,,,กรุงเทพมหานคร,2025-11-15T18:57:42.757Z,,0,0,2025-11-16T23:29:45.023599
น้ำท่วม,GISTDA,น้ำท่วม | พท. (ตร.ม.): ,,,"14.138885256049733,100.47929925835427",,,,กรุงเทพมหานคร,2025-11-15T18:57:42.757Z,,0,0,2025-11-16T23:29:45.023599
น้ำท่วม,GISTDA,น้ำท่วม | พท. (ตร.ม.): ,,,"14.140809459485498,100.48179864609068",,,,กรุงเทพมหานคร,2025-11-15T18:57:42.757Z,,0,0,2025-11-16T23:29:45.023599
น้ำท่วม,GISTDA,น้ำท่วม | พท. (ตร.ม.): ,,,"14.1900279440152,100.49742708259363",,,,กรุงเทพมหานคร,2025-11-15T18:57:43.655Z,,0,0,2025-11-16T23:29:45.023599
น้ำท่วม,GISTDA,น้ำท่วม | พท. (ตร.ม.): ,,,"14.195615625660581,100.4995869088088",,,,กรุงเทพมหานคร,2025-11-15T18:57:43.655Z,,0,0,2025-11-16T23:29:45.023599
น้ำท่วม,GISTDA,น้ำท่วม | พท. (ตร.ม.): ,,,"14.19528557454346,100.4892942362422",,,,กรุงเทพมหานคร,2025-11-15T18:57:43.655Z,,0,0,2025-11-16T23:29:45.023599
น้ำท่วม,GISTDA,น้ำท่วม | พท. (ตร.ม.): ,,,"14.197484100071408,100.48831660108347",,,,กรุงเทพมหานคร,2025-11-15T18:57:43.655Z,,0,0,2025-11-16T23:29:45.023599
น้ำท่วม,GISTDA,น้ำท่วม | พท. (ตร.ม.): ,,,"14.198939589190609,100.48573646298601",,,,กรุงเทพมหานคร,2025-11-15T18:57:43.655Z,,0,0,2025-11-16T23:29:45.023599
น้ำท่วม,GISTDA,น้ำท่วม | พท. (ตร.ม.): ,,,"14.193892969319162,100.4923484487993",,,,กรุงเทพมหานคร,2025-11-15T18:57:43.655Z,,0,0,2025-11-16T23:29:45.023599
น้ำท่วม,GISTDA,น้ำท่วม | พท. (ตร.ม.): ,,,"14.194940262316374,100.49103652316204",,,,กรุงเทพมหานคร,2025-11-15T18:57:43.655Z,,0,0,2025-11-16T23:29:45.023599
น้ำท่วม,GISTDA,น้ำท่วม | พท. (ตร.ม.): ,,,"14.180403188641339,100.49622123977349",,,,กรุงเทพมหานคร,2025-11-15T18:57:43.655Z,,0,0,2025-11-16T23:29:45.023599
น้ำท่วม,GISTDA,น้ำท่วม | พท. (ตร.ม.): ,,,"14.177706691486533,100.49128050571073",,,,กรุงเทพมหานคร,2025-11-15T18:57:43.655Z,,0,0,2025-11-16T23:29:45.024641
น้ำท่วม,GISTDA,น้ำท่วม | พท. (ตร.ม.): ,,,"14.18112471013748,100.49791218600846",,,,กรุงเทพมหานคร,2025-11-15T18:57:43.655Z,,0,0,2025-11-16T23:29:45.024641
น้ำท่วม,GISTDA,น้ำท่วม | พท. (ตร.ม.): ,,,"14.181248187322064,100.4933699600631",,,,กรุงเทพมหานคร,2025-11-15T18:57:43.655Z,,0,0,2025-11-16T23:29:45.024641
น้ำท่วม,GISTDA,น้ำท่วม | พท. (ตร.ม.): ,,,"14.175462656533817,100.49710537671643",,,,กรุงเทพมหานคร,2025-11-15T18:57:43.655Z,,0,0,2025-11-16T23:29:45.024641
น้ำท่วม,GISTDA,น้ำท่วม | พท. (ตร.ม.): ,,,"14.174101796920437,100.4956320660415",,,,กรุงเทพมหานคร,2025-11-15T18:57:43.655Z,,0,0,2025-11-16T23:29:45.024641
น้ำท่วม,GISTDA,น้ำท่วม | พท. (ตร.ม.): ,,,"14.178433264888612,100.49966034988991",,,,กรุงเทพมหานคร,2025-11-15T18:57:43.655Z,,0,0,2025-11-16T23:29:45.024641
น้ำท่วม,GISTDA,น้ำท่วม | พท. (ตร.ม.): ,,,"14.1807937074636,100.48580346475825",,,,กรุงเทพมหานคร,2025-11-15T18:57:43.655Z,,0,0,2025-11-16T23:29:45.024641
น้ำท่วม,GISTDA,น้ำท่วม | พท. (ตร.ม.): ,,,"14.179548360160226,100.48380838719999",,,,กรุงเทพมหานคร,2025-11-15T18:57:43.655Z,,0,0,2025-11-16T23:29:45.024641
น้ำท่วม,GISTDA,น้ำท่วม | พท. (ตร.ม.): ,,,"14.184169787870324,100.48608021343323",,,,กรุงเทพมหานคร,2025-11-15T18:57:43.655Z,,0,0,2025-11-16T23:29:45.024641
น้ำท่วม,GISTDA,น้ำท่วม | พท. (ตร.ม.): ,,,"14.183412341417542,100.48598392899947",,,,กรุงเทพมหานคร,2025-11-15T18:57:43.655Z,,0,0,2025-11-16T23:29:45.024641
น้ำท่วม,GISTDA,น้ำท่วม | พท. (ตร.ม.): ,,,"14.178222530827693,100.48732356512075",,,,กรุงเทพมหานคร,2025-11-15T18:57:43.655Z,,0,0,2025-11-16T23:29:45.024641
น้ำท่วม,GISTDA,น้ำท่วม | พท. (ตร.ม.): ,,,"14.17496934157365,100.48626033283367",,,,กรุงเทพมหานคร,2025-11-15T18:57:43.655Z,,0,0,2025-11-16T23:29:45.024641
น้ำท่วม,GISTDA,น้ำท่วม | พท. (ตร.ม.): ,,,"14.181301503925463,100.48948387514261",,,,กรุงเทพมหานคร,2025-11-15T18:57:43.655Z,,0,0,2025-11-16T23:29:45.024641
น้ำท่วม,GISTDA,น้ำท่วม | พท. (ตร.ม.): ,,,"14.187245436158886,100.49954101475525",,,,กรุงเทพมหานคร,2025-11-15T18:57:43.655Z,,0,0,2025-11-16T23:29:45.024641
น้ำท่วม,GISTDA,น้ำท่วม | พท. (ตร.ม.): ,,,"14.186424988015883,100.49611371650387",,,,กรุงเทพมหานคร,2025-11-15T18:57:43.655Z,,0,0,2025-11-16T23:29:45.024641
น้ำท่วม,GISTDA,น้ำท่วม | พท. (ตร.ม.): ,,,"14.190132630016837,100.5016105183109",,,,กรุงเทพมหานคร,2025-11-15T18:57:43.655Z,,0,0,2025-11-16T23:29:45.024641
น้ำท่วม,GISTDA,น้ำท่วม | พท. (ตร.ม.): ,,,"14.189964133047921,100.49735869361777",,,,กรุงเทพมหานคร,2025-11-15T18:57:43.655Z,,0,0,2025-11-16T23:29:45.024641
น้ำท่วม,GISTDA,น้ำท่วม | พท. (ตร.ม.): ,,,"14.183614777691524,100.50584193133601",,,,กรุงเทพมหานคร,2025-11-15T18:57:43.655Z,,0,0,2025-11-16T23:29:45.024641
น้ำท่วม,GISTDA,น้ำท่วม | พท. (ตร.ม.): ,,,"14.183418499432603,100.49867984233376",,,,กรุงเทพมหานคร,2025-11-15T18:57:43.655Z,,0,0,2025-11-16T23:29:45.024641
น้ำท่วม,GISTDA,น้ำท่วม | พท. (ตร.ม.): ,,,"14.18090238693561,100.46706406555438",,,,กรุงเทพมหานคร,2025-11-15T18:57:43.655Z,,0,0,2025-11-16T23:29:45.024641
น้ำท่วม,GISTDA,น้ำท่วม | พท. (ตร.ม.): ,,,"14.18289597880076,100.46430521754239",,,,กรุงเทพมหานคร,2025-11-15T18:57:43.655Z,,0,0,2025-11-16T23:29:45.024641
น้ำท่วม,GISTDA,น้ำท่วม | พท. (ตร.ม.): ,,,"14.184599246258175,100.46857021054691",,,,กรุงเทพมหานคร,2025-11-15T18:57:43.655Z,,0,0,2025-11-16T23:29:45.024641
น้ำท่วม,GISTDA,น้ำท่วม | พท. (ตร.ม.): ,,,"14.182859745181037,100.46461963179071",,,,กรุงเทพมหานคร,2025-11-15T18:57:43.655Z,,0,0,2025-11-16T23:29:45.024641
น้ำท่วม,GISTDA,น้ำท่วม | พท. (ตร.ม.): ,,,"14.177932821609978,100.46994551771293",,,,กรุงเทพมหานคร,2025-11-15T18:57:43.655Z,,0,0,2025-11-16T23:29:45.024641
น้ำท่วม,GISTDA,น้ำท่วม | พท. (ตร.ม.): ,,,"14.179960401004285,100.46625540582063",,,,กรุงเทพมหานคร,2025-11-15T18:57:43.655Z,,0,0,2025-11-16T23:29:45.024641
น้ำท่วม,GISTDA,น้ำท่วม | พท. (ตร.ม.): ,,,"14.182146502606182,100.47100190948844",,,,กรุงเทพมหานคร,2025-11-15T18:57:43.655Z,,0,0,2025-11-16T23:29:45.024641
น้ำท่วม,GISTDA,น้ำท่วม | พท. (ตร.ม.): ,,,"14.184346350847468,100.45821586134726",,,,กรุงเทพมหานคร,2025-11-15T18:57:43.655Z,,0,0,2025-11-16T23:29:45.024641
น้ำท่วม,GISTDA,น้ำท่วม | พท. (ตร.ม.): ,,,"14.182472400014065,100.45720161661121",,,,กรุงเทพมหานคร,2025-11-15T18:57:43.655Z,,0,0,2025-11-16T23:29:45.024641
น้ำท่วม,GISTDA,น้ำท่วม | พท. (ตร.ม.): ,,,"14.186205374775394,100.45961489194568",,,,กรุงเทพมหานคร,2025-11-15T18:57:43.655Z,,0,0,2025-11-16T23:29:45.024641
น้ำท่วม,GISTDA,น้ำท่วม | พท. (ตร.ม.): ,,,"14.186581988193122,100.45551564465838",,,,กรุงเทพมหานคร,2025-11-15T18:57:43.655Z,,0,0,2025-11-16T23:29:45.024641
น้ำท่วม,GISTDA,น้ำท่วม | พท. (ตร.ม.): ,,,"14.1808432669125,100.45955806342099",,,,กรุงเทพมหานคร,2025-11-15T18:57:43.655Z,,0,0,2025-11-16T23:29:45.024641
น้ำท่วม,GISTDA,น้ำท่วม | พท. (ตร.ม.): ,,,"14.180240688308057,100.45636471217473",,,,กรุงเทพมหานคร,2025-11-15T18:57:43.655Z,,0,0,2025-11-16T23:29:45.024641
น้ำท่วม,GISTDA,น้ำท่วม | พท. (ตร.ม.): ,,,"14.18288066545792,100.46428880979178",,,,กรุงเทพมหานคร,2025-11-15T18:57:43.655Z,,0,0,2025-11-16T23:29:45.024641
น้ำท่วม,GISTDA,น้ำท่วม | พท. (ตร.ม.): ,,,"14.189107421852427,100.47267346658525",,,,กรุงเทพมหานคร,2025-11-15T18:57:43.655Z,,0,0,2025-11-16T23:29:45.024641
น้ำท่วม,GISTDA,น้ำท่วม | พท. (ตร.ม.): ,,,"14.187023255518785,100.47127263912118",,,,กรุงเทพมหานคร,2025-11-15T18:57:43.655Z,,0,0,2025-11-16T23:29:45.024641
น้ำท่วม,GISTDA,น้ำท่วม | พท. (ตร.ม.): ,,,"14.191169169721302,100.47324505381633",,,,กรุงเทพมหานคร,2025-11-15T18:57:43.655Z,,0,0,2025-11-16T23:29:45.024641
น้ำท่วม,GISTDA,น้ำท่วม | พท. (ตร.ม.): ,,,"14.19189287718232,100.47291034909038",,,,กรุงเทพมหานคร,2025-11-15T18:57:43.655Z,,0,0,2025-11-16T23:29:45.024641
น้ำท่วม,GISTDA,น้ำท่วม | พท. (ตร.ม.): ,,,"14.185793080346032,100.47622877615164",,,,กรุงเทพมหานคร,2025-11-15T18:57:43.655Z,,0,0,2025-11-16T23:29:45.024641
น้ำท่วม,GISTDA,น้ำท่วม | พท. (ตร.ม.): ,,,"14.187370003522778,100.47368374940568",,,,กรุงเทพมหานคร,2025-11-15T18:57:43.655Z,,0,0,2025-11-16T23:29:45.024641
น้ำท่วม,GISTDA,น้ำท่วม | พท. (ตร.ม.): ,,,"14.19079388161401,100.47531600567187",,,,กรุงเทพมหานคร,2025-11-15T18:57:43.655Z,,0,0,2025-11-16T23:29:45.024641
น้ำท่วม,GISTDA,น้ำท่วม | พท. (ตร.ม.): ,,,"14.188278178013155,100.46451419300013",,,,กรุงเทพมหานคร,2025-11-15T18:57:43.655Z,,0,0,2025-11-16T23:29:45.024641
น้ำท่วม,GISTDA,น้ำท่วม | พท. (ตร.ม.): ,,,"14.19103657101269,100.46028862838438",,,,กรุงเทพมหานคร,2025-11-15T18:57:43.655Z,,0,0,2025-11-16T23:29:45.024641
น้ำท่วม,GISTDA,น้ำท่วม | พท. (ตร.ม.): ,,,"14.191752456642233,100.46615149922187",,,,กรุงเทพมหานคร,2025-11-15T18:57:43.809Z,,0,0,2025-11-16T23:29:45.024641
น้ำท่วม,GISTDA,น้ำท่วม | พท. (ตร.ม.): ,,,"14.191182972050818,100.46163610133486",,,,กรุงเทพมหานคร,2025-11-15T18:57:43.809Z,,0,0,2025-11-16T23:29:45.024641
น้ำท่วม,GISTDA,น้ำท่วม | พท. (ตร.ม.): ,,,"14.186278752913172,100.46749847988049",,,,กรุงเทพมหานคร,2025-11-15T18:57:43.809Z,,0,0,2025-11-16T23:29:45.024641
น้ำท่วม,GISTDA,น้ำท่วม | พท. (ตร.ม.): ,,,"14.184844809018447,100.46384554325253",,,,กรุงเทพมหานคร,2025-11-15T18:57:43.809Z,,0,0,2025-11-16T23:29:45.024641
น้ำท่วม,GISTDA,น้ำท่วม | พท. (ตร.ม.): ,,,"14.188940209713865,100.46822196193189",,,,กรุงเทพมหานคร,2025-11-15T18:57:43.809Z,,0,0,2025-11-16T23:29:45.024641
น้ำท่วม,GISTDA,น้ำท่วม | พท. (ตร.ม.): ,,,"14.174444789022582,100.47053666994375",,,,กรุงเทพมหานคร,2025-11-15T18:57:43.809Z,,0,0,2025-11-16T23:29:45.024641
น้ำท่วม,GISTDA,น้ำท่วม | พท. (ตร.ม.): ,,,"14.174370556340413,100.46938494197707",,,,กรุงเทพมหานคร,2025-11-15T18:57:43.809Z,,0,0,2025-11-16T23:29:45.024641
น้ำท่วม,GISTDA,น้ำท่วม | พท. (ตร.ม.): ,,,"14.178417469971397,100.47393110798303",,,,กรุงเทพมหานคร,2025-11-15T18:57:43.809Z,,0,0,2025-11-16T23:29:45.024641
น้ำท่วม,GISTDA,น้ำท่วม | พท. (ตร.ม.): ,,,"14.174447773166106,100.47051758929881",,,,กรุงเทพมหานคร,2025-11-15T18:57:43.809Z,,0,0,2025-11-16T23:29:45.024641
น้ำท่วม,GISTDA,น้ำท่วม | พท. (ตร.ม.): ,,,"14.169336160669943,100.4747398445927",,,,กรุงเทพมหานคร,2025-11-15T18:57:43.809Z,,0,0,2025-11-16T23:29:45.024641
น้ำท่วม,GISTDA,น้ำท่วม | พท. (ตร.ม.): ,,,"14.169225209975478,100.46976825949764",,,,กรุงเทพมหานคร,2025-11-15T18:57:43.809Z,,0,0,2025-11-16T23:29:45.024641
น้ำท่วม,GISTDA,น้ำท่วม | พท. (ตร.ม.): ,,,"14.173418278005515,100.47522399132387",,,,กรุงเทพมหานคร,2025-11-15T18:57:43.809Z,,0,0,2025-11-16T23:29:45.024641
น้ำท่วม,GISTDA,น้ำท่วม | พท. (ตร.ม.): ,,,"14.17343284435025,100.46246791428938",,,,กรุงเทพมหานคร,2025-11-15T18:57:43.809Z,,0,0,2025-11-16T23:29:45.024641
น้ำท่วม,GISTDA,น้ำท่วม | พท. (ตร.ม.): ,,,"14.171948235082265,100.45917853675422",,,,กรุงเทพมหานคร,2025-11-15T18:57:43.809Z,,0,0,2025-11-16T23:29:45.024641
น้ำท่วม,GISTDA,น้ำท่วม | พท. (ตร.ม.): ,,,"14.17765208867963,100.46365731072416",,,,กรุงเทพมหานคร,2025-11-15T18:57:43.809Z,,0,0,2025-11-16T23:29:45.024641
น้ำท่วม,GISTDA,น้ำท่วม | พท. (ตร.ม.): ,,,"14.17747133184534,100.45849306218315",,,,กรุงเทพมหานคร,2025-11-15T18:57:43.809Z,,0,0,2025-11-16T23:29:45.024641
น้ำท่วม,GISTDA,น้ำท่วม | พท. (ตร.ม.): ,,,"14.171875563314579,100.46543453756487",,,,กรุงเทพมหานคร,2025-11-15T18:57:43.809Z,,0,0,2025-11-16T23:29:45.024641
น้ำท่วม,GISTDA,น้ำท่วม | พท. (ตร.ม.): ,,,"14.172603625733199,100.46092093198645",,,,กรุงเทพมหานคร,2025-11-15T18:57:43.809Z,,0,0,2025-11-16T23:29:45.024641
น้ำท่วม,GISTDA,น้ำท่วม | พท. (ตร.ม.): ,,,"14.176375821217183,100.46677857676481",,,,กรุงเทพมหานคร,2025-11-15T18:57:43.809Z,,0,0,2025-11-16T23:29:45.024641
น้ำท่วม,GISTDA,น้ำท่วม | พท. (ตร.ม.): ,,,"14.179617828685862,100.47607952287744",,,,กรุงเทพมหานคร,2025-11-15T18:57:43.809Z,,0,0,2025-11-16T23:29:45.024641
น้ำท่วม,GISTDA,น้ำท่วม | พท. (ตร.ม.): ,,,"14.178441946370626,100.47399390489477",,,,กรุงเทพมหานคร,2025-11-15T18:57:43.809Z,,0,0,2025-11-16T23:29:45.024641
น้ำท่วม,GISTDA,น้ำท่วม | พท. (ตร.ม.): ,,,"14.183458157388017,100.47690210017188",,,,กรุงเทพมหานคร,2025-11-15T18:57:43.809Z,,0,0,2025-11-16T23:29:45.024641
น้ำท่วม,GISTDA,น้ำท่วม | พท. (ตร.ม.): ,,,"14.18434797657784,100.4765672249974",,,,กรุงเทพมหานคร,2025-11-15T18:57:43.809Z,,0,0,2025-11-16T23:29:45.024641
น้ำท่วม,GISTDA,น้ำท่วม | พท. (ตร.ม.): ,,,"14.17906596351893,100.47803600156614",,,,กรุงเทพมหานคร,2025-11-15T18:57:43.809Z,,0,0,2025-11-16T23:29:45.024641
น้ำท่วม,GISTDA,น้ำท่วม | พท. (ตร.ม.): ,,,"14.176321508430812,100.47704021803166",,,,กรุงเทพมหานคร,2025-11-15T18:57:43.809Z,,0,0,2025-11-16T23:29:45.024641
น้ำท่วม,GISTDA,น้ำท่วม | พท. (ตร.ม.): ,,,"14.183314312475618,100.48151219831259",,,,กรุงเทพมหานคร,2025-11-15T18:57:43.809Z,,0,0,2025-11-16T23:29:45.024641
น้ำท่วม,GISTDA,น้ำท่วม | พท. (ตร.ม.): ,,,"14.152610940855563,100.41657870693196",,,,กรุงเทพมหานคร,2025-11-15T18:57:43.478Z,,0,0,2025-11-16T23:29:45.024641
น้ำท่วม,GISTDA,น้ำท่วม | พท. (ตร.ม.): ,,,"14.158782145927475,100.41809332206566",,,,กรุงเทพมหานคร,2025-11-15T18:57:43.478Z,,0,0,2025-11-16T23:29:45.024641
น้ำท่วม,GISTDA,น้ำท่วม | พท. (ตร.ม.): ,,,"14.157735821971983,100.41759282276993",,,,กรุงเทพมหานคร,2025-11-15T18:57:43.478Z,,0,0,2025-11-16T23:29:45.024641
น้ำท่วม,GISTDA,น้ำท่วม | พท. (ตร.ม.): ,,,"14.152856014493457,100.42042894183042",,,,กรุงเทพมหานคร,2025-11-15T18:57:43.478Z,,0,0,2025-11-16T23:29:45.024641
น้ำท่วม,GISTDA,น้ำท่วม | พท. (ตร.ม.): ,,,"14.152101367284269,100.41620729503082",,,,กรุงเทพมหานคร,2025-11-15T18:57:43.478Z,,0,0,2025-11-16T23:29:45.024641
น้ำท่วม,GISTDA,น้ำท่วม | พท. (ตร.ม.): ,,,"14.154358415274205,100.42109625237786",,,,กรุงเทพมหานคร,2025-11-15T18:57:43.478Z,,0,0,2025-11-16T23:29:45.024641
น้ำท่วม,GISTDA,น้ำท่วม | พท. (ตร.ม.): ,,,"14.154358415274213,100.40883849182022",,,,กรุงเทพมหานคร,2025-11-15T18:57:43.478Z,,0,0,2025-11-16T23:29:45.024641
น้ำท่วม,GISTDA,น้ำท่วม | พท. (ตร.ม.): ,,,"14.153237271632662,100.40579892387862",,,,กรุงเทพมหานคร,2025-11-15T18:57:43.478Z,,0,0,2025-11-16T23:29:45.024641
น้ำท่วม,GISTDA,น้ำท่วม | พท. (ตร.ม.): ,,,"14.160181669703803,100.41167785879354",,,,กรุงเทพมหานคร,2025-11-15T18:57:43.478Z,,0,0,2025-11-16T23:29:45.024641
น้ำท่วม,GISTDA,น้ำท่วม | พท. (ตร.ม.): ,,,"14.159999549236689,100.40702201498469",,,,กรุงเทพมหานคร,2025-11-15T18:57:43.478Z,,0,0,2025-11-16T23:29:45.024641
น้ำท่วม,GISTDA,น้ำท่วม | พท. (ตร.ม.): ,,,"14.15434262035896,100.41079155749628",,,,กรุงเทพมหานคร,2025-11-15T18:57:43.478Z,,0,0,2025-11-16T23:29:45.024641
น้ำท่วม,GISTDA,น้ำท่วม | พท. (ตร.ม.): ,,,"14.152681761287084,100.40751260546668",,,,กรุงเทพมหานคร,2025-11-15T18:57:43.478Z,,0,0,2025-11-16T23:29:45.024641
น้ำท่วม,GISTDA,น้ำท่วม | พท. (ตร.ม.): ,,,"14.154971441055897,100.41239651102077",,,,กรุงเทพมหานคร,2025-11-15T18:57:43.478Z,,0,0,2025-11-16T23:29:45.024641
น้ำท่วม,GISTDA,น้ำท่วม | พท. (ตร.ม.): ,,,"14.139518716015894,100.4177016013479",,,,กรุงเทพมหานคร,2025-11-15T18:57:43.478Z,,0,0,2025-11-16T23:29:45.024641
น้ำท่วม,GISTDA,น้ำท่วม | พท. (ตร.ม.): ,,,"14.137722085610493,100.41591738206886",,,,กรุงเทพมหานคร,2025-11-15T18:57:43.478Z,,0,0,2025-11-16T23:29:45.024641
น้ำท่วม,GISTDA,น้ำท่วม | พท. (ตร.ม.): ,,,"14.141315346525957,100.41949823185804",,,,กรุงเทพมหานคร,2025-11-15T18:57:43.478Z,,0,0,2025-11-16T23:29:45.024641
น้ำท่วม,GISTDA,น้ำท่วม | พท. (ตร.ม.): ,,,"14.143378201041552,100.41433291896749",,,,กรุงเทพมหานคร,2025-11-15T18:57:43.478Z,,0,0,2025-11-16T23:29:45.024641
น้ำท่วม,GISTDA,น้ำท่วม | พท. (ตร.ม.): ,,,"14.135700876294383,100.42112854354743",,,,กรุงเทพมหานคร,2025-11-15T18:57:43.478Z,,0,0,2025-11-16T23:29:45.024641
น้ำท่วม,GISTDA,น้ำท่วม | พท. (ตร.ม.): ,,,"14.13525171799237,100.41635412824057",,,,กรุงเทพมหานคร,2025-11-15T18:57:43.478Z,,0,0,2025-11-16T23:29:45.024641
น้ำท่วม,GISTDA,น้ำท่วม | พท. (ตร.ม.): ,,,"14.139069558613249,100.4201719679621",,,,กรุงเทพมหานคร,2025-11-15T18:57:43.478Z,,0,0,2025-11-16T23:29:45.024641
น้ำท่วม,GISTDA,น้ำท่วม | พท. (ตร.ม.): ,,,"14.141764503928695,100.40849386919676",,,,กรุงเทพมหานคร,2025-11-15T18:57:43.478Z,,0,0,2025-11-16T23:29:45.024641
น้ำท่วม,GISTDA,น้ำท่วม | พท. (ตร.ม.): ,,,"14.139967873418632,100.4031039776666",,,,กรุงเทพมหานคร,2025-11-15T18:57:43.478Z,,0,0,2025-11-16T23:29:45.024641
น้ำท่วม,GISTDA,น้ำท่วม | พท. (ตร.ม.): ,,,"14.14176450392869,100.40871844789825",,,,กรุงเทพมหานคร,2025-11-15T18:57:43.478Z,,0,0,2025-11-16T23:29:45.024641
น้ำท่วม,GISTDA,น้ำท่วม | พท. (ตร.ม.): ,,,"14.141539925227283,100.40714639608944",,,,กรุงเทพมหานคร,2025-11-15T18:57:43.478Z,,0,0,2025-11-16T23:29:45.024641
น้ำท่วม,GISTDA,น้ำท่วม | พท. (ตร.ม.): ,,,"14.140641610421985,100.41343460332436",,,,กรุงเทพมหานคร,2025-11-15T18:57:43.478Z,,0,0,2025-11-16T23:29:45.024641
น้ำท่วม,GISTDA,น้ำท่วม | พท. (ตร.ม.): ,,,"14.146929816757611,100.4210702836666",,,,กรุงเทพมหานคร,2025-11-15T18:57:43.478Z,,0,0,2025-11-16T23:29:45.024641
น้ำท่วม,GISTDA,น้ำท่วม | พท. (ตร.ม.): ,,,"14.146705238056196,100.41837533745196",,,,กรุงเทพมหานคร,2025-11-15T18:57:43.478Z,,0,0,2025-11-16T23:29:45.024641
น้ำท่วม,GISTDA,น้ำท่วม | พท. (ตร.ม.): ,,,"14.148726447267666,100.42309149287824",,,,กรุงเทพมหานคร,2025-11-15T18:57:43.478Z,,0,0,2025-11-16T23:29:45.024641
น้ำท่วม,GISTDA,น้ำท่วม | พท. (ตร.ม.): ,,,"14.14782813246229,100.41904907355604",,,,กรุงเทพมหานคร,2025-11-15T18:57:43.478Z,,0,0,2025-11-16T23:29:45.024641
น้ำท่วม,GISTDA,น้ำท่วม | พท. (ตร.ม.): ,,,"14.143561134438743,100.42713391130108",,,,กรุงเทพมหานคร,2025-11-15T18:57:43.478Z,,0,0,2025-11-16T23:29:45.024641
น้ำท่วม,GISTDA,น้ำท่วม | พท. (ตร.ม.): ,,,"14.141637210228751,100.421744019768",,,,กรุงเทพมหานคร,2025-11-15T18:57:43.478Z,,0,0,2025-11-16T23:29:45.024641
น้ำท่วม,GISTDA,น้ำท่วม | พท. (ตร.ม.): ,,,"14.147154395458944,100.42466354468688",,,,กรุงเทพมหานคร,2025-11-15T18:57:43.478Z,,0,0,2025-11-16T23:29:45.024641
น้ำท่วม,GISTDA,น้ำท่วม | พท. (ตร.ม.): ,,,"14.185833068828272,100.49183281875153",,,,กรุงเทพมหานคร,2025-11-15T18:57:43.478Z,,0,0,2025-11-16T23:29:45.024641
น้ำท่วม,GISTDA,น้ำท่วม | พท. (ตร.ม.): ,,,"14.18511972979161,100.48845689107283",,,,กรุงเทพมหานคร,2025-11-15T18:57:43.478Z,,0,0,2025-11-16T23:29:45.024641
น้ำท่วม,GISTDA,น้ำท่วม | พท. (ตร.ม.): ,,,"14.192707282249598,100.49265450296738",,,,กรุงเทพมหานคร,2025-11-15T18:57:43.478Z,,0,0,2025-11-16T23:29:45.024641
น้ำท่วม,GISTDA,น้ำท่วม | พท. (ตร.ม.): ,,,"14.188468870044291,100.48878714253333",,,,กรุงเทพมหานคร,2025-11-15T18:57:43.478Z,,0,0,2025-11-16T23:29:45.024641
น้ำท่วม,GISTDA,น้ำท่วม | พท. (ตร.ม.): ,,,"14.183243356096218,100.49471494663449",,,,กรุงเทพมหานคร,2025-11-15T18:57:43.478Z,,0,0,2025-11-16T23:29:45.024641
น้ำท่วม,GISTDA,น้ำท่วม | พท. (ตร.ม.): ,,,"14.185211135636996,100.4905195261036",,,,กรุงเทพมหานคร,2025-11-15T18:57:43.478Z,,0,0,2025-11-16T23:29:45.024641
น้ำท่วม,GISTDA,น้ำท่วม | พท. (ตร.ม.): ,,,"14.188952235262036,100.4937261910489",,,,กรุงเทพมหานคร,2025-11-15T18:57:43.478Z,,0,0,2025-11-16T23:29:45.024641
น้ำท่วม,GISTDA,น้ำท่วม | พท. (ตร.ม.): ,,,"14.186915974451207,100.48207277404863",,,,กรุงเทพมหานคร,2025-11-15T18:57:43.478Z,,0,0,2025-11-16T23:29:45.024641
น้ำท่วม,GISTDA,น้ำท่วม | พท. (ตร.ม.): ,,,"14.186817742083635,100.48124270372735",,,,กรุงเทพมหานคร,2025-11-15T18:57:43.478Z,,0,0,2025-11-16T23:29:45.024641
น้ำท่วม,GISTDA,น้ำท่วม | พท. (ตร.ม.): ,,,"14.191767017843656,100.47890679394328",,,,กรุงเทพมหานคร,2025-11-15T18:57:43.478Z,,0,0,2025-11-16T23:29:45.024641
น้ำท่วม,GISTDA,น้ำท่วม | พท. (ตร.ม.): ,,,"14.18421718480575,100.48496636311084",,,,กรุงเทพมหานคร,2025-11-15T18:57:43.478Z,,0,0,2025-11-16T23:29:45.024641
น้ำท่วม,GISTDA,น้ำท่วม | พท. (ตร.ม.): ,,,"14.18336682053382,100.48264465378246",,,,กรุงเทพมหานคร,2025-11-15T18:57:43.478Z,,0,0,2025-11-16T23:29:45.024641
น้ำท่วม,GISTDA,น้ำท่วม | พท. (ตร.ม.): ,,,"14.188614372654621,100.48826811724012",,,,กรุงเทพมหานคร,2025-11-15T18:57:43.478Z,,0,0,2025-11-16T23:29:45.024641
น้ำท่วม,GISTDA,น้ำท่วม | พท. (ตร.ม.): ,,,"14.195663421030018,100.4989991344026",,,,กรุงเทพมหานคร,2025-11-15T18:57:43.478Z,,0,0,2025-11-16T23:29:45.024641
น้ำท่วม,GISTDA,น้ำท่วม | พท. (ตร.ม.): ,,,"14.19279363671689,100.49345979159138",,,,กรุงเทพมหานคร,2025-11-15T18:57:43.478Z,,0,0,2025-11-16T23:29:45.024641
น้ำท่วม,GISTDA,น้ำท่วม | พท. (ตร.ม.): ,,,"14.196854994356748,100.49891618562584",,,,กรุงเทพมหานคร,2025-11-15T18:57:43.478Z,,0,0,2025-11-16T23:29:45.024641
น้ำท่วม,GISTDA,น้ำท่วม | พท. (ตร.ม.): ,,,"14.19576793602767,100.49439942854936",,,,กรุงเทพมหานคร,2025-11-15T18:57:43.478Z,,0,0,2025-11-16T23:29:45.024641
น้ำท่วม,GISTDA,น้ำท่วม | พท. (ตร.ม.): ,,,"14.193779200314118,100.50144757219621",,,,กรุงเทพมหานคร,2025-11-15T18:57:43.478Z,,0,0,2025-11-16T23:29:45.024641
น้ำท่วม,GISTDA,น้ำท่วม | พท. (ตร.ม.): ,,,"14.175392783076797,100.39652733356957",,,,กรุงเทพมหานคร,2025-11-15T18:57:43.206Z,,0,0,2025-11-16T23:29:45.024641
น้ำท่วม,GISTDA,น้ำท่วม | พท. (ตร.ม.): ,,,"14.15834372341994,100.39979306239987",,,,กรุงเทพมหานคร,2025-11-15T18:57:43.206Z,,0,0,2025-11-16T23:29:45.024641
น้ำท่วม,GISTDA,น้ำท่วม | พท. (ตร.ม.): ,,,"14.153986416439974,100.3968954800424",,,,กรุงเทพมหานคร,2025-11-15T18:57:43.206Z,,0,0,2025-11-16T23:29:45.024641
น้ำท่วม,GISTDA,น้ำท่วม | พท. (ตร.ม.): ,,,"14.158567824645313,100.39952356795824",,,,กรุงเทพมหานคร,2025-11-15T18:57:43.206Z,,0,0,2025-11-16T23:29:45.024641
น้ำท่วม,GISTDA,น้ำท่วม | พท. (ตร.ม.): ,,,"14.154140118671549,100.40123036698782",,,,กรุงเทพมหานคร,2025-11-15T18:57:43.206Z,,0,0,2025-11-16T23:29:45.024641
น้ำท่วม,GISTDA,น้ำท่วม | พท. (ตร.ม.): ,,,"14.154435573842632,100.39916424203625",,,,กรุงเทพมหานคร,2025-11-15T18:57:43.206Z,,0,0,2025-11-16T23:29:45.024641
น้ำท่วม,GISTDA,น้ำท่วม | พท. (ตร.ม.): ,,,"14.155598924455587,100.40372279039103",,,,กรุงเทพมหานคร,2025-11-15T18:57:43.206Z,,0,0,2025-11-16T23:29:45.024641
น้ำท่วม,GISTDA,น้ำท่วม | พท. (ตร.ม.): ,,,"14.156718769958593,100.39295864853511",,,,กรุงเทพมหานคร,2025-11-15T18:57:43.206Z,,0,0,2025-11-16T23:29:45.024641
น้ำท่วม,GISTDA,น้ำท่วม | พท. (ตร.ม.): ,,,"14.155912970252789,100.38954866514683",,,,กรุงเทพมหานคร,2025-11-15T18:57:43.206Z,,0,0,2025-11-16T23:29:45.024641
น้ำท่วม,GISTDA,น้ำท่วม | พท. (ตร.ม.): ,,,"14.158493150228649,100.38976436712618",,,,กรุงเทพมหานคร,2025-11-15T18:57:43.206Z,,0,0,2025-11-16T23:29:45.024641
น้ำท่วม,GISTDA,น้ำท่วม | พท. (ตร.ม.): ,,,"14.156675356398681,100.39359468664466",,,,กรุงเทพมหานคร,2025-11-15T18:57:43.206Z,,0,0,2025-11-16T23:29:45.024641
น้ำท่วม,GISTDA,น้ำท่วม | พท. (ตร.ม.): ,,,"14.155894409199897,100.3900594633734",,,,กรุงเทพมหานคร,2025-11-15T18:57:43.206Z,,0,0,2025-11-16T23:29:45.024641
น้ำท่วม,GISTDA,น้ำท่วม | พท. (ตร.ม.): ,,,"14.156808602335097,100.39329339847171",,,,กรุงเทพมหานคร,2025-11-15T18:57:43.206Z,,0,0,2025-11-16T23:29:45.024641
น้ำท่วม,GISTDA,น้ำท่วม | พท. (ตร.ม.): ,,,"14.163725386217548,100.40710648777423",,,,กรุงเทพมหานคร,2025-11-15T18:57:43.206Z,,0,0,2025-11-16T23:29:45.024641
น้ำท่วม,GISTDA,น้ำท่วม | พท. (ตร.ม.): ,,,"14.166420575249317,100.40667829626635",,,,กรุงเทพมหานคร,2025-11-15T18:57:43.206Z,,0,0,2025-11-16T23:29:45.024641
น้ำท่วม,GISTDA,น้ำท่วม | พท. (ตร.ม.): ,,,"14.160463675999978,100.40720167800006",,,,กรุงเทพมหานคร,2025-11-15T18:57:43.206Z,,0,0,2025-11-16T23:29:45.024641
น้ำท่วม,GISTDA,น้ำท่วม | พท. (ตร.ม.): ,,,"14.160655330978715,100.406533066548",,,,กรุงเทพมหานคร,2025-11-15T18:57:43.206Z,,0,0,2025-11-16T23:29:45.024641
น้ำท่วม,GISTDA,น้ำท่วม | พท. (ตร.ม.): ,,,"14.165584073030589,100.40754690240814",,,,กรุงเทพมหานคร,2025-11-15T18:57:43.206Z,,0,0,2025-11-16T23:29:45.024641
น้ำท่วม,GISTDA,น้ำท่วม | พท. (ตร.ม.): ,,,"14.159773042092134,100.37344063048086",,,,กรุงเทพมหานคร,2025-11-15T18:57:43.206Z,,0,0,2025-11-16T23:29:45.024641
น้ำท่วม,GISTDA,น้ำท่วม | พท. (ตร.ม.): ,,,"14.156706446838294,100.36824862384383",,,,กรุงเทพมหานคร,2025-11-15T18:57:43.206Z,,0,0,2025-11-16T23:29:45.024641
น้ำท่วม,GISTDA,น้ำท่วม | พท. (ตร.ม.): ,,,"14.162557819789944,100.37162822211175",,,,กรุงเทพมหานคร,2025-11-15T18:57:43.206Z,,0,0,2025-11-16T23:29:45.024641
น้ำท่วม,GISTDA,น้ำท่วม | พท. (ตร.ม.): ,,,"14.162557819789944,100.37162822211175",,,,กรุงเทพมหานคร,2025-11-15T18:57:43.206Z,,0,0,2025-11-16T23:29:45.024641
น้ำท่วม,GISTDA,น้ำท่วม | พท. (ตร.ม.): ,,,"14.158239114343598,100.37537395974063",,,,กรุงเทพมหานคร,2025-11-15T18:57:43.206Z,,0,0,2025-11-16T23:29:45.024641
น้ำท่วม,GISTDA,น้ำท่วม | พท. (ตร.ม.): ,,,"14.156539106996199,100.37318419454013",,,,กรุงเทพมหานคร,2025-11-15T18:57:43.206Z,,0,0,2025-11-16T23:29:45.024641
น้ำท่วม,GISTDA,น้ำท่วม | พท. (ตร.ม.): ,,,"14.159952705053282,100.3745676779559",,,,กรุงเทพมหานคร,2025-11-15T18:57:43.206Z,,0,0,2025-11-16T23:29:45.024641
น้ำท่วม,GISTDA,น้ำท่วม | พท. (ตร.ม.): ,,,"14.160671357796906,100.36454730941097",,,,กรุงเทพมหานคร,2025-11-15T18:57:43.206Z,,0,0,2025-11-16T23:29:45.024641
น้ำท่วม,GISTDA,น้ำท่วม | พท. (ตร.ม.): ,,,"14.159811166152398,100.3614500730624",,,,กรุงเทพมหานคร,2025-11-15T18:57:43.206Z,,0,0,2025-11-16T23:29:45.024641
น้ำท่วม,GISTDA,น้ำท่วม | พท. (ตร.ม.): ,,,"14.16130203142119,100.36454730938779",,,,กรุงเทพมหานคร,2025-11-15T18:57:43.206Z,,0,0,2025-11-16T23:29:45.024641
น้ำท่วม,GISTDA,น้ำท่วม | พท. (ตร.ม.): ,,,"14.163730982823992,100.3622306324377",,,,กรุงเทพมหานคร,2025-11-15T18:57:43.206Z,,0,0,2025-11-16T23:29:45.024641
น้ำท่วม,GISTDA,น้ำท่วม | พท. (ตร.ม.): ,,,"14.159196509394304,100.36571511955002",,,,กรุงเทพมหานคร,2025-11-15T18:57:43.206Z,,0,0,2025-11-16T23:29:45.024641
น้ำท่วม,GISTDA,น้ำท่วม | พท. (ตร.ม.): ,,,"14.160581526319788,100.3648806841029",,,,กรุงเทพมหานคร,2025-11-15T18:57:43.206Z,,0,0,2025-11-16T23:29:45.024641
น้ำท่วม,GISTDA,น้ำท่วม | พท. (ตร.ม.): ,,,"14.166420575308402,100.37970258186935",,,,กรุงเทพมหานคร,2025-11-15T18:57:43.206Z,,0,0,2025-11-16T23:29:45.024641
น้ำท่วม,GISTDA,น้ำท่วม | พท. (ตร.ม.): ,,,"14.164100497040307,100.3735735610711",,,,กรุงเทพมหานคร,2025-11-15T18:57:43.206Z,,0,0,2025-11-16T23:29:45.024641
น้ำท่วม,GISTDA,น้ำท่วม | พท. (ตร.ม.): ,,,"14.169121521740772,100.38073742109503",,,,กรุงเทพมหานคร,2025-11-15T18:57:43.206Z,,0,0,2025-11-16T23:29:45.024641
น้ำท่วม,GISTDA,น้ำท่วม | พท. (ตร.ม.): ,,,"14.169969113883463,100.3748132486326",,,,กรุงเทพมหานคร,2025-11-15T18:57:43.206Z,,0,0,2025-11-16T23:29:45.024641
น้ำท่วม,GISTDA,น้ำท่วม | พท. (ตร.ม.): ,,,"14.162519684036159,100.38125336305228",,,,กรุงเทพมหานคร,2025-11-15T18:57:43.206Z,,0,0,2025-11-16T23:29:45.024641
น้ำท่วม,GISTDA,น้ำท่วม | พท. (ตร.ม.): ,,,"14.162718578999145,100.37810472865047",,,,กรุงเทพมหานคร,2025-11-15T18:57:43.206Z,,0,0,2025-11-16T23:29:45.024641
น้ำท่วม,GISTDA,น้ำท่วม | พท. (ตร.ม.): ,,,"14.168789324918905,100.3821250821764",,,,กรุงเทพมหานคร,2025-11-15T18:57:43.206Z,,0,0,2025-11-16T23:29:45.024641
น้ำท่วม,GISTDA,น้ำท่วม | พท. (ตร.ม.): ,,,"14.167665314585635,100.36667844947644",,,,กรุงเทพมหานคร,2025-11-15T18:57:43.206Z,,0,0,2025-11-16T23:29:45.024641
น้ำท่วม,GISTDA,น้ำท่วม | พท. (ตร.ม.): ,,,"14.165691089272274,100.36413345399569",,,,กรุงเทพมหานคร,2025-11-15T18:57:43.206Z,,0,0,2025-11-16T23:29:45.024641
น้ำท่วม,GISTDA,น้ำท่วม | พท. (ตร.ม.): ,,,"14.171097826003844,100.3678878951103",,,,กรุงเทพมหานคร,2025-11-15T18:57:43.206Z,,0,0,2025-11-16T23:29:45.024641
น้ำท่วม,GISTDA,น้ำท่วม | พท. (ตร.ม.): ,,,"14.169556069494035,100.36800425153771",,,,กรุงเทพมหานคร,2025-11-15T18:57:43.206Z,,0,0,2025-11-16T23:29:45.024641
น้ำท่วม,GISTDA,น้ำท่วม | พท. (ตร.ม.): ,,,"14.163099492247742,100.3709892062869",,,,กรุงเทพมหานคร,2025-11-15T18:57:43.206Z,,0,0,2025-11-16T23:29:45.024641
น้ำท่วม,GISTDA,น้ำท่วม | พท. (ตร.ม.): ,,,"14.166568663179673,100.37293989588558",,,,กรุงเทพมหานคร,2025-11-15T18:57:43.206Z,,0,0,2025-11-16T23:29:45.024641
น้ำท่วม,GISTDA,น้ำท่วม | พท. (ตร.ม.): ,,,"14.155463811974242,100.37890579579538",,,,กรุงเทพมหานคร,2025-11-15T18:57:43.206Z,,0,0,2025-11-16T23:29:45.024641
น้ำท่วม,GISTDA,น้ำท่วม | พท. (ตร.ม.): ,,,"14.154805423679008,100.37499991510506",,,,กรุงเทพมหานคร,2025-11-15T18:57:43.206Z,,0,0,2025-11-16T23:29:45.024641
น้ำท่วม,GISTDA,น้ำท่วม | พท. (ตร.ม.): ,,,"14.150972236079822,100.3651501564547",,,,กรุงเทพมหานคร,2025-11-15T18:57:43.206Z,,0,0,2025-11-16T23:29:45.024641
น้ำท่วม,GISTDA,น้ำท่วม | พท. (ตร.ม.): ,,,"14.15481014278315,100.37000202406809",,,,กรุงเทพมหานคร,2025-11-15T18:57:43.206Z,,0,0,2025-11-16T23:29:45.024641
น้ำท่วม,GISTDA,น้ำท่วม | พท. (ตร.ม.): ,,,"14.1501968654045,100.36559931475414",,,,กรุงเทพมหานคร,2025-11-15T18:57:43.206Z,,0,0,2025-11-16T23:29:45.024641
น้ำท่วม,GISTDA,น้ำท่วม | พท. (ตร.ม.): ,,,"14.159868849609724,100.38225638892177",,,,กรุงเทพมหานคร,2025-11-15T18:57:43.206Z,,0,0,2025-11-16T23:29:45.024641
น้ำท่วม,GISTDA,น้ำท่วม | พท. (ตร.ม.): ,,,"14.135449254079756,100.35691302121911",,,,กรุงเทพมหานคร,2025-11-15T18:57:43.056Z,,0,0,2025-11-16T23:29:45.024641
น้ำท่วม,GISTDA,น้ำท่วม | พท. (ตร.ม.): ,,,"14.134802560589701,100.35324747898812",,,,กรุงเทพมหานคร,2025-11-15T18:57:43.056Z,,0,0,2025-11-16T23:29:45.024641
น้ำท่วม,GISTDA,น้ำท่วม | พท. (ตร.ม.): ,,,"14.141222916904029,100.3589852085007",,,,กรุงเทพมหานคร,2025-11-15T18:57:43.056Z,,0,0,2025-11-16T23:29:45.024641
น้ำท่วม,GISTDA,น้ำท่วม | พท. (ตร.ม.): ,,,"14.13781150329822,100.3547964667835",,,,กรุงเทพมหานคร,2025-11-15T18:57:43.056Z,,0,0,2025-11-16T23:29:45.024641
น้ำท่วม,GISTDA,น้ำท่วม | พท. (ตร.ม.): ,,,"14.133902904569577,100.3608906864201",,,,กรุงเทพมหานคร,2025-11-15T18:57:43.056Z,,0,0,2025-11-16T23:29:45.024641
น้ำท่วม,GISTDA,น้ำท่วม | พท. (ตร.ม.): ,,,"14.133006016414512,100.35736169388719",,,,กรุงเทพมหานคร,2025-11-15T18:57:43.056Z,,0,0,2025-11-16T23:29:45.024641
น้ำท่วม,GISTDA,น้ำท่วม | พท. (ตร.ม.): ,,,"14.139054000341787,100.35887969374288",,,,กรุงเทพมหานคร,2025-11-15T18:57:43.056Z,,0,0,2025-11-16T23:29:45.024641
น้ำท่วม,GISTDA,น้ำท่วม | พท. (ตร.ม.): ,,,"14.143111977036105,100.37188752109216",,,,กรุงเทพมหานคร,2025-11-15T18:57:43.056Z,,0,0,2025-11-16T23:29:45.024641
น้ำท่วม,GISTDA,น้ำท่วม | พท. (ตร.ม.): ,,,"14.143111977036085,100.36762052396818",,,,กรุงเทพมหานคร,2025-11-15T18:57:43.056Z,,0,0,2025-11-16T23:29:45.024641
น้ำท่วม,GISTDA,น้ำท่วม | พท. (ตร.ม.): ,,,"14.147603553760963,100.37076462758563",,,,กรุงเทพมหานคร,2025-11-15T18:57:43.056Z,,0,0,2025-11-16T23:29:45.024641
น้ำท่วม,GISTDA,น้ำท่วม | พท. (ตร.ม.): ,,,"14.14580692325091,100.36739594526658",,,,กรุงเทพมหานคร,2025-11-15T18:57:43.056Z,,0,0,2025-11-16T23:29:45.024641
น้ำท่วม,GISTDA,น้ำท่วม | พท. (ตร.ม.): ,,,"14.142006247233644,100.37211210053596",,,,กรุงเทพมหานคร,2025-11-15T18:57:43.056Z,,0,0,2025-11-16T23:29:45.024641
น้ำท่วม,GISTDA,น้ำท่วม | พท. (ตร.ม.): ,,,"14.140417030821288,100.36829426007216",,,,กรุงเทพมหานคร,2025-11-15T18:57:43.056Z,,0,0,2025-11-16T23:29:45.024641
น้ำท่วม,GISTDA,น้ำท่วม | พท. (ตร.ม.): ,,,"14.145014559220833,100.37278583675487",,,,กรุงเทพมหานคร,2025-11-15T18:57:43.056Z,,0,0,2025-11-16T23:29:45.024641
น้ำท่วม,GISTDA,น้ำท่วม | พท. (ตร.ม.): ,,,"14.14423487144219,100.36357810554507",,,,กรุงเทพมหานคร,2025-11-15T18:57:43.056Z,,0,0,2025-11-16T23:29:45.024641
น้ำท่วม,GISTDA,น้ำท่วม | พท. (ตร.ม.): ,,,"14.143752357285457,100.35927813927475",,,,กรุงเทพมหานคร,2025-11-15T18:57:43.056Z,,0,0,2025-11-16T23:29:45.024641
น้ำท่วม,GISTDA,น้ำท่วม | พท. (ตร.ม.): ,,,"14.14825392105129,100.36097235818436",,,,กรุงเทพมหานคร,2025-11-15T18:57:43.056Z,,0,0,2025-11-16T23:29:45.024641
น้ำท่วม,GISTDA,น้ำท่วม | พท. (ตร.ม.): ,,,"14.145861539709564,100.3609581222573",,,,กรุงเทพมหานคร,2025-11-15T18:57:43.056Z,,0,0,2025-11-16T23:29:45.024641
น้ำท่วม,GISTDA,น้ำท่วม | พท. (ตร.ม.): ,,,"14.140769902309133,100.35916778616452",,,,กรุงเทพมหานคร,2025-11-15T18:57:43.056Z,,0,0,2025-11-16T23:29:45.024641
น้ำท่วม,GISTDA,น้ำท่วม | พท. (ตร.ม.): ,,,"14.145571333409759,100.36694678785953",,,,กรุงเทพมหานคร,2025-11-15T18:57:43.056Z,,0,0,2025-11-16T23:29:45.024641
น้ำท่วม,GISTDA,น้ำท่วม | พท. (ตร.ม.): ,,,"14.130320835134603,100.37233667927033",,,,กรุงเทพมหานคร,2025-11-15T18:57:43.056Z,,0,0,2025-11-16T23:29:45.024641
น้ำท่วม,GISTDA,น้ำท่วม | พท. (ตร.ม.): ,,,"14.124921092334521,100.37368415250178",,,,กรุงเทพมหานคร,2025-11-15T18:57:43.056Z,,0,0,2025-11-16T23:29:45.024641
น้ำท่วม,GISTDA,น้ำท่วม | พท. (ตร.ม.): ,,,"14.126936667513615,100.373010415498",,,,กรุงเทพมหานคร,2025-11-15T18:57:43.056Z,,0,0,2025-11-16T23:29:45.024641
น้ำท่วม,GISTDA,น้ำท่วม | พท. (ตร.ม.): ,,,"14.128297710271063,100.35872322070028",,,,กรุงเทพมหานคร,2025-11-15T18:57:43.056Z,,0,0,2025-11-16T23:29:45.024641
น้ำท่วม,GISTDA,น้ำท่วม | พท. (ตร.ม.): ,,,"14.12838859126046,100.35863737141773",,,,กรุงเทพมหานคร,2025-11-15T18:57:43.056Z,,0,0,2025-11-16T23:29:45.024641
น้ำท่วม,GISTDA,น้ำท่วม | พท. (ตร.ม.): ,,,"14.131257101234192,100.3629091367472",,,,กรุงเทพมหานคร,2025-11-15T18:57:43.056Z,,0,0,2025-11-16T23:29:45.024641
น้ำท่วม,GISTDA,น้ำท่วม | พท. (ตร.ม.): ,,,"14.130908614484742,100.35985027298781",,,,กรุงเทพมหานคร,2025-11-15T18:57:43.056Z,,0,0,2025-11-16T23:29:45.024641
น้ำท่วม,GISTDA,น้ำท่วม | พท. (ตร.ม.): ,,,"14.125662159780848,100.36120854124138",,,,กรุงเทพมหานคร,2025-11-15T18:57:43.056Z,,0,0,2025-11-16T23:29:45.024641
น้ำท่วม,GISTDA,น้ำท่วม | พท. (ตร.ม.): ,,,"14.125572813934133,100.3610227538971",,,,กรุงเทพมหานคร,2025-11-15T18:57:43.056Z,,0,0,2025-11-16T23:29:45.024641
น้ำท่วม,GISTDA,น้ำท่วม | พท. (ตร.ม.): ,,,"14.130854919831881,100.362721482985",,,,กรุงเทพมหานคร,2025-11-15T18:57:43.056Z,,0,0,2025-11-16T23:29:45.024641
น้ำท่วม,GISTDA,น้ำท่วม | พท. (ตร.ม.): ,,,"14.133005930079575,100.3739087312031",,,,กรุงเทพมหานคร,2025-11-15T18:57:43.056Z,,0,0,2025-11-16T23:29:45.024641
น้ำท่วม,GISTDA,น้ำท่วม | พท. (ตร.ม.): ,,,"14.163391967065518,100.39243424194669",,,,กรุงเทพมหานคร,2025-11-15T18:57:43.056Z,,0,0,2025-11-16T23:29:45.024641
น้ำท่วม,GISTDA,น้ำท่วม | พท. (ตร.ม.): ,,,"14.165887687007961,100.39254204007378",,,,กรุงเทพมหานคร,2025-11-15T18:57:43.056Z,,0,0,2025-11-16T23:29:45.024641
น้ำท่วม,GISTDA,น้ำท่วม | พท. (ตร.ม.): ,,,"14.166725296259646,100.38869654231131",,,,กรุงเทพมหานคร,2025-11-15T18:57:43.056Z,,0,0,2025-11-16T23:29:45.024641
น้ำท่วม,GISTDA,น้ำท่วม | พท. (ตร.ม.): ,,,"14.165613525559097,100.38210586208339",,,,กรุงเทพมหานคร,2025-11-15T18:57:43.056Z,,0,0,2025-11-16T23:29:45.024641
น้ำท่วม,GISTDA,น้ำท่วม | พท. (ตร.ม.): ,,,"14.168189130288626,100.38774503650424",,,,กรุงเทพมหานคร,2025-11-15T18:57:43.056Z,,0,0,2025-11-16T23:29:45.024641
น้ำท่วม,GISTDA,น้ำท่วม | พท. (ตร.ม.): ,,,"14.162108662447203,100.39108875972734",,,,กรุงเทพมหานคร,2025-11-15T18:57:43.056Z,,0,0,2025-11-16T23:29:45.024641
น้ำท่วม,GISTDA,น้ำท่วม | พท. (ตร.ม.): ,,,"14.162288325345914,100.38448990888222",,,,กรุงเทพมหานคร,2025-11-15T18:57:43.056Z,,0,0,2025-11-16T23:29:45.024641
น้ำท่วม,GISTDA,น้ำท่วม | พท. (ตร.ม.): ,,,"14.16517148977241,100.39164541690263",,,,กรุงเทพมหานคร,2025-11-15T18:57:43.056Z,,0,0,2025-11-16T23:29:45.024641
น้ำท่วม,GISTDA,น้ำท่วม | พท. (ตร.ม.): ,,,"14.17268656113584,100.40163146641918",,,,กรุงเทพมหานคร,2025-11-15T18:57:43.056Z,,0,0,2025-11-16T23:29:45.024641
น้ำท่วม,GISTDA,น้ำท่วม | พท. (ตร.ม.): ,,,"14.17287958847327,100.39914202857992",,,,กรุงเทพมหานคร,2025-11-15T18:57:43.056Z,,0,0,2025-11-16T23:29:45.025503
น้ำท่วม,GISTDA,น้ำท่วม | พท. (ตร.ม.): ,,,"14.177103735149233,100.40254799789176",,,,กรุงเทพมหานคร,2025-11-15T18:57:43.056Z,,0,0,2025-11-16T23:29:45.025503
น้ำท่วม,GISTDA,น้ำท่วม | พท. (ตร.ม.): ,,,"14.173321549251154,100.39860303941303",,,,กรุงเทพมหานคร,2025-11-15T18:57:43.056Z,,0,0,2025-11-16T23:29:45.025503
น้ำท่วม,GISTDA,น้ำท่วม | พท. (ตร.ม.): ,,,"14.16914911654958,100.40621479699458",,,,กรุงเทพมหานคร,2025-11-15T18:57:43.056Z,,0,0,2025-11-16T23:29:45.025503
น้ำท่วม,GISTDA,น้ำท่วม | พท. (ตร.ม.): ,,,"14.173725834197503,100.40352986736868",,,,กรุงเทพมหานคร,2025-11-15T18:57:43.056Z,,0,0,2025-11-16T23:29:45.025503
น้ำท่วม,GISTDA,น้ำท่วม | พท. (ตร.ม.): ,,,"14.173363266822635,100.39060986118825",,,,กรุงเทพมหานคร,2025-11-15T18:57:43.056Z,,0,0,2025-11-16T23:29:45.025503
น้ำท่วม,GISTDA,น้ำท่วม | พท. (ตร.ม.): ,,,"14.172111065173477,100.38733336104572",,,,กรุงเทพมหานคร,2025-11-15T18:57:43.056Z,,0,0,2025-11-16T23:29:45.025503
น้ำท่วม,GISTDA,น้ำท่วม | พท. (ตร.ม.): ,,,"14.175527307437394,100.39526969194168",,,,กรุงเทพมหานคร,2025-11-15T18:57:43.056Z,,0,0,2025-11-16T23:29:45.025503
น้ำท่วม,GISTDA,น้ำท่วม | พท. (ตร.ม.): ,,,"14.17376668867801,100.3896853975624",,,,กรุงเทพมหานคร,2025-11-15T18:57:43.056Z,,0,0,2025-11-16T23:29:45.025503
น้ำท่วม,GISTDA,น้ำท่วม | พท. (ตร.ม.): ,,,"14.16866617520384,100.39014157687234",,,,กรุงเทพมหานคร,2025-11-15T18:57:43.056Z,,0,0,2025-11-16T23:29:45.025503
น้ำท่วม,GISTDA,น้ำท่วม | พท. (ตร.ม.): ,,,"14.15792299005391,100.37890956792239",,,,กรุงเทพมหานคร,2025-11-15T18:57:43.304Z,,0,0,2025-11-16T23:29:45.025503
น้ำท่วม,GISTDA,น้ำท่วม | พท. (ตร.ม.): ,,,"14.160179967331601,100.38131983194484",,,,กรุงเทพมหานคร,2025-11-15T18:57:43.304Z,,0,0,2025-11-16T23:29:45.025503
น้ำท่วม,GISTDA,น้ำท่วม | พท. (ตร.ม.): ,,,"14.159323884689494,100.38035765807963",,,,กรุงเทพมหานคร,2025-11-15T18:57:43.304Z,,0,0,2025-11-16T23:29:45.025503
น้ำท่วม,GISTDA,น้ำท่วม | พท. (ตร.ม.): ,,,"14.157347591218308,100.38466957184335",,,,กรุงเทพมหานคร,2025-11-15T18:57:43.304Z,,0,0,2025-11-16T23:29:45.025503
น้ำท่วม,GISTDA,น้ำท่วม | พท. (ตร.ม.): ,,,"14.155463811905417,100.37907404403194",,,,กรุงเทพมหานคร,2025-11-15T18:57:43.304Z,,0,0,2025-11-16T23:29:45.025503
น้ำท่วม,GISTDA,น้ำท่วม | พท. (ตร.ม.): ,,,"14.157527254179431,100.38440007740165",,,,กรุงเทพมหานคร,2025-11-15T18:57:43.304Z,,0,0,2025-11-16T23:29:45.025503
น้ำท่วม,GISTDA,น้ำท่วม | พท. (ตร.ม.): ,,,"14.125683683021824,100.4055743441018",,,,กรุงเทพมหานคร,2025-11-15T18:57:43.304Z,,0,0,2025-11-16T23:29:45.025503
น้ำท่วม,GISTDA,น้ำท่วม | พท. (ตร.ม.): ,,,"14.12447193495369,100.40505840766428",,,,กรุงเทพมหานคร,2025-11-15T18:57:43.304Z,,0,0,2025-11-16T23:29:45.025503
น้ำท่วม,GISTDA,น้ำท่วม | พท. (ตร.ม.): ,,,"14.128691709570594,100.40624808127777",,,,กรุงเทพมหานคร,2025-11-15T18:57:43.304Z,,0,0,2025-11-16T23:29:45.025503
น้ำท่วม,GISTDA,น้ำท่วม | พท. (ตร.ม.): ,,,"14.127616038575441,100.40254950922164",,,,กรุงเทพมหานคร,2025-11-15T18:57:43.304Z,,0,0,2025-11-16T23:29:45.025503
น้ำท่วม,GISTDA,น้ำท่วม | พท. (ตร.ม.): ,,,"14.122450726134367,100.40465983309944",,,,กรุงเทพมหานคร,2025-11-15T18:57:43.304Z,,0,0,2025-11-16T23:29:45.025503
น้ำท่วม,GISTDA,น้ำท่วม | พท. (ตร.ม.): ,,,"14.123975363281426,100.39614203432558",,,,กรุงเทพมหานคร,2025-11-15T18:57:43.304Z,,0,0,2025-11-16T23:29:45.025503
น้ำท่วม,GISTDA,น้ำท่วม | พท. (ตร.ม.): ,,,"14.123349040525788,100.39434540381748",,,,กรุงเทพมหานคร,2025-11-15T18:57:43.304Z,,0,0,2025-11-16T23:29:45.025503
น้ำท่วม,GISTDA,น้ำท่วม | พท. (ตร.ม.): ,,,"14.12761603854931,100.39704034913291",,,,กรุงเทพมหานคร,2025-11-15T18:57:43.304Z,,0,0,2025-11-16T23:29:45.025503
น้ำท่วม,GISTDA,น้ำท่วม | พท. (ตร.ม.): ,,,"14.12649314414324,100.39614203432734",,,,กรุงเทพมหานคร,2025-11-15T18:57:43.304Z,,0,0,2025-11-16T23:29:45.025503
น้ำท่วม,GISTDA,น้ำท่วม | พท. (ตร.ม.): ,,,"14.122458063626869,100.40195030005451",,,,กรุงเทพมหานคร,2025-11-15T18:57:43.304Z,,0,0,2025-11-16T23:29:45.025503
น้ำท่วม,GISTDA,น้ำท่วม | พท. (ตร.ม.): ,,,"14.121327831511763,100.39836406206813",,,,กรุงเทพมหานคร,2025-11-15T18:57:43.304Z,,0,0,2025-11-16T23:29:45.025503
น้ำท่วม,GISTDA,น้ำท่วม | พท. (ตร.ม.): ,,,"14.127660980993774,100.40198108324167",,,,กรุงเทพมหานคร,2025-11-15T18:57:43.304Z,,0,0,2025-11-16T23:29:45.025503
น้ำท่วม,GISTDA,น้ำท่วม | พท. (ตร.ม.): ,,,"14.128738932056024,100.41635412824057",,,,กรุงเทพมหานคร,2025-11-15T18:57:43.304Z,,0,0,2025-11-16T23:29:45.025503
น้ำท่วม,GISTDA,น้ำท่วม | พท. (ตร.ม.): ,,,"14.131658457074145,100.4170655001315",,,,กรุงเทพมหานคร,2025-11-15T18:57:43.304Z,,0,0,2025-11-16T23:29:45.025503
น้ำท่วม,GISTDA,น้ำท่วม | พท. (ตร.ม.): ,,,"14.134262159936679,100.40377771374638",,,,กรุงเทพมหานคร,2025-11-15T18:57:43.304Z,,0,0,2025-11-16T23:29:45.025503
น้ำท่วม,GISTDA,น้ำท่วม | พท. (ตร.ม.): ,,,"14.132837616442037,100.40108276839413",,,,กรุงเทพมหานคร,2025-11-15T18:57:43.304Z,,0,0,2025-11-16T23:29:45.025503
น้ำท่วม,GISTDA,น้ำท่วม | พท. (ตร.ม.): ,,,"14.137722085529688,100.40318230342972",,,,กรุงเทพมหานคร,2025-11-15T18:57:43.304Z,,0,0,2025-11-16T23:29:45.025503
น้ำท่วม,GISTDA,น้ำท่วม | พท. (ตร.ม.): ,,,"14.133434397270378,100.40040903140904",,,,กรุงเทพมหานคร,2025-11-15T18:57:43.304Z,,0,0,2025-11-16T23:29:45.025503
น้ำท่วม,GISTDA,น้ำท่วม | พท. (ตร.ม.): ,,,"14.128514353354715,100.40557434428054",,,,กรุงเทพมหานคร,2025-11-15T18:57:43.304Z,,0,0,2025-11-16T23:29:45.025503
น้ำท่วม,GISTDA,น้ำท่วม | พท. (ตร.ม.): ,,,"14.127616038575441,100.40254950922164",,,,กรุงเทพมหานคร,2025-11-15T18:57:43.304Z,,0,0,2025-11-16T23:29:45.025503
น้ำท่วม,GISTDA,น้ำท่วม | พท. (ตร.ม.): ,,,"14.118962406236458,100.41365918196824",,,,กรุงเทพมหานคร,2025-11-15T18:57:43.304Z,,0,0,2025-11-16T23:29:45.025503
น้ำท่วม,GISTDA,น้ำท่วม | พท. (ตร.ม.): ,,,"14.117285413049979,100.41598560730529",,,,กรุงเทพมหานคร,2025-11-15T18:57:43.304Z,,0,0,2025-11-16T23:29:45.025503
น้ำท่วม,GISTDA,น้ำท่วม | พท. (ตร.ม.): ,,,"14.121204387343422,100.4007786845066",,,,กรุงเทพมหานคร,2025-11-15T18:57:43.304Z,,0,0,2025-11-16T23:29:45.025503
น้ำท่วม,GISTDA,น้ำท่วม | พท. (ตร.ม.): ,,,"14.120450713488898,100.40065471712109",,,,กรุงเทพมหานคร,2025-11-15T18:57:43.304Z,,0,0,2025-11-16T23:29:45.025503
น้ำท่วม,GISTDA,น้ำท่วม | พท. (ตร.ม.): ,,,"14.123798198827702,100.41792618004916",,,,กรุงเทพมหานคร,2025-11-15T18:57:43.304Z,,0,0,2025-11-16T23:29:45.025503
น้ำท่วม,GISTDA,น้ำท่วม | พท. (ตร.ม.): ,,,"14.128615461902196,100.4163541282379",,,,กรุงเทพมหานคร,2025-11-15T18:57:43.304Z,,0,0,2025-11-16T23:29:45.025503
น้ำท่วม,GISTDA,น้ำท่วม | พท. (ตร.ม.): ,,,"14.125145671052753,100.41518582229692",,,,กรุงเทพมหานคร,2025-11-15T18:57:43.304Z,,0,0,2025-11-16T23:29:45.025503
น้ำท่วม,GISTDA,น้ำท่วม | พท. (ตร.ม.): ,,,"14.11953120080425,100.41837533745198",,,,กรุงเทพมหานคร,2025-11-15T18:57:43.304Z,,0,0,2025-11-16T23:29:45.025503
น้ำท่วม,GISTDA,น้ำท่วม | พท. (ตร.ม.): ,,,"14.119520249911583,100.41680328564283",,,,กรุงเทพมหานคร,2025-11-15T18:57:43.304Z,,0,0,2025-11-16T23:29:45.025503
น้ำท่วม,GISTDA,น้ำท่วม | พท. (ตร.ม.): ,,,"14.123124461824364,100.4185999161532",,,,กรุงเทพมหานคร,2025-11-15T18:57:43.304Z,,0,0,2025-11-16T23:29:45.025503
น้ำท่วม,GISTDA,น้ำท่วม | พท. (ตร.ม.): ,,,"14.128281317086152,100.39052756406494",,,,กรุงเทพมหานคร,2025-11-15T18:57:43.304Z,,0,0,2025-11-16T23:29:45.025503
น้ำท่วม,GISTDA,น้ำท่วม | พท. (ตร.ม.): ,,,"14.123798198827709,100.39232419460612",,,,กรุงเทพมหานคร,2025-11-15T18:57:43.304Z,,0,0,2025-11-16T23:29:45.025503
น้ำท่วม,GISTDA,น้ำท่วม | พท. (ตร.ม.): ,,,"14.125819408039275,100.39277335200867",,,,กรุงเทพมหานคร,2025-11-15T18:57:43.304Z,,0,0,2025-11-16T23:29:45.025503
น้ำท่วม,GISTDA,น้ำท่วม | พท. (ตร.ม.): ,,,"14.128017880226416,100.37548078281645",,,,กรุงเทพมหานคร,2025-11-15T18:57:43.304Z,,0,0,2025-11-16T23:29:45.025503
น้ำท่วม,GISTDA,น้ำท่วม | พท. (ตร.ม.): ,,,"14.130310983886496,100.37487288753785",,,,กรุงเทพมหานคร,2025-11-15T18:57:43.304Z,,0,0,2025-11-16T23:29:45.025503
น้ำท่วม,GISTDA,น้ำท่วม | พท. (ตร.ม.): ,,,"14.122675304421715,100.39389624641474",,,,กรุงเทพมหานคร,2025-11-15T18:57:43.304Z,,0,0,2025-11-16T23:29:45.025503
น้ำท่วม,GISTDA,น้ำท่วม | พท. (ตร.ม.): ,,,"14.145806923250902,100.41343460332436",,,,กรุงเทพมหานคร,2025-11-15T18:57:43.304Z,,0,0,2025-11-16T23:29:45.025503
น้ำท่วม,GISTDA,น้ำท่วม | พท. (ตร.ม.): ,,,"14.145357764948793,100.4093921849016",,,,กรุงเทพมหานคร,2025-11-15T18:57:43.304Z,,0,0,2025-11-16T23:29:45.025503
น้ำท่วม,GISTDA,น้ำท่วม | พท. (ตร.ม.): ,,,"14.146646374369118,100.4165787069078",,,,กรุงเทพมหานคร,2025-11-15T18:57:43.304Z,,0,0,2025-11-16T23:29:45.025503
น้ำท่วม,GISTDA,น้ำท่วม | พท. (ตร.ม.): ,,,"14.144459450143488,100.41433291902912",,,,กรุงเทพมหานคร,2025-11-15T18:57:43.304Z,,0,0,2025-11-16T23:29:45.025503
น้ำท่วม,GISTDA,น้ำท่วม | พท. (ตร.ม.): ,,,"14.146646374369118,100.4165787069078",,,,กรุงเทพมหานคร,2025-11-15T18:57:43.304Z,,0,0,2025-11-16T23:29:45.025503
น้ำท่วม,GISTDA,น้ำท่วม | พท. (ตร.ม.): ,,,"14.15224784616112,100.40666660058329",,,,กรุงเทพมหานคร,2025-11-15T18:57:43.304Z,,0,0,2025-11-16T23:29:45.025503
น้ำท่วม,GISTDA,น้ำท่วม | พท. (ตร.ม.): ,,,"14.144908607566963,100.40833044270566",,,,กรุงเทพมหานคร,2025-11-15T18:57:43.304Z,,0,0,2025-11-16T23:29:45.025503
น้ำท่วม,GISTDA,น้ำท่วม | พท. (ตร.ม.): ,,,"14.155064394206404,100.41773399597817",,,,กรุงเทพมหานคร,2025-11-15T18:57:43.304Z,,0,0,2025-11-16T23:29:45.025503
น้ำท่วม,GISTDA,น้ำท่วม | พท. (ตร.ม.): ,,,"14.200830768125394,100.50397594213615",,,,กรุงเทพมหานคร,2025-11-15T18:57:43.986Z,,0,0,2025-11-16T23:29:45.025503
น้ำท่วม,GISTDA,น้ำท่วม | พท. (ตร.ม.): ,,,"14.198423097814516,100.50387688004331",,,,กรุงเทพมหานคร,2025-11-15T18:57:43.986Z,,0,0,2025-11-16T23:29:45.025503
น้ำท่วม,GISTDA,น้ำท่วม | พท. (ตร.ม.): ,,,"14.200516025962616,100.49083123009754",,,,กรุงเทพมหานคร,2025-11-15T18:57:43.986Z,,0,0,2025-11-16T23:29:45.025503
น้ำท่วม,GISTDA,น้ำท่วม | พท. (ตร.ม.): ,,,"14.202019500152629,100.4727108913663",,,,กรุงเทพมหานคร,2025-11-15T18:57:43.986Z,,0,0,2025-11-16T23:29:45.025503
น้ำท่วม,GISTDA,น้ำท่วม | พท. (ตร.ม.): ,,,"14.156822412533517,100.47833615909941",,,,กรุงเทพมหานคร,2025-11-15T18:57:44.487Z,,0,0,2025-11-16T23:29:45.025503
น้ำท่วม,GISTDA,น้ำท่วม | พท. (ตร.ม.): ,,,"14.160853704334942,100.48260488021123",,,,กรุงเทพมหานคร,2025-11-15T18:57:44.487Z,,0,0,2025-11-16T23:29:45.025503
น้ำท่วม,GISTDA,น้ำท่วม | พท. (ตร.ม.): ,,,"14.16073645379395,100.4762306569858",,,,กรุงเทพมหานคร,2025-11-15T18:57:44.487Z,,0,0,2025-11-16T23:29:45.025503
น้ำท่วม,GISTDA,น้ำท่วม | พท. (ตร.ม.): ,,,"14.156208773134466,100.4834873024027",,,,กรุงเทพมหานคร,2025-11-15T18:57:44.487Z,,0,0,2025-11-16T23:29:45.025503
น้ำท่วม,GISTDA,น้ำท่วม | พท. (ตร.ม.): ,,,"14.154461982774885,100.47715112610645",,,,กรุงเทพมหานคร,2025-11-15T18:57:44.487Z,,0,0,2025-11-16T23:29:45.025503
น้ำท่วม,GISTDA,น้ำท่วม | พท. (ตร.ม.): ,,,"14.156442483833544,100.48429468834928",,,,กรุงเทพมหานคร,2025-11-15T18:57:44.487Z,,0,0,2025-11-16T23:29:45.025503
น้ำท่วม,GISTDA,น้ำท่วม | พท. (ตร.ม.): ,,,"14.165230616239949,100.49483809750215",,,,กรุงเทพมหานคร,2025-11-15T18:57:44.487Z,,0,0,2025-11-16T23:29:45.025503
น้ำท่วม,GISTDA,น้ำท่วม | พท. (ตร.ม.): ,,,"14.162341527171362,100.49323632832579",,,,กรุงเทพมหานคร,2025-11-15T18:57:44.487Z,,0,0,2025-11-16T23:29:45.025503
น้ำท่วม,GISTDA,น้ำท่วม | พท. (ตร.ม.): ,,,"14.16561190306686,100.49486809768456",,,,กรุงเทพมหานคร,2025-11-15T18:57:44.487Z,,0,0,2025-11-16T23:29:45.025503
น้ำท่วม,GISTDA,น้ำท่วม | พท. (ตร.ม.): ,,,"14.164809646226,100.49078551471871",,,,กรุงเทพมหานคร,2025-11-15T18:57:44.487Z,,0,0,2025-11-16T23:29:45.025503
น้ำท่วม,GISTDA,น้ำท่วม | พท. (ตร.ม.): ,,,"14.159933203759705,100.49585667000909",,,,กรุงเทพมหานคร,2025-11-15T18:57:44.487Z,,0,0,2025-11-16T23:29:45.025503
น้ำท่วม,GISTDA,น้ำท่วม | พท. (ตร.ม.): ,,,"14.160616129598997,100.49356491662112",,,,กรุงเทพมหานคร,2025-11-15T18:57:44.487Z,,0,0,2025-11-16T23:29:45.025503
น้ำท่วม,GISTDA,น้ำท่วม | พท. (ตร.ม.): ,,,"14.164922344248973,100.49982550928006",,,,กรุงเทพมหานคร,2025-11-15T18:57:44.487Z,,0,0,2025-11-16T23:29:45.025503
น้ำท่วม,GISTDA,น้ำท่วม | พท. (ตร.ม.): ,,,"14.190831579513699,100.51289690746643",,,,กรุงเทพมหานคร,2025-11-15T18:57:44.487Z,,0,0,2025-11-16T23:29:45.025503
น้ำท่วม,GISTDA,น้ำท่วม | พท. (ตร.ม.): ,,,"14.197834429235757,100.51598685747048",,,,กรุงเทพมหานคร,2025-11-15T18:57:44.487Z,,0,0,2025-11-16T23:29:45.025503
น้ำท่วม,GISTDA,น้ำท่วม | พท. (ตร.ม.): ,,,"14.195356772896737,100.51200043717049",,,,กรุงเทพมหานคร,2025-11-15T18:57:44.487Z,,0,0,2025-11-16T23:29:45.025503
น้ำท่วม,GISTDA,น้ำท่วม | พท. (ตร.ม.): ,,,"14.190988441285974,100.51667867462535",,,,กรุงเทพมหานคร,2025-11-15T18:57:44.487Z,,0,0,2025-11-16T23:29:45.025503
น้ำท่วม,GISTDA,น้ำท่วม | พท. (ตร.ม.): ,,,"14.191419264095275,100.51510817670108",,,,กรุงเทพมหานคร,2025-11-15T18:57:44.487Z,,0,0,2025-11-16T23:29:45.025503
น้ำท่วม,GISTDA,น้ำท่วม | พท. (ตร.ม.): ,,,"14.1950703990337,100.50316729629701",,,,กรุงเทพมหานคร,2025-11-15T18:57:44.487Z,,0,0,2025-11-16T23:29:45.025503
น้ำท่วม,GISTDA,น้ำท่วม | พท. (ตร.ม.): ,,,"14.197813588526248,100.50942248915675",,,,กรุงเทพมหานคร,2025-11-15T18:57:44.487Z,,0,0,2025-11-16T23:29:45.025503
น้ำท่วม,GISTDA,น้ำท่วม | พท. (ตร.ม.): ,,,"14.19812945576372,100.50491744763855",,,,กรุงเทพมหานคร,2025-11-15T18:57:44.487Z,,0,0,2025-11-16T23:29:45.025503
น้ำท่วม,GISTDA,น้ำท่วม | พท. (ตร.ม.): ,,,"14.191294626945476,100.51113964747674",,,,กรุงเทพมหานคร,2025-11-15T18:57:44.487Z,,0,0,2025-11-16T23:29:45.025503
น้ำท่วม,GISTDA,น้ำท่วม | พท. (ตร.ม.): ,,,"14.195904358399355,100.51117021183596",,,,กรุงเทพมหานคร,2025-11-15T18:57:44.487Z,,0,0,2025-11-16T23:29:45.025503
น้ำท่วม,GISTDA,น้ำท่วม | พท. (ตร.ม.): ,,,"14.199103563470043,100.52034884572808",,,,กรุงเทพมหานคร,2025-11-15T18:57:44.487Z,,0,0,2025-11-16T23:29:45.025503
น้ำท่วม,GISTDA,น้ำท่วม | พท. (ตร.ม.): ,,,"14.200397475387488,100.51618604182228",,,,กรุงเทพมหานคร,2025-11-15T18:57:44.487Z,,0,0,2025-11-16T23:29:45.025503
น้ำท่วม,GISTDA,น้ำท่วม | พท. (ตร.ม.): ,,,"14.1984261700983,100.52201478304568",,,,กรุงเทพมหานคร,2025-11-15T18:57:44.487Z,,0,0,2025-11-16T23:29:45.025503
น้ำท่วม,GISTDA,น้ำท่วม | พท. (ตร.ม.): ,,,"14.197023868587545,100.521370483634",,,,กรุงเทพมหานคร,2025-11-15T18:57:44.487Z,,0,0,2025-11-16T23:29:45.025503
น้ำท่วม,GISTDA,น้ำท่วม | พท. (ตร.ม.): ,,,"14.199893998787571,100.52583940510695",,,,กรุงเทพมหานคร,2025-11-15T18:57:44.487Z,,0,0,2025-11-16T23:29:45.025503
น้ำท่วม,GISTDA,น้ำท่วม | พท. (ตร.ม.): ,,,"14.200374791885052,100.51062883939166",,,,กรุงเทพมหานคร,2025-11-15T18:57:44.487Z,,0,0,2025-11-16T23:29:45.025503
น้ำท่วม,GISTDA,น้ำท่วม | พท. (ตร.ม.): ,,,"14.198698877034536,100.50919458546579",,,,กรุงเทพมหานคร,2025-11-15T18:57:44.487Z,,0,0,2025-11-16T23:29:45.025503
น้ำท่วม,GISTDA,น้ำท่วม | พท. (ตร.ม.): ,,,"14.197200759907103,100.51526820566325",,,,กรุงเทพมหานคร,2025-11-15T18:57:44.487Z,,0,0,2025-11-16T23:29:45.025503
น้ำท่วม,GISTDA,น้ำท่วม | พท. (ตร.ม.): ,,,"14.197903391228495,100.50951573536297",,,,กรุงเทพมหานคร,2025-11-15T18:57:44.487Z,,0,0,2025-11-16T23:29:45.025503
น้ำท่วม,GISTDA,น้ำท่วม | พท. (ตร.ม.): ,,,"14.186373458900498,100.52139315806751",,,,กรุงเทพมหานคร,2025-11-15T18:57:44.487Z,,0,0,2025-11-16T23:29:45.025503
น้ำท่วม,GISTDA,น้ำท่วม | พท. (ตร.ม.): ,,,"14.182862316342819,100.51525282096102",,,,กรุงเทพมหานคร,2025-11-15T18:57:44.487Z,,0,0,2025-11-16T23:29:45.025503
น้ำท่วม,GISTDA,น้ำท่วม | พท. (ตร.ม.): ,,,"14.186363174733298,100.52152800059523",,,,กรุงเทพมหานคร,2025-11-15T18:57:44.487Z,,0,0,2025-11-16T23:29:45.025503
น้ำท่วม,GISTDA,น้ำท่วม | พท. (ตร.ม.): ,,,"14.182822985392418,100.52145980142876",,,,กรุงเทพมหานคร,2025-11-15T18:57:44.487Z,,0,0,2025-11-16T23:29:45.025503
น้ำท่วม,GISTDA,น้ำท่วม | พท. (ตร.ม.): ,,,"14.18221336105767,100.51762645469718",,,,กรุงเทพมหานคร,2025-11-15T18:57:44.487Z,,0,0,2025-11-16T23:29:45.025503
น้ำท่วม,GISTDA,น้ำท่วม | พท. (ตร.ม.): ,,,"14.184168777666924,100.52304375756337",,,,กรุงเทพมหานคร,2025-11-15T18:57:44.487Z,,0,0,2025-11-16T23:29:45.025503
น้ำท่วม,GISTDA,น้ำท่วม | พท. (ตร.ม.): ,,,"14.185712970277324,100.50610910704984",,,,กรุงเทพมหานคร,2025-11-15T18:57:44.487Z,,0,0,2025-11-16T23:29:45.025503
น้ำท่วม,GISTDA,น้ำท่วม | พท. (ตร.ม.): ,,,"14.19065302058037,100.51252512751537",,,,กรุงเทพมหานคร,2025-11-15T18:57:44.487Z,,0,0,2025-11-16T23:29:45.025503
น้ำท่วม,GISTDA,น้ำท่วม | พท. (ตร.ม.): ,,,"14.182815774373019,100.51515986618992",,,,กรุงเทพมหานคร,2025-11-15T18:57:44.487Z,,0,0,2025-11-16T23:29:45.025503
น้ำท่วม,GISTDA,น้ำท่วม | พท. (ตร.ม.): ,,,"14.181640733033388,100.50829631762107",,,,กรุงเทพมหานคร,2025-11-15T18:57:44.487Z,,0,0,2025-11-16T23:29:45.025503
น้ำท่วม,GISTDA,น้ำท่วม | พท. (ตร.ม.): ,,,"14.1944964172536,100.52769804403391",,,,กรุงเทพมหานคร,2025-11-15T18:57:44.487Z,,0,0,2025-11-16T23:29:45.025503
น้ำท่วม,GISTDA,น้ำท่วม | พท. (ตร.ม.): ,,,"14.195770022275962,100.52451390317371",,,,กรุงเทพมหานคร,2025-11-15T18:57:44.487Z,,0,0,2025-11-16T23:29:45.025503
น้ำท่วม,GISTDA,น้ำท่วม | พท. (ตร.ม.): ,,,"14.190463395269457,100.52901242938009",,,,กรุงเทพมหานคร,2025-11-15T18:57:44.487Z,,0,0,2025-11-16T23:29:45.025503
น้ำท่วม,GISTDA,น้ำท่วม | พท. (ตร.ม.): ,,,"14.193340666039896,100.53058192758805",,,,กรุงเทพมหานคร,2025-11-15T18:57:44.663Z,,0,0,2025-11-16T23:29:45.025503
น้ำท่วม,GISTDA,น้ำท่วม | พท. (ตร.ม.): ,,,"14.194282349037902,100.42554913854904",,,,กรุงเทพมหานคร,2025-11-15T18:57:44.663Z,,0,0,2025-11-16T23:29:45.025503
น้ำท่วม,GISTDA,น้ำท่วม | พท. (ตร.ม.): ,,,"14.19123227804644,100.42228164294063",,,,กรุงเทพมหานคร,2025-11-15T18:57:44.663Z,,0,0,2025-11-16T23:29:45.025503
น้ำท่วม,GISTDA,น้ำท่วม | พท. (ตร.ม.): ,,,"14.19696732378299,100.42630710608826",,,,กรุงเทพมหานคร,2025-11-15T18:57:44.663Z,,0,0,2025-11-16T23:29:45.025503
น้ำท่วม,GISTDA,น้ำท่วม | พท. (ตร.ม.): ,,,"14.196572863755497,100.42547891114896",,,,กรุงเทพมหานคร,2025-11-15T18:57:44.663Z,,0,0,2025-11-16T23:29:45.025503
น้ำท่วม,GISTDA,น้ำท่วม | พท. (ตร.ม.): ,,,"14.190659034234658,100.4286966014309",,,,กรุงเทพมหานคร,2025-11-15T18:57:44.663Z,,0,0,2025-11-16T23:29:45.025503
น้ำท่วม,GISTDA,น้ำท่วม | พท. (ตร.ม.): ,,,"14.192039746057803,100.4257203536631",,,,กรุงเทพมหานคร,2025-11-15T18:57:44.663Z,,0,0,2025-11-16T23:29:45.025503
น้ำท่วม,GISTDA,น้ำท่วม | พท. (ตร.ม.): ,,,"14.19525844291135,100.42914260008615",,,,กรุงเทพมหานคร,2025-11-15T18:57:44.663Z,,0,0,2025-11-16T23:29:45.025503
น้ำท่วม,GISTDA,น้ำท่วม | พท. (ตร.ม.): ,,,"14.195321592230082,100.41700892192439",,,,กรุงเทพมหานคร,2025-11-15T18:57:44.663Z,,0,0,2025-11-16T23:29:45.025503
น้ำท่วม,GISTDA,น้ำท่วม | พท. (ตร.ม.): ,,,"14.19169481398471,100.41433562835127",,,,กรุงเทพมหานคร,2025-11-15T18:57:44.663Z,,0,0,2025-11-16T23:29:45.025503
น้ำท่วม,GISTDA,น้ำท่วม | พท. (ตร.ม.): ,,,"14.195857298007684,100.41847768862014",,,,กรุงเทพมหานคร,2025-11-15T18:57:44.663Z,,0,0,2025-11-16T23:29:45.025503
น้ำท่วม,GISTDA,น้ำท่วม | พท. (ตร.ม.): ,,,"14.195354103018666,100.41395871626361",,,,กรุงเทพมหานคร,2025-11-15T18:57:44.663Z,,0,0,2025-11-16T23:29:45.025503
น้ำท่วม,GISTDA,น้ำท่วม | พท. (ตร.ม.): ,,,"14.193455588363785,100.4206962535762",,,,กรุงเทพมหานคร,2025-11-15T18:57:44.663Z,,0,0,2025-11-16T23:29:45.025503
น้ำท่วม,GISTDA,น้ำท่วม | พท. (ตร.ม.): ,,,"14.189365681576671,100.41629669149876",,,,กรุงเทพมหานคร,2025-11-15T18:57:44.663Z,,0,0,2025-11-16T23:29:45.025503
น้ำท่วม,GISTDA,น้ำท่วม | พท. (ตร.ม.): ,,,"14.195908775709405,100.41964832977008",,,,กรุงเทพมหานคร,2025-11-15T18:57:44.663Z,,0,0,2025-11-16T23:29:45.025503
น้ำท่วม,GISTDA,น้ำท่วม | พท. (ตร.ม.): ,,,"14.201519967742577,100.43075538448217",,,,กรุงเทพมหานคร,2025-11-15T18:57:44.663Z,,0,0,2025-11-16T23:29:45.025503
น้ำท่วม,GISTDA,น้ำท่วม | พท. (ตร.ม.): ,,,"14.200802583199135,100.42743896003311",,,,กรุงเทพมหานคร,2025-11-15T18:57:44.663Z,,0,0,2025-11-16T23:29:45.025503
น้ำท่วม,GISTDA,น้ำท่วม | พท. (ตร.ม.): ,,,"14.19746372527071,100.43400054718748",,,,กรุงเทพมหานคร,2025-11-15T18:57:44.663Z,,0,0,2025-11-16T23:29:45.025503
น้ำท่วม,GISTDA,น้ำท่วม | พท. (ตร.ม.): ,,,"14.196993511743148,100.43096697415434",,,,กรุงเทพมหานคร,2025-11-15T18:57:44.663Z,,0,0,2025-11-16T23:29:45.025503
น้ำท่วม,GISTDA,น้ำท่วม | พท. (ตร.ม.): ,,,"14.200835756664848,100.43716868968345",,,,กรุงเทพมหานคร,2025-11-15T18:57:44.663Z,,0,0,2025-11-16T23:29:45.025503
น้ำท่วม,GISTDA,น้ำท่วม | พท. (ตร.ม.): ,,,"14.202502053760286,100.42161625668594",,,,กรุงเทพมหานคร,2025-11-15T18:57:44.663Z,,0,0,2025-11-16T23:29:45.025503
น้ำท่วม,GISTDA,น้ำท่วม | พท. (ตร.ม.): ,,,"14.200656125246242,100.42166107117217",,,,กรุงเทพมหานคร,2025-11-15T18:57:44.663Z,,0,0,2025-11-16T23:29:45.025503
น้ำท่วม,GISTDA,น้ำท่วม | พท. (ตร.ม.): ,,,"14.199029420671163,100.42635140039694",,,,กรุงเทพมหานคร,2025-11-15T18:57:44.663Z,,0,0,2025-11-16T23:29:45.025503
น้ำท่วม,GISTDA,น้ำท่วม | พท. (ตร.ม.): ,,,"14.200207280467357,100.4219538949755",,,,กรุงเทพมหานคร,2025-11-15T18:57:44.663Z,,0,0,2025-11-16T23:29:45.025503
น้ำท่วม,GISTDA,น้ำท่วม | พท. (ตร.ม.): ,,,"14.186232812957265,100.43264519048279",,,,กรุงเทพมหานคร,2025-11-15T18:57:44.663Z,,0,0,2025-11-16T23:29:45.025503
น้ำท่วม,GISTDA,น้ำท่วม | พท. (ตร.ม.): ,,,"14.183851892550818,100.42770744134543",,,,กรุงเทพมหานคร,2025-11-15T18:57:44.663Z,,0,0,2025-11-16T23:29:45.025503
น้ำท่วม,GISTDA,น้ำท่วม | พท. (ตร.ม.): ,,,"14.188661385914203,100.43060527641255",,,,กรุงเทพมหานคร,2025-11-15T18:57:44.663Z,,0,0,2025-11-16T23:29:45.025503
น้ำท่วม,GISTDA,น้ำท่วม | พท. (ตร.ม.): ,,,"14.188015752724807,100.42674252095057",,,,กรุงเทพมหานคร,2025-11-15T18:57:44.663Z,,0,0,2025-11-16T23:29:45.025503
น้ำท่วม,GISTDA,น้ำท่วม | พท. (ตร.ม.): ,,,"14.183488376687187,100.43495362171237",,,,กรุงเทพมหานคร,2025-11-15T18:57:44.663Z,,0,0,2025-11-16T23:29:45.025503
น้ำท่วม,GISTDA,น้ำท่วม | พท. (ตร.ม.): ,,,"14.183152047908358,100.42891159534905",,,,กรุงเทพมหานคร,2025-11-15T18:57:44.663Z,,0,0,2025-11-16T23:29:45.025503
น้ำท่วม,GISTDA,น้ำท่วม | พท. (ตร.ม.): ,,,"14.187053808066134,100.43606174859816",,,,กรุงเทพมหานคร,2025-11-15T18:57:44.663Z,,0,0,2025-11-16T23:29:45.025503
น้ำท่วม,GISTDA,น้ำท่วม | พท. (ตร.ม.): ,,,"14.184244799891601,100.42243933378916",,,,กรุงเทพมหานคร,2025-11-15T18:57:44.663Z,,0,0,2025-11-16T23:29:45.025503
น้ำท่วม,GISTDA,น้ำท่วม | พท. (ตร.ม.): ,,,"14.183921669603746,100.41791681802155",,,,กรุงเทพมหานคร,2025-11-15T18:57:44.663Z,,0,0,2025-11-16T23:29:45.025503
น้ำท่วม,GISTDA,น้ำท่วม | พท. (ตร.ม.): ,,,"14.1888481751032,100.4235694141972",,,,กรุงเทพมหานคร,2025-11-15T18:57:44.663Z,,0,0,2025-11-16T23:29:45.025503
น้ำท่วม,GISTDA,น้ำท่วม | พท. (ตร.ม.): ,,,"14.190027558186353,100.42025243773955",,,,กรุงเทพมหานคร,2025-11-15T18:57:44.663Z,,0,0,2025-11-16T23:29:45.025503
น้ำท่วม,GISTDA,น้ำท่วม | พท. (ตร.ม.): ,,,"14.184089368010532,100.42594154976433",,,,กรุงเทพมหานคร,2025-11-15T18:57:44.663Z,,0,0,2025-11-16T23:29:45.025503
น้ำท่วม,GISTDA,น้ำท่วม | พท. (ตร.ม.): ,,,"14.184191164190029,100.42205046464048",,,,กรุงเทพมหานคร,2025-11-15T18:57:44.663Z,,0,0,2025-11-16T23:29:45.025503
น้ำท่วม,GISTDA,น้ำท่วม | พท. (ตร.ม.): ,,,"14.185484049433764,100.42376684056055",,,,กรุงเทพมหานคร,2025-11-15T18:57:44.663Z,,0,0,2025-11-16T23:29:45.025503
น้ำท่วม,GISTDA,น้ำท่วม | พท. (ตร.ม.): ,,,"14.191203776488251,100.4349896893975",,,,กรุงเทพมหานคร,2025-11-15T18:57:44.663Z,,0,0,2025-11-16T23:29:45.025503
น้ำท่วม,GISTDA,น้ำท่วม | พท. (ตร.ม.): ,,,"14.19005167710806,100.43277425903071",,,,กรุงเทพมหานคร,2025-11-15T18:57:44.663Z,,0,0,2025-11-16T23:29:45.025503
น้ำท่วม,GISTDA,น้ำท่วม | พท. (ตร.ม.): ,,,"14.194006126981092,100.43777756308423",,,,กรุงเทพมหานคร,2025-11-15T18:57:44.663Z,,0,0,2025-11-16T23:29:45.025503
น้ำท่วม,GISTDA,น้ำท่วม | พท. (ตร.ม.): ,,,"14.195587435443917,100.43204283952726",,,,กรุงเทพมหานคร,2025-11-15T18:57:44.663Z,,0,0,2025-11-16T23:29:45.025503
น้ำท่วม,GISTDA,น้ำท่วม | พท. (ตร.ม.): ,,,"14.190590666276966,100.43704559174884",,,,กรุงเทพมหานคร,2025-11-15T18:57:44.663Z,,0,0,2025-11-16T23:29:45.025503
น้ำท่วม,GISTDA,น้ำท่วม | พท. (ตร.ม.): ,,,"14.190904052420665,100.43467473006703",,,,กรุงเทพมหานคร,2025-11-15T18:57:44.663Z,,0,0,2025-11-16T23:29:45.025503
น้ำท่วม,GISTDA,น้ำท่วม | พท. (ตร.ม.): ,,,"14.194117591031596,100.43811145395125",,,,กรุงเทพมหานคร,2025-11-15T18:57:44.663Z,,0,0,2025-11-16T23:29:45.025503
น้ำท่วม,GISTDA,น้ำท่วม | พท. (ตร.ม.): ,,,"14.196579233627865,100.47792112001413",,,,กรุงเทพมหานคร,2025-11-15T18:57:44.156Z,,0,0,2025-11-16T23:29:45.025503
น้ำท่วม,GISTDA,น้ำท่วม | พท. (ตร.ม.): ,,,"14.194321928414183,100.47502581488956",,,,กรุงเทพมหานคร,2025-11-15T18:57:44.156Z,,0,0,2025-11-16T23:29:45.025503
น้ำท่วม,GISTDA,น้ำท่วม | พท. (ตร.ม.): ,,,"14.197986554007587,100.48023810921939",,,,กรุงเทพมหานคร,2025-11-15T18:57:44.156Z,,0,0,2025-11-16T23:29:45.025503
น้ำท่วม,GISTDA,น้ำท่วม | พท. (ตร.ม.): ,,,"14.199179386125882,100.47828544637305",,,,กรุงเทพมหานคร,2025-11-15T18:57:44.156Z,,0,0,2025-11-16T23:29:45.025503
น้ำท่วม,GISTDA,น้ำท่วม | พท. (ตร.ม.): ,,,"14.195634437679097,100.48204890043657",,,,กรุงเทพมหานคร,2025-11-15T18:57:44.156Z,,0,0,2025-11-16T23:29:45.025503
น้ำท่วม,GISTDA,น้ำท่วม | พท. (ตร.ม.): ,,,"14.191857444265597,100.47890119233608",,,,กรุงเทพมหานคร,2025-11-15T18:57:44.156Z,,0,0,2025-11-16T23:29:45.025503
น้ำท่วม,GISTDA,น้ำท่วม | พท. (ตร.ม.): ,,,"14.197920336774894,100.48042459805202",,,,กรุงเทพมหานคร,2025-11-15T18:57:44.156Z,,0,0,2025-11-16T23:29:45.025503
น้ำท่วม,GISTDA,น้ำท่วม | พท. (ตร.ม.): ,,,"14.196793755527297,100.46994590977604",,,,กรุงเทพมหานคร,2025-11-15T18:57:44.156Z,,0,0,2025-11-16T23:29:45.025503
น้ำท่วม,GISTDA,น้ำท่วม | พท. (ตร.ม.): ,,,"14.194910572648656,100.46594971776375",,,,กรุงเทพมหานคร,2025-11-15T18:57:44.156Z,,0,0,2025-11-16T23:29:45.025503
น้ำท่วม,GISTDA,น้ำท่วม | พท. (ตร.ม.): ,,,"14.20111826699437,100.4722742545532",,,,กรุงเทพมหานคร,2025-11-15T18:57:44.156Z,,0,0,2025-11-16T23:29:45.025503
น้ำท่วม,GISTDA,น้ำท่วม | พท. (ตร.ม.): ,,,"14.19884975681085,100.46740440948592",,,,กรุงเทพมหานคร,2025-11-15T18:57:44.156Z,,0,0,2025-11-16T23:29:45.025503
น้ำท่วม,GISTDA,น้ำท่วม | พท. (ตร.ม.): ,,,"14.194273758941863,100.4716307301874",,,,กรุงเทพมหานคร,2025-11-15T18:57:44.156Z,,0,0,2025-11-16T23:29:45.025503
น้ำท่วม,GISTDA,น้ำท่วม | พท. (ตร.ม.): ,,,"14.19410249674972,100.47052571212434",,,,กรุงเทพมหานคร,2025-11-15T18:57:44.156Z,,0,0,2025-11-16T23:29:45.025503
น้ำท่วม,GISTDA,น้ำท่วม | พท. (ตร.ม.): ,,,"14.202036181669776,100.4848161189994",,,,กรุงเทพมหานคร,2025-11-15T18:57:44.156Z,,0,0,2025-11-16T23:29:45.025503
น้ำท่วม,GISTDA,น้ำท่วม | พท. (ตร.ม.): ,,,"14.202411913111868,100.48344295605456",,,,กรุงเทพมหานคร,2025-11-15T18:57:44.156Z,,0,0,2025-11-16T23:29:45.025503
น้ำท่วม,GISTDA,น้ำท่วม | พท. (ตร.ม.): ,,,"14.169350662702872,100.508751783768",,,,กรุงเทพมหานคร,2025-11-15T18:57:44.156Z,,0,0,2025-11-16T23:29:45.025503
น้ำท่วม,GISTDA,น้ำท่วม | พท. (ตร.ม.): ,,,"14.168804591658477,100.50768380466403",,,,กรุงเทพมหานคร,2025-11-15T18:57:44.156Z,,0,0,2025-11-16T23:29:45.025503
น้ำท่วม,GISTDA,น้ำท่วม | พท. (ตร.ม.): ,,,"14.172134929583313,100.51045620499004",,,,กรุงเทพมหานคร,2025-11-15T18:57:44.156Z,,0,0,2025-11-16T23:29:45.025503
น้ำท่วม,GISTDA,น้ำท่วม | พท. (ตร.ม.): ,,,"14.174389397752517,100.50617863633492",,,,กรุงเทพมหานคร,2025-11-15T18:57:44.156Z,,0,0,2025-11-16T23:29:45.025503
น้ำท่วม,GISTDA,น้ำท่วม | พท. (ตร.ม.): ,,,"14.169360786537668,100.51243216470897",,,,กรุงเทพมหานคร,2025-11-15T18:57:44.156Z,,0,0,2025-11-16T23:29:45.025503
น้ำท่วม,GISTDA,น้ำท่วม | พท. (ตร.ม.): ,,,"14.16564248452926,100.50951235411837",,,,กรุงเทพมหานคร,2025-11-15T18:57:44.156Z,,0,0,2025-11-16T23:29:45.025503
น้ำท่วม,GISTDA,น้ำท่วม | พท. (ตร.ม.): ,,,"14.169360786537668,100.51243216470897",,,,กรุงเทพมหานคร,2025-11-15T18:57:44.156Z,,0,0,2025-11-16T23:29:45.025503
น้ำท่วม,GISTDA,น้ำท่วม | พท. (ตร.ม.): ,,,"14.172822975699734,100.49993111532879",,,,กรุงเทพมหานคร,2025-11-15T18:57:44.156Z,,0,0,2025-11-16T23:29:45.025503
น้ำท่วม,GISTDA,น้ำท่วม | พท. (ตร.ม.): ,,,"14.168350176111195,100.49712710379657",,,,กรุงเทพมหานคร,2025-11-15T18:57:44.156Z,,0,0,2025-11-16T23:29:45.025503
น้ำท่วม,GISTDA,น้ำท่วม | พท. (ตร.ม.): ,,,"14.17299208754737,100.49981450090996",,,,กรุงเทพมหานคร,2025-11-15T18:57:44.156Z,,0,0,2025-11-16T23:29:45.025503
น้ำท่วม,GISTDA,น้ำท่วม | พท. (ตร.ม.): ,,,"14.17218243390809,100.4961380885674",,,,กรุงเทพมหานคร,2025-11-15T18:57:44.156Z,,0,0,2025-11-16T23:29:45.025503
น้ำท่วม,GISTDA,น้ำท่วม | พท. (ตร.ม.): ,,,"14.169239209199597,100.50077106503237",,,,กรุงเทพมหานคร,2025-11-15T18:57:44.156Z,,0,0,2025-11-16T23:29:45.025503
น้ำท่วม,GISTDA,น้ำท่วม | พท. (ตร.ม.): ,,,"14.16927044902834,100.50016182475534",,,,กรุงเทพมหานคร,2025-11-15T18:57:44.156Z,,0,0,2025-11-16T23:29:45.025503
น้ำท่วม,GISTDA,น้ำท่วม | พท. (ตร.ม.): ,,,"14.173673619865651,100.50283179473509",,,,กรุงเทพมหานคร,2025-11-15T18:57:44.156Z,,0,0,2025-11-16T23:29:45.025503
น้ำท่วม,GISTDA,น้ำท่วม | พท. (ตร.ม.): ,,,"14.176988665994143,100.51436989085796",,,,กรุงเทพมหานคร,2025-11-15T18:57:44.156Z,,0,0,2025-11-16T23:29:45.025503
น้ำท่วม,GISTDA,น้ำท่วม | พท. (ตร.ม.): ,,,"14.177777471278636,100.51283233571796",,,,กรุงเทพมหานคร,2025-11-15T18:57:44.156Z,,0,0,2025-11-16T23:29:45.025503
น้ำท่วม,GISTDA,น้ำท่วม | พท. (ตร.ม.): ,,,"14.180074967485751,100.51708124430407",,,,กรุงเทพมหานคร,2025-11-15T18:57:44.156Z,,0,0,2025-11-16T23:29:45.025503
น้ำท่วม,GISTDA,น้ำท่วม | พท. (ตร.ม.): ,,,"14.17953597860245,100.51169135277364",,,,กรุงเทพมหานคร,2025-11-15T18:57:44.156Z,,0,0,2025-11-16T23:29:45.025503
น้ำท่วม,GISTDA,น้ำท่วม | พท. (ตร.ม.): ,,,"14.175650923430348,100.51519478231157",,,,กรุงเทพมหานคร,2025-11-15T18:57:44.156Z,,0,0,2025-11-16T23:29:45.025503
