ticket_id,type,organization,comment,photo,photo_after,coords,address,subdistrict,district,province,timestamp,state,star,count_reopen,last_activity
EXT-01091,{น้ำท่วม},Bangkok Flood Report,ถนน สนามไชย จากซอยเศรษฐการ ถึงถนนท้ายวัง | รายละเอียด: ,,,"13.74772167,100.4942856",ถนน สนามไชย จากซอยเศรษฐการ ถึงถนนท้ายวัง,,พระนคร,กรุงเทพมหานคร,2025-11-23T22:42:47.327897,อยู่ระหว่างดำเนินการแก้ไข,0,0,2025-11-23T22:42:47.328010
EXT-01092,{น้ำท่วม},Bangkok Flood Report,ถนนรอบสนามหลวง | รายละเอียด: ,,,"13.75489044,100.4940338",ถนนรอบสนามหลวง,,พระนคร,กรุงเทพมหานคร,2025-11-23T22:42:47.327897,แก้ไขแล้วเสร็จ,0,0,2025-11-23T22:42:47.328010
EXT-01093,{น้ำท่วม},Bangkok Flood Report,ถนนราชวิถี บริเวณหน้าราชภัฏสวนดุสิตและเชิงสะพานกรุงธน | รายละเอียด: ,,,"13.77958393,100.5056",ถนนราชวิถี บริเวณหน้าราชภัฏสวนดุสิตและเชิงสะพานกรุงธน,,ดุสิต,กรุงเทพมหานคร,2025-11-23T22:42:47.327897,แก้ไขแล้วเสร็จบางส่วน,0,0,2025-11-23T22:42:47.328010
EXT-01094,{น้ำท่วม},Bangkok Flood Report,ถนนสุรวงศ์ (บริเวณใต้ทางด่วน) | รายละเอียด: ,,,"13.72559261,100.5174561",ถนนสุรวงศ์ (บริเวณใต้ทางด่วน),,บางรัก,กรุงเทพมหานคร,2025-11-23T22:42:47.327897,แก้ไขแล้วเสร็จบางส่วน,0,0,2025-11-23T22:42:47.328010
EXT-01095,{น้ำท่วม},Bangkok Flood Report,ถนนแจ้งวัฒนะ บริเวณหน้ามหาวิทยาลัยราชภัฎพระนคร | รายละเอียด: ,,,"13.8762598,100.5960846",ถนนแจ้งวัฒนะ บริเวณหน้ามหาวิทยาลัยราชภัฎพระนคร,,บางเขน,กรุงเทพมหานคร,2025-11-23T22:42:47.327897,แก้ไขแล้วเสร็จ,0,0,2025-11-23T22:42:47.328010
EXT-01096,{น้ำท่วม},Bangkok Flood Report,วงเวียนบางเขน | รายละเอียด: ,,,"13.87635708,100.5966187",วงเวียนบางเขน,,บางเขน,กรุงเทพมหานคร,2025-11-23T22:42:47.327897,แก้ไขแล้วเสร็จบางส่วน,0,0,2025-11-23T22:42:47.328010
EXT-01097,{น้ำท่วม},Bangkok Flood Report,ถนนรามอินทรา ช่วงหน้าปากซอยรามอินทรา 5 | รายละเอียด: ,,,"13.87021446,100.6042175",ถนนรามอินทรา ช่วงหน้าปากซอยรามอินทรา 5,,บางเขน,กรุงเทพมหานคร,2025-11-23T22:42:47.327897,แก้ไขแล้วเสร็จ,0,0,2025-11-23T22:42:47.328010
EXT-01098,{น้ำท่วม},Bangkok Flood Report,ถนนพหลโยธินหน้ากรมทหารราบที่ 11 | รายละเอียด: ,,,"13.86665916,100.5914993",ถนนพหลโยธินหน้ากรมทหารราบที่ 11,,บางเขน,กรุงเทพมหานคร,2025-11-23T22:42:47.327897,แก้ไขแล้วเสร็จ,0,0,2025-11-23T22:42:47.328010
EXT-01099,{น้ำท่วม},Bangkok Flood Report,ถนนพหลโยธิน ช่วงหน้าราบ 11 ประตู 2 | รายละเอียด: ,,,"13.86284065,100.5892715",ถนนพหลโยธิน ช่วงหน้าราบ 11 ประตู 2,,บางเขน,กรุงเทพมหานคร,2025-11-23T22:42:47.327897,แก้ไขแล้วเสร็จ,0,0,2025-11-23T22:42:47.328010
EXT-01100,{น้ำท่วม},Bangkok Flood Report,ถนนเทพรักษ์ จากหน้าบิ๊กซี (สาขาดอนเมือง) ถึงหน้าคอนโด Episode | รายละเอียด: ,,,"13.88994503,100.6072388",ถนนเทพรักษ์ จากหน้าบิ๊กซี (สาขาดอนเมือง) ถึงหน้าคอนโด Episode,,บางเขน,กรุงเทพมหานคร,2025-11-23T22:42:47.327897,แก้ไขแล้วเสร็จ,0,0,2025-11-23T22:42:47.328010
EXT-01101,{น้ำท่วม},Bangkok Flood Report,ถนนวัชรพล จากถนนเพิ่มสิน ถึงถนนเทพรักษ์ | รายละเอียด: ,,,"13.89019489,100.6422043",ถนนวัชรพล จากถนนเพิ่มสิน ถึงถนนเทพรักษ์,,บางเขน,กรุงเทพมหานคร,2025-11-23T22:42:47.327897,แก้ไขแล้วเสร็จ,0,0,2025-11-23T22:42:47.328010
EXT-01102,{น้ำท่วม},Bangkok Flood Report,ถนนรามคำแหง ช่วงหน้ามหาวิทยาลัยรามคำแหง (ฝั่งขาเข้า) | รายละเอียด: ,,,"13.75805569,100.6163635",ถนนรามคำแหง ช่วงหน้ามหาวิทยาลัยรามคำแหง (ฝั่งขาเข้า),,บางกะปิ,กรุงเทพมหานคร,2025-11-23T22:42:47.327897,แก้ไขแล้วเสร็จ,0,0,2025-11-23T22:42:47.328010
EXT-01103,{น้ำท่วม},Bangkok Flood Report,ถนนศรีนครินทร์ จากแยกลำสาลี ถึงถนนกรุงเทพกรีฑา | รายละเอียด: ,,,"13.75769424,100.6456909",ถนนศรีนครินทร์ จากแยกลำสาลี ถึงถนนกรุงเทพกรีฑา,,บางกะปิ,กรุงเทพมหานคร,2025-11-23T22:42:47.327897,แก้ไขแล้วเสร็จ,0,0,2025-11-23T22:42:47.328010
EXT-01104,{น้ำท่วม},Bangkok Flood Report,ถนนหัวหมาก (รามคำแหง 24) | รายละเอียด: ,,,"13.75300026,100.6196365",ถนนหัวหมาก (รามคำแหง 24),,บางกะปิ,กรุงเทพมหานคร,2025-11-23T22:42:47.327897,แก้ไขแล้วเสร็จ,0,0,2025-11-23T22:42:47.328010
EXT-01105,{น้ำท่วม},Bangkok Flood Report,ถนนนวมินทร์ จากแยกบางกะปิ ถึงสถานีตำรวจนครบาลลาดพร้าว | รายละเอียด: ,,,"13.7677784,100.6477203",ถนนนวมินทร์ จากแยกบางกะปิ ถึงสถานีตำรวจนครบาลลาดพร้าว,,บางกะปิ,กรุงเทพมหานคร,2025-11-23T22:42:47.327897,แก้ไขแล้วเสร็จ,0,0,2025-11-23T22:42:47.328010
EXT-01106,{น้ำท่วม},Bangkok Flood Report,ถนนรามคำแหง จากซอยรามคำแหง 12 ถึงซอยรามคำแหง 24 (ขาเข้า) | รายละเอียด: ,,,"13.75383282,100.6121826",ถนนรามคำแหง จากซอยรามคำแหง 12 ถึงซอยรามคำแหง 24 (ขาเข้า),,บางกะปิ,กรุงเทพมหานคร,2025-11-23T22:42:47.327897,แก้ไขแล้วเสร็จ,0,0,2025-11-23T22:42:47.328010
EXT-01107,{น้ำท่วม},Bangkok Flood Report,ถนนรามคำแหง จากซอยรามคำแหง 19 ถึงซอยรามคำแหง 39 | รายละเอียด: ,,,"13.75463867,100.6126633",ถนนรามคำแหง จากซอยรามคำแหง 19 ถึงซอยรามคำแหง 39,,บางกะปิ,กรุงเทพมหานคร,2025-11-23T22:42:47.327897,แก้ไขแล้วเสร็จ,0,0,2025-11-23T22:42:47.328010
EXT-01108,{น้ำท่วม},Bangkok Flood Report,ถนนพระรามที่ 1 หน้าห้างมาบุญครอง - หน้าสนามกีฬาแห่งชาติ | รายละเอียด: ,,,"13.74632454,100.529808",ถนนพระรามที่ 1 หน้าห้างมาบุญครอง - หน้าสนามกีฬาแห่งชาติ,,ปทุมวัน,กรุงเทพมหานคร,2025-11-23T22:42:47.327897,อยู่ระหว่างดำเนินการแก้ไข,0,0,2025-11-23T22:42:47.328010
EXT-01109,{น้ำท่วม},Bangkok Flood Report,ถนนพระรามที่ 1 ใต้สถานีรถไฟฟ้าสยาม | รายละเอียด: ,,,"13.74564171,100.5341187",ถนนพระรามที่ 1 ใต้สถานีรถไฟฟ้าสยาม,,บางรัก,กรุงเทพมหานคร,2025-11-23T22:42:47.327897,แก้ไขแล้วเสร็จ,0,0,2025-11-23T22:42:47.328010
EXT-01110,{น้ำท่วม},Bangkok Flood Report,ถนนวชิรธรรมสาธิต จากถนนสุขุมวิท ถึงซอยวชิรธรรมสาธิต 34 | รายละเอียด: ,,,"13.68431568,100.6245117",ถนนวชิรธรรมสาธิต จากถนนสุขุมวิท ถึงซอยวชิรธรรมสาธิต 34,,พระโขนง,กรุงเทพมหานคร,2025-11-23T22:42:47.327897,แก้ไขแล้วเสร็จบางส่วน,0,0,2025-11-23T22:42:47.328010
EXT-01111,{น้ำท่วม},Bangkok Flood Report,ถนนวชิรธรรมสาธิต (สุขุมวิท 101/1) ช่วง 3 แยกตัดซอยวัดทุ่ง | รายละเอียด: ,,,"13.68646622,100.6226196",ถนนวชิรธรรมสาธิต (สุขุมวิท 101/1) ช่วง 3 แยกตัดซอยวัดทุ่ง,,พระโขนง,กรุงเทพมหานคร,2025-11-23T22:42:47.327897,แก้ไขแล้วเสร็จ,0,0,2025-11-23T22:42:47.328010
EXT-01112,{น้ำท่วม},Bangkok Flood Report,ถนนสีหบุรานุกิจ บริเวณจุดกลับรถใต้สะพานข้ามคลองสามวา | รายละเอียด: ,,,"13.81256104,100.729538",ถนนสีหบุรานุกิจ บริเวณจุดกลับรถใต้สะพานข้ามคลองสามวา,,มีนบุรี,กรุงเทพมหานคร,2025-11-23T22:42:47.327897,แก้ไขแล้วเสร็จ,0,0,2025-11-23T22:42:47.328010
EXT-01113,{น้ำท่วม},Bangkok Flood Report,ถนนเจ้าคุณทหาร จากถนนฉลองกรุง ถึงคลองสาม | รายละเอียด: ,,,"13.75311089,100.7720261",ถนนเจ้าคุณทหาร จากถนนฉลองกรุง ถึงคลองสาม,,ลาดกระบัง,กรุงเทพมหานคร,2025-11-23T22:42:47.327897,แก้ไขแล้วเสร็จ,0,0,2025-11-23T22:42:47.328010
EXT-01114,{น้ำท่วม},Bangkok Flood Report,ถนนฉลองกรุง จากซอยฉลองกรุง 8 ถึงทางมอเตอร์เวย์ | รายละเอียด: ,,,"13.73672199,100.7885818",ถนนฉลองกรุง จากซอยฉลองกรุง 8 ถึงทางมอเตอร์เวย์,,ลาดกระบัง,กรุงเทพมหานคร,2025-11-23T22:42:47.327897,แก้ไขแล้วเสร็จ,0,0,2025-11-23T22:42:47.328010
EXT-01115,{น้ำท่วม},Bangkok Flood Report,ถนนลาดกระบัง จากแยกกิ่งแก้ว ถึงซอยลาดกระบัง 26 | รายละเอียด: ,,,"13.72241688,100.7393646",ถนนลาดกระบัง จากแยกกิ่งแก้ว ถึงซอยลาดกระบัง 26,,ลาดกระบัง,กรุงเทพมหานคร,2025-11-23T22:42:47.327897,แก้ไขแล้วเสร็จบางส่วน,0,0,2025-11-23T22:42:47.328010
EXT-01116,{น้ำท่วม},Bangkok Flood Report,ถนนหลวงแพ่ง จากโรงเรียนแสงหิรัญวิทยา ถึงใต้สะพานมอเตอร์เวย์ | รายละเอียด: ,,,"13.71269417,100.8149185",ถนนหลวงแพ่ง จากโรงเรียนแสงหิรัญวิทยา ถึงใต้สะพานมอเตอร์เวย์,,ลาดกระบัง,กรุงเทพมหานคร,2025-11-23T22:42:47.327897,แก้ไขแล้วเสร็จ,0,0,2025-11-23T22:42:47.328010
EXT-01117,{น้ำท่วม},Bangkok Flood Report,ถนนหลวงแพ่ง หน้าโลตัสลาดกระบัง | รายละเอียด: ,,,"13.72099972,100.7929993",ถนนหลวงแพ่ง หน้าโลตัสลาดกระบัง,,ลาดกระบัง,กรุงเทพมหานคร,2025-11-23T22:42:47.327897,แก้ไขแล้วเสร็จบางส่วน,0,0,2025-11-23T22:42:47.328010
EXT-01118,{น้ำท่วม},Bangkok Flood Report,ถนนหลวงแพ่ง จากโรงเรียนแสงหิรัญวิทยา ถึงทางเข้ามอเตอร์เวย์สาย 7 | รายละเอียด: ,,,"13.7133894,100.8130798",ถนนหลวงแพ่ง จากโรงเรียนแสงหิรัญวิทยา ถึงทางเข้ามอเตอร์เวย์สาย 7,,ลาดกระบัง,กรุงเทพมหานคร,2025-11-23T22:42:47.327897,แก้ไขแล้วเสร็จ,0,0,2025-11-23T22:42:47.328010
EXT-01119,{น้ำท่วม},Bangkok Flood Report,ถนนสาธุประดิษฐ์จากถนนจันทน์ถึงถนนรัชดาภิเษก | รายละเอียด: ,,,"13.70096397,100.5306396",ถนนสาธุประดิษฐ์จากถนนจันทน์ถึงถนนรัชดาภิเษก,,ยานนาวา,กรุงเทพมหานคร,2025-11-23T22:42:47.327897,แก้ไขแล้วเสร็จ,0,0,2025-11-23T22:42:47.328010
EXT-01120,{น้ำท่วม},Bangkok Flood Report,ถนนพหลโยธิน แยกสะพานควาย – ซอยอารีย์ | รายละเอียด: ,,,"13.7808466,100.5449982",ถนนพหลโยธิน แยกสะพานควาย – ซอยอารีย์,,พญาไท,กรุงเทพมหานคร,2025-11-23T22:42:47.327897,แก้ไขแล้วเสร็จบางส่วน,0,0,2025-11-23T22:42:47.328010
EXT-01121,{น้ำท่วม},Bangkok Flood Report,ถนนประดิพัทธ์ แยกสะพานควาย | รายละเอียด: ,,,"13.78978634,100.5482864",ถนนประดิพัทธ์ แยกสะพานควาย,,พญาไท,กรุงเทพมหานคร,2025-11-23T22:42:47.327897,แก้ไขแล้วเสร็จบางส่วน,0,0,2025-11-23T22:42:47.328010
EXT-01122,{น้ำท่วม},Bangkok Flood Report,ถนนวิภาวดีรังสิต บริเวณหน้ากรมทหารราบที่ 1 มหาดเล็กรักษาพระองค์ | รายละเอียด: ,,,"13.77432537,100.5535355",ถนนวิภาวดีรังสิต บริเวณหน้ากรมทหารราบที่ 1 มหาดเล็กรักษาพระองค์,,พญาไท,กรุงเทพมหานคร,2025-11-23T22:42:47.327897,แก้ไขแล้วเสร็จบางส่วน,0,0,2025-11-23T22:42:47.328010
EXT-01123,{น้ำท่วม},Bangkok Flood Report,ถนนพระรามที่ 6 ช่วงลงทางด่วน | รายละเอียด: ,,,"13.78473473,100.5348587",ถนนพระรามที่ 6 ช่วงลงทางด่วน,,พญาไท,กรุงเทพมหานคร,2025-11-23T22:42:47.327897,แก้ไขแล้วเสร็จบางส่วน,0,0,2025-11-23T22:42:47.328010
EXT-01124,{น้ำท่วม},Bangkok Flood Report,ถนนพหลโยธิน จากคลองสามเสน ถึงคลองบางซื่อ | รายละเอียด: ,,,"13.7811842,100.5450745",ถนนพหลโยธิน จากคลองสามเสน ถึงคลองบางซื่อ,,พญาไท,กรุงเทพมหานคร,2025-11-23T22:42:47.327897,แก้ไขแล้วเสร็จบางส่วน,0,0,2025-11-23T22:42:47.328010
EXT-01125,{น้ำท่วม},Bangkok Flood Report,ถนนอินทรพิทักษ์ จุดกลับรถใต้สะพานเนาวจำเนียร | รายละเอียด: ,,,"13.72738457,100.4858932",ถนนอินทรพิทักษ์ จุดกลับรถใต้สะพานเนาวจำเนียร,,ธนบุรี,กรุงเทพมหานคร,2025-11-23T22:42:47.327897,แก้ไขแล้วเสร็จ,0,0,2025-11-23T22:42:47.328010
EXT-01126,{น้ำท่วม},Bangkok Flood Report,ถนนเพชรเกษม จุดกลับรถใต้สะพานเนาวจำเนียร | รายละเอียด: ,,,"13.72776031,100.4851532",ถนนเพชรเกษม จุดกลับรถใต้สะพานเนาวจำเนียร,,บางกอกใหญ่,กรุงเทพมหานคร,2025-11-23T22:42:47.327897,แก้ไขแล้วเสร็จ,0,0,2025-11-23T22:42:47.328010
EXT-01127,{น้ำท่วม},Bangkok Flood Report,ถนนเพชรบุรี จากแยกอโศก ถึงคลองบางกะปิ | รายละเอียด: ,,,"13.74865532,100.5662079",ถนนเพชรบุรี จากแยกอโศก ถึงคลองบางกะปิ,,ห้วยขวาง,กรุงเทพมหานคร,2025-11-23T22:42:47.327897,แก้ไขแล้วเสร็จบางส่วน,0,0,2025-11-23T22:42:47.328010
EXT-01128,{น้ำท่วม},Bangkok Flood Report,ถนนประชาอุทิศ ช่วงหน้าสำนักงานเขตห้วยขวาง | รายละเอียด: ,,,"13.77672768,100.5797272",ถนนประชาอุทิศ ช่วงหน้าสำนักงานเขตห้วยขวาง,,ห้วยขวาง,กรุงเทพมหานคร,2025-11-23T22:42:47.327897,แก้ไขแล้วเสร็จ,0,0,2025-11-23T22:42:47.328010
EXT-01129,{น้ำท่วม},Bangkok Flood Report,ถนนประชาราษฏร์บำเพ็ญ จากถนนรัชดาภิเษก ถึงสามแยกตัดถนนประชาอุทิศ | รายละเอียด: ,,,"13.77842236,100.5773621",ถนนประชาราษฏร์บำเพ็ญ จากถนนรัชดาภิเษก ถึงสามแยกตัดถนนประชาอุทิศ,,ห้วยขวาง,กรุงเทพมหานคร,2025-11-23T22:42:47.327897,แก้ไขแล้วเสร็จ,0,0,2025-11-23T22:42:47.328010
EXT-01130,{น้ำท่วม},Bangkok Flood Report,ถนนสุทธิสารวินิจฉัย ช่วงหน้าโรงพยาบาลโกลเด้นเยียส์  | รายละเอียด: ,,,"13.78969193,100.5773926",ถนนสุทธิสารวินิจฉัย ช่วงหน้าโรงพยาบาลโกลเด้นเยียส์ ,,ห้วยขวาง,กรุงเทพมหานคร,2025-11-23T22:42:47.327897,แก้ไขแล้วเสร็จ,0,0,2025-11-23T22:42:47.328010
EXT-01131,{น้ำท่วม},Bangkok Flood Report,ถนนลาดหญ้า ช่วงหน้า PLATFORM (โรบินสันเดิม) | รายละเอียด: ,,,"13.72678947,100.494873",ถนนลาดหญ้า ช่วงหน้า PLATFORM (โรบินสันเดิม),,คลองสาน,กรุงเทพมหานคร,2025-11-23T22:42:47.327897,แก้ไขแล้วเสร็จ,0,0,2025-11-23T22:42:47.328010
EXT-01132,{น้ำท่วม},Bangkok Flood Report,ถนนฉิมพลี จากอู่สง่า ถึงถนนบรมราชชนนี | รายละเอียด: ,,,"13.78472614,100.4357758",ถนนฉิมพลี จากอู่สง่า ถึงถนนบรมราชชนนี,,ตลิ่งชัน,กรุงเทพมหานคร,2025-11-23T22:42:47.327897,แก้ไขแล้วเสร็จ,0,0,2025-11-23T22:42:47.328010
EXT-01133,{น้ำท่วม},Bangkok Flood Report,ถนนเลียบทางรถไฟสายใต้ฝั่งขาออก บริเวณวงเวียนชัยพฤกษ์ | รายละเอียด: ,,,"13.78752422,100.4613953",ถนนเลียบทางรถไฟสายใต้ฝั่งขาออก บริเวณวงเวียนชัยพฤกษ์,,ตลิ่งชัน,กรุงเทพมหานคร,2025-11-23T22:42:47.327897,อยู่ระหว่างดำเนินการแก้ไข,0,0,2025-11-23T22:42:47.328010
EXT-01134,{น้ำท่วม},Bangkok Flood Report,ถนนอิสรภาพ จากหน้าตลาดพรานนก ถึงซอยอิสรภาพ 44 | รายละเอียด: ,,,"13.75388336,100.4780884",ถนนอิสรภาพ จากหน้าตลาดพรานนก ถึงซอยอิสรภาพ 44,,บางกอกน้อย,กรุงเทพมหานคร,2025-11-23T22:42:47.327897,แก้ไขแล้วเสร็จบางส่วน,0,0,2025-11-23T22:42:47.328010
EXT-01135,{น้ำท่วม},Bangkok Flood Report,ถนนบางขุนเทียน - ชายทะเล ช่วงจากถนนพระรามที่ 2 ถึงคลองกล้วย | รายละเอียด: ,,,"13.65416431,100.4304886",ถนนบางขุนเทียน - ชายทะเล ช่วงจากถนนพระรามที่ 2 ถึงคลองกล้วย,,บางขุนเทียน,กรุงเทพมหานคร,2025-11-23T22:42:47.327897,แก้ไขแล้วเสร็จ,0,0,2025-11-23T22:42:47.328010
EXT-01136,{น้ำท่วม},Bangkok Flood Report,ถนนท่าข้าม ช่วงจากคลองกล้วยถึงซอยท่าข้าม 6/1 | รายละเอียด: ,,,"13.65761089,100.4423599",ถนนท่าข้าม ช่วงจากคลองกล้วยถึงซอยท่าข้าม 6/1,,บางขุนเทียน,กรุงเทพมหานคร,2025-11-23T22:42:47.327897,แก้ไขแล้วเสร็จบางส่วน,0,0,2025-11-23T22:42:47.328010
EXT-01137,{น้ำท่วม},Bangkok Flood Report,ถนนบางกระดี่ ช่วงจากซอยบางกระดี่ 3 ถึง ตลาดกลางบางกระดี่ | รายละเอียด: ,,,"13.62836075,100.4001694",ถนนบางกระดี่ ช่วงจากซอยบางกระดี่ 3 ถึง ตลาดกลางบางกระดี่,,บางขุนเทียน,กรุงเทพมหานคร,2025-11-23T22:42:47.327897,แก้ไขแล้วเสร็จ,0,0,2025-11-23T22:42:47.328010
EXT-01138,{น้ำท่วม},Bangkok Flood Report,ถนนบางขุนเทียน จากช่วงตัดรางรถไฟสายมหาชัย 2 ฝั่ง | รายละเอียด: ,,,"13.66617012,100.4283905",ถนนบางขุนเทียน จากช่วงตัดรางรถไฟสายมหาชัย 2 ฝั่ง,,บางขุนเทียน,กรุงเทพมหานคร,2025-11-23T22:42:47.327897,แก้ไขแล้วเสร็จ,0,0,2025-11-23T22:42:47.328010
EXT-01139,{น้ำท่วม},Bangkok Flood Report,ถนนเพชรเกษม จาก BTS บางหว้า ถึงคลองโรงยาว | รายละเอียด: ,,,"13.7189436,100.4547806",ถนนเพชรเกษม จาก BTS บางหว้า ถึงคลองโรงยาว,,ภาษีเจริญ,กรุงเทพมหานคร,2025-11-23T22:42:47.327897,แก้ไขแล้วเสร็จบางส่วน,0,0,2025-11-23T22:42:47.328010
EXT-01140,{น้ำท่วม},Bangkok Flood Report,ถนนเพชรเกษม จากซอยเพชรเกษม 52 ถึงบ้านพักคนชรา บางแค | รายละเอียด: ,,,"13.71275043,100.43367",ถนนเพชรเกษม จากซอยเพชรเกษม 52 ถึงบ้านพักคนชรา บางแค,,ภาษีเจริญ,กรุงเทพมหานคร,2025-11-23T22:42:47.327897,แก้ไขแล้วเสร็จบางส่วน,0,0,2025-11-23T22:42:47.328010
EXT-01141,{น้ำท่วม},Bangkok Flood Report,ถนนเลียบคลองภาษีเจริญฝั่งเหนือ จากเลียบเหนือซอย 8 เลียบเหนือซอย 20 | รายละเอียด: ,,,"13.68707561,100.361969",ถนนเลียบคลองภาษีเจริญฝั่งเหนือ จากเลียบเหนือซอย 8 เลียบเหนือซอย 20,,หนองแขม,กรุงเทพมหานคร,2025-11-23T22:42:47.327897,แก้ไขแล้วเสร็จ,0,0,2025-11-23T22:42:47.328010
EXT-01142,{น้ำท่วม},Bangkok Flood Report,ถนนมาเจริญ (เพชรเกษม 81) จากหมู่บ้านพุฒตาล จากหมู่บ้านพฤกษาทาวน์ | รายละเอียด: ,,,"13.68741703,100.3429184",ถนนมาเจริญ (เพชรเกษม 81) จากหมู่บ้านพุฒตาล จากหมู่บ้านพฤกษาทาวน์,,หนองแขม,กรุงเทพมหานคร,2025-11-23T22:42:47.327897,แก้ไขแล้วเสร็จ,0,0,2025-11-23T22:42:47.328010
EXT-01143,{น้ำท่วม},Bangkok Flood Report,ถนนประชาสุข ช่วงซอยอินทามระ 45 – 53 | รายละเอียด: ,,,"13.78604889,100.5670776",ถนนประชาสุข ช่วงซอยอินทามระ 45 – 53,,ดินแดง,กรุงเทพมหานคร,2025-11-23T22:42:47.327897,แก้ไขแล้วเสร็จบางส่วน,0,0,2025-11-23T22:42:47.328010
EXT-01144,{น้ำท่วม},Bangkok Flood Report,ถนนประชาสงเคราะห์ ตลาดห้วยขวาง | รายละเอียด: ,,,"13.77835941,100.5681381",ถนนประชาสงเคราะห์ ตลาดห้วยขวาง,,ดินแดง,กรุงเทพมหานคร,2025-11-23T22:42:47.327897,แก้ไขแล้วเสร็จบางส่วน,0,0,2025-11-23T22:42:47.328010
EXT-01145,{น้ำท่วม},Bangkok Flood Report,ถนนประชาสงเคราะห์ ช่วงวงเวียนหอนาฬิกา | รายละเอียด: ,,,"13.7754879,100.567894",ถนนประชาสงเคราะห์ ช่วงวงเวียนหอนาฬิกา,,ดินแดง,กรุงเทพมหานคร,2025-11-23T22:42:47.327897,อยู่ระหว่างดำเนินการแก้ไข,0,0,2025-11-23T22:42:47.328010
EXT-01146,{น้ำท่วม},Bangkok Flood Report,ถนนรัชดาภิเษก แยกเทียมร่วมมิตร | รายละเอียด: ,,,"13.76958084,100.5726547",ถนนรัชดาภิเษก แยกเทียมร่วมมิตร,,ดินแดง,กรุงเทพมหานคร,2025-11-23T22:42:47.327897,อยู่ระหว่างดำเนินการแก้ไข,0,0,2025-11-23T22:42:47.328010
EXT-01147,{น้ำท่วม},Bangkok Flood Report,ถนนดินแดง หน้าโรงเรียนพิบูลประชาสรรค์ | รายละเอียด: ,,,"13.76279259,100.5503998",ถนนดินแดง หน้าโรงเรียนพิบูลประชาสรรค์,,ดินแดง,กรุงเทพมหานคร,2025-11-23T22:42:47.327897,แก้ไขแล้วเสร็จบางส่วน,0,0,2025-11-23T22:42:47.328010
EXT-01148,{น้ำท่วม},Bangkok Flood Report,ถนนประชาสงเคราะห์ ช่วงหน้าตลาดดินแดง | รายละเอียด: ,,,"13.76508045,100.5567627",ถนนประชาสงเคราะห์ ช่วงหน้าตลาดดินแดง,,ดินแดง,กรุงเทพมหานคร,2025-11-23T22:42:47.327897,อยู่ระหว่างดำเนินการแก้ไข,0,0,2025-11-23T22:42:47.328010
EXT-01149,{น้ำท่วม},Bangkok Flood Report,ถนนนวมินทร์ จากซอยนวมินทร์ 40 ถึงซอยนวมินทร์ 36 | รายละเอียด: ,,,"13.79480553,100.6515808",ถนนนวมินทร์ จากซอยนวมินทร์ 40 ถึงซอยนวมินทร์ 36,,บึงกุ่ม,กรุงเทพมหานคร,2025-11-23T22:42:47.327897,อยู่ระหว่างดำเนินการแก้ไข,0,0,2025-11-23T22:42:47.328010
EXT-01150,{น้ำท่วม},Bangkok Flood Report,ถนนนวมินทร์ จากซอยนวมินทร์ 97 ถึงซอยนวมินทร์ 111 | รายละเอียด: ,,,"13.80416679,100.6473923",ถนนนวมินทร์ จากซอยนวมินทร์ 97 ถึงซอยนวมินทร์ 111,,บึงกุ่ม,กรุงเทพมหานคร,2025-11-23T22:42:47.327897,แก้ไขแล้วเสร็จ,0,0,2025-11-23T22:42:47.328010
EXT-01151,{น้ำท่วม},Bangkok Flood Report,ถนนนวมินทร์ จากถนนประเสริฐมนูกิจ ถึงคลองดอนอีกา | รายละเอียด: ,,,"13.80977821,100.649971",ถนนนวมินทร์ จากถนนประเสริฐมนูกิจ ถึงคลองดอนอีกา,,บึงกุ่ม,กรุงเทพมหานคร,2025-11-23T22:42:47.327897,อยู่ระหว่างดำเนินการแก้ไข,0,0,2025-11-23T22:42:47.328010
EXT-01152,{น้ำท่วม},Bangkok Flood Report,ถนนนวมินทร์ ช่วงปากซอยนวมินทร์ 155 | รายละเอียด: ,,,"13.82913876,100.6582718",ถนนนวมินทร์ ช่วงปากซอยนวมินทร์ 155,,บึงกุ่ม,กรุงเทพมหานคร,2025-11-23T22:42:47.327897,แก้ไขแล้วเสร็จ,0,0,2025-11-23T22:42:47.328010
EXT-01153,{น้ำท่วม},Bangkok Flood Report,ถนนสวนพลู ช่วงจากถนนสาทรใต้ - ถนนนางลิ้นจี่ | รายละเอียด: ,,,"13.72284031,100.5339661",ถนนสวนพลู ช่วงจากถนนสาทรใต้ - ถนนนางลิ้นจี่,,สาทร,กรุงเทพมหานคร,2025-11-23T22:42:47.327897,แก้ไขแล้วเสร็จบางส่วน,0,0,2025-11-23T22:42:47.328010
EXT-01154,{น้ำท่วม},Bangkok Flood Report,ถนนสาธุประดิษฐ์ แยกตัดถนนจันทน์ | รายละเอียด: ,,,"13.70542336,100.5288467",ถนนสาธุประดิษฐ์ แยกตัดถนนจันทน์,,สาทร,กรุงเทพมหานคร,2025-11-23T22:42:47.327897,แก้ไขแล้วเสร็จบางส่วน,0,0,2025-11-23T22:42:47.328010
EXT-01155,{น้ำท่วม},Bangkok Flood Report,ถนนจันทน์ ช่วงจากซอยบำเพ็ญกุศล - ที่ทำการไปรษณีย์ยานนาวา | รายละเอียด: ,,,"13.7063961,100.5262604",ถนนจันทน์ ช่วงจากซอยบำเพ็ญกุศล - ที่ทำการไปรษณีย์ยานนาวา,,สาทร,กรุงเทพมหานคร,2025-11-23T22:42:47.327897,แก้ไขแล้วเสร็จบางส่วน,0,0,2025-11-23T22:42:47.328010
EXT-01156,{น้ำท่วม},Bangkok Flood Report,ถนนประชาราษฎร์สาย 2 บริเวณแยกเตาปูน | รายละเอียด: ,,,"13.806427,100.5309067",ถนนประชาราษฎร์สาย 2 บริเวณแยกเตาปูน,,บางซื่อ,กรุงเทพมหานคร,2025-11-23T22:42:47.327897,แก้ไขแล้วเสร็จบางส่วน,0,0,2025-11-23T22:42:47.328010
EXT-01157,{น้ำท่วม},Bangkok Flood Report,ถนนประชาราษฎร์สาย 1 ช่วงแยกบางโพ | รายละเอียด: ,,,"13.80640221,100.5216064",ถนนประชาราษฎร์สาย 1 ช่วงแยกบางโพ,,บางซื่อ,กรุงเทพมหานคร,2025-11-23T22:42:47.327897,แก้ไขแล้วเสร็จ,0,0,2025-11-23T22:42:47.328010
EXT-01158,{น้ำท่วม},Bangkok Flood Report,ถนนประชาราษฎร์สาย 1 ช่วงใต้สะพานพระราม 7 | รายละเอียด: ,,,"13.81554317,100.5151672",ถนนประชาราษฎร์สาย 1 ช่วงใต้สะพานพระราม 7,,บางซื่อ,กรุงเทพมหานคร,2025-11-23T22:42:47.327897,แก้ไขแล้วเสร็จ,0,0,2025-11-23T22:42:47.328010
EXT-01159,{น้ำท่วม},Bangkok Flood Report,ถนนรัชดาภิเษก ช่วงหน้าธนาคารกรุงเทพ | รายละเอียด: ,,,"13.80865097,100.5752411",ถนนรัชดาภิเษก ช่วงหน้าธนาคารกรุงเทพ,,จตุจักร,กรุงเทพมหานคร,2025-11-23T22:42:47.327897,แก้ไขแล้วเสร็จบางส่วน,0,0,2025-11-23T22:42:47.328010
EXT-01160,{น้ำท่วม},Bangkok Flood Report,ถนนรัชดาภิเษก ช่วงหน้ามหาวิทยาลัยราชภัฏจันทรเกษม | รายละเอียด: ,,,"13.81854534,100.5755692",ถนนรัชดาภิเษก ช่วงหน้ามหาวิทยาลัยราชภัฏจันทรเกษม,,จตุจักร,กรุงเทพมหานคร,2025-11-23T22:42:47.327897,แก้ไขแล้วเสร็จบางส่วน,0,0,2025-11-23T22:42:47.328010
EXT-01161,{น้ำท่วม},Bangkok Flood Report,ถนนรัชดาภิเษก ช่วงหน้าศาลอาญา | รายละเอียด: ,,,"13.81626511,100.5754013",ถนนรัชดาภิเษก ช่วงหน้าศาลอาญา,,จตุจักร,กรุงเทพมหานคร,2025-11-23T22:42:47.327897,แก้ไขแล้วเสร็จบางส่วน,0,0,2025-11-23T22:42:47.328010
EXT-01162,{น้ำท่วม},Bangkok Flood Report,ถนนกำแพงเพชร 2 หน้าหมอชิตใหม่ | รายละเอียด: ,,,"13.82354832,100.5488205",ถนนกำแพงเพชร 2 หน้าหมอชิตใหม่,,จตุจักร,กรุงเทพมหานคร,2025-11-23T22:42:47.327897,แก้ไขแล้วเสร็จบางส่วน,0,0,2025-11-23T22:42:47.328010
EXT-01163,{น้ำท่วม},Bangkok Flood Report,ถนนเทศบาลสงเคราะห์ ช่วงหน้าตลาดประชานิเวศน์ | รายละเอียด: ,,,"13.83992195,100.5495605",ถนนเทศบาลสงเคราะห์ ช่วงหน้าตลาดประชานิเวศน์,,จตุจักร,กรุงเทพมหานคร,2025-11-23T22:42:47.327897,อยู่ระหว่างดำเนินการแก้ไข,0,0,2025-11-23T22:42:47.328010
EXT-01164,{น้ำท่วม},Bangkok Flood Report,ถนนกำแพงเพชร 3 จากสวนสมเด็จพระนางเจ้าสิริกิติ์ ถึงถนนกำแพงเพชร | รายละเอียด: ,,,"13.80525589,100.5531235",ถนนกำแพงเพชร 3 จากสวนสมเด็จพระนางเจ้าสิริกิติ์ ถึงถนนกำแพงเพชร,,จตุจักร,กรุงเทพมหานคร,2025-11-23T22:42:47.327897,อยู่ระหว่างดำเนินการแก้ไข,0,0,2025-11-23T22:42:47.328010
EXT-01165,{น้ำท่วม},Bangkok Flood Report,ถนนพหลโยธิน บริเวณกรมการขนส่งทางบก | รายละเอียด: ,,,"13.7998848,100.5521622",ถนนพหลโยธิน บริเวณกรมการขนส่งทางบก,,จตุจักร,กรุงเทพมหานคร,2025-11-23T22:42:47.327897,แก้ไขแล้วเสร็จ,0,0,2025-11-23T22:42:47.328010
EXT-01166,{น้ำท่วม},Bangkok Flood Report,ถนนรัชดาภิเษก จากแยกรัชโยธิน ถึงซอยอาภาภิรมย์ | รายละเอียด: ,,,"13.81980991,100.5752945",ถนนรัชดาภิเษก จากแยกรัชโยธิน ถึงซอยอาภาภิรมย์,,จตุจักร,กรุงเทพมหานคร,2025-11-23T22:42:47.327897,แก้ไขแล้วเสร็จบางส่วน,0,0,2025-11-23T22:42:47.328010
EXT-01167,{น้ำท่วม},Bangkok Flood Report,ถนนพหลโยธิน หน้ามหาวิทยาลัยเกษตรศาสตร์ | รายละเอียด: ,,,"13.84344578,100.5776596",ถนนพหลโยธิน หน้ามหาวิทยาลัยเกษตรศาสตร์,,จตุจักร,กรุงเทพมหานคร,2025-11-23T22:42:47.327897,แก้ไขแล้วเสร็จบางส่วน,0,0,2025-11-23T22:42:47.328010
EXT-01168,{น้ำท่วม},Bangkok Flood Report,ถนนเสนานิคม 1 จากถนนพหลโยธิน ถึงคลองลาดพร้าว | รายละเอียด: ,,,"13.83486938,100.5813217",ถนนเสนานิคม 1 จากถนนพหลโยธิน ถึงคลองลาดพร้าว,,จตุจักร,กรุงเทพมหานคร,2025-11-23T22:42:47.327897,แก้ไขแล้วเสร็จบางส่วน,0,0,2025-11-23T22:42:47.328010
EXT-01169,{น้ำท่วม},Bangkok Flood Report,ถนนเจริญกรุง จากแยกถนนตก ถึงวัดราชสิงขร | รายละเอียด: ,,,"13.69993591,100.5000916",ถนนเจริญกรุง จากแยกถนนตก ถึงวัดราชสิงขร,,บางคอแหลม,กรุงเทพมหานคร,2025-11-23T22:42:47.327897,แก้ไขแล้วเสร็จ,0,0,2025-11-23T22:42:47.328010
EXT-01170,{น้ำท่วม},Bangkok Flood Report,ถนนอ่อนนุช จากลำรางสุเหร่าทางควาย ถึงซอยอ่อนนุช 59 | รายละเอียด: ,,,"13.71961117,100.6738892",ถนนอ่อนนุช จากลำรางสุเหร่าทางควาย ถึงซอยอ่อนนุช 59,,ประเวศ,กรุงเทพมหานคร,2025-11-23T22:42:47.327897,แก้ไขแล้วเสร็จ,0,0,2025-11-23T22:42:47.328010
EXT-01171,{น้ำท่วม},Bangkok Flood Report,ถนนเฉลิมพระเกียรติ ร.9 แยกศรีอุดม | รายละเอียด: ,,,"13.6778059,100.6469421",ถนนเฉลิมพระเกียรติ ร.9 แยกศรีอุดม,,ประเวศ,กรุงเทพมหานคร,2025-11-23T22:42:47.327897,แก้ไขแล้วเสร็จบางส่วน,0,0,2025-11-23T22:42:47.328010
EXT-01172,{น้ำท่วม},Bangkok Flood Report,ถนนเฉลิมพระเกียรติ ร.9 จากบึงหนองบอนถึงคลองปลัดเปรียง | รายละเอียด: ,,,"13.69299984,100.671608",ถนนเฉลิมพระเกียรติ ร.9 จากบึงหนองบอนถึงคลองปลัดเปรียง,,ประเวศ,กรุงเทพมหานคร,2025-11-23T22:42:47.327897,แก้ไขแล้วเสร็จบางส่วน,0,0,2025-11-23T22:42:47.328010
EXT-01173,{น้ำท่วม},Bangkok Flood Report,สุขุมวิท 26 จากถนนสุขุมวิท ถึงถนนพระรามที่ 4 | รายละเอียด: ,,,"13.72439003,100.5699539",สุขุมวิท 26 จากถนนสุขุมวิท ถึงถนนพระรามที่ 4,,คลองเตย,กรุงเทพมหานคร,2025-11-23T22:42:47.327897,แก้ไขแล้วเสร็จบางส่วน,0,0,2025-11-23T22:42:47.328010
EXT-01174,{น้ำท่วม},Bangkok Flood Report,ถนนสุนทรโกษา ช่วงแยก ณ ระนอง - กรมศุลกากร | รายละเอียด: ,,,"13.71534348,100.5637589",ถนนสุนทรโกษา ช่วงแยก ณ ระนอง - กรมศุลกากร,,คลองเตย,กรุงเทพมหานคร,2025-11-23T22:42:47.327897,แก้ไขแล้วเสร็จบางส่วน,0,0,2025-11-23T22:42:47.328010
EXT-01175,{น้ำท่วม},Bangkok Flood Report,ถนนพระราม 3 บริเวณตลาดฮ่องกงปีนัง ถึงแยก ณ ระนอง | รายละเอียด: ,,,"13.71727943,100.5576706",ถนนพระราม 3 บริเวณตลาดฮ่องกงปีนัง ถึงแยก ณ ระนอง,,คลองเตย,กรุงเทพมหานคร,2025-11-23T22:42:47.327897,แก้ไขแล้วเสร็จบางส่วน,0,0,2025-11-23T22:42:47.328010
EXT-01176,{น้ำท่วม},Bangkok Flood Report,ถนนพระราม 4 จากแยกสุขุมวิท ถึงแยกถนนเกษมราษฎร์ | รายละเอียด: ,,,"13.71282578,100.5857849",ถนนพระราม 4 จากแยกสุขุมวิท ถึงแยกถนนเกษมราษฎร์,,คลองเตย,กรุงเทพมหานคร,2025-11-23T22:42:47.327897,แก้ไขแล้วเสร็จบางส่วน,0,0,2025-11-23T22:42:47.328010
EXT-01177,{น้ำท่วม},Bangkok Flood Report,"ถนนอาจณรงค์ จากช่วงหน้าการท่าเรือฝั่งขาออกใต้สะพานทางด่วน (ชุมชนล็อค 7,8) ถึงสะพานข้ามคลองหัวลำโพง | รายละเอียด: ",,,"13.71141243,100.5783539","ถนนอาจณรงค์ จากช่วงหน้าการท่าเรือฝั่งขาออกใต้สะพานทางด่วน (ชุมชนล็อค 7,8) ถึงสะพานข้ามคลองหัวลำโพง",,คลองเตย,กรุงเทพมหานคร,2025-11-23T22:42:47.327897,แก้ไขแล้วเสร็จ,0,0,2025-11-23T22:42:47.328010
EXT-01178,{น้ำท่วม},Bangkok Flood Report,ถนนรัชดาภิเษก จากช่วงโค้งก่อนถึงอโศก-สุขุมวิท (ฝั่งขาเข้า) | รายละเอียด: ,,,"13.73487186,100.5609665",ถนนรัชดาภิเษก จากช่วงโค้งก่อนถึงอโศก-สุขุมวิท (ฝั่งขาเข้า),,คลองเตย,กรุงเทพมหานคร,2025-11-23T22:42:47.327897,แก้ไขแล้วเสร็จ,0,0,2025-11-23T22:42:47.328010
EXT-01179,{น้ำท่วม},Bangkok Flood Report,ถนนพัฒนาการ จากแยกศรีนครินทร์ - คลองบ้านป่า | รายละเอียด: ,,,"13.73653507,100.6170883",ถนนพัฒนาการ จากแยกศรีนครินทร์ - คลองบ้านป่า,,สวนหลวง,กรุงเทพมหานคร,2025-11-23T22:42:47.327897,แก้ไขแล้วเสร็จบางส่วน,0,0,2025-11-23T22:42:47.328010
EXT-01180,{น้ำท่วม},Bangkok Flood Report,ถนนรามคำแหง ซอยรามคำแหง 1 - 5 (หน้าการไฟฟ้านครหลวงเขตบางกะปิ) | รายละเอียด: ,,,"13.74510479,100.6031876",ถนนรามคำแหง ซอยรามคำแหง 1 - 5 (หน้าการไฟฟ้านครหลวงเขตบางกะปิ),,สวนหลวง,กรุงเทพมหานคร,2025-11-23T22:42:47.327897,แก้ไขแล้วเสร็จ,0,0,2025-11-23T22:42:47.328010
EXT-01181,{น้ำท่วม},Bangkok Flood Report,ถนนสุขุมวิท 71 จากสะพานข้ามคลองตัน ถึงทางรถไฟ (แยกคลองตัน) | รายละเอียด: ,,,"13.73997879,100.599411",ถนนสุขุมวิท 71 จากสะพานข้ามคลองตัน ถึงทางรถไฟ (แยกคลองตัน),,สวนหลวง,กรุงเทพมหานคร,2025-11-23T22:42:47.327897,แก้ไขแล้วเสร็จ,0,0,2025-11-23T22:42:47.328010
EXT-01182,{น้ำท่วม},Bangkok Flood Report,ถนนพัฒนาการ หน้าธนาคารกรุงไทย | รายละเอียด: ,,,"13.73757362,100.6093445",ถนนพัฒนาการ หน้าธนาคารกรุงไทย,,สวนหลวง,กรุงเทพมหานคร,2025-11-23T22:42:47.327897,แก้ไขแล้วเสร็จบางส่วน,0,0,2025-11-23T22:42:47.328010
EXT-01183,{น้ำท่วม},Bangkok Flood Report,ถนนศรีนครินทร์ จากใต้สะพานต่างระดับมอเตอร์เวย์ ถึงทางรถไฟ | รายละเอียด: ,,,"13.73898506,100.6419067",ถนนศรีนครินทร์ จากใต้สะพานต่างระดับมอเตอร์เวย์ ถึงทางรถไฟ,,สวนหลวง,กรุงเทพมหานคร,2025-11-23T22:42:47.327897,แก้ไขแล้วเสร็จ,0,0,2025-11-23T22:42:47.328010
EXT-01184,{น้ำท่วม},Bangkok Flood Report,ถนนศรีนครินทร์ หน้าบริษัท กรีนสปอต จำกัด | รายละเอียด: ,,,"13.75441837,100.6454697",ถนนศรีนครินทร์ หน้าบริษัท กรีนสปอต จำกัด,,สวนหลวง,กรุงเทพมหานคร,2025-11-23T22:42:47.327897,แก้ไขแล้วเสร็จ,0,0,2025-11-23T22:42:47.328010
EXT-01185,{น้ำท่วม},Bangkok Flood Report,ถนนจอมทอง ช่วงจากซอยจอมทอง 14 ถึง ซอยจอมทอง 10 | รายละเอียด: ,,,"13.69822693,100.4716415",ถนนจอมทอง ช่วงจากซอยจอมทอง 14 ถึง ซอยจอมทอง 10,,จอมทอง,กรุงเทพมหานคร,2025-11-23T22:42:47.327897,อยู่ระหว่างดำเนินการแก้ไข,0,0,2025-11-23T22:42:47.328010
EXT-01186,{น้ำท่วม},Bangkok Flood Report,ถนนวิภาวดี หน้าร้านก๋วยเตี๋ยวเรือนายใช้ | รายละเอียด: ,,,"13.93322659,100.6087189",ถนนวิภาวดี หน้าร้านก๋วยเตี๋ยวเรือนายใช้,,ดอนเมือง,กรุงเทพมหานคร,2025-11-23T22:42:47.327897,แก้ไขแล้วเสร็จ,0,0,2025-11-23T22:42:47.328010
EXT-01187,{น้ำท่วม},Bangkok Flood Report,ถนนพญาไท หน้ากรมปศุสัตว์ | รายละเอียด: ,,,"13.75570011,100.5332184",ถนนพญาไท หน้ากรมปศุสัตว์,,ราชเทวี,กรุงเทพมหานคร,2025-11-23T22:42:47.327897,แก้ไขแล้วเสร็จบางส่วน,0,0,2025-11-23T22:42:47.328010
EXT-01188,{น้ำท่วม},Bangkok Flood Report,ถนนศรีอยุธยา หน้าวังสวนผักกาด | รายละเอียด: ,,,"13.75732517,100.5364838",ถนนศรีอยุธยา หน้าวังสวนผักกาด,,ราชเทวี,กรุงเทพมหานคร,2025-11-23T22:42:47.327897,แก้ไขแล้วเสร็จบางส่วน,0,0,2025-11-23T22:42:47.328010
EXT-01189,{น้ำท่วม},Bangkok Flood Report,ถนนศรีอยุธยา หน้าโรงเรียนสันติราษฎร์ - สน.พญาไท | รายละเอียด: ,,,"13.75873756,100.5322723",ถนนศรีอยุธยา หน้าโรงเรียนสันติราษฎร์ - สน.พญาไท,,ราชเทวี,กรุงเทพมหานคร,2025-11-23T22:42:47.327897,แก้ไขแล้วเสร็จบางส่วน,0,0,2025-11-23T22:42:47.328010
EXT-01190,{น้ำท่วม},Bangkok Flood Report,ถนนเพชรบุรี แยกมิตรสัมพันธ์ - แยกอโศก | รายละเอียด: ,,,"13.74996471,100.5544586",ถนนเพชรบุรี แยกมิตรสัมพันธ์ - แยกอโศก,,ราชเทวี,กรุงเทพมหานคร,2025-11-23T22:42:47.327897,แก้ไขแล้วเสร็จ,0,0,2025-11-23T22:42:47.328010
EXT-01191,{น้ำท่วม},Bangkok Flood Report,ถนนเพชรบุรี แยกบรรทัดทอง | รายละเอียด: ,,,"13.75490093,100.5268631",ถนนเพชรบุรี แยกบรรทัดทอง,,ราชเทวี,กรุงเทพมหานคร,2025-11-23T22:42:47.327897,อยู่ระหว่างดำเนินการแก้ไข,0,0,2025-11-23T22:42:47.328010
EXT-01192,{น้ำท่วม},Bangkok Flood Report,ถนนพระรามที่ 6 หน้ากรมทางหลวง | รายละเอียด: ,,,"13.7612896,100.5254059",ถนนพระรามที่ 6 หน้ากรมทางหลวง,,ราชเทวี,กรุงเทพมหานคร,2025-11-23T22:42:47.327897,แก้ไขแล้วเสร็จบางส่วน,0,0,2025-11-23T22:42:47.328010
EXT-01193,{น้ำท่วม},Bangkok Flood Report,ถนนพระรามที่ 6 หน้าตลาดประแจจีน | รายละเอียด: ,,,"13.75729275,100.5238113",ถนนพระรามที่ 6 หน้าตลาดประแจจีน,,ราชเทวี,กรุงเทพมหานคร,2025-11-23T22:42:47.327897,แก้ไขแล้วเสร็จ,0,0,2025-11-23T22:42:47.328010
EXT-01194,{น้ำท่วม},Bangkok Flood Report,ถนนสุคนธสวัสดิ์ จากซอยสุคนธสวัสดิ์ 13 ถึงถนนประเสริฐมนูกิจ | รายละเอียด: ,,,"13.82755566,100.6228485",ถนนสุคนธสวัสดิ์ จากซอยสุคนธสวัสดิ์ 13 ถึงถนนประเสริฐมนูกิจ,,ลาดพร้าว,กรุงเทพมหานคร,2025-11-23T22:42:47.327897,แก้ไขแล้วเสร็จ,0,0,2025-11-23T22:42:47.328010
EXT-01195,{น้ำท่วม},Bangkok Flood Report,ถนนสุคนธสวัสดิ์ จากซอยสุคนธสวัสดิ์ 19 ถึงคลองขี้เสือใหญ่ | รายละเอียด: ,,,"13.83483982,100.6267014",ถนนสุคนธสวัสดิ์ จากซอยสุคนธสวัสดิ์ 19 ถึงคลองขี้เสือใหญ่,,ลาดพร้าว,กรุงเทพมหานคร,2025-11-23T22:42:47.327897,แก้ไขแล้วเสร็จ,0,0,2025-11-23T22:42:47.328010
EXT-01196,{น้ำท่วม},Bangkok Flood Report,ถนนนาคนิวาส จากซอยนาคนิวาส 36 ถึงซอยนาคนิวาส 42 | รายละเอียด: ,,,"13.8137064,100.6106796",ถนนนาคนิวาส จากซอยนาคนิวาส 36 ถึงซอยนาคนิวาส 42,,ลาดพร้าว,กรุงเทพมหานคร,2025-11-23T22:42:47.327897,แก้ไขแล้วเสร็จบางส่วน,0,0,2025-11-23T22:42:47.328010
EXT-01197,{น้ำท่วม},Bangkok Flood Report,ถนนโชคชัย 4 จากโชคชัย 4 ซอย 20 ถึงโชคชัย 4 ซอย 56 | รายละเอียด: ,,,"13.81024456,100.5962448",ถนนโชคชัย 4 จากโชคชัย 4 ซอย 20 ถึงโชคชัย 4 ซอย 56,,ลาดพร้าว,กรุงเทพมหานคร,2025-11-23T22:42:47.327897,แก้ไขแล้วเสร็จ,0,0,2025-11-23T22:42:47.328010
EXT-01198,{น้ำท่วม},Bangkok Flood Report,ถนนเสนานิคม 1 (หมู่บ้านเสนานิเวศน์โครงการ 1) | รายละเอียด: ,,,"13.82996178,100.6083527",ถนนเสนานิคม 1 (หมู่บ้านเสนานิเวศน์โครงการ 1),,ลาดพร้าว,กรุงเทพมหานคร,2025-11-23T22:42:47.327897,แก้ไขแล้วเสร็จ,0,0,2025-11-23T22:42:47.328010
EXT-01199,{น้ำท่วม},Bangkok Flood Report,ถนนลาดพร้าววังหิน จากซอยลาดพร้าววังหิน 77 ถึงซอยลาดพร้าววังหิน 91 | รายละเอียด: ,,,"13.82559395,100.5916977",ถนนลาดพร้าววังหิน จากซอยลาดพร้าววังหิน 77 ถึงซอยลาดพร้าววังหิน 91,,ลาดพร้าว,กรุงเทพมหานคร,2025-11-23T22:42:47.327897,แก้ไขแล้วเสร็จ,0,0,2025-11-23T22:42:47.328010
EXT-01200,{น้ำท่วม},Bangkok Flood Report,ซอยสุขุมวิท 39 จากถนนสุขุมวิทถึงซอยพร้อมจิต | รายละเอียด: ,,,"13.73331928,100.5712204",ซอยสุขุมวิท 39 จากถนนสุขุมวิทถึงซอยพร้อมจิต,,วัฒนา,กรุงเทพมหานคร,2025-11-23T22:42:47.327897,แก้ไขแล้วเสร็จบางส่วน,0,0,2025-11-23T22:42:47.328010
EXT-01201,{น้ำท่วม},Bangkok Flood Report,ภายถนนสุขุมวิท 71 (ช่วงซอยปรีดีพนมยงค์ 14 - 20) | รายละเอียด: ,,,"13.72999096,100.5964127",ภายถนนสุขุมวิท 71 (ช่วงซอยปรีดีพนมยงค์ 14 - 20),,วัฒนา,กรุงเทพมหานคร,2025-11-23T22:42:47.327897,แก้ไขแล้วเสร็จบางส่วน,0,0,2025-11-23T22:42:47.328010
EXT-01202,{น้ำท่วม},Bangkok Flood Report,ถนนสุขุมวิท จากแยกอโศก ถึงสุขุมวิท 71 | รายละเอียด: ,,,"13.72581482,100.5764008",ถนนสุขุมวิท จากแยกอโศก ถึงสุขุมวิท 71,,วัฒนา,กรุงเทพมหานคร,2025-11-23T22:42:47.327897,แก้ไขแล้วเสร็จบางส่วน,0,0,2025-11-23T22:42:47.328010
EXT-01203,{น้ำท่วม},Bangkok Flood Report,ถนนอโศกมนตรี หน้าตึกชิโนไทย | รายละเอียด: ,,,"13.73995495,100.5618591",ถนนอโศกมนตรี หน้าตึกชิโนไทย,,วัฒนา,กรุงเทพมหานคร,2025-11-23T22:42:47.327897,แก้ไขแล้วเสร็จบางส่วน,0,0,2025-11-23T22:42:47.328010
EXT-01204,{น้ำท่วม},Bangkok Flood Report,ถนนอโศกมนตรี บริเวณหน้าตึกแกรมมี่ | รายละเอียด: ,,,"13.74355698,100.5621872",ถนนอโศกมนตรี บริเวณหน้าตึกแกรมมี่,,วัฒนา,กรุงเทพมหานคร,2025-11-23T22:42:47.327897,แก้ไขแล้วเสร็จ,0,0,2025-11-23T22:42:47.328010
EXT-01205,{น้ำท่วม},Bangkok Flood Report,สุขุมวิท 63 (เอกมัย) | รายละเอียด: ,,,"13.73212528,100.5864868",สุขุมวิท 63 (เอกมัย),,วัฒนา,กรุงเทพมหานคร,2025-11-23T22:42:47.327897,แก้ไขแล้วเสร็จ,0,0,2025-11-23T22:42:47.328010
EXT-01206,{น้ำท่วม},Bangkok Flood Report,สุขุมวิท 39 จากซอยพร้อมพันธ์ถึงแยกพร้อมศรี | รายละเอียด: ,,,"13.73520088,100.5716858",สุขุมวิท 39 จากซอยพร้อมพันธ์ถึงแยกพร้อมศรี,,วัฒนา,กรุงเทพมหานคร,2025-11-23T22:42:47.327897,แก้ไขแล้วเสร็จบางส่วน,0,0,2025-11-23T22:42:47.328010
EXT-01207,{น้ำท่วม},Bangkok Flood Report,สุขุมวิท 31 ช่วงหน้าโรงเรียนสวัสดี | รายละเอียด: ,,,"13.74006176,100.5662613",สุขุมวิท 31 ช่วงหน้าโรงเรียนสวัสดี,,วัฒนา,กรุงเทพมหานคร,2025-11-23T22:42:47.327897,แก้ไขแล้วเสร็จ,0,0,2025-11-23T22:42:47.328010
EXT-01208,{น้ำท่วม},Bangkok Flood Report,ถนนเพชรเกษม จากหน้าตลาดบางแค ถึงถนนบางแค | รายละเอียด: ,,,"13.71208382,100.4212875",ถนนเพชรเกษม จากหน้าตลาดบางแค ถึงถนนบางแค,,บางแค,กรุงเทพมหานคร,2025-11-23T22:42:47.327897,แก้ไขแล้วเสร็จบางส่วน,0,0,2025-11-23T22:42:47.328010
EXT-01209,{น้ำท่วม},Bangkok Flood Report,ถนนเพชรเกษม จากห้างเดอะมอลล์บางแค ถึงถนนกาญจนาภิเษก | รายละเอียด: ,,,"13.71092033,100.4089661",ถนนเพชรเกษม จากห้างเดอะมอลล์บางแค ถึงถนนกาญจนาภิเษก,,บางแค,กรุงเทพมหานคร,2025-11-23T22:42:47.327897,แก้ไขแล้วเสร็จบางส่วน,0,0,2025-11-23T22:42:47.328010
EXT-01210,{น้ำท่วม},Bangkok Flood Report,ถนนเพชรเกษม จากถนนพุทธมณฑลสาย 2 ถึงซอยเพชรเกษม 63/2 | รายละเอียด: ,,,"13.70925045,100.3905029",ถนนเพชรเกษม จากถนนพุทธมณฑลสาย 2 ถึงซอยเพชรเกษม 63/2,,บางแค,กรุงเทพมหานคร,2025-11-23T22:42:47.327897,แก้ไขแล้วเสร็จ,0,0,2025-11-23T22:42:47.328010
EXT-01211,{น้ำท่วม},Bangkok Flood Report,ถนนหมู่บ้านเศรษฐกิจ จากคลองบางจาก ถึงวงเวียนที่ 3 | รายละเอียด: ,,,"13.71855736,100.3778458",ถนนหมู่บ้านเศรษฐกิจ จากคลองบางจาก ถึงวงเวียนที่ 3,,บางแค,กรุงเทพมหานคร,2025-11-23T22:42:47.327897,แก้ไขแล้วเสร็จบางส่วน,0,0,2025-11-23T22:42:47.328010
EXT-01212,{น้ำท่วม},Bangkok Flood Report,ถนนแจ้งวัฒนะช่วงหน้า มทบ.11 | รายละเอียด: ,,,"13.8945837,100.5561142",ถนนแจ้งวัฒนะช่วงหน้า มทบ.11,,หลักสี่,กรุงเทพมหานคร,2025-11-23T22:42:47.327897,แก้ไขแล้วเสร็จบางส่วน,0,0,2025-11-23T22:42:47.328010
EXT-01213,{น้ำท่วม},Bangkok Flood Report,ถนนแจ้งวัฒนะช่วงหน้าโลตัสสาขาแจ้งวัฒนะ | รายละเอียด: ,,,"13.89487267,100.5560303",ถนนแจ้งวัฒนะช่วงหน้าโลตัสสาขาแจ้งวัฒนะ,,หลักสี่,กรุงเทพมหานคร,2025-11-23T22:42:47.327897,แก้ไขแล้วเสร็จบางส่วน,0,0,2025-11-23T22:42:47.328010
EXT-01214,{น้ำท่วม},Bangkok Flood Report,ถนนแจ้งวัฒนะช่วงหน้าซอยแจ้งวัฒนะ 10 (ซอยเข้าเขตหลักสี่) | รายละเอียด: ,,,"13.88636494,100.5781021",ถนนแจ้งวัฒนะช่วงหน้าซอยแจ้งวัฒนะ 10 (ซอยเข้าเขตหลักสี่),,หลักสี่,กรุงเทพมหานคร,2025-11-23T22:42:47.327897,แก้ไขแล้วเสร็จบางส่วน,0,0,2025-11-23T22:42:47.328010
EXT-01215,{น้ำท่วม},Bangkok Flood Report,ถนนแจ้งวัฒนะช่วงหน้าศาลปกครอง | รายละเอียด: ,,,"13.89020157,100.5684891",ถนนแจ้งวัฒนะช่วงหน้าศาลปกครอง,,หลักสี่,กรุงเทพมหานคร,2025-11-23T22:42:47.327897,แก้ไขแล้วเสร็จบางส่วน,0,0,2025-11-23T22:42:47.328010
EXT-01216,{น้ำท่วม},Bangkok Flood Report,ถนนแจ้งวัฒนะช่วงหน้ากรมการกงศุล | รายละเอียด: ,,,"13.89071274,100.5671997",ถนนแจ้งวัฒนะช่วงหน้ากรมการกงศุล,,หลักสี่,กรุงเทพมหานคร,2025-11-23T22:42:47.327897,แก้ไขแล้วเสร็จบางส่วน,0,0,2025-11-23T22:42:47.328010
EXT-01217,{น้ำท่วม},Bangkok Flood Report,ถนนสุขาภิบาล 5 หน้าตลาดออเงิน | รายละเอียด: ,,,"13.89626598,100.6607666",ถนนสุขาภิบาล 5 หน้าตลาดออเงิน,,สายไหม,กรุงเทพมหานคร,2025-11-23T22:42:47.327897,แก้ไขแล้วเสร็จ,0,0,2025-11-23T22:42:47.328010
EXT-01218,{น้ำท่วม},Bangkok Flood Report,ถนนลาดพร้าว ช่วงคลองเจ้าคุณสิงห์ - ซอยลาดพร้าว 122 | รายละเอียด: ,,,"13.78369904,100.6134262",ถนนลาดพร้าว ช่วงคลองเจ้าคุณสิงห์ - ซอยลาดพร้าว 122,,วังทองหลาง,กรุงเทพมหานคร,2025-11-23T22:42:47.327897,แก้ไขแล้วเสร็จบางส่วน,0,0,2025-11-23T22:42:47.328010
EXT-01219,{น้ำท่วม},Bangkok Flood Report,ถนนลาดพร้าว จากแยกประดิษฐ์มนูธรรม ถึงคลองจั่น (หน้าบิ๊กซี) | รายละเอียด: ,,,"13.78050804,100.6194687",ถนนลาดพร้าว จากแยกประดิษฐ์มนูธรรม ถึงคลองจั่น (หน้าบิ๊กซี),,วังทองหลาง,กรุงเทพมหานคร,2025-11-23T22:42:47.327897,แก้ไขแล้วเสร็จ,0,0,2025-11-23T22:42:47.328010
EXT-01220,{น้ำท่วม},Bangkok Flood Report,ซอยลาดพร้าว 64 แยก 4 | รายละเอียด: ,,,"13.78905296,100.5972977",ซอยลาดพร้าว 64 แยก 4,,วังทองหลาง,กรุงเทพมหานคร,2025-11-23T22:42:47.327897,แก้ไขแล้วเสร็จบางส่วน,0,0,2025-11-23T22:42:47.328010
EXT-01221,{น้ำท่วม},Bangkok Flood Report,ซอยลาดพร้าว 80 จากช่วงซอยลาดพร้าว 80 แยก 22 - 26 | รายละเอียด: ,,,"13.78080177,100.6045685",ซอยลาดพร้าว 80 จากช่วงซอยลาดพร้าว 80 แยก 22 - 26,,วังทองหลาง,กรุงเทพมหานคร,2025-11-23T22:42:47.327897,แก้ไขแล้วเสร็จ,0,0,2025-11-23T22:42:47.328010
EXT-01222,{น้ำท่วม},Bangkok Flood Report,ถนนประดิษฐ์มนูธรรม ช่วงหน้าศูนย์แพทย์พัฒนา | รายละเอียด: ,,,"13.76319885,100.5987549",ถนนประดิษฐ์มนูธรรม ช่วงหน้าศูนย์แพทย์พัฒนา,,วังทองหลาง,กรุงเทพมหานคร,2025-11-23T22:42:47.327897,แก้ไขแล้วเสร็จ,0,0,2025-11-23T22:42:47.328010
EXT-01223,{น้ำท่วม},Bangkok Flood Report,ถนนสุขุมวิท บริเวณแยกบางนา | รายละเอียด: ,,,"13.67322159,100.6067352",ถนนสุขุมวิท บริเวณแยกบางนา,,บางนา,กรุงเทพมหานคร,2025-11-23T22:42:47.327897,แก้ไขแล้วเสร็จบางส่วน,0,0,2025-11-23T22:42:47.328010
EXT-01224,{น้ำท่วม},Bangkok Flood Report,สี่แยกบางนา-หน้าไบเทค | รายละเอียด: ,,,"13.67083073,100.6058197",สี่แยกบางนา-หน้าไบเทค,,บางนา,กรุงเทพมหานคร,2025-11-23T22:42:47.327897,แก้ไขแล้วเสร็จบางส่วน,0,0,2025-11-23T22:42:47.328010
EXT-01225,{น้ำท่วม},Bangkok Flood Report,ถนนสุขุมวิท ช่วงทางลงทางด่วนฝั่งสุขุมวิท 70 | รายละเอียด: ,,,"13.67580032,100.6077423",ถนนสุขุมวิท ช่วงทางลงทางด่วนฝั่งสุขุมวิท 70,,บางนา,กรุงเทพมหานคร,2025-11-23T22:42:47.327897,แก้ไขแล้วเสร็จบางส่วน,0,0,2025-11-23T22:42:47.328010
EXT-01226,{น้ำท่วม},Bangkok Flood Report,ถนนสุขุมวิทหน้าธนาคารกรุงเทพ (สาขาสี่แยกบางนา) | รายละเอียด: ,,,"13.67374611,100.6074448",ถนนสุขุมวิทหน้าธนาคารกรุงเทพ (สาขาสี่แยกบางนา),,บางนา,กรุงเทพมหานคร,2025-11-23T22:42:47.327897,แก้ไขแล้วเสร็จบางส่วน,0,0,2025-11-23T22:42:47.328010
EXT-01227,{น้ำท่วม},Bangkok Flood Report,ถนนอุดมสุข จากถนนสุขุมวิท ถึงซอยอุดมสุข 8 | รายละเอียด: ,,,"13.67873287,100.6109695",ถนนอุดมสุข จากถนนสุขุมวิท ถึงซอยอุดมสุข 8,,บางนา,กรุงเทพมหานคร,2025-11-23T22:42:47.327897,แก้ไขแล้วเสร็จบางส่วน,0,0,2025-11-23T22:42:47.328010
EXT-01228,{น้ำท่วม},Bangkok Flood Report,ถนนศรีนครินทร์ บริเวณหน้าวัดศรีเอี่ยม | รายละเอียด: ,,,"13.66889,100.644516",ถนนศรีนครินทร์ บริเวณหน้าวัดศรีเอี่ยม,,บางนา,กรุงเทพมหานคร,2025-11-23T22:42:47.327897,แก้ไขแล้วเสร็จบางส่วน,0,0,2025-11-23T22:42:47.328010
EXT-01229,{น้ำท่วม},Bangkok Flood Report,ถนนทางรถไฟสายเก่า (หน้าโรงพยาบาลทหารเรือกรุงเทพ) | รายละเอียด: ,,,"13.66918373,100.5915146",ถนนทางรถไฟสายเก่า (หน้าโรงพยาบาลทหารเรือกรุงเทพ),,บางนา,กรุงเทพมหานคร,2025-11-23T22:42:47.327897,แก้ไขแล้วเสร็จ,0,0,2025-11-23T22:42:47.328010
EXT-01230,{น้ำท่วม},Bangkok Flood Report,ถนนแบริ่ง จากถนนสุขุมวิทถึงสุดเขตกรุงเทพมหานคร | รายละเอียด: ,,,"13.65856457,100.6014023",ถนนแบริ่ง จากถนนสุขุมวิทถึงสุดเขตกรุงเทพมหานคร,,บางนา,กรุงเทพมหานคร,2025-11-23T22:42:47.327897,แก้ไขแล้วเสร็จบางส่วน,0,0,2025-11-23T22:42:47.328010
EXT-01231,{น้ำท่วม},Bangkok Flood Report,ถนนประชาอุทิศ จากตลองรางตรง ถึงคลองรางจาก | รายละเอียด: ,,,"13.6282692,100.5047073",ถนนประชาอุทิศ จากตลองรางตรง ถึงคลองรางจาก,,ทุ่งครุ,กรุงเทพมหานคร,2025-11-23T22:42:47.327897,แก้ไขแล้วเสร็จ,0,0,2025-11-23T22:42:47.328010
EXT-01232,{น้ำท่วม},Bangkok Flood Report,ถนนเอกชัย หน้าห้างบิ๊กซีสาขาบางบอน (ช่วงซอยเอกชัย 58 - 60) | รายละเอียด: ,,,"13.67935085,100.4354477",ถนนเอกชัย หน้าห้างบิ๊กซีสาขาบางบอน (ช่วงซอยเอกชัย 58 - 60),,บางบอน,กรุงเทพมหานคร,2025-11-23T22:42:47.327897,แก้ไขแล้วเสร็จบางส่วน,0,0,2025-11-23T22:42:47.328010
EXT-01233,{น้ำท่วม},Bangkok Flood Report,ถนนบางบอน 1 จากช่วงหน้าตลาดบางบอน ขาเข้า ถึงทางเข้าตลาดบางบอน | รายละเอียด: ,,,"13.67497635,100.4269333",ถนนบางบอน 1 จากช่วงหน้าตลาดบางบอน ขาเข้า ถึงทางเข้าตลาดบางบอน,,บางบอน,กรุงเทพมหานคร,2025-11-23T22:42:47.327897,แก้ไขแล้วเสร็จ,0,0,2025-11-23T22:42:47.328010
EXT-01234,{น้ำท่วม},Bangkok Flood Report,ถนนเอกชัย จากช่วงหน้าปั้มน้ำมันเอสโซ่ (ซอยเอกชัย 62) | รายละเอียด: ,,,"13.67750263,100.4320602",ถนนเอกชัย จากช่วงหน้าปั้มน้ำมันเอสโซ่ (ซอยเอกชัย 62),,บางบอน,กรุงเทพมหานคร,2025-11-23T22:42:47.327897,อยู่ระหว่างดำเนินการแก้ไข,0,0,2025-11-23T22:42:47.328010
EXT-01235,{น้ำท่วม},Bangkok Flood Report,ซอยประชาราษฎร์ สาย 1 ซอย 1 ถึงซอย 11 | รายละเอียด: น้ำรั่วจากเขื่อน คสล. ริมแม่น้ำเจ้าพระยาแนวทางแก้ไข - ปรับปรุงแนวป้องกันน้ำท่วมริมแม่น้ำเจ้าพระยาซอยประชาราษฏ์สาย 1 ซอย 1 ถึงซอย 11,,,"13.80435371,100.5188217",ซอยประชาราษฎร์ สาย 1 ซอย 1 ถึงซอย 11,,บางซื่อ,กรุงเทพมหานคร,2025-11-23T22:42:47.327897,แก้ไขแล้วเสร็จ,0,0,2025-11-23T22:42:47.328010
EXT-01236,{น้ำท่วม},Bangkok Flood Report,ซอยประชาราษฎร์ สาย 1 ซอย 19 | รายละเอียด: น้ำรั่วจากเขื่อน คสล. ริมแม่น้ำเจ้าพระยาแนวทางแก้ไข,,,"13.80869484,100.518692",ซอยประชาราษฎร์ สาย 1 ซอย 19,,บางซื่อ,กรุงเทพมหานคร,2025-11-23T22:42:47.327897,แก้ไขแล้วเสร็จ,0,0,2025-11-23T22:42:47.328010
EXT-01237,{น้ำท่วม},Bangkok Flood Report,เขื่อนริมแม่น้ำเจ้าพระยาชำรุดบริเวณฯซอยสามเสน 21 | รายละเอียด: เขื่อนริมแม่น้ำชำรุด,,,"13.79007626,100.5109634",เขื่อนริมแม่น้ำเจ้าพระยาชำรุดบริเวณฯซอยสามเสน 21,,ดุสิต,กรุงเทพมหานคร,2025-11-23T22:42:47.327897,แก้ไขแล้วเสร็จ,0,0,2025-11-23T22:42:47.328010
EXT-01238,{น้ำท่วม},Bangkok Flood Report,เขื่อนริมแม่น้ำเจ้าพระยาชำรุดท้ายซอยดาวข่าง | รายละเอียด: เขื่อนริมแม่น้ำเจ้าพระยาชำรุดโครงการ : งานปรับปรุงแนวป้องกันน้ำท่วมริมแม่น้ำเจ้าพระยาบริเวณท้ายซอยดาวข่าง,,,"13.78451633,100.5059204",เขื่อนริมแม่น้ำเจ้าพระยาชำรุดท้ายซอยดาวข่าง,,ดุสิต,กรุงเทพมหานคร,2025-11-23T22:42:47.327897,แก้ไขแล้วเสร็จ,0,0,2025-11-23T22:42:47.328010
EXT-01239,{น้ำท่วม},Bangkok Flood Report,เขื่อนริมแม่น้ำเจ้าพระยาชำรุด ท้ายซอย สามเสน 13 | รายละเอียด: เขื่อนริมแม่น้ำเจ้าพระยาชำรุด ท้ายซอย สามเสน 13 งานปรับปรุงแนวป้องกันน้ำท่วมริมแม่น้ำเจ้าพระยาบริเวณท้ายซอยสามเสน 13,,,"13.77682781,100.5025787",เขื่อนริมแม่น้ำเจ้าพระยาชำรุด ท้ายซอย สามเสน 13,,ดุสิต,กรุงเทพมหานคร,2025-11-23T22:42:47.327897,แก้ไขแล้วเสร็จ,0,0,2025-11-23T22:42:47.328010
EXT-01240,{น้ำท่วม},Bangkok Flood Report,แนวเขื่อนหลังวัดสร้อยทอง | รายละเอียด: น้ำรั่วจากเขื่อน คสล. ริมแม่น้ำเจ้าพระยาแนวทางแก้ไข,,,"13.81260109,100.5174255",แนวเขื่อนหลังวัดสร้อยทอง,,บางซื่อ,กรุงเทพมหานคร,2025-11-23T22:42:47.327897,แก้ไขแล้วเสร็จ,0,0,2025-11-23T22:42:47.328010
EXT-01241,{น้ำท่วม},Bangkok Flood Report,เขื่อนริมแม่น้ำเจ้าพระยาชำรุดบริเวณชุมชนท่าวัง | รายละเอียด: เขื่อนริมแม่น้ำเจ้าพระยาชำรุดบริเวณชุมชนท่าวัง,,,"13.75373173,100.488533",เขื่อนริมแม่น้ำเจ้าพระยาชำรุดบริเวณชุมชนท่าวัง,,พระนคร,กรุงเทพมหานคร,2025-11-23T22:42:47.327897,มีมาตรการเร่งด่วน,0,0,2025-11-23T22:42:47.328010
EXT-01242,{น้ำท่วม},Bangkok Flood Report,เขื่อนริมแม่น้ำเจ้าพระยาชำรุดจากโรงเรียนราชินีถึงวังจักรพงษ์ (โรงเรียนราชินี) | รายละเอียด: เขื่อนริมแม่น้ำเจ้าพระยาชำรุดจากโรงเรียนราชินีถึงวังจักรพงษ์ (โรงเรียนราชินี),,,"13.74327183,100.4924469",เขื่อนริมแม่น้ำเจ้าพระยาชำรุดจากโรงเรียนราชินีถึงวังจักรพงษ์ (โรงเรียนราชินี),,พระนคร,กรุงเทพมหานคร,2025-11-23T22:42:47.327897,แก้ไขแล้วเสร็จ,0,0,2025-11-23T22:42:47.328010
EXT-01243,{น้ำท่วม},Bangkok Flood Report,เขื่อนริมแม่น้ำเจ้าพระยาชำรุดบริเวณชุมชนท่าเตียน | รายละเอียด: เขื่อนริมแม่น้ำเจ้าพระยาชำรุดบริเวณชุมชนท่าเตียนโครงการ : ปรุงปรุงแนวป้องกันน้ำท่วมริมแม่น้ำเจ้าพระยาชำรุดบริเวณชุมชนท่าเตียน,,,"13.74599266,100.4901581",เขื่อนริมแม่น้ำเจ้าพระยาชำรุดบริเวณชุมชนท่าเตียน,,พระนคร,กรุงเทพมหานคร,2025-11-23T22:42:47.327897,อยู่ระหว่างดำเนินการแก้ไข,0,0,2025-11-23T22:42:47.328010
EXT-01244,{น้ำท่วม},Bangkok Flood Report,ปรับปรุงแนวป้องกันน้ำท่วมริมม้ำเจ้าพระยาบริเวณสำนักงานพัฒนาระบบข้าราชการ | รายละเอียด: เขื่อนริมแม่น้ำเจ้าพระยาบริเวณสำนักงานพัฒนาระบบข้าราชการ (ปลายซอยสามเสน 3) ,,,"13.76640415,100.496788",ปรับปรุงแนวป้องกันน้ำท่วมริมม้ำเจ้าพระยาบริเวณสำนักงานพัฒนาระบบข้าราชการ,,พระนคร,กรุงเทพมหานคร,2025-11-23T22:42:47.327897,แก้ไขแล้วเสร็จ,0,0,2025-11-23T22:42:47.328010
EXT-01245,{น้ำท่วม},Bangkok Flood Report,สวนสาธารณะเฉลิมพระเกียรติ 6 รอบ พระชนมพรรษา | รายละเอียด: ได้รับผลกระทบจากน้ำทะเลหนุนสูง ล้นทะลักเข้าถนนพระรามที่ 3,,,"13.68521976,100.5171051",สวนสาธารณะเฉลิมพระเกียรติ 6 รอบ พระชนมพรรษา,,บางคอแหลม,กรุงเทพมหานคร,2025-11-23T22:42:47.327897,มีมาตรการเร่งด่วน,0,0,2025-11-23T22:42:47.328010
EXT-01246,{น้ำท่วม},Bangkok Flood Report,แนวเขื่อนฟันหลอ บริเวณริมแม่น้ำเจ้าพระยา เลียบถนน ทรงวาด | รายละเอียด: ได้รับผลกระทบจากน้ำเหนือและน้ำทะเลหนุน เนื่องจากเเนวฟันหลอ บริเวณริมแม่น้ำเจ้าพระยา เลียบถนน ทรงวาด,,,"13.73739719,100.5074463",แนวเขื่อนฟันหลอ บริเวณริมแม่น้ำเจ้าพระยา เลียบถนน ทรงวาด,,สัมพันธวงศ์,กรุงเทพมหานคร,2025-11-23T22:42:47.327897,แก้ไขแล้วเสร็จ,0,0,2025-11-23T22:42:47.328010
EXT-01247,{น้ำท่วม},Bangkok Flood Report,ซอย พระรามที่ 3 ซอย 24 | รายละเอียด: ได้รับผลกระทบจากน้ำทะเลหนุนสูง มีน้ำท่วมขังสูงประมาณ 0.20 - 0.30 ม. ระยะทางประมาณ 300 ม.,,,"13.68592834,100.5153732",ซอย พระรามที่ 3 ซอย 24,,บางคอแหลม,กรุงเทพมหานคร,2025-11-23T22:42:47.327897,แก้ไขแล้วเสร็จ,0,0,2025-11-23T22:42:47.328010
EXT-01248,{น้ำท่วม},Bangkok Flood Report,ถนนพระรามที่ 3 ซอย 16 (ร้านอาหารบ้านกลางน้ำ) | รายละเอียด: ได้รับผลกระทบจากน้ำทะเลหนุนสูง มีน้ำท่วมขังสูงประมาณ 0.20 - 0.30 ม. ระยะทางประมาณ 300 ม.,,,"13.68811131,100.5020447",ถนนพระรามที่ 3 ซอย 16 (ร้านอาหารบ้านกลางน้ำ),,บางคอแหลม,กรุงเทพมหานคร,2025-11-23T22:42:47.327897,อยู่ระหว่างดำเนินการแก้ไข,0,0,2025-11-23T22:42:47.328010
EXT-01249,{น้ำท่วม},Bangkok Flood Report,จุดกลับรถใต้สะพานกรุงเทพ | รายละเอียด: ได้รับผลกระทบจากน้ำทะเลหนุนสูง ล้นทะลักเข้าถนนกลับรถ,,,"13.70029354,100.493866",จุดกลับรถใต้สะพานกรุงเทพ,,บางคอแหลม,กรุงเทพมหานคร,2025-11-23T22:42:47.327897,มีมาตรการเร่งด่วน,0,0,2025-11-23T22:42:47.328010
EXT-01250,{น้ำท่วม},Bangkok Flood Report,ซอยเจริญกรุง 80 (โรงเลื่อยจักรแสงทอง) | รายละเอียด: ได้รับผลกระทบจากน้ำทะเลหนุนสูง ล้นทะลักเข้าซอยเจริญกรุง 80,,,"13.70139408,100.4958267",ซอยเจริญกรุง 80 (โรงเลื่อยจักรแสงทอง),,บางคอแหลม,กรุงเทพมหานคร,2025-11-23T22:42:47.327897,แก้ไขแล้วเสร็จ,0,0,2025-11-23T22:42:47.328010
EXT-01251,{น้ำท่วม},Bangkok Flood Report,ซอยเจริญกรุง 80 (โรงงานเจ - แฟค จำกัด) | รายละเอียด: ได้รับผลกระทบจากน้ำทะเลหนุนสูง ล้นทะลักเข้าซอยเจริญกรุง 80,,,"13.70077705,100.4948273",ซอยเจริญกรุง 80 (โรงงานเจ - แฟค จำกัด),,บางคอแหลม,กรุงเทพมหานคร,2025-11-23T22:42:47.327897,แก้ไขแล้วเสร็จ,0,0,2025-11-23T22:42:47.328010
EXT-01252,{น้ำท่วม},Bangkok Flood Report,ท่าเรือวัดม่วงแค | รายละเอียด: ได้รับผลกระทบจากน้ำเหนือและน้ำทะเลหนุนจากแนวฟันหลอริมแม่น้ำ,,,"13.72624874,100.5136261",ท่าเรือวัดม่วงแค,,บางรัก,กรุงเทพมหานคร,2025-11-23T22:42:47.327897,แก้ไขแล้วเสร็จ,0,0,2025-11-23T22:42:47.328010
EXT-01253,{น้ำท่วม},Bangkok Flood Report,สุสานโปรแตสแตน (ถนนเจริญกรุง) | รายละเอียด: ได้รับผลกระทบจากน้ำทะเลหนุนสูง ล้นทะลักเข้าถนนเจริญกรุง,,,"13.70696545,100.504509",สุสานโปรแตสแตน (ถนนเจริญกรุง),,บางคอแหลม,กรุงเทพมหานคร,2025-11-23T22:42:47.327897,แก้ไขแล้วเสร็จ,0,0,2025-11-23T22:42:47.328010
EXT-01254,{น้ำท่วม},Bangkok Flood Report,ท่าเรือสี่พระยา | รายละเอียด: ได้รับผลกระทบจากน้ำเหนือไหลหลากและน้ำทะเลหนุนน้ำจะไหลผ่านแนวฟันหลอ จะไหลซึมบริเวณทางเดิน,,,"13.72859287,100.5131683",ท่าเรือสี่พระยา,,บางรัก,กรุงเทพมหานคร,2025-11-23T22:42:47.327897,แก้ไขแล้วเสร็จ,0,0,2025-11-23T22:42:47.328010
EXT-01255,{น้ำท่วม},Bangkok Flood Report,ชุมชนโรงงานแบตเตอรี่ทหาร | รายละเอียด: พื้นที่อยู่ในคันป้องกันน้ำท่วม กทม. ระดับน้ำหนุนสูงซึมผ่านคันป้องกันน้ำท่วม กทม.เข้าบริเวณท่อระบายน้ำชุมชนโรงงานแบตเตอรี่ทหาร,,,"13.67396259,100.5855103",ชุมชนโรงงานแบตเตอรี่ทหาร,,บางนา,กรุงเทพมหานคร,2025-11-23T22:42:47.327897,อยู่ระหว่างดำเนินการแก้ไข,0,0,2025-11-23T22:42:47.328010
EXT-01256,{น้ำท่วม},Bangkok Flood Report,ท่าน้ำวัดบางนานอก (ช่วงจากถนนสรรพาวุธถึงท่าน้ำวัดบางนานอก) | รายละเอียด: พื้นที่อยู่ในคันป้องกันน้ำท่วม กทม. ระดับน้ำหนุนสูงซึมผ่านคันป้องกันน้ำท่วม กทม.เข้าบริเวณท่อระบายน้ำท่าน้ำวัดบางนานอก,,,"13.67686844,100.5877838",ท่าน้ำวัดบางนานอก (ช่วงจากถนนสรรพาวุธถึงท่าน้ำวัดบางนานอก),,บางนา,กรุงเทพมหานคร,2025-11-23T22:42:47.327897,อยู่ระหว่างดำเนินการแก้ไข,0,0,2025-11-23T22:42:47.328010
EXT-01257,{น้ำท่วม},Bangkok Flood Report,พระราม 3 ซอย 26 | รายละเอียด: ยกเลิกเนื่องจากบริษัทเอกชนเข้าไปปรับปรุงพื้นที่,,,"13.68303204,100.5206451",พระราม 3 ซอย 26,,ยานนาวา,กรุงเทพมหานคร,2025-11-23T22:42:47.327897,อยู่ระหว่างดำเนินการแก้ไข,0,0,2025-11-23T22:42:47.328010
EXT-01258,{น้ำท่วม},Bangkok Flood Report,บริเวณคอนโด เดอะ วอเตอร์ฟอร์ด สุขุมวิท 50 ถึงสถานีสูบน้ำคลองยายล้อม | รายละเอียด: พื้นที่อยู่ในคันป้องกันน้ำท่วม กทม. ระดับน้ำหนุนสูงซึมผ่านคันป้องกันน้ำท่วม,,,"13.70893764,100.5940552",บริเวณคอนโด เดอะ วอเตอร์ฟอร์ด สุขุมวิท 50 ถึงสถานีสูบน้ำคลองยายล้อม,,คลองเตย,กรุงเทพมหานคร,2025-11-23T22:42:47.327897,อยู่ระหว่างดำเนินการแก้ไข,0,0,2025-11-23T22:42:47.328010
EXT-01259,{น้ำท่วม},Bangkok Flood Report,พระราม 3 ซอย 52- 56 | รายละเอียด: แนวริมแม่น้ำเจ้าพระยา (น้ำเหนือ/น้ำหนุน),,,"13.68780231,100.5507507",พระราม 3 ซอย 52- 56,,ยานนาวา,กรุงเทพมหานคร,2025-11-23T22:42:47.327897,อยู่ระหว่างดำเนินการแก้ไข,0,0,2025-11-23T22:42:47.328010
EXT-01260,{น้ำท่วม},Bangkok Flood Report,บริเวณปลายซอยราษฎร์บูรณะ 11 | รายละเอียด: แนวป้องกันน้ำท่วมรั่วซึม,,,"13.6913147,100.4902344",บริเวณปลายซอยราษฎร์บูรณะ 11,,ราษฎร์บูรณะ,กรุงเทพมหานคร,2025-11-23T22:42:47.327897,แก้ไขแล้วเสร็จ,0,0,2025-11-23T22:42:47.328010
EXT-01261,{น้ำท่วม},Bangkok Flood Report,บริเวณโกดังบริษัท แสงทองค้าข้าว จำกัด | รายละเอียด: แนวฟันหลอริมแม่น้ำเจ้าพระยา,,,"13.68478489,100.5016556",บริเวณโกดังบริษัท แสงทองค้าข้าว จำกัด,,ราษฎร์บูรณะ,กรุงเทพมหานคร,2025-11-23T22:42:47.327897,แก้ไขแล้วเสร็จ,0,0,2025-11-23T22:42:47.328010
EXT-01262,{น้ำท่วม},Bangkok Flood Report,บริเวณท่าดินแดง | รายละเอียด: แนวป้องกันน้ำท่วมรั่วซึม,,,"13.73684502,100.5033722",บริเวณท่าดินแดง,,คลองสาน,กรุงเทพมหานคร,2025-11-23T22:42:47.327897,แก้ไขแล้วเสร็จ,0,0,2025-11-23T22:42:47.328010
EXT-01263,{น้ำท่วม},Bangkok Flood Report,ปลายลำกระโดงซอยสมเด็จเจ้าพระยา 17 | รายละเอียด: ช่องประตูระบายน้ำ,,,"13.73229027,100.5103607",ปลายลำกระโดงซอยสมเด็จเจ้าพระยา 17,,คลองสาน,กรุงเทพมหานคร,2025-11-23T22:42:47.327897,แก้ไขแล้วเสร็จ,0,0,2025-11-23T22:42:47.328010
EXT-01264,{น้ำท่วม},Bangkok Flood Report,บริเวณทางเดินท่าเรือปากคลองสาน และ ซอยเจริญนคร 3 (ท้ายคลองเทพา) | รายละเอียด: เป็นทางเดินเลียบคลอง,,,"13.72920132,100.5114365",บริเวณทางเดินท่าเรือปากคลองสาน และ ซอยเจริญนคร 3 (ท้ายคลองเทพา),,คลองสาน,กรุงเทพมหานคร,2025-11-23T22:42:47.327897,อยู่ระหว่างดำเนินการแก้ไข,0,0,2025-11-23T22:42:47.328010
EXT-01265,{น้ำท่วม},Bangkok Flood Report,บริเวณท่าเรือวัดสุวรรณ เจริญนคร 9 | รายละเอียด: ช่องท่าเรือเอกชน,,,"13.7239933,100.5117493",บริเวณท่าเรือวัดสุวรรณ เจริญนคร 9,,คลองสาน,กรุงเทพมหานคร,2025-11-23T22:42:47.327897,แก้ไขแล้วเสร็จ,0,0,2025-11-23T22:42:47.328010
EXT-01266,{น้ำท่วม},Bangkok Flood Report,บริเวณท่าเรือแกรด์เพิร์ล ซอยเจริญนคร 13 | รายละเอียด: ช่องท่าเรือเอกชน,,,"13.72168446,100.511528",บริเวณท่าเรือแกรด์เพิร์ล ซอยเจริญนคร 13,,คลองสาน,กรุงเทพมหานคร,2025-11-23T22:42:47.327897,แก้ไขแล้วเสร็จ,0,0,2025-11-23T22:42:47.328010
EXT-01267,{น้ำท่วม},Bangkok Flood Report,บริเวณท่าเรือเศวตฉัตร | รายละเอียด: แนวป้องกันน้ำท่วมรั่วซึม,,,"13.71281242,100.5070419",บริเวณท่าเรือเศวตฉัตร,,คลองสาน,กรุงเทพมหานคร,2025-11-23T22:42:47.327897,มีมาตรการเร่งด่วน,0,0,2025-11-23T22:42:47.328010
EXT-01268,{น้ำท่วม},Bangkok Flood Report,"ท่าเรือกินซ่า ซอยเจริญนคร 35, 37 และบริเวณบ้านเลขที่ 1575/37 ซอยเจริญนคร 35-37 | รายละเอียด: แนวป้องกันน้ำท่วมรั่วซึม",,,"13.71016598,100.5040512","ท่าเรือกินซ่า ซอยเจริญนคร 35, 37 และบริเวณบ้านเลขที่ 1575/37 ซอยเจริญนคร 35-37",,คลองสาน,กรุงเทพมหานคร,2025-11-23T22:42:47.327897,แก้ไขแล้วเสร็จ,0,0,2025-11-23T22:42:47.328010
EXT-01269,{น้ำท่วม},Bangkok Flood Report,บริเวณปลายซอยเจริญนคร 29/2 อู่เรือระหิน | รายละเอียด: แนวป้องกันน้ำท่วมรั่วซึม,,,"13.7113409,100.5055161",บริเวณปลายซอยเจริญนคร 29/2 อู่เรือระหิน,,คลองสาน,กรุงเทพมหานคร,2025-11-23T22:42:47.327897,แก้ไขแล้วเสร็จ,0,0,2025-11-23T22:42:47.328010
EXT-01270,{น้ำท่วม},Bangkok Flood Report,บริเวณโรงเหล็ก ซอยเจริญนคร 39 | รายละเอียด: ช่องอู่ต่อเรือ,,,"13.70899487,100.5023422",บริเวณโรงเหล็ก ซอยเจริญนคร 39,,คลองสาน,กรุงเทพมหานคร,2025-11-23T22:42:47.327897,แก้ไขแล้วเสร็จ,0,0,2025-11-23T22:42:47.328010
EXT-01271,{น้ำท่วม},Bangkok Flood Report,ศาลเจ้าเกียนอันเกง แขวงวัดกัลยาณ์ และ โบสถ์ซางตาครู้ส แขวงวัดกัลยาณ์ | รายละเอียด: แนวป้องกันน้ำท่วมรั่วซึม,,,"13.739645,100.4941254",ศาลเจ้าเกียนอันเกง แขวงวัดกัลยาณ์ และ โบสถ์ซางตาครู้ส แขวงวัดกัลยาณ์,,ธนบุรี,กรุงเทพมหานคร,2025-11-23T22:42:47.327897,แก้ไขแล้วเสร็จ,0,0,2025-11-23T22:42:47.328010
EXT-01272,{น้ำท่วม},Bangkok Flood Report,ใต้สะพานพุทธยอดฟ้าจุฬาโลกมหาราช (แนวของ ทช.) | รายละเอียด: ช่องเปิดท่าเรือ เเละเป็นเเนวป้องกันน้ำท่วมของกรมทางหลวงชนบท,,,"13.73838615,100.4975204",ใต้สะพานพุทธยอดฟ้าจุฬาโลกมหาราช (แนวของ ทช.),,คลองสาน,กรุงเทพมหานคร,2025-11-23T22:42:47.327897,มีมาตรการเร่งด่วน,0,0,2025-11-23T22:42:47.328010
EXT-01273,{น้ำท่วม},Bangkok Flood Report,ทางกลับรถใต้สะพานกรุงเทพ | รายละเอียด: ช่องเปิดใต้สะพาน ของกรมทางหลวง,,,"13.70172501,100.4905396",ทางกลับรถใต้สะพานกรุงเทพ,,ธนบุรี,กรุงเทพมหานคร,2025-11-23T22:42:47.327897,มีมาตรการเร่งด่วน,0,0,2025-11-23T22:42:47.328010
EXT-01274,{น้ำท่วม},Bangkok Flood Report,บริเวณข้างวัดระฆังโฆสิตาราม | รายละเอียด: แนวฟันหลอริมแม่น้ำเจ้าพระยา,,,"13.7520752,100.4865341",บริเวณข้างวัดระฆังโฆสิตาราม,,บางกอกน้อย,กรุงเทพมหานคร,2025-11-23T22:42:47.327897,แก้ไขแล้วเสร็จ,0,0,2025-11-23T22:42:47.328010
EXT-01275,{น้ำท่วม},Bangkok Flood Report,คลังสินค้าธนบุรี อุงค์การคลังสินค้าแขวงบุคคโล | รายละเอียด: แนวฟันหลอริมแม่น้ำเจ้าพระยา,,,"13.69761372,100.4889221",คลังสินค้าธนบุรี อุงค์การคลังสินค้าแขวงบุคคโล,,ธนบุรี,กรุงเทพมหานคร,2025-11-23T22:42:47.327897,แก้ไขแล้วเสร็จ,0,0,2025-11-23T22:42:47.328010
EXT-01276,{น้ำท่วม},Bangkok Flood Report,อู่เรือกัปตัน (ท่าเรือเอกชน) | รายละเอียด: แนวฟันหลอริมแม่น้ำเจ้าพระยา,,,"13.76185131,100.4892502",อู่เรือกัปตัน (ท่าเรือเอกชน),,บางกอกน้อย,กรุงเทพมหานคร,2025-11-23T22:42:47.327897,อยู่ระหว่างดำเนินการแก้ไข,0,0,2025-11-23T22:42:47.328010
EXT-01277,{น้ำท่วม},Bangkok Flood Report,วัดสุวรรณาราม (เขตเก่า) และชุมชนบ้านบุ | รายละเอียด: แนวฟันหลอริมแม่น้ำเจ้าพระยา,,,"13.76264191,100.4789276",วัดสุวรรณาราม (เขตเก่า) และชุมชนบ้านบุ,,บางกอกน้อย,กรุงเทพมหานคร,2025-11-23T22:42:47.327897,แก้ไขแล้วเสร็จ,0,0,2025-11-23T22:42:47.328010
EXT-01278,{น้ำท่วม},Bangkok Flood Report,บริเวณปากคลองชักพระ | รายละเอียด: แนวป้องกันน้ำท่วมรั่วซึม,,,"13.77944565,100.4675446",บริเวณปากคลองชักพระ,,บางกอกน้อย,กรุงเทพมหานคร,2025-11-23T22:42:47.327897,แก้ไขแล้วเสร็จ,0,0,2025-11-23T22:42:47.328010
EXT-01279,{น้ำท่วม},Bangkok Flood Report,บริเวณชุมชนวัดสุวรรณคีรี | รายละเอียด: แนวป้องกันน้ำท่วมรั่วซึม,,,"13.77997684,100.467598",บริเวณชุมชนวัดสุวรรณคีรี,,บางกอกน้อย,กรุงเทพมหานคร,2025-11-23T22:42:47.327897,แก้ไขแล้วเสร็จ,0,0,2025-11-23T22:42:47.328010
EXT-01280,{น้ำท่วม},Bangkok Flood Report,ชุนวังหลัง | รายละเอียด: รั่วซึมริมแม่น้ำเจ้าพระยา,,,"13.75456715,100.4866486",ชุนวังหลัง,,บางกอกน้อย,กรุงเทพมหานคร,2025-11-23T22:42:47.327897,แก้ไขแล้วเสร็จ,0,0,2025-11-23T22:42:47.328010
EXT-01281,{น้ำท่วม},Bangkok Flood Report,โรงเลื่อยไทยยูเนี่ยน | รายละเอียด: แนวฟันหลอริมแม่น้ำเจ้าพระยา,,,"13.810359,100.5157623",โรงเลื่อยไทยยูเนี่ยน,,บางพลัด,กรุงเทพมหานคร,2025-11-23T22:42:47.327897,แก้ไขแล้วเสร็จ,0,0,2025-11-23T22:42:47.328010
EXT-01282,{น้ำท่วม},Bangkok Flood Report,มัสยิดดารุลอิหฺซาน - ท่าเรือวัดฉัตร | รายละเอียด: แนวฟันหลอริมแม่น้ำเจ้าพระยา,,,"13.80289268,100.515892",มัสยิดดารุลอิหฺซาน - ท่าเรือวัดฉัตร,,บางพลัด,กรุงเทพมหานคร,2025-11-23T22:42:47.327897,แก้ไขแล้วเสร็จ,0,0,2025-11-23T22:42:47.328010
EXT-01283,{น้ำท่วม},Bangkok Flood Report,ท่าเรือวัดอาวุธวิกสิตารม | รายละเอียด: แนวป้องกันน้ำท่วมรั่วซึม,,,"13.78947639,100.5068588",ท่าเรือวัดอาวุธวิกสิตารม,,บางพลัด,กรุงเทพมหานคร,2025-11-23T22:42:47.327897,อยู่ระหว่างดำเนินการแก้ไข,0,0,2025-11-23T22:42:47.328010
EXT-01284,{น้ำท่วม},Bangkok Flood Report,ท่าเรือวัดเทพากร | รายละเอียด: แนวป้องกันน้ำท่วมรั่วซึม,,,"13.78560257,100.5033798",ท่าเรือวัดเทพากร,,บางพลัด,กรุงเทพมหานคร,2025-11-23T22:42:47.327897,อยู่ระหว่างดำเนินการแก้ไข,0,0,2025-11-23T22:42:47.328010
EXT-01285,{น้ำท่วม},Bangkok Flood Report,ท่าเรือวัดเทพนารี | รายละเอียด: ได้รับผลกระทบจากน้ำเหนือและน้ำทะเลหนุนเนื่องจากแนวป้องกันน้ำท่วมของกทม. ชำรุดและแนวป้องกันของเอกชนชำรุดเกิดเเนวฟันหลอริมแม่น้ำเจ้าพระยา,,,"13.78407001,100.502327",ท่าเรือวัดเทพนารี,,บางพลัด,กรุงเทพมหานคร,2025-11-23T22:42:47.327897,แก้ไขแล้วเสร็จ,0,0,2025-11-23T22:42:47.328010
EXT-01286,{น้ำท่วม},Bangkok Flood Report,ร้านอาหารริเวอร์ บาร์ | รายละเอียด: แนวฟันหลอริมแม่น้ำเจ้าพระยา,,,"13.78224754,100.5012894",ร้านอาหารริเวอร์ บาร์,,บางพลัด,กรุงเทพมหานคร,2025-11-23T22:42:47.327897,แก้ไขแล้วเสร็จ,0,0,2025-11-23T22:42:47.328010
EXT-01287,{น้ำท่วม},Bangkok Flood Report,อู่เรือ บ.สุภัทรา จรัญสนิทวงศ์ 46 | รายละเอียด: แนวป้องกันน้ำท่วมรั่วซึม,,,"13.77624512,100.4987335",อู่เรือ บ.สุภัทรา จรัญสนิทวงศ์ 46,,บางพลัด,กรุงเทพมหานคร,2025-11-23T22:42:47.327897,อยู่ระหว่างดำเนินการแก้ไข,0,0,2025-11-23T22:42:47.328010
EXT-01288,{น้ำท่วม},Bangkok Flood Report,อู่เรือธนาคารกรุงเทพ/อู่เรือธนาคารออมสิน | รายละเอียด: เเนวของเอกชนหรือหน่วยงานราชการ,,,"13.76433468,100.4921341",อู่เรือธนาคารกรุงเทพ/อู่เรือธนาคารออมสิน,,บางพลัด,กรุงเทพมหานคร,2025-11-23T22:42:47.327897,มีมาตรการเร่งด่วน,0,0,2025-11-23T22:42:47.328010
EXT-01289,{น้ำท่วม},Bangkok Flood Report,วัดวิมุตยาราม | รายละเอียด: แนวฟันหลอริมแม่น้ำเจ้าพระยา,,,"13.81173134,100.5148392",วัดวิมุตยาราม,,บางพลัด,กรุงเทพมหานคร,2025-11-23T22:42:47.327897,แก้ไขแล้วเสร็จ,0,0,2025-11-23T22:42:47.328010
EXT-01290,{น้ำท่วม},Bangkok Flood Report,ซอยจรัญสนิทวงศ์ 92 | รายละเอียด: แนวป้องกันน้ำท่วมรั่วซึม,,,"13.79970551,100.5148773",ซอยจรัญสนิทวงศ์ 92,,บางพลัด,กรุงเทพมหานคร,2025-11-23T22:42:47.327897,แก้ไขแล้วเสร็จ,0,0,2025-11-23T22:42:47.328010
EXT-01291,{น้ำท่วม},Bangkok Flood Report,ท่าเรือพระปิ่นเกล้า | รายละเอียด: เเนวของเอกชนหรือหน่วยงานราชการ,,,"13.76282215,100.490036",ท่าเรือพระปิ่นเกล้า,,บางพลัด,กรุงเทพมหานคร,2025-11-23T22:42:47.327897,แก้ไขแล้วเสร็จ,0,0,2025-11-23T22:42:47.328010
EXT-01292,{น้ำท่วม},Bangkok Flood Report,วัดน้อยใน | รายละเอียด: แนวป้องกันน้ำท่วมรั่วซึม,,,"13.79164305,100.4668225",วัดน้อยใน,,ตลิ่งชัน,กรุงเทพมหานคร,2025-11-23T22:42:47.327897,อยู่ระหว่างดำเนินการแก้ไข,0,0,2025-11-23T22:42:47.328010
EXT-01293,{น้ำท่วม},Bangkok Flood Report,ท่าเรือวัดดาวดึงษาราม | รายละเอียด: แนวป้องกันน้ำท่วมรั่วซึม,,,"13.76547337,100.4933853",ท่าเรือวัดดาวดึงษาราม,,บางพลัด,กรุงเทพมหานคร,2025-11-23T22:42:47.327897,มีมาตรการเร่งด่วน,0,0,2025-11-23T22:42:47.328010
EXT-01294,{น้ำท่วม},Bangkok Flood Report,ซอยชัยพฤกษ์ 33 โรงน้ำแข็ง | รายละเอียด: แนวป้องกันน้ำท่วมรั่วซึม,,,"13.79696465,100.4641037",ซอยชัยพฤกษ์ 33 โรงน้ำแข็ง,,บางกอกน้อย,กรุงเทพมหานคร,2025-11-23T22:42:47.327897,อยู่ระหว่างดำเนินการแก้ไข,0,0,2025-11-23T22:42:47.328010
EXT-01295,{น้ำท่วม},Bangkok Flood Report,ซอยชัยพฤกษ์ 16 | รายละเอียด: แนวป้องกันน้ำท่วมรั่วซึม,,,"13.78981781,100.4663315",ซอยชัยพฤกษ์ 16,,ตลิ่งชัน,กรุงเทพมหานคร,2025-11-23T22:42:47.327897,แก้ไขแล้วเสร็จ,0,0,2025-11-23T22:42:47.328010
EXT-01296,{น้ำท่วม},Bangkok Flood Report,สวนผัก 8 และ สวนผัก 6 | รายละเอียด: แนวป้องกันน้ำท่วมรั่วซึม,,,"13.79817104,100.4573135",สวนผัก 8 และ สวนผัก 6,,ตลิ่งชัน,กรุงเทพมหานคร,2025-11-23T22:42:47.327897,อยู่ระหว่างดำเนินการแก้ไข,0,0,2025-11-23T22:42:47.328010
EXT-01297,{น้ำท่วม},Bangkok Flood Report,วัดไก่เตี้ย โรงเรียนวัดไก่เตี้ย และ ศาลเจ้าแม่ทับทิมซอยชัยพฤกษ์ 2 | รายละเอียด: แนวป้องกันน้ำท่วมรั่วซึม,,,"13.78310966,100.4661484",วัดไก่เตี้ย โรงเรียนวัดไก่เตี้ย และ ศาลเจ้าแม่ทับทิมซอยชัยพฤกษ์ 2,,ตลิ่งชัน,กรุงเทพมหานคร,2025-11-23T22:42:47.327897,อยู่ระหว่างดำเนินการแก้ไข,0,0,2025-11-23T22:42:47.328010
EXT-01298,{น้ำท่วม},Bangkok Flood Report,บริเวณบ้านเคียงศิริ | รายละเอียด: แนวป้องกันน้ำท่วมรั่วซึม,,,"13.73422909,100.5091782",บริเวณบ้านเคียงศิริ,,คลองสาน,กรุงเทพมหานคร,2025-11-23T22:42:47.327897,แก้ไขแล้วเสร็จ,0,0,2025-11-23T22:42:47.328010
EXT-01299,{น้ำท่วม},Bangkok Flood Report,ท่าเรือวัดทองนพคุณ | รายละเอียด: ช่องท่าเรือ,,,"13.73403072,100.5092773",ท่าเรือวัดทองนพคุณ,,คลองสาน,กรุงเทพมหานคร,2025-11-23T22:42:47.327897,แก้ไขแล้วเสร็จ,0,0,2025-11-23T22:42:47.328010
EXT-01300,{น้ำท่วม},Bangkok Flood Report,วัดเทพากร | รายละเอียด: แนวป้องกันน้ำท่วมรั่วซึม,,,"13.78713322,100.4656677",วัดเทพากร,,ตลิ่งชัน,กรุงเทพมหานคร,2025-11-23T22:42:47.327897,อยู่ระหว่างดำเนินการแก้ไข,0,0,2025-11-23T22:42:47.328010
EXT-01301,{น้ำท่วม},Bangkok Flood Report,ท่าเรือวัดทองธรรมชาติ และ ท่าน้ำสมาคม “เต็กก่า” จีจินเกาะ | รายละเอียด: แนวป้องกันน้ำท่วมรั่วซึม,,,"13.73492908,100.5082016",ท่าเรือวัดทองธรรมชาติ และ ท่าน้ำสมาคม “เต็กก่า” จีจินเกาะ,,คลองสาน,กรุงเทพมหานคร,2025-11-23T22:42:47.327897,อยู่ระหว่างดำเนินการแก้ไข,0,0,2025-11-23T22:42:47.328010
EXT-01302,{น้ำท่วม},Bangkok Flood Report,บ้านพักตำรวจน้ำ ซอยเจริญนคร 53 | รายละเอียด: เเนวของเอกชนหรือหน่วยงานราชการ,,,"13.72569561,100.5118484",บ้านพักตำรวจน้ำ ซอยเจริญนคร 53,,คลองสาน,กรุงเทพมหานคร,2025-11-23T22:42:47.327897,แก้ไขแล้วเสร็จ,0,0,2025-11-23T22:42:47.328010
EXT-01303,{น้ำท่วม},Bangkok Flood Report,ชุมชนบ้านปูน | รายละเอียด: แนวป้องกันน้ำท่วมรั่วซึม,,,"13.77169037,100.4969177",ชุมชนบ้านปูน,,บางพลัด,กรุงเทพมหานคร,2025-11-23T22:42:47.327897,แก้ไขแล้วเสร็จ,0,0,2025-11-23T22:42:47.328010
EXT-01304,{น้ำท่วม},Bangkok Flood Report,โรงเลื่อย ซอยจรัญสนิทวงศ์ 86/1 | รายละเอียด: แนวฟันหลอริมแม่น้ำเจ้าพระยา,,,"13.79544449,100.5123749",โรงเลื่อย ซอยจรัญสนิทวงศ์ 86/1,,บางพลัด,กรุงเทพมหานคร,2025-11-23T22:42:47.327897,อยู่ระหว่างดำเนินการแก้ไข,0,0,2025-11-23T22:42:47.328010
EXT-01305,{น้ำท่วม},Bangkok Flood Report,บริเวณสวนสาธารณะใต้สะพานพระราม 7 | รายละเอียด: เเนวของเอกชนหรือหน่วยงานราชการ,,,"13.81493664,100.5148087",บริเวณสวนสาธารณะใต้สะพานพระราม 7,,บางซื่อ,กรุงเทพมหานคร,2025-11-23T22:42:47.327897,มีมาตรการเร่งด่วน,0,0,2025-11-23T22:42:47.328010
EXT-01306,{น้ำท่วม},Bangkok Flood Report,ศาลเจ้าโรงเกือก (ฟันหลอ) | รายละเอียด: ได้รับผลกระทบจากน้ำเหนือและน้ำทะเลหนุนจากแนวฟันหลอริมแม่น้ำ,,,"13.73287678,100.5119247",ศาลเจ้าโรงเกือก (ฟันหลอ),,สัมพันธวงศ์,กรุงเทพมหานคร,2025-11-23T22:42:47.327897,แก้ไขแล้วเสร็จ,0,0,2025-11-23T22:42:47.328010
EXT-01307,{น้ำท่วม},Bangkok Flood Report,วัดปทุมคงคาราชวรวิหาร สัมพันธวงศ์ (ฟันหลอ) | รายละเอียด: ได้รับผลกระทบจากน้ำเหนือและน้ำทะเลหนุนจากแนวฟันหลอริมแม่น้ำ,,,"13.73538685,100.5106659",วัดปทุมคงคาราชวรวิหาร สัมพันธวงศ์ (ฟันหลอ),,สัมพันธวงศ์,กรุงเทพมหานคร,2025-11-23T22:42:47.327897,แก้ไขแล้วเสร็จ,0,0,2025-11-23T22:42:47.328010
EXT-01308,{น้ำท่วม},Bangkok Flood Report,บริเวณซอยเจริญกรุง 58 (องค์การสะพานปลา) (ฟันหลอ) | รายละเอียด: ได้รับผลกระทบจากน้ำทะเลหนุนสูง มีน้ำขั้งสูง 20-25 ซม. ยาว 150 ม.,,,"13.71449661,100.5110245",บริเวณซอยเจริญกรุง 58 (องค์การสะพานปลา) (ฟันหลอ),,สาทร,กรุงเทพมหานคร,2025-11-23T22:42:47.327897,แก้ไขแล้วเสร็จ,0,0,2025-11-23T22:42:47.328010
EXT-01309,{น้ำท่วม},Bangkok Flood Report,ศาลเจ้ากวนอู ซอยสมเด็จเจ้าพระยา 3 และ บ้านเลขที่ 380 (บ้านเสี่ยเสริฐ) ซอยสมเด็จเจ้าพระยา 3 | รายละเอียด: กรท. เข้าไปซ่อมบานประตูท่อที่เป็นปัญหาน้ำรั่วเรียบร้อยแล้ว,,,"13.73742771,100.501442",ศาลเจ้ากวนอู ซอยสมเด็จเจ้าพระยา 3 และ บ้านเลขที่ 380 (บ้านเสี่ยเสริฐ) ซอยสมเด็จเจ้าพระยา 3,,คลองสาน,กรุงเทพมหานคร,2025-11-23T22:42:47.327897,แก้ไขแล้วเสร็จ,0,0,2025-11-23T22:42:47.328010
EXT-01310,{น้ำท่วม},Bangkok Flood Report,ดจันทร์สโมสร (ฟันหลอ) | รายละเอียด: แนวฟันหลอริมแม่น้ำเจ้าพระยา,,,"13.79225922,100.5129929",ดจันทร์สโมสร (ฟันหลอ),,ดุสิต,กรุงเทพมหานคร,2025-11-23T22:42:47.327897,มีมาตรการเร่งด่วน,0,0,2025-11-23T22:42:47.328010
EXT-01311,{น้ำท่วม},Bangkok Flood Report,วัดแก้วฟ้าจุฬามณี | รายละเอียด: เขื่อนริมแม่น้ำเจ้าพระยาชำรุดบริเวณวัดแก้วฟ้าจุฬามณี,,,"13.79946327,100.5174408",วัดแก้วฟ้าจุฬามณี,,ดุสิต,กรุงเทพมหานคร,2025-11-23T22:42:47.327897,แก้ไขแล้วเสร็จ,0,0,2025-11-23T22:42:47.328010
EXT-01312,{น้ำท่วม},Bangkok Flood Report,ท้ายซอยสามเสน 11 | รายละเอียด: เขื่อนริมแม่น้ำเจ้าพระยาชำรุดบริเวณท้ายซอยสามเสน 11,,,"13.77887535,100.5033188",ท้ายซอยสามเสน 11,,ดุสิต,กรุงเทพมหานคร,2025-11-23T22:42:47.327897,อยู่ระหว่างดำเนินการแก้ไข,0,0,2025-11-23T22:42:47.328010
EXT-01313,{น้ำท่วม},Bangkok Flood Report,ท่าเรือเทเวศร์ (ฟันหลอ) | รายละเอียด: เขื่อนริมแม่น้ำเจ้าพระยาชำรุดบริเวณท่าเรือเทเวศร์,,,"13.771945,100.5002289",ท่าเรือเทเวศร์ (ฟันหลอ),,พระนคร,กรุงเทพมหานคร,2025-11-23T22:42:47.327897,แก้ไขแล้วเสร็จ,0,0,2025-11-23T22:42:47.328010
EXT-01314,{น้ำท่วม},Bangkok Flood Report,ร้านอาหารโรงรส (ฟันหลอ) | รายละเอียด: แนวฟันหลอริมแม่น้ำเจ้าพระยา,,,"13.74421978,100.4916916",ร้านอาหารโรงรส (ฟันหลอ),,พระนคร,กรุงเทพมหานคร,2025-11-23T22:42:47.327897,มีมาตรการเร่งด่วน,0,0,2025-11-23T22:42:47.328010
EXT-01315,{น้ำท่วม},Bangkok Flood Report,"บริเวณถนท่าเรือราชวงศ์ถึงศาลเจ้าเผยอิง | รายละเอียด: แนวเขื่อนริมแม่น้ำเจ้าพระยาชำรุด, รั่ว บริเวณถนท่าเรือราชวงศ์ถึงศาลเจ้าเผยอิง ",,,"13.73843193,100.5049744",บริเวณถนท่าเรือราชวงศ์ถึงศาลเจ้าเผยอิง,,สัมพันธวงศ์,กรุงเทพมหานคร,2025-11-23T22:42:47.327897,แก้ไขแล้วเสร็จ,0,0,2025-11-23T22:42:47.328010
EXT-01316,{น้ำท่วม},Bangkok Flood Report,เจริญกรุง 32 (ฟันหลอ) | รายละเอียด: แนวฟันหลอริมแม่น้ำเจ้าพระยา,,,"13.72720623,100.513504",เจริญกรุง 32 (ฟันหลอ),,บางรัก,กรุงเทพมหานคร,2025-11-23T22:42:47.327897,แก้ไขแล้วเสร็จ,0,0,2025-11-23T22:42:47.328010
EXT-01317,{น้ำท่วม},Bangkok Flood Report,บริเวณคลองขุดวัดช่องลม ช่วงจากสถานีสูบน้ำคลองขุดวัดช่องลมถึงแม่น้ำเจ้าพระยา ถนนพระรามที่ 3 | รายละเอียด: แนวป้องกันน้ำท่วมรั่วซึม,,,"13.7029686,100.5476379",บริเวณคลองขุดวัดช่องลม ช่วงจากสถานีสูบน้ำคลองขุดวัดช่องลมถึงแม่น้ำเจ้าพระยา ถนนพระรามที่ 3,,ยานนาวา,กรุงเทพมหานคร,2025-11-23T22:42:47.327897,อยู่ระหว่างดำเนินการแก้ไข,0,0,2025-11-23T22:42:47.328010
EXT-01318,{น้ำท่วม},Bangkok Flood Report,แยกเจริญราษฎร์ (ฟันหลอ) | รายละเอียด: แนวฟันหลอริมแม่น้ำเจ้าพระยา,,,"13.68724823,100.5082245",แยกเจริญราษฎร์ (ฟันหลอ),,บางคอแหลม,กรุงเทพมหานคร,2025-11-23T22:42:47.327897,อยู่ระหว่างดำเนินการแก้ไข,0,0,2025-11-23T22:42:47.328010
EXT-01319,{น้ำท่วม},Bangkok Flood Report,บริเวณถนนพระรามที่ 3 ซอย 38 (ฟันหลอ) | รายละเอียด: แนวฟันหลอริมแม่น้ำเจ้าพระยา,,,"13.67308998,100.5458832",บริเวณถนนพระรามที่ 3 ซอย 38 (ฟันหลอ),,ยานนาวา,กรุงเทพมหานคร,2025-11-23T22:42:47.327897,อยู่ระหว่างดำเนินการแก้ไข,0,0,2025-11-23T22:42:47.328010
EXT-01320,{น้ำท่วม},Bangkok Flood Report,บริเวณชุมชนโรงสี ซอยพระรามที่สาม 64 (ฟันหลอ) | รายละเอียด: แนวฟันหลอริมแม่น้ำเจ้าพระยา,,,"13.69918728,100.5495377",บริเวณชุมชนโรงสี ซอยพระรามที่สาม 64 (ฟันหลอ),,ยานนาวา,กรุงเทพมหานคร,2025-11-23T22:42:47.327897,อยู่ระหว่างดำเนินการแก้ไข,0,0,2025-11-23T22:42:47.328010
EXT-01321,{น้ำท่วม},Bangkok Flood Report,ลานหิมะทองคำ | รายละเอียด: แนวป้องกันน้ำท่วมรั่วซึม,,,"13.70541477,100.5897522",ลานหิมะทองคำ,,คลองเตย,กรุงเทพมหานคร,2025-11-23T22:42:47.327897,แก้ไขแล้วเสร็จ,0,0,2025-11-23T22:42:47.328010
EXT-01322,{น้ำท่วม},Bangkok Flood Report,วัดคลองเตยนอก | รายละเอียด: แนวป้องกันน้ำท่วมรั่วซึม,,,"13.70889187,100.5615768",วัดคลองเตยนอก,,คลองเตย,กรุงเทพมหานคร,2025-11-23T22:42:47.327897,อยู่ระหว่างดำเนินการแก้ไข,0,0,2025-11-23T22:42:47.328010
EXT-01323,{น้ำท่วม},Bangkok Flood Report,ชุมชนโรงหมู ถนนทางรถไฟสายเก่า (ฟันหลอ) | รายละเอียด: แนวป้องกันน้ำท่วมรั่วซึม,,,"13.70553684,100.5882416",ชุมชนโรงหมู ถนนทางรถไฟสายเก่า (ฟันหลอ),,คลองเตย,กรุงเทพมหานคร,2025-11-23T22:42:47.327897,อยู่ระหว่างดำเนินการแก้ไข,0,0,2025-11-23T22:42:47.328010
EXT-01324,{น้ำท่วม},Bangkok Flood Report,หมู่บ้านมหาวงษ์ แยกซอยภูมิจิตร | รายละเอียด: แนวป้องกันน้ำท่วมรั่วซึม,,,"13.70832348,100.5915604",หมู่บ้านมหาวงษ์ แยกซอยภูมิจิตร,,คลองเตย,กรุงเทพมหานคร,2025-11-23T22:42:47.327897,แก้ไขแล้วเสร็จ,0,0,2025-11-23T22:42:47.328010
EXT-01325,{น้ำท่วม},Bangkok Flood Report,หมู่บ้านเปรมฤทัย ซอยเริ่มเจริญ | รายละเอียด: แนวป้องกันน้ำท่วมรั่วซึม,,,"13.70762253,100.5913773",หมู่บ้านเปรมฤทัย ซอยเริ่มเจริญ,,คลองเตย,กรุงเทพมหานคร,2025-11-23T22:42:47.327897,แก้ไขแล้วเสร็จ,0,0,2025-11-23T22:42:47.328010
EXT-01326,{น้ำท่วม},Bangkok Flood Report,บริเวณวัดสะพาน | รายละเอียด: แนวป้องกันน้ำท่วมรั่วซึม,,,"13.70501232,100.5885086",บริเวณวัดสะพาน,,คลองเตย,กรุงเทพมหานคร,2025-11-23T22:42:47.327897,อยู่ระหว่างดำเนินการแก้ไข,0,0,2025-11-23T22:42:47.328010
EXT-01327,{น้ำท่วม},Bangkok Flood Report,ใต้สะพานพุทธฯ | รายละเอียด: เเนวของเอกชนหรือหน่วยงานราชการ,,,"13.73850918,100.4971924",ใต้สะพานพุทธฯ,,ธนบุรี,กรุงเทพมหานคร,2025-11-23T22:42:47.327897,มีมาตรการเร่งด่วน,0,0,2025-11-23T22:42:47.328010
EXT-01328,{น้ำท่วม},Bangkok Flood Report,บริเวณใต้สะพานพระปกเกล้า (แนวป้องกันตนเอง) | รายละเอียด: เเนวของเอกชนหรือหน่วยงานราชการ,,,"13.73827839,100.497879",บริเวณใต้สะพานพระปกเกล้า (แนวป้องกันตนเอง),,คลองสาน,กรุงเทพมหานคร,2025-11-23T22:42:47.327897,มีมาตรการเร่งด่วน,0,0,2025-11-23T22:42:47.328010
EXT-01329,{น้ำท่วม},Bangkok Flood Report,สมาคมอุตสาหกรรมพลาสติกไทย ถนนพญาไม้ | รายละเอียด: แนวป้องกันน้ำท่วมรั่วซึม,,,"13.7381525,100.4981384",สมาคมอุตสาหกรรมพลาสติกไทย ถนนพญาไม้,,คลองสาน,กรุงเทพมหานคร,2025-11-23T22:42:47.327897,มีมาตรการเร่งด่วน,0,0,2025-11-23T22:42:47.328010
EXT-01330,{น้ำท่วม},Bangkok Flood Report,มัสยิดกูวติลอิสลาม | รายละเอียด: แนวป้องกันน้ำท่วมรั่วซึม,,,"13.73787785,100.4994888",มัสยิดกูวติลอิสลาม,,คลองสาน,กรุงเทพมหานคร,2025-11-23T22:42:47.327897,แก้ไขแล้วเสร็จ,0,0,2025-11-23T22:42:47.328010
EXT-01331,{น้ำท่วม},Bangkok Flood Report,บริเวณสำเพ็งท่าดินแดง ซอยท่าดินแดง 20 | รายละเอียด: แนวป้องกันน้ำท่วมรั่วซึม,,,"13.73666,100.5044632",บริเวณสำเพ็งท่าดินแดง ซอยท่าดินแดง 20,,คลองสาน,กรุงเทพมหานคร,2025-11-23T22:42:47.327897,อยู่ระหว่างดำเนินการแก้ไข,0,0,2025-11-23T22:42:47.328010
EXT-01332,{น้ำท่วม},Bangkok Flood Report,บริเวณบ้านเลขที่ 200 (บ้านโปษ์กี่) ซอยท่าดินแดง 16 และ บริเวณท้ายคลองหลวงวารี ซอยท่าดินแดง 16 | รายละเอียด: แนวป้องกันน้ำท่วมรั่วซึม,,,"13.736022,100.5062027",บริเวณบ้านเลขที่ 200 (บ้านโปษ์กี่) ซอยท่าดินแดง 16 และ บริเวณท้ายคลองหลวงวารี ซอยท่าดินแดง 16,,คลองสาน,กรุงเทพมหานคร,2025-11-23T22:42:47.327897,แก้ไขแล้วเสร็จ,0,0,2025-11-23T22:42:47.328010
EXT-01333,{น้ำท่วม},Bangkok Flood Report,บริเวณหลังชุมชนสารพัดช่าง ซอยเชียงใหม่ 1 | รายละเอียด: แนวป้องกันน้ำท่วมรั่วซึม,,,"13.73550415,100.5075989",บริเวณหลังชุมชนสารพัดช่าง ซอยเชียงใหม่ 1,,คลองสาน,กรุงเทพมหานคร,2025-11-23T22:42:47.327897,อยู่ระหว่างดำเนินการแก้ไข,0,0,2025-11-23T22:42:47.328010
EXT-01334,{น้ำท่วม},Bangkok Flood Report,บริเวณบ้านเลขที่ 879 ซอยลาดหญ้า 21 | รายละเอียด: แนวป้องกันน้ำท่วมรั่วซึม,,,"13.73140907,100.5108261",บริเวณบ้านเลขที่ 879 ซอยลาดหญ้า 21,,คลองสาน,กรุงเทพมหานคร,2025-11-23T22:42:47.327897,อยู่ระหว่างดำเนินการแก้ไข,0,0,2025-11-23T22:42:47.328010
EXT-01335,{น้ำท่วม},Bangkok Flood Report,บริเวณสำนักการศึกษา กทม. | รายละเอียด: แนวป้องกันน้ำท่วมรั่วซึม,,,"13.73079109,100.511116",บริเวณสำนักการศึกษา กทม.,,คลองสาน,กรุงเทพมหานคร,2025-11-23T22:42:47.327897,อยู่ระหว่างดำเนินการแก้ไข,0,0,2025-11-23T22:42:47.328010
EXT-01336,{น้ำท่วม},Bangkok Flood Report,สำนักงานเขตคลองสาน | รายละเอียด: แนวป้องกันน้ำท่วมรั่วซึม,,,"13.73052311,100.5111618",สำนักงานเขตคลองสาน,,คลองสาน,กรุงเทพมหานคร,2025-11-23T22:42:47.327897,อยู่ระหว่างดำเนินการแก้ไข,0,0,2025-11-23T22:42:47.328010
EXT-01337,{น้ำท่วม},Bangkok Flood Report,สถานีสูบน้ำคลองสาน | รายละเอียด: แนวป้องกันน้ำท่วมรั่วซึม,,,"13.7302084,100.5112534",สถานีสูบน้ำคลองสาน,,คลองสาน,กรุงเทพมหานคร,2025-11-23T22:42:47.327897,อยู่ระหว่างดำเนินการแก้ไข,0,0,2025-11-23T22:42:47.328010
EXT-01338,{น้ำท่วม},Bangkok Flood Report,บริเวณท่าเดินเรือคลองสาน | รายละเอียด: แนวป้องกันน้ำท่วมรั่วซึม,,,"13.72899723,100.5114746",บริเวณท่าเดินเรือคลองสาน,,คลองสาน,กรุงเทพมหานคร,2025-11-23T22:42:47.327897,อยู่ระหว่างดำเนินการแก้ไข,0,0,2025-11-23T22:42:47.328010
EXT-01339,{น้ำท่วม},Bangkok Flood Report,"ซอยเจริญนคร 17, 19, 21 | รายละเอียด: ",,,"13.71720314,100.5101013","ซอยเจริญนคร 17, 19, 21",,คลองสาน,กรุงเทพมหานคร,2025-11-23T22:42:47.327897,แก้ไขแล้วเสร็จ,0,0,2025-11-23T22:42:47.328010
EXT-01340,{น้ำท่วม},Bangkok Flood Report,ท่าเรือใต้สะพานซังฮี้ (ฟันหลอ) | รายละเอียด: แนวป้องกันน้ำท่วมรั่วซึม,,,"13.71638203,100.5097046",ท่าเรือใต้สะพานซังฮี้ (ฟันหลอ),,คลองสาน,กรุงเทพมหานคร,2025-11-23T22:42:47.327897,แก้ไขแล้วเสร็จ,0,0,2025-11-23T22:42:47.328010
EXT-01341,{น้ำท่วม},Bangkok Flood Report,คลังเก็บเอกสารกรุงไทย (ฟันหลอ) | รายละเอียด: แนวป้องกันน้ำท่วมรั่วซึม,,,"13.7157526,100.5093307",คลังเก็บเอกสารกรุงไทย (ฟันหลอ),,คลองสาน,กรุงเทพมหานคร,2025-11-23T22:42:47.327897,มีมาตรการเร่งด่วน,0,0,2025-11-23T22:42:47.328010
EXT-01342,{น้ำท่วม},Bangkok Flood Report,คลองช่องหอม ฝั่งโรงแรมชาน | รายละเอียด: แนวป้องกันน้ำท่วมรั่วซึม,,,"13.76150036,100.4848862",คลองช่องหอม ฝั่งโรงแรมชาน,,คลองสาน,กรุงเทพมหานคร,2025-11-23T22:42:47.327897,อยู่ระหว่างดำเนินการแก้ไข,0,0,2025-11-23T22:42:47.328010
EXT-01343,{น้ำท่วม},Bangkok Flood Report,ศุภาลัย ริเวอร์เพลส | รายละเอียด: แนวป้องกันน้ำท่วมรั่วซึม,,,"13.70976639,100.5035095",ศุภาลัย ริเวอร์เพลส,,คลองสาน,กรุงเทพมหานคร,2025-11-23T22:42:47.327897,แก้ไขแล้วเสร็จ,0,0,2025-11-23T22:42:47.328010
EXT-01344,{น้ำท่วม},Bangkok Flood Report,บริเวณบ้านเลขที่ 549 ซอยเจริญนคร 55 | รายละเอียด: แนวป้องกันน้ำท่วมรั่วซึม,,,"13.70710373,100.4988708",บริเวณบ้านเลขที่ 549 ซอยเจริญนคร 55,,คลองสาน,กรุงเทพมหานคร,2025-11-23T22:42:47.327897,แก้ไขแล้วเสร็จ,0,0,2025-11-23T22:42:47.328010
EXT-01345,{น้ำท่วม},Bangkok Flood Report,คลองบางกอกน้อย ช่วงคลองบางบำหรุถึงคลองพริกป่น | รายละเอียด: แนวป้องกันน้ำท่วมรั่วซึม,,,"13.77384281,100.4712067",คลองบางกอกน้อย ช่วงคลองบางบำหรุถึงคลองพริกป่น,,บางกอกน้อย,กรุงเทพมหานคร,2025-11-23T22:42:47.327897,แก้ไขแล้วเสร็จ,0,0,2025-11-23T22:42:47.328010
EXT-01346,{น้ำท่วม},Bangkok Flood Report,วัดสุวรรณารามถึงถนนจรัญสนิทวงศ์ | รายละเอียด: แนวป้องกันน้ำท่วมรั่วซึม,,,"13.76453686,100.4764786",วัดสุวรรณารามถึงถนนจรัญสนิทวงศ์,,บางกอกน้อย,กรุงเทพมหานคร,2025-11-23T22:42:47.327897,แก้ไขแล้วเสร็จ,0,0,2025-11-23T22:42:47.328010
EXT-01347,{น้ำท่วม},Bangkok Flood Report,ศูนย์สุขภาพโรงพยาบาลสมเด็จพระปิ่นเกล้าถึงแม่น้ำเจ้าพระยา (ฟันหลอ) | รายละเอียด: แนวฟันหลอริมคลองมอญ,,,"13.74760628,100.4861526",ศูนย์สุขภาพโรงพยาบาลสมเด็จพระปิ่นเกล้าถึงแม่น้ำเจ้าพระยา (ฟันหลอ),,บางกอกน้อย,กรุงเทพมหานคร,2025-11-23T22:42:47.327897,อยู่ระหว่างดำเนินการแก้ไข,0,0,2025-11-23T22:42:47.328010
EXT-01348,{น้ำท่วม},Bangkok Flood Report,ชุมชนบริเวณคลองเจ้าครุฑ | รายละเอียด: แนวป้องกันน้ำท่วมรั่วซึม,,,"13.7634201,100.4910507",ชุมชนบริเวณคลองเจ้าครุฑ,,บางพลัด,กรุงเทพมหานคร,2025-11-23T22:42:47.327897,แก้ไขแล้วเสร็จ,0,0,2025-11-23T22:42:47.328010
EXT-01349,{น้ำท่วม},Bangkok Flood Report,มัสยิดบางอ้อ | รายละเอียด: แนวป้องกันน้ำท่วมรั่วซึม,,,"13.79445076,100.5116348",มัสยิดบางอ้อ,,บางพลัด,กรุงเทพมหานคร,2025-11-23T22:42:47.327897,แก้ไขแล้วเสร็จ,0,0,2025-11-23T22:42:47.328010
EXT-01350,{น้ำท่วม},Bangkok Flood Report,ปลายซอยจรัญฯ 74/1 | รายละเอียด: แนวป้องกันน้ำท่วมรั่วซึม,,,"13.78989506,100.5073471",ปลายซอยจรัญฯ 74/1,,บางพลัด,กรุงเทพมหานคร,2025-11-23T22:42:47.327897,แก้ไขแล้วเสร็จ,0,0,2025-11-23T22:42:47.328010
EXT-01351,{น้ำท่วม},Bangkok Flood Report,วัดบวรมงคลราชวรวิหาร | รายละเอียด: แนวป้องกันน้ำท่วมรั่วซึม,,,"13.77398014,100.4978561",วัดบวรมงคลราชวรวิหาร,,บางพลัด,กรุงเทพมหานคร,2025-11-23T22:42:47.327897,แก้ไขแล้วเสร็จ,0,0,2025-11-23T22:42:47.328010
EXT-01352,{น้ำท่วม},Bangkok Flood Report,ชุมชนภคินีนาท ซอยราชวิถี 21 | รายละเอียด: แนวป้องกันน้ำท่วมรั่วซึม,,,"13.77868271,100.4989853",ชุมชนภคินีนาท ซอยราชวิถี 21,,บางพลัด,กรุงเทพมหานคร,2025-11-23T22:42:47.327897,แก้ไขแล้วเสร็จ,0,0,2025-11-23T22:42:47.328010
EXT-01353,{น้ำท่วม},Bangkok Flood Report,ปลายซอยจรัญฯ 82 (ฟันหลอ) | รายละเอียด: แนวฟันหลอริมแม่น้ำเจ้าพระยา,,,"13.79259491,100.5099411",ปลายซอยจรัญฯ 82 (ฟันหลอ),,บางพลัด,กรุงเทพมหานคร,2025-11-23T22:42:47.327897,แก้ไขแล้วเสร็จ,0,0,2025-11-23T22:42:47.328010
EXT-01354,{น้ำท่วม},Bangkok Flood Report,ปากคลองสวนแดน (ฟันหลอ) | รายละเอียด: แนวฟันหลอริมแม่น้ำเจ้าพระยา,,,"13.80672359,100.5163498",ปากคลองสวนแดน (ฟันหลอ),,บางพลัด,กรุงเทพมหานคร,2025-11-23T22:42:47.327897,อยู่ระหว่างดำเนินการแก้ไข,0,0,2025-11-23T22:42:47.328010
EXT-01355,{น้ำท่วม},Bangkok Flood Report,1.ชุมชนหมู่บ้านเปรมฤทัย ซอยเริ่มเจริญ (แนวเขื่อนของ สนน ดำเนินการเสร็จแล้ว เขตตั้งเครื่องสูบแล้ว) | รายละเอียด: ชุมชนหมู่บ้านเปรมฤทัย อยู่ริมคลองพระโขนง เมื่อถึงฤดูน้ำหลากและน้ำทะเลหนุนน้ำจะรั่วซึมเข้าตามแผงเขื่อนที่ชำรุด จึงเป็นเหตุให้เกิดปัญหาน้ำท่วม,,,"13.70811,100.5919",1.ชุมชนหมู่บ้านเปรมฤทัย ซอยเริ่มเจริญ (แนวเขื่อนของ สนน ดำเนินการเสร็จแล้ว เขตตั้งเครื่องสูบแล้ว),,คลองเตย,กรุงเทพมหานคร,2025-11-23T22:42:47.327897,แก้ไขแล้วเสร็จ,0,0,2025-11-23T22:42:47.328010
EXT-01356,{น้ำท่วม},Bangkok Flood Report,10.สามแยกเจริญราษฎร์ | รายละเอียด: ได้รับผลกระทบจากน้ำทะเลหนุนสูง มีน้ำท่วมขังสูงประมาณ 0.20 - 0.30 ม. ระยะทางประมาณ 80 ม.,,,"13.68945,100.5094",10.สามแยกเจริญราษฎร์,,บางคอแหลม,กรุงเทพมหานคร,2025-11-23T22:42:47.327897,พื้นที่เอกชนหรือหน่วยงานราชการ,0,0,2025-11-23T22:42:47.328010
EXT-01357,{น้ำท่วม},Bangkok Flood Report,100.ซอยประชาอุทิศ 54 แยก 6 – 2 | รายละเอียด: 1. ผิวจราจรมีระดับต่ำ 2. ไม่มีท่อระบายน้ำ 3. สภาพถนนบางช่วงมีการทรุดตัวเป็นแอ่ง,,,"13.63863,100.4815",100.ซอยประชาอุทิศ 54 แยก 6 – 2,,ทุ่งครุ,กรุงเทพมหานคร,2025-11-23T22:42:47.327897,แก้ไขแล้วเสร็จ,0,0,2025-11-23T22:42:47.328010
EXT-01358,{น้ำท่วม},Bangkok Flood Report,101.ซอยประชาอุทิศ 76 (จากคลองรางเวกถึงถนนเลียบทางด่วนรอบนอกกรุงเทพมหานครและซอยประชาอุทิศ 76 แยก 4/2 จากซอยประประชาอุทิศ 76 ถึงหมู่บ้านสินทวีสวนธน 2) | รายละเอียด: ซอยประชาอุทิศ 76 (จากคลองรางขมิ้นถึงคลองรางโพธิ์และซอยแยกประชาอุทิศ 76 จากซอยประชาอุทิศ 76 ถึงหมู่บ้านกานดาเพลส ),,,"13.60949,100.4851",101.ซอยประชาอุทิศ 76 (จากคลองรางเวกถึงถนนเลียบทางด่วนรอบนอกกรุงเทพมหานครและซอยประชาอุทิศ 76 แยก 4/2 จากซอยประประชาอุทิศ 76 ถึงหมู่บ้านสินทวีสวนธน 2),,ทุ่งครุ,กรุงเทพมหานคร,2025-11-23T22:42:47.327897,อยู่ระหว่างดำเนินการแก้ไข,0,0,2025-11-23T22:42:47.328010
EXT-01359,{น้ำท่วม},Bangkok Flood Report,102.ซอยประชาอุทิศ 76 แยก 1(จากซอยประชาอุทิศ 76 ถึงคลองราวตันและซอยแยกจากซอยประชาอุทิศ 76 แยก 1 ถึงบ้านเลขที่ 14) | รายละเอียด: ผิวจราจรมีระดับต่ำท่อระบายน้ำเดิมมีขนาดเล็ก (30 - 60 ซม.) สภาพถนนบางช่วงมีการทรุดตัวเป็นแอ่ง,,,"13.62201,100.501",102.ซอยประชาอุทิศ 76 แยก 1(จากซอยประชาอุทิศ 76 ถึงคลองราวตันและซอยแยกจากซอยประชาอุทิศ 76 แยก 1 ถึงบ้านเลขที่ 14),,ทุ่งครุ,กรุงเทพมหานคร,2025-11-23T22:42:47.327897,แก้ไขแล้วเสร็จ,0,0,2025-11-23T22:42:47.328010
EXT-01360,{น้ำท่วม},Bangkok Flood Report,103.ซอยประชาอุทิศ 76 แยก 3 (จากซอยประชาอุทิศ 76 ถึงสุดทางสาธารณะ) | รายละเอียด: 1. ผิวจราจรมีระดับต่ำ 2. ท่อระบายน้ำเดิมมีขนาดเล็ก (60 ซม.) มีระดับต่ำกว่าระดับน้ำคลอง 3. สภาพถนนบางช่วงมีการทรุดตัวเป็นแอ่ง,,,"13.62235,100.5004",103.ซอยประชาอุทิศ 76 แยก 3 (จากซอยประชาอุทิศ 76 ถึงสุดทางสาธารณะ),,ทุ่งครุ,กรุงเทพมหานคร,2025-11-23T22:42:47.327897,อยู่ระหว่างดำเนินการแก้ไข,0,0,2025-11-23T22:42:47.328010
EXT-01361,{น้ำท่วม},Bangkok Flood Report,104.ซอยประชาอุทิศ 76 แยก 9 จากบริเวณที่ปรับปรุงไว้เดิม (หน้าบริษัทโบเบเกอรี่) ถึงสุดเขตกรุงเทพมหานคร | รายละเอียด: 1. ผิวจราจรมีระดับต่ำ 2. ไม่มีท่อระบายน้ำ 3. สภาพถนนบางช่วงมีการทรุดตัวเป็นแอ่ง,,,"13.61248,100.4849",104.ซอยประชาอุทิศ 76 แยก 9 จากบริเวณที่ปรับปรุงไว้เดิม (หน้าบริษัทโบเบเกอรี่) ถึงสุดเขตกรุงเทพมหานคร,,ทุ่งครุ,กรุงเทพมหานคร,2025-11-23T22:42:47.327897,อยู่ระหว่างดำเนินการแก้ไข,0,0,2025-11-23T22:42:47.328010
EXT-01362,{น้ำท่วม},Bangkok Flood Report,105.ซอย ประชาอุทิศ 127 | รายละเอียด: 1. ผิวจราจรมีระดับต่ำ 2. ท่อระบายน้ำเดิมมีขนาดเล็ก (30 ซม.) มีระดับต่ำกว่าระดับน้ำคลอง 3. สภาพถนนบางช่วงมีการทรุดตัวเป็นแอ่ง,,,"13.6115,100.513",105.ซอย ประชาอุทิศ 127,,ทุ่งครุ,กรุงเทพมหานคร,2025-11-23T22:42:47.327897,อยู่ระหว่างดำเนินการแก้ไข,0,0,2025-11-23T22:42:47.328010
EXT-01363,{น้ำท่วม},Bangkok Flood Report,106.ประชาอุทิศ 131 | รายละเอียด: ผิวจราจรมีระดับต่ำท่อระบายน้ำเดิมมีขนาดเล็ก (30 - 60 ซม.) สภาพถนนบางช่วงมีการทรุดตัวเป็นแอ่ง,,,"13.61099,100.5164",106.ประชาอุทิศ 131,,ทุ่งครุ,กรุงเทพมหานคร,2025-11-23T22:42:47.327897,แก้ไขแล้วเสร็จบางส่วน,0,0,2025-11-23T22:42:47.328010
EXT-01364,{น้ำท่วม},Bangkok Flood Report,"107.ประชาอุทิศ 79 (ซอยแยกหมู่บ้านวิเศษสุขนคร ซอย 1 , ซอย 3 , ซอย 5 และ ซอย 7) | รายละเอียด: 1. ผิวจราจรมีระดับต่ำ 2. ท่อระบายน้ำเดิมมีขนาดเล็ก (60 ซม.) มีระดับต่ำกว่าระดับน้ำคลอง 3. สภาพถนนบางช่วงมีการทรุดตัวเป็นแอ่ง",,,"13.63425,100.5092","107.ประชาอุทิศ 79 (ซอยแยกหมู่บ้านวิเศษสุขนคร ซอย 1 , ซอย 3 , ซอย 5 และ ซอย 7)",,ทุ่งครุ,กรุงเทพมหานคร,2025-11-23T22:42:47.327897,อยู่ระหว่างดำเนินการแก้ไข,0,0,2025-11-23T22:42:47.328010
EXT-01365,{น้ำท่วม},Bangkok Flood Report,108.ซอยประชาอุทิศ 75 แยก 7(จากซอยประชาอุทิศ 75 ถึง ซอยประชาอุทิศ 69) | รายละเอียด: 1. ผิวจราจรมีระดับต่ำ 2. ท่อระบายน้ำเดิมมีขนาดเล็ก ( 60 ซม.) มีระดับต่ำกว่าระดับน้ำคลอง 3. สภาพถนนบางช่วงมีการทรุดตัวเป็นแอ่ง,,,"13.64221,100.5051",108.ซอยประชาอุทิศ 75 แยก 7(จากซอยประชาอุทิศ 75 ถึง ซอยประชาอุทิศ 69),,ทุ่งครุ,กรุงเทพมหานคร,2025-11-23T22:42:47.327897,แก้ไขแล้วเสร็จบางส่วน,0,0,2025-11-23T22:42:47.328010
EXT-01366,{น้ำท่วม},Bangkok Flood Report,109.ซอยประชาอุทิศ 76 (จากถนนเลียบทางด่วนวงแหวนรอบนอกกรุงเทพมหานครถึงคลองรางขมิ้น) | รายละเอียด: 1. ผิวจราจรมีระดับต่ำ 2. ท่อระบายน้ำเดิมมีขนาดเล็ก(60 ซม.) 3. สภาพถนนบางช่วงมีการทรุดตัวเป็นแอ่ง,,,"13.62115,100.5002",109.ซอยประชาอุทิศ 76 (จากถนนเลียบทางด่วนวงแหวนรอบนอกกรุงเทพมหานครถึงคลองรางขมิ้น),,ทุ่งครุ,กรุงเทพมหานคร,2025-11-23T22:42:47.327897,อยู่ระหว่างดำเนินการแก้ไข,0,0,2025-11-23T22:42:47.328010
EXT-01367,{น้ำท่วม},Bangkok Flood Report,"11.ซอยลาดพร้าว 64 | รายละเอียด: ปัญหา : น้ำท่วมขังซอยลาดพร้าว 64 (แยก 2 , แยก 4) สภาพซอยมีพื้นที่ต่ำ",,,"13.78918,100.5997",11.ซอยลาดพร้าว 64,,วังทองหลาง,กรุงเทพมหานคร,2025-11-23T22:42:47.327897,อยู่ระหว่างดำเนินการแก้ไข,0,0,2025-11-23T22:42:47.328010
EXT-01368,{น้ำท่วม},Bangkok Flood Report,"110.ถนนพระรามที่ 2 ซอย 69 (ม.การเคหะโครงการ 1 ส่วน 1,2 และส่วน 3) | รายละเอียด: ผิวจราจรมีระดับต่ำ คลองรางเข้ ต้องได้รับการขุดลอกทุก 3 ปี เพื่อเป็นแก้มลิงรับน้ำจากหมู่บ้านการเคหะ แนวทางแก้ไข ติดตั้งเครื่องสูบน้ำเครื่องยนต์ดีเซล ขนาด 8 นิ้ว จำนวน 4 เครื่อง - ติดตั้งเครื่องสูบน้ำเครื่องยนต์ดีเซล ขนาด 10 นิ้ว จำนวน 1 เครื่อง - ติดตั้งเครื่องสูบน้ำไฟฟ้า ขนาด 28 นิ้ว จำนวน 2 เครื่อง - ติดตั้งเครื่องสูบน้ำไฟฟ้า ขนาด 20 นิ้ว จำนวน 2 เครื่อง - เร่งระบายน้ำลงสู่คลองรางแก้ว",,,"13.64556,100.4223","110.ถนนพระรามที่ 2 ซอย 69 (ม.การเคหะโครงการ 1 ส่วน 1,2 และส่วน 3)",,บางขุนเทียน,กรุงเทพมหานคร,2025-11-23T22:42:47.327897,อยู่ระหว่างดำเนินการแก้ไข,0,0,2025-11-23T22:42:47.328010
EXT-01369,{น้ำท่วม},Bangkok Flood Report,"111.ถนนพระรามที่ 2 ซอย 69 (ม.การเคหะโครงการ 1 ส่วน 4,5) | รายละเอียด: ผิวจราจรมีระดับต่ำ คลองลาดลำภู ต้องได้รับการขุดลอกทุก 3 ปี ตอนนี้คลองมีความตื่นเขินไม่สามารถรองรับน้ำได้มากพอ แนวทางแก้ไข ติดตั้งเครื่องสูบน้ำเครื่องยนต์ดีเซล ขนาด 8 นิ้ว จำนวน 1 เครื่อง - ติดตั้งเครื่องสูบน้ำเครื่องยนต์ดีเซล ขนาด 10 นิ้ว จำนวน 4 เครื่อง - ติดตั้งเครื่องสูบน้ำไฟฟ้า ขนาด 28 นิ้ว จำนวน 2 เครื่อง - ติดตั้งเครื่องสูบน้ำไฟฟ้า ขนาด 20 นิ้ว จำนวน 2 เครื่อง - เร่งระบายน้ำลงสู่คลองลาดลำถู",,,"13.64619,100.4185","111.ถนนพระรามที่ 2 ซอย 69 (ม.การเคหะโครงการ 1 ส่วน 4,5)",,บางขุนเทียน,กรุงเทพมหานคร,2025-11-23T22:42:47.327897,อยู่ระหว่างดำเนินการแก้ไข,0,0,2025-11-23T22:42:47.328010
EXT-01370,{น้ำท่วม},Bangkok Flood Report,112.ซอย เทียนทะเล 20 แยก 11 | รายละเอียด: เป็นถนนเลียบคลองเมื่อฝนตกและมีน้ำทะเลหนุนทำให้ระดับน้ำในคลองมีระดับสูงเอ่อล้นเข้ามาบนถนนทำให้มีน้ำรอการระบาย,,,"13.61685,100.4208",112.ซอย เทียนทะเล 20 แยก 11,,บางขุนเทียน,กรุงเทพมหานคร,2025-11-23T22:42:47.327897,อยู่ระหว่างดำเนินการแก้ไข,0,0,2025-11-23T22:42:47.328010
EXT-01371,{น้ำท่วม},Bangkok Flood Report,113.ถนนเทียนทะเล 22 | รายละเอียด: ผิวจราจรมีระดับต่ำเมื่อมีฝนตกและน้ำทะเลหนุนทำให้ระดับน้ำในคลองสนามชัยสูง เอ่อล้นเข้าท่วมถนน มีน้ำรอระบาย,,,"13.61971,100.4359",113.ถนนเทียนทะเล 22,,บางขุนเทียน,กรุงเทพมหานคร,2025-11-23T22:42:47.327897,มีมาตรการเร่งด่วน,0,0,2025-11-23T22:42:47.328010
EXT-01372,{น้ำท่วม},Bangkok Flood Report,114. ซอยเทียนทะเล 26 (หมู่บ้านวงแหวนแสงประทีป) | รายละเอียด: ผิวจราจรมีระดับต่ำไม่สามารถระบายน้ำลงคลองได้โดยตรง ต้องใช้เครื่องสูบน้ำสูบออก เมื่อมีฝนตกเกิน 40 มม. ทำให้เกิดน้ำท่วมขัง แนวทางแก้ไข ติดตั้งเครื่องสูบน้ำเครื่องยนต์ดีเซล ขนาด 8 นิ้ว จำนวน 1 เครื่อง ติดตั้งเครื่องสูบน้ำเครื่องยนต์ดีเซล ขนาด 10 นิ้ว จำนวน 1 เครื่อง - เร่งระบายน้ำลงสู่คลองพระไชยยศ,,,"13.60471,100.4301",114. ซอยเทียนทะเล 26 (หมู่บ้านวงแหวนแสงประทีป),,บางขุนเทียน,กรุงเทพมหานคร,2025-11-23T22:42:47.327897,พื้นที่เอกชนหรือหน่วยงานราชการ,0,0,2025-11-23T22:42:47.328010
EXT-01373,{น้ำท่วม},Bangkok Flood Report,115.ซอยเทียนทะเล 19 แยก 1(หมู่บ้านอิ่มอัมพร) | รายละเอียด: ผิวจราจรมีระดับต่ำและเป็นแอ่งความยาวเป็นช่วง ๆ ตลอดทาง เมื่อมีฝนตกและน้ำทะเลหนุนทำให้ระดับน้ำในคลองสนามชัยสูง เอิ่อล้นเข้าท่วมถนน มีน้ำรอระบาย,,,"13.61812,100.4418",115.ซอยเทียนทะเล 19 แยก 1(หมู่บ้านอิ่มอัมพร),,บางขุนเทียน,กรุงเทพมหานคร,2025-11-23T22:42:47.327897,อยู่ระหว่างดำเนินการแก้ไข,0,0,2025-11-23T22:42:47.328010
EXT-01374,{น้ำท่วม},Bangkok Flood Report,116.เทียนทะเล 19 แยก 2 | รายละเอียด: 1.ผิวจราจรมีระดับต่ำไม่สามารถระบายน้ำลงคลองได้โดยตรง 2.พื้นที่มีระดับต่ำและได้รับผลกระทบน้ำท่วมจากน้ำทะเลหนุนสูงในคลองหัวกระบือ,,,"13.61707,100.4498",116.เทียนทะเล 19 แยก 2,,บางขุนเทียน,กรุงเทพมหานคร,2025-11-23T22:42:47.327897,อยู่ระหว่างดำเนินการแก้ไข,0,0,2025-11-23T22:42:47.328010
EXT-01375,{น้ำท่วม},Bangkok Flood Report,117.ถนนพระรามที่ 2 ซอย 69 (หัวมุมโลตัส) | รายละเอียด: ผิวจราจรมีระดับต่ำกว่าถนนพระราม 2 ทำให้น้ำในถนนพระราม 2 ไหลลงสู่ถนนซอย ทำให้มีน้ำรอระบายประมาณ 10 - 15 นาที ระดับก้นท่อระบายน้ำต่ำกว่า ระดับก้นท่อระบายน้ำของกรมทางหลวง แนวทางแก้ไข ติดตั้งเครื่องสูบน้ำเครื่องยนต์ดีเซล ขนาด 10 นิ้ว จำนวน 1 เครื่อง - เร่งระบายน้ำลงสู่ท่อระบายน้ำของกรมทาง ถนนพระราม 2,,,"13.64814,100.4198",117.ถนนพระรามที่ 2 ซอย 69 (หัวมุมโลตัส),,บางขุนเทียน,กรุงเทพมหานคร,2025-11-23T22:42:47.327897,อยู่ระหว่างดำเนินการแก้ไข,0,0,2025-11-23T22:42:47.328010
EXT-01376,{น้ำท่วม},Bangkok Flood Report,118.ซอย สะแกงาม 13 | รายละเอียด: ผิวจราจรมีระดับต่ำกว่าถนนสะแกงาม และมีทางน้ำออกได้ทางเดียวโดยระบายน้ำออกทางปากซอยสะแกงาม 13 สู่ถนนสะแกงาม ทำให้มีน้ำรอระบาย,,,"13.64002,100.4199",118.ซอย สะแกงาม 13,,บางขุนเทียน,กรุงเทพมหานคร,2025-11-23T22:42:47.327897,อยู่ระหว่างดำเนินการแก้ไข,0,0,2025-11-23T22:42:47.328010
EXT-01377,{น้ำท่วม},Bangkok Flood Report,119.ไปรษณีย์ สาขายานนาวา | รายละเอียด: 1. เนื่องจากบริเวณดังกล่าวมีสภาพเป็นที่ลุ่มต่ำ เมื่อมีฝนตกจะมีน้ำขัง สูง 20-25 ซม. ยาวประมาณ 1000 ม. 2. การระบายน้ำ ระบายสู่คลองกรวยและคลองช่องนนทรี ซึ่งมีระยะไกล,,,"13.70572,100.5313",119.ไปรษณีย์ สาขายานนาวา,,สาทร,กรุงเทพมหานคร,2025-11-23T22:42:47.327897,อยู่ระหว่างดำเนินการแก้ไข,0,0,2025-11-23T22:42:47.328010
EXT-01378,{น้ำท่วม},Bangkok Flood Report,12.ถนนศรีวรา | รายละเอียด: ปัญหา : น้ำท่วมขังบริเวณ ถนนศรีวรา โครงการ : ขุดลอกลำคลองตาป่วน เลียบถนนศรีวรา,,,"13.76869,100.6062",12.ถนนศรีวรา,,วังทองหลาง,กรุงเทพมหานคร,2025-11-23T22:42:47.327897,แก้ไขแล้วเสร็จ,0,0,2025-11-23T22:42:47.328010
EXT-01379,{น้ำท่วม},Bangkok Flood Report,120.ปากซอยบำเพ็ญกุศล | รายละเอียด: 1. เนื่องจากบริเวณดังกล่าวมีสภาพเป็นที่ลุ่มต่ำ เมื่อมีฝนตกจะมีน้ำขัง สูง 20-25 ซม. ยาวประมาณ 1000 ม. 2. การระบายน้ำ ระบายสู่คลองกรวยและคลองช่องนนทรี ซึ่งมีระยะไกล,,,"13.70759,100.5202",120.ปากซอยบำเพ็ญกุศล,,สาทร,กรุงเทพมหานคร,2025-11-23T22:42:47.327897,อยู่ระหว่างดำเนินการแก้ไข,0,0,2025-11-23T22:42:47.328010
EXT-01380,{น้ำท่วม},Bangkok Flood Report,121.ซอย สุขสวัสดิ์ 30 | รายละเอียด: 1.ผิวจราจรและพื้นที่ในชุมชนมีระดับต่ำ 2.ท่อระบายน้ำทิ้งลงคลองบางปะกอกมีเพียง 2 จุด 3.หากเกิดฝนตกหนักทำให้น้ำท่วมชุมชนเพราะระบายน้ำไม่ทันเนื่องจากคลองบางปะกอกตื้น แนวทางแก้ไข 1. บล็อกท่อระบายน้ำเพื่อไม่ให้น้ำในคลองบางปะกอกไหลย้อนกลับ 2.ติดตั้งเครื่องสูบน้ำเพิ่มประสิทธิภาพในการระบายน้ำ 3. ขุดลอกคลองบางปะกอก 4.ประสานสถานีสูบน้ำ คลองบางปะกอกดำเนินการสูบน้ำออกสู่แม่น้ำเจ้าพระยา,,,"13.66743,100.4943",121.ซอย สุขสวัสดิ์ 30,,ราษฎร์บูรณะ,กรุงเทพมหานคร,2025-11-23T22:42:47.327897,แก้ไขแล้วเสร็จบางส่วน,0,0,2025-11-23T22:42:47.328010
EXT-01381,{น้ำท่วม},Bangkok Flood Report,122.ถนนสวนพลู | รายละเอียด: 1. บริเวณถนนสวนพลู ช่วงจากถนนสาทรใต้ถึงถนนนางลิ้นจี่เป็นสภาพที่ลุ่มต่ำจะมีน้ำขัง สูง 20-25 ซม. ยาวประมาณ 600 ม. 2. การระบายน้ำ ต้องระบายผ่านคลองสาทรและคลองนนทรี ซึ่งมีระยะไกล 3. ขนาดท่อระบายน้ำเดิม Ø 0.60 ม.ไม่สามารถรองรับปริมาณน้ำในช่วงฝนตกหนักได้,,,"13.72137,100.5374",122.ถนนสวนพลู,,สาทร,กรุงเทพมหานคร,2025-11-23T22:42:47.327897,อยู่ระหว่างดำเนินการแก้ไข,0,0,2025-11-23T22:42:47.328010
EXT-01382,{น้ำท่วม},Bangkok Flood Report,123.ซอย จันทน์ 18/7 แยก 17 | รายละเอียด: 1.รับผลกระทบจากน้ำท่วมถนนจันทน์ มีน้ำขัง สูง 18-20 ซม. ยาว 700 ม.,,,"13.71204,100.5262",123.ซอย จันทน์ 18/7 แยก 17,,สาทร,กรุงเทพมหานคร,2025-11-23T22:42:47.327897,อยู่ระหว่างดำเนินการแก้ไข,0,0,2025-11-23T22:42:47.328010
EXT-01383,{น้ำท่วม},Bangkok Flood Report,124.ซอย จันทน์ 43 | รายละเอียด: 1.รับผลกระทบจากน้ำท่วมถนนจันทน์ มีน้ำขัง สูง 20-30 ซม. ยาว 800 ม.,,,"13.70711,100.5196",124.ซอย จันทน์ 43,,สาทร,กรุงเทพมหานคร,2025-11-23T22:42:47.327897,แก้ไขแล้วเสร็จ,0,0,2025-11-23T22:42:47.328010
EXT-01384,{น้ำท่วม},Bangkok Flood Report,125.ถนน นางลิ้นจี่ | รายละเอียด: บริเวณถนนนางลิ้นจี่ ตลอดทั้งซอย รับผลกระทบจากน้ำท่วมถนนสวนพูล มีน้ำขัง สูง 20-30 ซม. ยาว 800 ม.,,,"13.71032,100.542",125.ถนน นางลิ้นจี่,,สาทร,กรุงเทพมหานคร,2025-11-23T22:42:47.327897,แก้ไขแล้วเสร็จ,0,0,2025-11-23T22:42:47.328010
EXT-01385,{น้ำท่วม},Bangkok Flood Report,126.บริเวณถนนงามดูพลี | รายละเอียด: บริเวณถนนงามดูพลี รับผลกระทบจากน้ำท่วมถนนสวนพูล มีน้ำขัง สูง 20-30 ซม. ยาว 500 ม.,,,"13.71821,100.5431",126.บริเวณถนนงามดูพลี,,สาทร,กรุงเทพมหานคร,2025-11-23T22:42:47.327897,อยู่ระหว่างดำเนินการแก้ไข,0,0,2025-11-23T22:42:47.328010
EXT-01386,{น้ำท่วม},Bangkok Flood Report,127.ซอยเจริญราษฎร์ 5 (อยู่ดี 16) | รายละเอียด: ซอยเจริญราษฎร์ 5 (อยู่ดี 16) มีพื้นที่ลุ่มต่ำ มีน้ำท่วมขัง สูง 0.15 - 0.20 ม. ระยะทางประมาณ 400 ม.,,,"13.7031,100.5201",127.ซอยเจริญราษฎร์ 5 (อยู่ดี 16),,บางคอแหลม,กรุงเทพมหานคร,2025-11-23T22:42:47.327897,อยู่ระหว่างดำเนินการแก้ไข,0,0,2025-11-23T22:42:47.328010
EXT-01387,{น้ำท่วม},Bangkok Flood Report,128.ถนนพระรามที่ 3 ซอย 16 | รายละเอียด: ถนนพระรามที่ 3 ซอย 16 มีพื้นที่ลุ่มต่ำ มีน้ำท่วมขัง สูง 0.15 - 0.25 ม .ระยะทางประมาณ 200 ม.,,,"13.69054,100.5032",128.ถนนพระรามที่ 3 ซอย 16,,บางคอแหลม,กรุงเทพมหานคร,2025-11-23T22:42:47.327897,พื้นที่เอกชนหรือหน่วยงานราชการ,0,0,2025-11-23T22:42:47.328010
EXT-01388,{น้ำท่วม},Bangkok Flood Report,129.แยกถนนตก | รายละเอียด: แยกถนนตก มีพื้นที่ลุ่มต่ำ มีน้ำท่วมขัง สูง 0.15 - 0.25 ม .ระยะทางประมาณ 200 ม.,,,"13.69724,100.497",129.แยกถนนตก,,บางคอแหลม,กรุงเทพมหานคร,2025-11-23T22:42:47.327897,อยู่ระหว่างดำเนินการแก้ไข,0,0,2025-11-23T22:42:47.328010
EXT-01389,{น้ำท่วม},Bangkok Flood Report,13.ปลายซอยกำนันแม้น 22 | รายละเอียด: ถนนส่วนบุคคลมีน้ำท่วมขัง,,,"13.69304,100.4433",13.ปลายซอยกำนันแม้น 22,,จอมทอง,กรุงเทพมหานคร,2025-11-23T22:42:47.327897,พื้นที่เอกชนหรือหน่วยงานราชการ,0,0,2025-11-23T22:42:47.328010
EXT-01390,{น้ำท่วม},Bangkok Flood Report,130.ซอยจ่าโสด แยก 24 | รายละเอียด: เป็นซอยสาธารณะ บริเวณซอยดังกล่าวมีระดับต่ำกว่าซอยเพี้ยนพิน,,,"13.66426,100.5963",130.ซอยจ่าโสด แยก 24,,บางนา,กรุงเทพมหานคร,2025-11-23T22:42:47.327897,แก้ไขแล้วเสร็จ,0,0,2025-11-23T22:42:47.328010
EXT-01391,{น้ำท่วม},Bangkok Flood Report,131.ซอยลาซาล 22 (หมู่บ้านลาซาลนิเวศน์) | รายละเอียด: เป็นซอยส่วนบุคคล บริเวณซอยดังกล่าวเป็นจุดต่ำกว่าถนนลาซาล การระบายน้ำต้องอาศัยท่อระบายน้ำถนนลาซาล,,,"13.66335,100.6146",131.ซอยลาซาล 22 (หมู่บ้านลาซาลนิเวศน์),,บางนา,กรุงเทพมหานคร,2025-11-23T22:42:47.327897,พื้นที่เอกชนหรือหน่วยงานราชการ,0,0,2025-11-23T22:42:47.328010
EXT-01392,{น้ำท่วม},Bangkok Flood Report,132.ซอย ลาซาล 24 | รายละเอียด: เป็นซอยสาธารณะ บริเวณซอยดังกล่าวเป็นจุดต่ำกว่าถนนลาซาล การระบายน้ำต้องอาศัยท่อระบายน้ำถนนลาซาล เพื่อระบายน้ำลงสู่คลองบางนา ซึ่งมีระยะทางยาวไกล จึงใช้ระยะเวลานาน,,,"13.65881,100.6137",132.ซอย ลาซาล 24,,บางนา,กรุงเทพมหานคร,2025-11-23T22:42:47.327897,อยู่ระหว่างดำเนินการแก้ไข,0,0,2025-11-23T22:42:47.328010
EXT-01393,{น้ำท่วม},Bangkok Flood Report,133.ซอยลาซาล 32 | รายละเอียด: เป็นซอยสาธารณะ บริเวณซอยดังกล่าวเป็นจุดต่ำกว่าถนนลาซาล การระบายน้ำต้องอาศัยท่อระบายน้ำถนนลาซาล เพื่อระบายน้ำลงสู่คลองบางนา ซึ่งมีระยะทางยาวไกล จึงใช้ระยะเวลานาน,,,"13.66158,100.618",133.ซอยลาซาล 32,,บางนา,กรุงเทพมหานคร,2025-11-23T22:42:47.327897,อยู่ระหว่างดำเนินการแก้ไข,0,0,2025-11-23T22:42:47.328010
EXT-01394,{น้ำท่วม},Bangkok Flood Report,134.หมู่บ้านรังสิยา (อุดมสุข 58) | รายละเอียด: เป็นซอยส่วนบุคคล บริเวณซอยดังกล่าวต้องระบายน้ำสู่คลองเคล็ดที่อยู่ระหว่างการก่อสร้างโครงการอุโมงค์ระบายน้ำบึงหนองบอน ทำให้ระบายน้ำไม่ดีเท่าที่ควร,,,"13.67569,100.6387",134.หมู่บ้านรังสิยา (อุดมสุข 58),,บางนา,กรุงเทพมหานคร,2025-11-23T22:42:47.327897,พื้นที่เอกชนหรือหน่วยงานราชการ,0,0,2025-11-23T22:42:47.328010
EXT-01395,{น้ำท่วม},Bangkok Flood Report,"135.หมู่บ้านธันธวัช (ซอยบางนา-ตราด 42), | รายละเอียด: เป็นซอยส่วนบุคคล บริเวณซอยดังกล่าวเป็นจุดต่ำกว่าถนนเทพรัตน และมีน้ำจากถนนเทพรัตนไหลเข้ามาสมทบภายในซอย ท่อระบายน้ำมีขนาดเล็ก เป็นรูปแบบท่อของเอกชนเดิม ไม่รองรับกับปริมาณน้ำที่ต้องระบายออกจากพื้นที่",,,"13.66588,100.6379","135.หมู่บ้านธันธวัช (ซอยบางนา-ตราด 42),",,บางนา,กรุงเทพมหานคร,2025-11-23T22:42:47.327897,พื้นที่เอกชนหรือหน่วยงานราชการ,0,0,2025-11-23T22:42:47.328010
EXT-01396,{น้ำท่วม},Bangkok Flood Report,136.หมู่บ้านศานติ (ซอยบางนา-ตราด 38) | รายละเอียด: เป็นซอยส่วนบุคคล บริเวณซอยดังกล่าวเป็นจุดต่ำกว่าถนนเทพรัตน และมีน้ำจากถนนเทพรัตนไหลเข้ามาสมทบภายในซอย ท่อระบายน้ำมีขนาดเล็ก เป็นรูปแบบท่อของเอกชนเดิม ไม่รองรับกับปริมาณน้ำที่ต้องระบายออกจากพื้นที่,,,"13.66572,100.6358",136.หมู่บ้านศานติ (ซอยบางนา-ตราด 38),,บางนา,กรุงเทพมหานคร,2025-11-23T22:42:47.327897,พื้นที่เอกชนหรือหน่วยงานราชการ,0,0,2025-11-23T22:42:47.328010
EXT-01397,{น้ำท่วม},Bangkok Flood Report,137.หมู่บ้านไพโรจน์ (ซอยบางนา-ตราด 27) | รายละเอียด: เป็นซอยส่วนบุคคล บริเวณซอยดังกล่าวเป็นจุดต่ำกว่าถนนเทพรัตน และมีน้ำจากถนนเทพรัตนไหลเข้ามาสมทบภายในซอย ท่อระบายน้ำมีขนาดเล็ก เป็นรูปแบบท่อของเอกชนเดิม ไม่รองรับกับปริมาณน้ำที่ต้องระบายออกจากพื้นที่,,,"13.66966,100.6409",137.หมู่บ้านไพโรจน์ (ซอยบางนา-ตราด 27),,บางนา,กรุงเทพมหานคร,2025-11-23T22:42:47.327897,พื้นที่เอกชนหรือหน่วยงานราชการ,0,0,2025-11-23T22:42:47.328010
EXT-01398,{น้ำท่วม},Bangkok Flood Report,138.หมู่บ้านนภาลัย (สุขุมวิท 70/3) | รายละเอียด: เป็นซอยส่วนบุคคล บริเวณซอยดังกล่าวเป็นจุดต่ำกว่าถนนสุขุมวิท และมีน้ำจากถนนสุขุมวิทไหลเข้ามาสมทบภายในซอย ท่อระบายน้ำมีขนาดเล็ก เป็นรูปแบบท่อของเอกชนเดิม ไม่รองรับกับปริมาณน้ำที่ต้องระบายออกจากพื้นที่,,,"13.66575,100.6005",138.หมู่บ้านนภาลัย (สุขุมวิท 70/3),,บางนา,กรุงเทพมหานคร,2025-11-23T22:42:47.327897,พื้นที่เอกชนหรือหน่วยงานราชการ,0,0,2025-11-23T22:42:47.328010
EXT-01399,{น้ำท่วม},Bangkok Flood Report,139.หมู่บ้านเครือวัลย์ (ซอยแบริ่ง 19) | รายละเอียด: เป็นซอยสาธารณะ บริเวณซอยดังกล่าวเป็นจุดต่ำกว่าถนนแบริ่ง และมีน้ำจากถนนแบริ่ง ไหลเข้ามาสมทบภายในซอย,,,"13.65527,100.623",139.หมู่บ้านเครือวัลย์ (ซอยแบริ่ง 19),,บางนา,กรุงเทพมหานคร,2025-11-23T22:42:47.327897,พื้นที่เอกชนหรือหน่วยงานราชการ,0,0,2025-11-23T22:42:47.328010
EXT-01400,{น้ำท่วม},Bangkok Flood Report,14.ถนนพระราม 2 ซอย 3 - 11 | รายละเอียด: น้ำท่วมขังเวลาฝนตกหนักต้องใช้เวลาในการระบาย,,,"13.68043,100.4824",14.ถนนพระราม 2 ซอย 3 - 11,,จอมทอง,กรุงเทพมหานคร,2025-11-23T22:42:47.327897,พื้นที่เอกชนหรือหน่วยงานราชการ,0,0,2025-11-23T22:42:47.328010
EXT-01401,{น้ำท่วม},Bangkok Flood Report,140.ถนนลาซาลตัดใหม่ (หน้าโรงพยาบาลศิครินทร์) | รายละเอียด: เป็นถนนสาธารณะ บริเวณถนนดังกล่าวมีระดับต่ำท่อระบายน้ำเชื่อมต่อกับท่อระบายน้ำถนนศรีนครินทร์ (แยกศรีลาซาล,,,"13.65517,100.6464",140.ถนนลาซาลตัดใหม่ (หน้าโรงพยาบาลศิครินทร์),,บางนา,กรุงเทพมหานคร,2025-11-23T22:42:47.327897,มีมาตรการเร่งด่วน,0,0,2025-11-23T22:42:47.328010
EXT-01402,{น้ำท่วม},Bangkok Flood Report,141.ซอย สรรพาวุธ 1 แยก 2 | รายละเอียด: เป็นซอยสาธารณะ บริเวณซอยดังกล่าวเป็นจุดต่ำกว่าซอยสรรพาวุธ 1 และถนนสรรพาวุธ ที่ต้องระบายน้ำสู่คลองบางนา,,,"13.6723,100.6043",141.ซอย สรรพาวุธ 1 แยก 2,,บางนา,กรุงเทพมหานคร,2025-11-23T22:42:47.327897,แก้ไขแล้วเสร็จ,0,0,2025-11-23T22:42:47.328010
EXT-01403,{น้ำท่วม},Bangkok Flood Report,142.ซอย บางนา-ตราด 24 | รายละเอียด: เป็นซอยส่วนบุคคล บริเวณซอยดังกล่าวเป็นจุดต่ำกว่าถนนเทพรัตน และมีน้ำจากถนนเทพรัตนไหลเข้ามาสมทบภายในซอย ท่อระบายน้ำมีขนาดเล็ก เป็นรูปแบบท่อของเอกชนเดิม ไม่รองรับกับปริมาณน้ำที่ต้องระบายออกจากพื้นที่,,,"13.66698,100.6275",142.ซอย บางนา-ตราด 24,,บางนา,กรุงเทพมหานคร,2025-11-23T22:42:47.327897,มีมาตรการเร่งด่วน,0,0,2025-11-23T22:42:47.328010
EXT-01404,{น้ำท่วม},Bangkok Flood Report,143.ซอยบางนา – ตราด 46 (เคหะบางนา) | รายละเอียด: เป็นซอยสาธารณะ บริเวณซอยดังกล่าวเป็นจุดต่ำกว่าถนนเทพรัตน และมีน้ำจากถนนเทพรัตนไหลเข้ามาสมทบ ท่อระบายน้ำมีขนาดเล็ก เป็นรูปแบบท่อของเอกชนเดิม ไม่รองรับกับปริมาณน้ำที่ต้องระบายออกจากพื้นที่,,,"13.66421,100.6417",143.ซอยบางนา – ตราด 46 (เคหะบางนา),,บางนา,กรุงเทพมหานคร,2025-11-23T22:42:47.327897,แก้ไขแล้วเสร็จ,0,0,2025-11-23T22:42:47.328010
EXT-01405,{น้ำท่วม},Bangkok Flood Report,144.ซอย บางนา-ตราด 23 | รายละเอียด: เป็นซอยส่วนบุคคล บริเวณซอยดังกล่าวเป็นจุดต่ำกว่าถนนเทพรัตน การระบายน้ำต้องอาศัยท่อระบายน้ำถนนเทพรัตน,,,"13.67242,100.6363",144.ซอย บางนา-ตราด 23,,บางนา,กรุงเทพมหานคร,2025-11-23T22:42:47.327897,มีมาตรการเร่งด่วน,0,0,2025-11-23T22:42:47.328010
EXT-01406,{น้ำท่วม},Bangkok Flood Report,145.ซอยอุดมสุข 56 | รายละเอียด: เป็นซอยสาธารณะ บริเวณซอยดังกล่าวเป็นจุดต่ำกว่าถนนอุดมสุข ที่ต้องระบายน้ำสู่คลองเคล็ด,,,"13.67634,100.6364",145.ซอยอุดมสุข 56,,บางนา,กรุงเทพมหานคร,2025-11-23T22:42:47.327897,อยู่ระหว่างดำเนินการแก้ไข,0,0,2025-11-23T22:42:47.328010
EXT-01407,{น้ำท่วม},Bangkok Flood Report,146.ซอยอ่อนนุช 39 | รายละเอียด: มีน้ำท่วมขังประมาณ 5-10 ซม. ท่อระบายน้ำมีขนาดเล็ก,,,"13.71224,100.6383",146.ซอยอ่อนนุช 39,,สวนหลวง,กรุงเทพมหานคร,2025-11-23T22:42:47.327897,อยู่ระหว่างดำเนินการแก้ไข,0,0,2025-11-23T22:42:47.328010
EXT-01408,{น้ำท่วม},Bangkok Flood Report,147.ซอยลาซาล 46 (หมู่บ้านศรีพงษ์) | รายละเอียด: เป็นซอยสาธารณะ การระบายน้ำอาศัยท่อระบายน้ำในถนนลาซาล และระบายน้ำลงสู่ลำรางข้างโรงงานแพรนด้าจิวเวลรี่ ระหว่างซอยลาซาล 49 และซอยลาซาล 51 สู่คลองบางนา ซึ่งมีระยะทางยาวไกล จึงใช้ระยะเวลานาน ท่อระบายน้ำมีขนาดเล็ก เป็นรูปแบบท่อของเอกชนเดิม ไม่รองรับกับปริมาณน้ำที่ต้องระบายออกจากพื้นที่,,,"13.65892,100.6298",147.ซอยลาซาล 46 (หมู่บ้านศรีพงษ์),,บางนา,กรุงเทพมหานคร,2025-11-23T22:42:47.327897,อยู่ระหว่างดำเนินการแก้ไข,0,0,2025-11-23T22:42:47.328010
EXT-01409,{น้ำท่วม},Bangkok Flood Report,148.ถนนกำแพงเพชร 7 | รายละเอียด: มีน้ำท่วมขังประมาณ 10 - 15 ซม. เป็นพื้นที่ของการรถไฟแห่งประเทศไทยไม่มีท่อระบายน้ำเชื่อมกับท่อระบายน้ำหลักของกรุงเทพมหานคร ร่องระบายน้ำมีขนาดเล็กและอยู่ในแนวท่อก๊าซของ ปตท. ซึ่งสงวนสิทธิ์การขุด หรือก่อสร้างใดๆ ช่วงที่ 1 น้ำท่วมขังจากการไฟฟ้าบางกะปิถึงร้านค้าของเก่าจ่าโก๊ะ ช่วงที่ 2 น้ำท่วมขังจากแยกสถานีตำรวจนครบาลคลองตัน ถึง มหาวิทยาลัยเกษมบัณฑิต,,,"13.74091,100.6171",148.ถนนกำแพงเพชร 7,,สวนหลวง,กรุงเทพมหานคร,2025-11-23T22:42:47.327897,อยู่ระหว่างดำเนินการแก้ไข,0,0,2025-11-23T22:42:47.328010
EXT-01410,{น้ำท่วม},Bangkok Flood Report,149.ซอยพัฒนาการ 58 (หมู่บ้านเอื้อสุข) | รายละเอียด: มีน้ำท่วมขังประมาณ 10 - 15 ซม. พื้นที่มีระดับต่ำ ท่อระบายน้ำมีขนาดเล็ก,,,"13.73212,100.6472",149.ซอยพัฒนาการ 58 (หมู่บ้านเอื้อสุข),,สวนหลวง,กรุงเทพมหานคร,2025-11-23T22:42:47.327897,อยู่ระหว่างดำเนินการแก้ไข,0,0,2025-11-23T22:42:47.328010
EXT-01411,{น้ำท่วม},Bangkok Flood Report,15.ประตูระบายน้ำคลองบางค้อ | รายละเอียด: ประตูระบายน้ำมีน้ำรั่วซึม,,,"13.70185,100.4655",15.ประตูระบายน้ำคลองบางค้อ,,จอมทอง,กรุงเทพมหานคร,2025-11-23T22:42:47.327897,มีมาตรการเร่งด่วน,0,0,2025-11-23T22:42:47.328010
EXT-01412,{น้ำท่วม},Bangkok Flood Report,150.ซอย พัฒนาการ 30 | รายละเอียด: มีน้ำท่วมขังประมาณ 10 - 15 ซม. พื้นที่มีระดับต่ำ ท่อระบายน้ำมีขนาดเล็ก,,,"13.72653,100.6213",150.ซอย พัฒนาการ 30,,สวนหลวง,กรุงเทพมหานคร,2025-11-23T22:42:47.327897,อยู่ระหว่างดำเนินการแก้ไข,0,0,2025-11-23T22:42:47.328010
EXT-01413,{น้ำท่วม},Bangkok Flood Report,151.ซอยพัฒนาการ 54 (หมู่บ้านพลเทพ) | รายละเอียด: พื้นที่เอกชน มีน้ำท่วมขังประมาณ,,,"13.72902,100.6394",151.ซอยพัฒนาการ 54 (หมู่บ้านพลเทพ),,สวนหลวง,กรุงเทพมหานคร,2025-11-23T22:42:47.327897,พื้นที่เอกชนหรือหน่วยงานราชการ,0,0,2025-11-23T22:42:47.328010
EXT-01414,{น้ำท่วม},Bangkok Flood Report,152.ซอยพัฒนาการ 46 หมู่บ้านศิรินเทพ | รายละเอียด: พื้นที่เอกชน มีน้ำท่วมขังประมาณ 10-15 ซม. ซอยมีระดับต่ำ,,,"13.73678,100.6313",152.ซอยพัฒนาการ 46 หมู่บ้านศิรินเทพ,,สวนหลวง,กรุงเทพมหานคร,2025-11-23T22:42:47.327897,พื้นที่เอกชนหรือหน่วยงานราชการ,0,0,2025-11-23T22:42:47.328010
EXT-01415,{น้ำท่วม},Bangkok Flood Report,153.ซอนพัฒนาการ 29 หมู่บ้านเกษรา | รายละเอียด: มีน้ำท่วมขังประมาณ ซอยแยกเป็นถนนส่วนบุคคล พื้นที่มีระดับต่ำ ท่อระบายน้ำมีขนาดเล็กชำรุด และเก่า,,,"13.73945,100.6184",153.ซอนพัฒนาการ 29 หมู่บ้านเกษรา,,สวนหลวง,กรุงเทพมหานคร,2025-11-23T22:42:47.327897,พื้นที่เอกชนหรือหน่วยงานราชการ,0,0,2025-11-23T22:42:47.328010
EXT-01416,{น้ำท่วม},Bangkok Flood Report,154.ซอยพัฒนาการ 53 (หมู่บ้านเมืองทอง 2 โครงการ 3) | รายละเอียด: พื้นที่เอกชน มีน้ำท่วมขังประมาณ 10 ซม. ซอยแยกเป็นถนนส่วนบุคคล พื้นที่มีระดับต่ำ พื้นที่พักอาศัยและซอยแยกส่วนใหญ่มีระดับต่ำกว่าถนนพัฒนาการ 53 ท่อระบายน้ำมีขนาดเล็ก,,,"13.73258,100.6489",154.ซอยพัฒนาการ 53 (หมู่บ้านเมืองทอง 2 โครงการ 3),,สวนหลวง,กรุงเทพมหานคร,2025-11-23T22:42:47.327897,พื้นที่เอกชนหรือหน่วยงานราชการ,0,0,2025-11-23T22:42:47.328010
EXT-01417,{น้ำท่วม},Bangkok Flood Report,155.ซอยสุขุมวิท 64 แยก 6 -5 -2 -2 | รายละเอียด: เป็นซอยเอกชน จึงไม่สามารถเข้าไปปรับปรุงซอยได้ ท่อมีขนาดเล็ก,,,"13.69166,100.6049",155.ซอยสุขุมวิท 64 แยก 6 -5 -2 -2,,พระโขนง,กรุงเทพมหานคร,2025-11-23T22:42:47.327897,อยู่ระหว่างดำเนินการแก้ไข,0,0,2025-11-23T22:42:47.328010
EXT-01418,{น้ำท่วม},Bangkok Flood Report,156.ซอยสุขุมวิท 64 แยก 6 -5 -2 -1 | รายละเอียด: ซอยสุขุมวิท 64 แยก 6 -5 -2 -1 เป็นซอยเอกชน จึงไม่สามารถเข้าไปปรับปรุงซอยได้ และท่อมีขนาดเล็ก,,,"13.69038,100.6019",156.ซอยสุขุมวิท 64 แยก 6 -5 -2 -1,,พระโขนง,กรุงเทพมหานคร,2025-11-23T22:42:47.327897,อยู่ระหว่างดำเนินการแก้ไข,0,0,2025-11-23T22:42:47.328010
EXT-01419,{น้ำท่วม},Bangkok Flood Report,157.หมู่บ้านรุ่งเจริญ ซอยอุดมสุข 51 | รายละเอียด: หมู่บ้านรุ่งเจริญ ซอยอุดมสุข 51 การจราจรติดขัดทำให้ล่าช้าในการเข้าพื้นที่น้ำท่วม และซอยแคบเข้าถึงพื้นที่ลำบาก,,,"13.68079,100.6394",157.หมู่บ้านรุ่งเจริญ ซอยอุดมสุข 51,,พระโขนง,กรุงเทพมหานคร,2025-11-23T22:42:47.327897,พื้นที่เอกชนหรือหน่วยงานราชการ,0,0,2025-11-23T22:42:47.328010
EXT-01420,{น้ำท่วม},Bangkok Flood Report,158.ซอยสุขุมวิท 101/1 ช่วงระหว่างซอยวชิรธรรมสาธิต 17 – 29 | รายละเอียด: ซอยสุขุมวิท 101/1 ช่วงระหว่างซอยวชิรธรรมสาธิต 17 – 29 มีน้ำท่วมขัง,,,"13.68455,100.6243",158.ซอยสุขุมวิท 101/1 ช่วงระหว่างซอยวชิรธรรมสาธิต 17 – 29,,พระโขนง,กรุงเทพมหานคร,2025-11-23T22:42:47.327897,อยู่ระหว่างดำเนินการแก้ไข,0,0,2025-11-23T22:42:47.328010
EXT-01421,{น้ำท่วม},Bangkok Flood Report,159.ซอยสาธุประดิษฐ์ 58 แยก 10 | รายละเอียด: บริเวณที่เกิดน้ำท่วมขังอยู่ในซอยย่อยเป็นที่ส่วนนบุคคล,,,"13.68417,100.5263",159.ซอยสาธุประดิษฐ์ 58 แยก 10,,ยานนาวา,กรุงเทพมหานคร,2025-11-23T22:42:47.327897,มีมาตรการเร่งด่วน,0,0,2025-11-23T22:42:47.328010
EXT-01422,{น้ำท่วม},Bangkok Flood Report,16.คลองวัดสิงห์ ตอนคลองสนามชัย | รายละเอียด: ประตูระบายน้ำมีน้ำรั่วซึม,,,"13.68164,100.4485",16.คลองวัดสิงห์ ตอนคลองสนามชัย,,จอมทอง,กรุงเทพมหานคร,2025-11-23T22:42:47.327897,มีมาตรการเร่งด่วน,0,0,2025-11-23T22:42:47.328010
EXT-01423,{น้ำท่วม},Bangkok Flood Report,160.พระราม 3 ซอย 41 | รายละเอียด: น้ำรอระบายลงถนนพระรามที่สาม บริเวณที่เกิดน้ำท่วมขังอยู่ในซอยย่อยเป็นที่ส่วนบุคคล,,,"13.6753,100.5347",160.พระราม 3 ซอย 41,,ยานนาวา,กรุงเทพมหานคร,2025-11-23T22:42:47.327897,มีมาตรการเร่งด่วน,0,0,2025-11-23T22:42:47.328010
EXT-01424,{น้ำท่วม},Bangkok Flood Report,161.ซอย สาธุประดิษฐ์ 45 แยก 3 | รายละเอียด: น้ำรอระบายลงถนนสาธุประดิษฐ์ บริเวณที่เกิดน้ำท่วมขังอยู่ในซอยย่อยเป็นที่ส่วนบุคคล,,,"13.68899,100.5365",161.ซอย สาธุประดิษฐ์ 45 แยก 3,,ยานนาวา,กรุงเทพมหานคร,2025-11-23T22:42:47.327897,มีมาตรการเร่งด่วน,0,0,2025-11-23T22:42:47.328010
EXT-01425,{น้ำท่วม},Bangkok Flood Report,162.ซอย สาธุประดิษฐ์ 39 | รายละเอียด: น้ำรอระบายลงถนนสาธุประดิษฐ์ บริเวณที่เกิดน้ำท่วมขังอยู่ในซอยย่อยเป็นที่ส่วนบุคคล,,,"13.6919,100.5351",162.ซอย สาธุประดิษฐ์ 39,,ยานนาวา,กรุงเทพมหานคร,2025-11-23T22:42:47.327897,มีมาตรการเร่งด่วน,0,0,2025-11-23T22:42:47.328010
EXT-01426,{น้ำท่วม},Bangkok Flood Report,163.ซอยสาธุประดิษฐ์ 45 แยก 5 | รายละเอียด: น้ำรอระบายลงถนนสาธุประดิษฐ์ บริเวณที่เกิดน้ำท่วมขังอยู่ในซอยย่อยเป็นที่ส่วนบุคคล,,,"13.68814,100.5359",163.ซอยสาธุประดิษฐ์ 45 แยก 5,,ยานนาวา,กรุงเทพมหานคร,2025-11-23T22:42:47.327897,มีมาตรการเร่งด่วน,0,0,2025-11-23T22:42:47.328010
EXT-01427,{น้ำท่วม},Bangkok Flood Report,164.ซอยปุณณวิถี 53 (หมู่บ้านเมืองทอง 4) | รายละเอียด: ซอยปุณณวิถี 53 (หมู่บ้านเมืองทอง 4) ถนนหมู่บ้านเป็นพื้นที่ลุ่มต่ำ เป็นพื้นที่ส่วนบุคคล ท่อระบายน้ำภายในหมู่บ้านมีขนาดเล็ก ไม่เชื่อมเป็นระบบ,,,"13.70028,100.6257",164.ซอยปุณณวิถี 53 (หมู่บ้านเมืองทอง 4),,พระโขนง,กรุงเทพมหานคร,2025-11-23T22:42:47.327897,อยู่ระหว่างดำเนินการแก้ไข,0,0,2025-11-23T22:42:47.328010
EXT-01428,{น้ำท่วม},Bangkok Flood Report,165.ซอย สาธุประดิษฐ์ 15 | รายละเอียด: น้ำรอระบายรับผลกระทบจากน้ำท่วมถนนสาธุประดิษฐ์,,,"13.70212,100.5339",165.ซอย สาธุประดิษฐ์ 15,,ยานนาวา,กรุงเทพมหานคร,2025-11-23T22:42:47.327897,มีมาตรการเร่งด่วน,0,0,2025-11-23T22:42:47.328010
EXT-01429,{น้ำท่วม},Bangkok Flood Report,166.ซอย ปรีดี พนมยงค์ 42 | รายละเอียด: ซอย ปรีดี พนมยงค์ 42 การระบายน้ำภายในซอยจะระบายออกทางปากซอย ลงสู่แนวถนนสุขุมวิท 71 จะต้องรอให้ สนน. เร่งระบายน้ำ ให้ลดระดับ จะทำให้ในซอยลดระดับตาม,,,"13.73404,100.6008",166.ซอย ปรีดี พนมยงค์ 42,,วัฒนา,กรุงเทพมหานคร,2025-11-23T22:42:47.327897,แก้ไขแล้วเสร็จ,0,0,2025-11-23T22:42:47.328010
EXT-01430,{น้ำท่วม},Bangkok Flood Report,"167.บริเวณซอยนนทรี 14 ช่วงกลางซอยถึงท้ายซอย | รายละเอียด: เนื่องจากบริเวณดังกล่าวมีสภาพเป็นที่ลุ่มต่ำ บริเวณซอยนนทรี 14 ช่วงกลางซอยถึงท้ายซอย 4, บริเวณซอยนนทรี 14 ช่วงกลางซอยถึงท้ายซอย 4,",,,"13.69172,100.539",167.บริเวณซอยนนทรี 14 ช่วงกลางซอยถึงท้ายซอย,,ยานนาวา,กรุงเทพมหานคร,2025-11-23T22:42:47.327897,อยู่ระหว่างดำเนินการแก้ไข,0,0,2025-11-23T22:42:47.328010
EXT-01431,{น้ำท่วม},Bangkok Flood Report,168.ซอย รามคำแหง 5 แยกไซหนับพัฒนา | รายละเอียด: การระบายน้ำภายในซอยจะระบายออกทางปากซอยรามคำแหง 5 ลงสู่แนวถนนรามคำแหง และอาศัยสถานีสูบน้ำคลองกะจะสูบส่งลงคลองกะจะต่อไป,,,"13.74746,100.6016",168.ซอย รามคำแหง 5 แยกไซหนับพัฒนา,,สวนหลวง,กรุงเทพมหานคร,2025-11-23T22:42:47.327897,แก้ไขแล้วเสร็จ,0,0,2025-11-23T22:42:47.328010
EXT-01432,{น้ำท่วม},Bangkok Flood Report,169.ซอย ปรีดี พนมยงค์ 31 | รายละเอียด: ซอย ปรีดี พนมยงค์ 31 การระบายน้ำภายในซอยจะระบายออกทางปากซอย ลงสู่แนวถนนสุขุมวิท 71 จะต้องรอให้ สนน. เร่งระบายน้ำ ให้ลดระดับ จะทำให้ในซอยลดระดับตาม และภายในซอยผิวจราจรระดับต่ำกว่าด้านนอก,,,"13.72991,100.5928",169.ซอย ปรีดี พนมยงค์ 31,,วัฒนา,กรุงเทพมหานคร,2025-11-23T22:42:47.327897,แก้ไขแล้วเสร็จ,0,0,2025-11-23T22:42:47.328010
EXT-01433,{น้ำท่วม},Bangkok Flood Report,17.ท่าเรือดินแดง | รายละเอียด: ซอยเอกชนสภาพซอยเป็นพื้นที่ลุ่มต่ำ ระดับน้ำประมาณ 10- 20 ซม. ช่วงเวลาดังกล่าวน้ำในพื้นที่ระบายนไม่ทันใช้เวลาระบาย 1- 2 ชั่วโมง,,,"13.73486,100.5025",17.ท่าเรือดินแดง,,คลองสาน,กรุงเทพมหานคร,2025-11-23T22:42:47.327897,อยู่ระหว่างดำเนินการแก้ไข,0,0,2025-11-23T22:42:47.328010
EXT-01434,{น้ำท่วม},Bangkok Flood Report,170.ซอย ปรีดี พนมยงค์ 37 | รายละเอียด: ซอย ปรีดี พนมยงค์ 37 การระบายน้ำภายในซอยจะระบายออกทางปากซอย ลงสู่แนวถนนสุขุมวิท 71 จะต้องรอให้ สนน. เร่งระบายน้ำ ให้ลดระดับ,,,"13.7317,100.5918",170.ซอย ปรีดี พนมยงค์ 37,,วัฒนา,กรุงเทพมหานคร,2025-11-23T22:42:47.327897,แก้ไขแล้วเสร็จ,0,0,2025-11-23T22:42:47.328010
EXT-01435,{น้ำท่วม},Bangkok Flood Report,171.ซอย ปรีดี พนมยงค์ 25 | รายละเอียด: ซอย ปรีดี พนมยงค์ 25 การระบายน้ำภายในซอยจะระบายออกทางปากซอย ลงสู่แนวถนนสุขุมวิท 71 จะต้องรอให้ สนน. เร่งระบายน้ำ ให้ลดระดับ,,,"13.72701,100.5933",171.ซอย ปรีดี พนมยงค์ 25,,วัฒนา,กรุงเทพมหานคร,2025-11-23T22:42:47.327897,แก้ไขแล้วเสร็จ,0,0,2025-11-23T22:42:47.328010
EXT-01436,{น้ำท่วม},Bangkok Flood Report,172.ซอย ปรีดี พนมยงค์ 26 | รายละเอียด: ซอย ปรีดี พนมยงค์ 26 1. การระบายน้ำภายในซอยจะระบายออกทางปากซอย ลงสู่แนวถนนสุขุมวิท 71 จะต้องรอให้ สนน. เร่งระบายน้ำ ให้ลด 2. ภายในซอยผิวจราจรระดับต่ำ กว่าด้านนอก,,,"13.72603,100.6005",172.ซอย ปรีดี พนมยงค์ 26,,วัฒนา,กรุงเทพมหานคร,2025-11-23T22:42:47.327897,แก้ไขแล้วเสร็จ,0,0,2025-11-23T22:42:47.328010
EXT-01437,{น้ำท่วม},Bangkok Flood Report,173.ซอย ปรีดี พนมยงค์ 14 | รายละเอียด: ซอย ปรีดี พนมยงค์ 14 การระบายน้ำภายในซอยจะระบายออกทางปากซอย ลงสู่แนวถนนสุขุมวิท 71 จะต้องรอให้ สนน. เร่งระบายน้ำ ให้ลดระดับ,,,"13.72038,100.6014",173.ซอย ปรีดี พนมยงค์ 14,,วัฒนา,กรุงเทพมหานคร,2025-11-23T22:42:47.327897,แก้ไขแล้วเสร็จ,0,0,2025-11-23T22:42:47.328010
EXT-01438,{น้ำท่วม},Bangkok Flood Report,174.ซอย ปรีดี พนมยงค์ 13 | รายละเอียด: การระบายน้ำภายในซอยจะระบายออกทางปากซอย ลงสู่แนวถนนสุขุมวิท 71 จะต้องรอให้ สนน. เร่งระบายน้ำ ให้ลดระดับ,,,"13.71983,100.5942",174.ซอย ปรีดี พนมยงค์ 13,,วัฒนา,กรุงเทพมหานคร,2025-11-23T22:42:47.327897,แก้ไขแล้วเสร็จ,0,0,2025-11-23T22:42:47.328010
EXT-01439,{น้ำท่วม},Bangkok Flood Report,175.ถนน สุขุมวิท 71 | รายละเอียด: ซอยสุขุมวิท 71 (ปรีดีพนมยงค์) ช่วงปากซอยปรีดีพนมยงค์ 12 ถึงปากซอยปรีดีพนมยงค์ 22 (สนน.ดูแล) เมื่อมีฝนตกเกิน 60 มม. ส่งผลให้มีน้ำเอ่อบนผิวจราจร 15 - 20 ซม. ยาวประมาณ 250 ม. ผิวจราจรมีลักษณะเป็นแอ่งช่วงปากซอยปรีดีพนมยงค์ 12 - 20,,,"13.72193,100.5958",175.ถนน สุขุมวิท 71,,วัฒนา,กรุงเทพมหานคร,2025-11-23T22:42:47.327897,แก้ไขแล้วเสร็จ,0,0,2025-11-23T22:42:47.328010
EXT-01440,{น้ำท่วม},Bangkok Flood Report,176.สุขุมวิท 65 | รายละเอียด: สุขุมวิท 65 บริเวณกลางซอยบริเวณกลางซอยผิวจราจรระดับต่ำกว่าด้านนอก เป็นแอ่ง,,,"13.72033,100.5888",176.สุขุมวิท 65,,วัฒนา,กรุงเทพมหานคร,2025-11-23T22:42:47.327897,แก้ไขแล้วเสร็จ,0,0,2025-11-23T22:42:47.328010
EXT-01441,{น้ำท่วม},Bangkok Flood Report,177.หมู่บ้านถาวรนิเวศน์ (ซอยบางนา-ตราด 14) | รายละเอียด: เป็นซอยส่วนบุคคล บริเวณซอยดังกล่าวเป็นจุดต่ำกว่าถนนเทพรัตน และมีน้ำจากถนนเทพรัตนไหลเข้ามาสมทบภายในซอย ท่อระบายน้ำมีขนาดเล็ก เป็นรูปแบบท่อของเอกชนเดิม ไม่รองรับกับปริมาณน้ำที่ต้องระบายออกจากพื้นที่,,,"13.66844,100.6227",177.หมู่บ้านถาวรนิเวศน์ (ซอยบางนา-ตราด 14),,บางนา,กรุงเทพมหานคร,2025-11-23T22:42:47.327897,พื้นที่เอกชนหรือหน่วยงานราชการ,0,0,2025-11-23T22:42:47.328010
EXT-01442,{น้ำท่วม},Bangkok Flood Report,178.ซอย จันทน์ 18/7 แยก 1 | รายละเอียด: รับผลกระทบจากน้ำท่วมถนนจันทน์ มีน้ำขัง สูง 18-20 ซม. ยาว 700 ม.,,,"13.70788,100.526",178.ซอย จันทน์ 18/7 แยก 1,,สาทร,กรุงเทพมหานคร,2025-11-23T22:42:47.327897,อยู่ระหว่างดำเนินการแก้ไข,0,0,2025-11-23T22:42:47.328010
EXT-01443,{น้ำท่วม},Bangkok Flood Report,179.เอกมัย 22 | รายละเอียด: เอกมัย 22 บริเวณท้ายซอยมีระดับต่ำ เป็นลักษณะแอ่ง,,,"13.73522,100.5934",179.เอกมัย 22,,วัฒนา,กรุงเทพมหานคร,2025-11-23T22:42:47.327897,อยู่ระหว่างดำเนินการแก้ไข,0,0,2025-11-23T22:42:47.328010
EXT-01444,{น้ำท่วม},Bangkok Flood Report,"18.ถนนรัชดาภิเษกช่วงเดอะมอลล แยกมไหสวรรค์ | รายละเอียด: -ผิวการจราจรไม่เรียบเป็นแอ่งเป็นช่วง ๆ ทำให้เกิดการระบายน้ำได้ช้า
 -มีการก่อสร้างทางลอดทางแยกรัชดาภิเษก -ราชพฤกษ์ ทำให้เป็นอุปสรรคในการระบาย
 น้ำจากเศษวัสดุก่อสร้าง
 '- หากเกิดฝนตกหนักมีนำรอระบายสูงสุด 10 เซนติเมตร ใช้เวลาไม่เกิน 30 นาที",,,"13.70605,100.4832",18.ถนนรัชดาภิเษกช่วงเดอะมอลล แยกมไหสวรรค์,,ธนบุรี,กรุงเทพมหานคร,2025-11-23T22:42:47.327897,แก้ไขแล้วเสร็จ,0,0,2025-11-23T22:42:47.328010
EXT-01445,{น้ำท่วม},Bangkok Flood Report,180.ซอย ปรีดี พนมยงค์ 15 | รายละเอียด: ซอย ปรีดี พนมยงค์ 15 การระบายน้ำภายในซอยจะระบายออกทางปากซอย ลงสู่แนวถนนสุขุมวิท 71 จะต้องรอให้ สนน. เร่งระบายน้ำ ให้ลดระดับ,,,"13.72176,100.5932",180.ซอย ปรีดี พนมยงค์ 15,,วัฒนา,กรุงเทพมหานคร,2025-11-23T22:42:47.327897,แก้ไขแล้วเสร็จ,0,0,2025-11-23T22:42:47.328010
EXT-01446,{น้ำท่วม},Bangkok Flood Report,181.ถนนประชาอุทิศ | รายละเอียด: - ท่อระบำยน้ำมีขนาดเล็ก (Ø 0.80 เมตร) และมีท่อระบายน้ำหลักเพียงฝั่งเดียว แนวทางแก้ไข - ปรับปรุงถนนพร้อมท่อระบายน้ำขนาด Ø 1.20 ม. ทั้งสองฝั่ง,,,"13.91416,100.583",181.ถนนประชาอุทิศ,,ดอนเมือง,กรุงเทพมหานคร,2025-11-23T22:42:47.327897,อยู่ระหว่างดำเนินการแก้ไข,0,0,2025-11-23T22:42:47.328010
EXT-01447,{น้ำท่วม},Bangkok Flood Report,182.ซอยวัดเวฬุวนาราม 30 | รายละเอียด: - ไม่ได้ปรับปรุงถนนพร้อมท่อระบายน้ำในซอยย่อย แนวทางแก้ไข - ปรับปรุงถนนพร้อมท่อระบายน้ำ ให้มีขนาด Ø 0.80 เมตร ในซอยย่อย,,,"13.92043,100.5668",182.ซอยวัดเวฬุวนาราม 30,,ดอนเมือง,กรุงเทพมหานคร,2025-11-23T22:42:47.327897,อยู่ระหว่างดำเนินการแก้ไข,0,0,2025-11-23T22:42:47.328010
EXT-01448,{น้ำท่วม},Bangkok Flood Report,"183.คูนายกิม 3 | รายละเอียด: - ไม่ได้ขุดลอกเกิน 5 ปี แนวทางแก้ไข - ขุดลอกโดยการจ้างเหมาฯ ระยะทางประมาณ 2,260 เมตร",,,"13.9281,100.5825",183.คูนายกิม 3,,ดอนเมือง,กรุงเทพมหานคร,2025-11-23T22:42:47.327897,อยู่ระหว่างดำเนินการแก้ไข,0,0,2025-11-23T22:42:47.328010
EXT-01449,{น้ำท่วม},Bangkok Flood Report,"184.ลำรางเลียบโรงเรียนพหลโยธิน | รายละเอียด: - ไม่ได้ขุดลอกเกิน 5 ปี แนวทางแก้ไข - ขุดลอกโดยการจ้างเหมาฯ ระยะทางประมาณ 1,085 เมตร",,,"13.94868,100.6099",184.ลำรางเลียบโรงเรียนพหลโยธิน,,ดอนเมือง,กรุงเทพมหานคร,2025-11-23T22:42:47.327897,อยู่ระหว่างดำเนินการแก้ไข,0,0,2025-11-23T22:42:47.328010
EXT-01450,{น้ำท่วม},Bangkok Flood Report,185.ถนนช่างอากาศอุทิศ | รายละเอียด: มีหมู่บ้านและชุมชน 21 แห่ง -เกิดน้ำท่วมขัง 10-30 ซม. ตั้งแต่ ซ.ช่างอากาศอุทิศ 12 ถึงซอยช่างอากาศอุทิศ 20 ใช้เวลาระบายน้ำ 4-6 ชั่วโมง - ท่อระบายน้ำมีขนาด Ø 0.80 เมตร ซึ่งมีขนาดเล็กและไม่ต่อเนื่อง - น้ำไหลย้อนจากคลองเปรมฯ เข้าสู่ะระบบระบายน้ำ,,,"13.91564,100.5849",185.ถนนช่างอากาศอุทิศ,,ดอนเมือง,กรุงเทพมหานคร,2025-11-23T22:42:47.327897,อยู่ระหว่างดำเนินการแก้ไข,0,0,2025-11-23T22:42:47.328010
EXT-01451,{น้ำท่วม},Bangkok Flood Report,186.ลำรางหน้าวัดพุทธสยาม | รายละเอียด: - ไม่ได้ขุดลอกเกิน 5 ปี แนวทางแก้ไข - ขุดลอกโดยการจ้างเหมาฯ ระยะทางประมาณ 500 เมตร,,,"13.92967,100.5684",186.ลำรางหน้าวัดพุทธสยาม,,ดอนเมือง,กรุงเทพมหานคร,2025-11-23T22:42:47.327897,อยู่ระหว่างดำเนินการแก้ไข,0,0,2025-11-23T22:42:47.328010
EXT-01452,{น้ำท่วม},Bangkok Flood Report,187.ลำรางข้างหมู่บ้านเทพประทาน | รายละเอียด: - ไม่ได้ขุดลอกเกิน 5 ปี แนวทางแก้ไข - ขุดลอกโดยการจ้างเหมาฯ ระยะทางประมาณ 75 เมตร,,,"13.92873,100.5675",187.ลำรางข้างหมู่บ้านเทพประทาน,,ดอนเมือง,กรุงเทพมหานคร,2025-11-23T22:42:47.327897,อยู่ระหว่างดำเนินการแก้ไข,0,0,2025-11-23T22:42:47.328010
EXT-01453,{น้ำท่วม},Bangkok Flood Report,188.ซอยวิภาวดีรังสิต 17 | รายละเอียด: - น้ำท่วมขังประมาณ 10-15 ซม. แนวทางแก้ไข - ปรับปรุงท่อระบายน้ำเป็น box culvert ขนาด 1.00x1.00 เมตร ยาวประมาณ 690 เมตร,,,"13.82483,100.5559",188.ซอยวิภาวดีรังสิต 17,,จตุจักร,กรุงเทพมหานคร,2025-11-23T22:42:47.327897,แก้ไขแล้วเสร็จบางส่วน,0,0,2025-11-23T22:42:47.328010
EXT-01454,{น้ำท่วม},Bangkok Flood Report,"189.ซอยรัชดาภิเษก 42 | รายละเอียด: - น้ำท่วมขังประมาณ 30 ซม. (ตลอดทัํงซอย) แนวทางแก้ไข - ปรับปรุงท่อระบายนํ้าและผิวจราจรในซอยรัชดาภิเษก 42 แยก 4 และ แยก 6 (เพิ่มเติม) ยาวประมาณ 1,100 เมตร",,,"13.82587,100.5779",189.ซอยรัชดาภิเษก 42,,จตุจักร,กรุงเทพมหานคร,2025-11-23T22:42:47.327897,แก้ไขแล้วเสร็จบางส่วน,0,0,2025-11-23T22:42:47.328010
EXT-01455,{น้ำท่วม},Bangkok Flood Report,"19.ซอยสมเด็จพระเจ้าตากสิน 25 | รายละเอียด: - เป็นซอยเอกชนพื้นที่ต่ำ ระบบท่อระบายน้ำมีขนาดเล็ก
 - หากเกิดฝนตกหนักมีน้ำรอระบายสูงสุด 10-15 เซนติเมตร ใช้เวลาไม่เกิน 20 นาที",,,"13.70793,100.4873",19.ซอยสมเด็จพระเจ้าตากสิน 25,,ธนบุรี,กรุงเทพมหานคร,2025-11-23T22:42:47.327897,แก้ไขแล้วเสร็จ,0,0,2025-11-23T22:42:47.328010
EXT-01456,{น้ำท่วม},Bangkok Flood Report,"190.ซอยรัชดาภิเษก 36 | รายละเอียด: - น้ำท่วมขังประมาณ 15-20 ซม. (ตลอดทัํงซอยหลักและซอยย่อย) แนวทางแก้ไข - ปรับปรุงบ่อสูบนํ้าซอยรัชดาภิเษก 36 แยก 9-3 (บ่อสูบเกิดพุ่ม) เป็นขนาด 3.00 ลบ.ม/วินาที (เดิมขนาด 0.20 ลบ.ม/วินาที) - ปรับปรุงท่อระบายนํ้าซอยรัชดาภิเษก 36 แยก 9-3 เป็น box culvert ขนาด 1.20 x 1.20 เมตร ยาวประมาณ 500 เมตร - ปรับปรุงบ่อสูบนํ้าซอยรัชดาภิเษก 36 แยก 9-3-4 (บ่อสูบพาร์ 3) เป็นขนาด 2.00 ลบ.ม/วินาที (เดิมขนาด 0.24 ลบ.ม/วินาที - ปรับปรุงท่อระบายนํ้าซอยรัชดาภิเษก 36 แยก 9-3-4 ขนาด Ø 1.00 เมตร ยาวประมาณ 760 เมตร - ปรับปรุงบ่อสูบนํ้าอาภาภิรมย์ ซอยรัชดาภิเษก 36 แยก 19 เป็นขนาด 4.50 ลบ.ม/วินาที (เดิมขนาด 2.00 ลบ.ม/วินาที) - ปรับปรุงท่อระบายนํ้าซอยรัชดาภิเษก 36 แยก 19 เป็น box culvert 1.20 x 1.20 เมตร ทัํง 2 ฝั่ง ยาวประมาณ 3,000 เมตร - รื้อถอนประตูระบายน้ำคลองลาดพร้าว 56 จุดที่เป็นคอขวด เพื่อขยายความกว้างคลอง ให้มีความกว้างเพิ่มขึ้น เป็น 22 เมตร (โดยสนน. ดำเนินการชั่วคราวด้วยงบค่าใช้สอยปี 2566 และปรับปรุงถาวรใช้งบปี 2567)",,,"13.82222,100.5779",190.ซอยรัชดาภิเษก 36,,จตุจักร,กรุงเทพมหานคร,2025-11-23T22:42:47.327897,อยู่ระหว่างดำเนินการแก้ไข,0,0,2025-11-23T22:42:47.328010
EXT-01457,{น้ำท่วม},Bangkok Flood Report,191.ซอยพหลโยธิน 49/1 | รายละเอียด: - น้ำท่วมขังประมาณ 20 ซม. แนวทางแก้ไข - ปรับปรุงผิวจราจรจากถนนเลียบคลองบางเขนถึงคลองบางเขนยกระดับผิวจราจร 50 เซนติเมตร ยาวประมาณ 95 เมตร,,,"13.85973,100.5822",191.ซอยพหลโยธิน 49/1,,หลักสี่,กรุงเทพมหานคร,2025-11-23T22:42:47.327897,แก้ไขแล้วเสร็จ,0,0,2025-11-23T22:42:47.328010
EXT-01458,{น้ำท่วม},Bangkok Flood Report,192.ซอยพลโยธิน 49 | รายละเอียด: - น้ำท่วมขังประมาณ 20 ซม. (ตลอดทัํงซอย) แนวทางแก้ไข - ปรับปรุงเพิ่มท่อระบายนํ้า ขนาด Ø 0.60 เมตร อีก 1 ฝั่ง ยาวประมาณ 530 เมตร พร้อมทัํงยกระดับผิวจราจร บริเวณท้ายซอย - ก่อสร้างบ่อสูบนํ้า (ท้ายซอยพหลโยธิน 49) ขนาด 0.50 ลบ.ม/วินาที,,,"13.85457,100.5829",192.ซอยพลโยธิน 49,,จตุจักร,กรุงเทพมหานคร,2025-11-23T22:42:47.327897,แก้ไขแล้วเสร็จบางส่วน,0,0,2025-11-23T22:42:47.328010
EXT-01459,{น้ำท่วม},Bangkok Flood Report,193.ซอยพหลโยธิน 34 | รายละเอียด: - น้ำท่วมขังประมาณ 15 ซม. แนวทางแก้ไข - ก่อสร้างบ่อสูบนํ้าปลายซอยพหลโยธิน 34 แยก 11-2 ขนาด 4.00 ลบ.ม/วินาที เพื่อสูบนํ้า จากซอยพหลโยธิน 34 ออกสู่คลองลาดพร้าว - ปรับปรุงซอยพหลโยธิน 34 แยก 11-2 เพิ่มท่อระบายนํ้าเป็นขนาด box culvert ขนาด 2.10 x 2.10 เมตร (ช่วงท้ายซอย) และขนาด 1.50 x 1.50 เมตร (ช่วงต้นซอย) ยาวประมาณ 800 เมตร,,,"13.84079,100.5901",193.ซอยพหลโยธิน 34,,จตุจักร,กรุงเทพมหานคร,2025-11-23T22:42:47.327897,อยู่ระหว่างดำเนินการแก้ไข,0,0,2025-11-23T22:42:47.328010
EXT-01460,{น้ำท่วม},Bangkok Flood Report,194.หมู่บ้านปูนซีเมนต์ไทย | รายละเอียด: - น้ำท่วมขังประมาณ 15 ซม. แนวทางแก้ไข - ก่อสร้างบ่อสูบนํ้าปากซอยรัชดาภิเษก 52 ขนาด 2.00 ลบ.ม/วินาที เพื่อสูบนํ้าจากซอยรัชดาภิเษก 52 ออกสู่คูระบายนํ้า ข้างถนนรัชดาภิเษก - ปรับปรุงท่อระบายนํ้า ซอยรัชดาภิเษก 52 เป็นขนาด Ø 1.20 เมตร ยาวประมาณ 400 เมตร,,,"13.83166,100.5469",194.หมู่บ้านปูนซีเมนต์ไทย,,จตุจักร,กรุงเทพมหานคร,2025-11-23T22:42:47.327897,แก้ไขแล้วเสร็จบางส่วน,0,0,2025-11-23T22:42:47.328010
EXT-01461,{น้ำท่วม},Bangkok Flood Report,195.ถนนเทพรักษ์ช่วงระหว่างเวนคืนที่ดนิ ซอยครูเพี้ยน | รายละเอียด: - น้้าท่วมขังผิวจราจร สูงประมาณ 20 - 30 ซม. แนวทางแก้ไข - ยังไม่มีโครงการรองรับ (ของ สนย),,,"13.87594,100.6517",195.ถนนเทพรักษ์ช่วงระหว่างเวนคืนที่ดนิ ซอยครูเพี้ยน,,บางเขน,กรุงเทพมหานคร,2025-11-23T22:42:47.327897,พื้นที่เอกชนหรือหน่วยงานราชการ,0,0,2025-11-23T22:42:47.328010
EXT-01462,{น้ำท่วม},Bangkok Flood Report,"196.วงเวียนบางเขน | รายละเอียด: - น้้าท่วมขังผิวจราจร สูงประมาณ 15 - 20 ซม. แนวทางการแก้ไข 1.1 ขุดลอกรางอ้อ-รางแก้ว 1.2 แก้มลิงววงเวียนบางเขนรองรับน้ำได้ปริมาณ 6,000 ลบ.ม. (กรมทางหลวง)",,,"13.87567,100.5962",196.วงเวียนบางเขน,,บางเขน,กรุงเทพมหานคร,2025-11-23T22:42:47.327897,พื้นที่เอกชนหรือหน่วยงานราชการ,0,0,2025-11-23T22:42:47.328010
EXT-01463,{น้ำท่วม},Bangkok Flood Report,197.ถนนเทพรักษ์ตัดกับถนนพหลโยธิน | รายละเอียด: - น้้าท่วมขังผิวจราจร สูงประมาณ 20 - 30 ซม. แนวทางแก้ไข - ขุดลอกล้ารางหมู่บ้านอนันต์สุขสุนต์ รุ่นที่ 18 - ขุดลอกล้ารางหมู่บ้านเพชรสยาม - ปรับปรุงซอยเทพรักษ์ 46 - ก่อสร้างสถานีสูบน้้าพร้อมเขื่อนคลองล้าผักชี (ตลาดยิ่งเจริญ) - ติดตั้งประตูท่อ2 จุด (ลงคลองล้าผักชี) - สนน.ติดตั้ง Flap Gate ปลายท่อถนนพหลโยธินก่อนลงคลองล้าผักชี (สนย),,,"13.89047,100.6057",197.ถนนเทพรักษ์ตัดกับถนนพหลโยธิน,,บางเขน,กรุงเทพมหานคร,2025-11-23T22:42:47.327897,อยู่ระหว่างดำเนินการแก้ไข,0,0,2025-11-23T22:42:47.328010
EXT-01464,{น้ำท่วม},Bangkok Flood Report,198.ถนนวัชรพล | รายละเอียด: - น้้าท่วมขังผิวจราจร สูงประมาณ 20 - 30 ซม. แนวทางแก้ไข - สนน.พิจารณาลอกท่อระบายน้้า - ปรับปรุงผิวจราจร/ทางเท้า/ฝาท่อระบายน้้า - ติดตั้งประตูท่อพร้อมบ่อสูบน้้า2 จุด (ลงคลองหนองจอก) - ติดตั้งประตูท่อ 2 จุด (หน้า รร.รัตนโกสินทร์) (สนย),,,"13.8697,100.6447",198.ถนนวัชรพล,,บางเขน,กรุงเทพมหานคร,2025-11-23T22:42:47.327897,อยู่ระหว่างดำเนินการแก้ไข,0,0,2025-11-23T22:42:47.328010
EXT-01465,{น้ำท่วม},Bangkok Flood Report,"199.ถนนสุขาภิบาล 5 ถึงแยกวัชรพล | รายละเอียด: - น้้าท่วมขังผิวจราจร สูงประมาณ 20 - 30 ซม. แนวทางแก้ไข - ปรับปรุงซอยสุขาภิบาล 5 ซอย 5 แยก 4 (งบฯ 4,255,000 บาท) - ปรับปรุงซอยสุขาภิบาล 5 ซอย 5 แยก 20 (งบฯ 7,227,000 บาท) - ปรับปรุงซอยสุขาภิบาล 5 ซอย 5 (จามจุรี) (งบฯ 15,120,000 บาท) - ปรับปรุงซอยสุขาภิบาล 5 แยก 23 - ปรับปรุงซอยสุขาภิบาล 5 แยก 15 - ปรับปรุงซอยสุขาภิบาล 5 ซอย 5 แยก 22-1 - ปรับปรุงซอยคุณพ่อลบนาคอุลัย - ปรับปรุงซอยสุขาภิบาล 5 ซอย 5 แยก 16 - ปรับปรุงซอยสุขาภิบาล 5 ซอย 5 แยก 12 - ขุดลอกคลองกุ่มแดง จากคลองหนองบัวบาน ถึงคลองจระเข้ (งบฯ 1,777,000 บาท) - ขุดลอกคลองบัว (งบฯ 4,000,000 บาท) - ปรับปรุงท่อระบายน้้าและยกผิวจราจร - ติดตั้งประตูท่อ 4 จุด (ลงคลองบัว) (สนย)",,,"13.86753,100.6467",199.ถนนสุขาภิบาล 5 ถึงแยกวัชรพล,,บางเขน,กรุงเทพมหานคร,2025-11-23T22:42:47.327897,อยู่ระหว่างดำเนินการแก้ไข,0,0,2025-11-23T22:42:47.328010
EXT-01466,{น้ำท่วม},Bangkok Flood Report,2.ประชาสงเคราะห์ 27 | รายละเอียด: สภาพภายในซอยเป็นพื้นที่ลุ่มต่ำ ประกอบด้วยระบบท่อระบายน้ำในซอยมีขนาดเล็ก,,,"13.77654,100.5618",2.ประชาสงเคราะห์ 27,,ดินแดง,กรุงเทพมหานคร,2025-11-23T22:42:47.327897,อยู่ระหว่างดำเนินการแก้ไข,0,0,2025-11-23T22:42:47.328010
EXT-01467,{น้ำท่วม},Bangkok Flood Report,"20.ซอยสมเด็จพระเจ้าตากสิน 40 | รายละเอียด: - ท่อระบายน้ำภายในซอยมีขนาดเล็ก ต้นซอยเป็นที่สาธารณะความยาว 20 เมตร
 - มีน้ำรอระบายเป็นบางครั้งระดับน้ำรอระบายสูงสุด 5 เซนติเมตร ใช้เวลาไม่เกิน 20 นาที",,,"13.70079,100.4824",20.ซอยสมเด็จพระเจ้าตากสิน 40,,ธนบุรี,กรุงเทพมหานคร,2025-11-23T22:42:47.327897,แก้ไขแล้วเสร็จ,0,0,2025-11-23T22:42:47.328010
EXT-01468,{น้ำท่วม},Bangkok Flood Report,"200.ซอยรามอินทรา 5 | รายละเอียด: - น้้าท่วมขังผิวจราจร สูงประมาณ 20 - 30 ซม. แนวทางแก้ไข - ปรับปรุงซอยรามอินทรา 5 แยก 27 (งบฯ 1,596,000 บาท) - ปรับปรุงซอยรามอินทรา 5 แยก 3 (หมู่บ้านเธียรสวน แยก 1 ช่วงปลาย) (งบฯ 7,939,000 บาท) - ปรับปรุงซอยรามอินทรา 5 แยก 22 - ปรับปรุงซอยรามอินทรา 5 แยก 26 - งบประมาณขุดลอกคลองรางอ้อ-รางแก้ว (งบฯ 3,000,000 บาท) - ขุดลอกล้ารางข้างหมู่บ้านไปรษณีย์นิเวศน์ (งบฯ 1,200,000 บาท) - ก่อสร้างเขื่อนคลองรางอ้อ-รางแก้ว - ก่อสร้างบ่อสูบแก้มลิงบึงเธียรสวน",,,"13.87081,100.6059",200.ซอยรามอินทรา 5,,บางเขน,กรุงเทพมหานคร,2025-11-23T22:42:47.327897,พื้นที่เอกชนหรือหน่วยงานราชการ,0,0,2025-11-23T22:42:47.328010
EXT-01469,{น้ำท่วม},Bangkok Flood Report,"201.ซอยรามอินทรา 19 | รายละเอียด: - น้้าท่วมขังผิวจราจร สูงประมาณ 20 - 30 ซม. แนวทางแก้ไข - สนข.ขุดลอกไผ่เขียว (อยู่ระหว่างด้าเนินการ)(งบฯ 1,701,000 บาท) - ขุดลอกล้ารางแยกคลองกระเฉด (งบฯ 500,000 บาท) - ปรับปรุงซอยพหลโยธิน 48 แยก 47 - ปรับปรุงท่อระบายน้้าและยกผิวจราจร ซ.รามอินทรา19 (งบฯ 15,000,000 บาท)",,,"13.86929,100.6185",201.ซอยรามอินทรา 19,,บางเขน,กรุงเทพมหานคร,2025-11-23T22:42:47.327897,แก้ไขแล้วเสร็จ,0,0,2025-11-23T22:42:47.328010
EXT-01470,{น้ำท่วม},Bangkok Flood Report,"202.ซอยรามอินทรา 21 | รายละเอียด: - น้้าท่วมขังผิวจราจร สูงประมาณ 20 - 30 ซม. แนวทางแก้ไข - ปรับปรุงซอยรามอินทรา 21 ซอย 1 - ขุดลอกล้ารางข้างโรงงานท่อซีซีเอ็ม - ติดตั้งบ่อสูบและประตูท่อพร้อมติดตั้งเครื่องสูบไฟฟ้า ซอยรามอินทรา 21 (งบฯ 5,000,000 บาท)",,,"13.86871,100.62",202.ซอยรามอินทรา 21,,บางเขน,กรุงเทพมหานคร,2025-11-23T22:42:47.327897,แก้ไขแล้วเสร็จ,0,0,2025-11-23T22:42:47.328010
EXT-01471,{น้ำท่วม},Bangkok Flood Report,"203.ซอยรามอินทรา 31 | รายละเอียด: - น้้าท่วมขังผิวจราจร สูงประมาณ 20 - 30 ซม. แนวทางแก้ไข - - ก่อสร้างเขื่อนและสถานีสูบน้้าคลองไผ่เขียว (อยู่ระหว่างด้าเนินการ) (งบฯ 101,764,000 บาท)",,,"13.86492,100.6252",203.ซอยรามอินทรา 31,,บางเขน,กรุงเทพมหานคร,2025-11-23T22:42:47.327897,แก้ไขแล้วเสร็จ,0,0,2025-11-23T22:42:47.328010
EXT-01472,{น้ำท่วม},Bangkok Flood Report,"204.ซอยรามอินทรา 23 | รายละเอียด: - น้้าท่วมขังผิวจราจร สูงประมาณ 20 - 30 ซม. แนวทางแก้ไข - ปรับปรุงซอยรามอินทรา 23 แยก 4 (งบฯ 1,695,000 บาท) - ปรับปรุงซอยรามอินทรา 23 แยก 20 (สนย)",,,"13.86736,100.621",204.ซอยรามอินทรา 23,,บางเขน,กรุงเทพมหานคร,2025-11-23T22:42:47.327897,อยู่ระหว่างดำเนินการแก้ไข,0,0,2025-11-23T22:42:47.328010
EXT-01473,{น้ำท่วม},Bangkok Flood Report,"205.ซอยรามอินทรา 39 | รายละเอียด: - น้้าท่วมขังผิวจราจร สูงประมาณ 20 - 30 ซม. แนวทางแก้ไข - ปรับปรุงซอยรามอินทรา 39 เชื่อมถนนสุขาภิบาล 5 (งบฯ 3,068,000 บาท) - ปรับปรุงท่อระบายน้้าและยกผิวจราจร ซ.รามอินทรา 39 (งบฯ 30,688,000 บาท)",,,"13.86276,100.6273",205.ซอยรามอินทรา 39,,บางเขน,กรุงเทพมหานคร,2025-11-23T22:42:47.327897,อยู่ระหว่างดำเนินการแก้ไข,0,0,2025-11-23T22:42:47.328010
EXT-01474,{น้ำท่วม},Bangkok Flood Report,206.ซอยพหลโยธิน 43 | รายละเอียด: - น้ำท่วมขังประมาณ 30 ซม. (ตลอดทัํงซอย) แนวทางแก้ไข - อยู่ระหว่างปรับปรุงท่อระบายนํ้าพร้อมทัํงยกระดับผิวจราจรใน ซอยพหลโยธิน 43 (ตลอดทัํงซอย),,,"13.84745,100.5786",206.ซอยพหลโยธิน 43,,จตุจักร,กรุงเทพมหานคร,2025-11-23T22:42:47.327897,แก้ไขแล้วเสร็จ,0,0,2025-11-23T22:42:47.328010
EXT-01475,{น้ำท่วม},Bangkok Flood Report,"207.ถนนลาดปลาเค้า | รายละเอียด: - น้้าท่วมขังผิวจราจร สูงประมาณ 10 - 15 ซม. แนวทางแก้ไข - ขุดลอกไผ่เขียว (อยู่ระหว่างด้าเนินการ) (งบฯ 1,701,000 บาท) - ก่อสร้างเขื่อนและสถานีสูบน้้าคลองไผ่เขียว (อยู่ระหว่างด้าเนินการ) (งบฯ 101,764,000 บาท) - ปรับปรุงท่อระบายน้้าและยกผิวจราจร ซ.รามอินทรา10 (อยู่ระหว่างด้าเนินการ) (งบฯ 6,020,000 บาท) - ติดตั้งประตูท่อ ลงคลองหลุมไผ่ 2 จุด",,,"13.84319,100.5971",207.ถนนลาดปลาเค้า,,ลาดพร้าว,กรุงเทพมหานคร,2025-11-23T22:42:47.327897,อยู่ระหว่างดำเนินการแก้ไข,0,0,2025-11-23T22:42:47.328010
EXT-01476,{น้ำท่วม},Bangkok Flood Report,"208.แฟลตการเคหะรามอินทรา กม.4 | รายละเอียด: - น้้าท่วมขังผิวจราจร สูงประมาณ 10 - 15 ซม. แนวทางแก้ไข - ขุดลอกล้ารางแยกคลองล้าไผ่ (งบฯ 1,000,000 บาท) - ปรับปรุงท่อระบายน้้าและยกผิวจราจรเคหะ (งบฯ 30,000,000 บาท)รามอินทรา กม.4 - ซ่อมแซมและขยายบ่อสูบ - เสนอการเคหะซ่อมแซมบ่อบ้าบัด",,,"13.85773,100.6269",208.แฟลตการเคหะรามอินทรา กม.4,,บางเขน,กรุงเทพมหานคร,2025-11-23T22:42:47.327897,อยู่ระหว่างดำเนินการแก้ไข,0,0,2025-11-23T22:42:47.328010
EXT-01477,{น้ำท่วม},Bangkok Flood Report,209.ซอยคู้บอน 27 แยก 42 | รายละเอียด: - น้้าท่วมขังผิวจราจร สูงประมาณ 10 - 15 ซม. แนวทางแก้ไข,,,"13.86729,100.6698",209.ซอยคู้บอน 27 แยก 42,,บางเขน,กรุงเทพมหานคร,2025-11-23T22:42:47.327897,พื้นที่เอกชนหรือหน่วยงานราชการ,0,0,2025-11-23T22:42:47.328010
EXT-01478,{น้ำท่วม},Bangkok Flood Report,"21.ทางกลับรถใต้สะพานวุฒากาศ | รายละเอียด: - ท่อระบายน้ำที่เชื่อมคลองด่านไหลได้ช้า/อุดตัน
 - มีน้ำรอการระบายเป็นบางครั้ง ระดับน้ำรอการระบายสูงสุด 5 ซม. ใช้เวลาไม่เกิน 20 นาที",,,"13.71263,100.4709",21.ทางกลับรถใต้สะพานวุฒากาศ,,ธนบุรี,กรุงเทพมหานคร,2025-11-23T22:42:47.327897,แก้ไขแล้วเสร็จ,0,0,2025-11-23T22:42:47.328010
EXT-01479,{น้ำท่วม},Bangkok Flood Report,210.ซอยคู้บอน 27 แยก 46 | รายละเอียด: - น้้าท่วมขังผิวจราจร สูงประมาณ 10 - 15 ซม. แนวทางแก้ไข,,,"13.86817,100.6696",210.ซอยคู้บอน 27 แยก 46,,บางเขน,กรุงเทพมหานคร,2025-11-23T22:42:47.327897,พื้นที่เอกชนหรือหน่วยงานราชการ,0,0,2025-11-23T22:42:47.328010
EXT-01480,{น้ำท่วม},Bangkok Flood Report,211.ซอยคู้บอน 27 แยก 44 | รายละเอียด: - น้้าท่วมขังผิวจราจร สูงประมาณ 10 - 154 ซม. แนวทางแก้ไข,,,"13.86774,100.6697",211.ซอยคู้บอน 27 แยก 44,,บางเขน,กรุงเทพมหานคร,2025-11-23T22:42:47.327897,พื้นที่เอกชนหรือหน่วยงานราชการ,0,0,2025-11-23T22:42:47.328010
EXT-01481,{น้ำท่วม},Bangkok Flood Report,212.ซอยคู้บอน 27 แยก 48 | รายละเอียด: - น้้าท่วมขังผิวจราจร สูงประมาณ 10 - 15 ซม. แนวทางแก้ไข,,,"13.86848,100.6693",212.ซอยคู้บอน 27 แยก 48,,บางเขน,กรุงเทพมหานคร,2025-11-23T22:42:47.327897,พื้นที่เอกชนหรือหน่วยงานราชการ,0,0,2025-11-23T22:42:47.328010
EXT-01482,{น้ำท่วม},Bangkok Flood Report,213.ซอยคู้บอน 27 แยก 54 | รายละเอียด: - น้้าท่วมขังผิวจราจร สูงประมาณ 10 - 15 ซม. แนวทางแก้ไข,,,"13.86981,100.6689",213.ซอยคู้บอน 27 แยก 54,,บางเขน,กรุงเทพมหานคร,2025-11-23T22:42:47.327897,พื้นที่เอกชนหรือหน่วยงานราชการ,0,0,2025-11-23T22:42:47.328010
EXT-01483,{น้ำท่วม},Bangkok Flood Report,214.ซอยคู้บอน 27 แยก 52 | รายละเอียด: - น้้าท่วมขังผิวจราจร สูงประมาณ 10 - 15 ซม. แนวทางแก้ไข,,,"13.86942,100.669",214.ซอยคู้บอน 27 แยก 52,,บางเขน,กรุงเทพมหานคร,2025-11-23T22:42:47.327897,พื้นที่เอกชนหรือหน่วยงานราชการ,0,0,2025-11-23T22:42:47.328010
EXT-01484,{น้ำท่วม},Bangkok Flood Report,215.หมู่บ้านอัมรินทร์นิเวศน์ | รายละเอียด: - น้้าท่วมขังผิวจราจร สูงประมาณ 10 - 15 ซม. แนวทางแก้ไข -โครงการก่อสร้างทำนบกั้นน้ำ แนวคลองลาดพร้าว (อยู่ระหว่างสำรวจและออกแบบ),,,"13.87457,100.6007",215.หมู่บ้านอัมรินทร์นิเวศน์,,บางเขน,กรุงเทพมหานคร,2025-11-23T22:42:47.327897,แก้ไขแล้วเสร็จ,0,0,2025-11-23T22:42:47.328010
EXT-01485,{น้ำท่วม},Bangkok Flood Report,216.ซอยคู้บอน 27 แยก 56 | รายละเอียด: - น้้าท่วมขังผิวจราจร สูงประมาณ 10 - 15 ซม. แนวทางแก้ไข,,,"13.87104,100.6688",216.ซอยคู้บอน 27 แยก 56,,บางเขน,กรุงเทพมหานคร,2025-11-23T22:42:47.327897,พื้นที่เอกชนหรือหน่วยงานราชการ,0,0,2025-11-23T22:42:47.328010
EXT-01486,{น้ำท่วม},Bangkok Flood Report,217.ชุมชนวัดอาวุธ | รายละเอียด: - น้้าท่วมขังผิวจราจร สูงประมาณ 10 - 20 ซม. แนวทางแก้ไข,,,"13.87589,100.6517",217.ชุมชนวัดอาวุธ,,บางเขน,กรุงเทพมหานคร,2025-11-23T22:42:47.327897,พื้นที่เอกชนหรือหน่วยงานราชการ,0,0,2025-11-23T22:42:47.328010
EXT-01487,{น้ำท่วม},Bangkok Flood Report,218.ชุมชนวัชรปราณี | รายละเอียด: - น้้าท่วมขังผิวจราจร สูงประมาณ 10 - 20 ซม. แนวทางแก้ไข *อยู่ระหว่างสรุปแนวทางการแก้ไขระหว่างหน่วยงานที่เกี่ยวข้อง,,,"13.86715,100.6493",218.ชุมชนวัชรปราณี,,บางเขน,กรุงเทพมหานคร,2025-11-23T22:42:47.327897,พื้นที่เอกชนหรือหน่วยงานราชการ,0,0,2025-11-23T22:42:47.328010
EXT-01488,{น้ำท่วม},Bangkok Flood Report,219.ซอยกรุงเทพ - นนทบุรี 31 | รายละเอียด: - 1 ปรับปรุงการไหลของน้ำในถนนกรุงเทพนนท์ เมื่อฝนตกหนักน้ำในท่อสูงไหลย้อนเข้าไปในซอย 2 ควรปรับปรุงคลองส้มป่อยเพื่อช่วยการระบายน้ำถนนกรุงเทพนนท์,,,"13.82325,100.5313",219.ซอยกรุงเทพ - นนทบุรี 31,,บางซื่อ,กรุงเทพมหานคร,2025-11-23T22:42:47.327897,อยู่ระหว่างดำเนินการแก้ไข,0,0,2025-11-23T22:42:47.328010
EXT-01489,{น้ำท่วม},Bangkok Flood Report,22.ชุมชนซอยวังเดิม 10 ถนนวังเดิม | รายละเอียด: เวลาน้ำทะเลหนุนจะพบปัญหาน้ำท่วมขังและล้นข้ามผนัง,,,"13.74464,100.4876",22.ชุมชนซอยวังเดิม 10 ถนนวังเดิม,,บางกอกใหญ่,กรุงเทพมหานคร,2025-11-23T22:42:47.327897,อยู่ระหว่างดำเนินการแก้ไข,0,0,2025-11-23T22:42:47.328010
EXT-01490,{น้ำท่วม},Bangkok Flood Report,"220.หมู่บ้านเสนานิเวศน์ โครงการ 1 | รายละเอียด: - ระบบท่อระบายน้ำชำรุด แนวทางการแก้ไข - ก่อสร้างบ่อสูบน้ำพร้อมติดตั้งเครื่องสูบน้ำไฟฟ้า บริเวณท้ายซอย 120, 122 (สนน. จะของบปี 66 (งบกลาง) ..............บาท) - ปรับปรุงขนาดท่อลอดใต้สะพานข้ามคลองเสือน้อยช่วงถนนสุคนธสวัสดิ์ (สนน. จะของบปี 66 (งบกลาง) ..............บาท)",,,"13.82723,100.6071",220.หมู่บ้านเสนานิเวศน์ โครงการ 1,,ลาดพร้าว,กรุงเทพมหานคร,2025-11-23T22:42:47.327897,อยู่ระหว่างดำเนินการแก้ไข,0,0,2025-11-23T22:42:47.328010
EXT-01491,{น้ำท่วม},Bangkok Flood Report,"221.ชุมชนเนียมกล่ำสามัคคี | รายละเอียด: - มีน้ำท่วมขังเนื่องจากเป็นพื้นที่ลุ่มต่ำ แนวทางการแก้ไข - ปรับปรุงท่อระบายน้ำและยกระดับพื้นถนนบริเวณซอยแยกตั้งแต่หน้าม.สวนราชาไปจนท้ายซอยประเสริฐมนูกิจ แยก 8 ซอย 14 (สนข. จะของบปี 66 (งบกลาง) 8,009,000.- บาท) - ก่อสร้างบ่อพักพร้อมติดตั้งเครื่องผลักดันน้ำในท่อบริเวณกลางซอย (สนน. จะของบปี 66 (งบกลาง) ..............บาท)",,,"13.84105,100.624",221.ชุมชนเนียมกล่ำสามัคคี,,ลาดพร้าว,กรุงเทพมหานคร,2025-11-23T22:42:47.327897,อยู่ระหว่างดำเนินการแก้ไข,0,0,2025-11-23T22:42:47.328010
EXT-01492,{น้ำท่วม},Bangkok Flood Report,"222.บริเวณแนวคลองบางเขน | รายละเอียด: - ระดับน้ำในคลองสูง ทำให้ไหลท่วมบริเวณพื้นที่ริมคลอง แนวทางแก้ไข - งานปรับปรุงแนวป้องกันน้ำท่วมริมแม่น้ำเจ้าพระยาบริเวณคลองบางเขนเก่า (สนน. จะของบปี 66 (งบกลาง) 26,400,000.-บาท ระยะเวลา 200 วัน) (สนน)",,,"13.82603,100.5114",222.บริเวณแนวคลองบางเขน,,บางซื่อ,กรุงเทพมหานคร,2025-11-23T22:42:47.327897,อยู่ระหว่างดำเนินการแก้ไข,0,0,2025-11-23T22:42:47.328010
EXT-01493,{น้ำท่วม},Bangkok Flood Report,223.หมู่บ้านเสนานิเวศน์ โครงการ 2 | รายละเอียด: - มีน้ำท่วมขังเนื่องจากเป็นพื้นที่ลุ่มต่ำ แนวทางการแก้ไข - ก่อสร้างเขื่อนค.ส.ล. คลองวัดลาดปลาเค้าพร้อมสถานีสูบบริเวณปากคลองลาดปลาเค้า (สนน. จะของบปี 66 (งบกลาง) ..............บาท),,,"13.83958,100.6072",223.หมู่บ้านเสนานิเวศน์ โครงการ 2,,ลาดพร้าว,กรุงเทพมหานคร,2025-11-23T22:42:47.327897,แก้ไขแล้วเสร็จ,0,0,2025-11-23T22:42:47.328010
EXT-01494,{น้ำท่วม},Bangkok Flood Report,224.ซอยประเสริฐมนูกิจ 29 แยก 4 | รายละเอียด: ,,,"13.84031,100.6249",224.ซอยประเสริฐมนูกิจ 29 แยก 4,,ลาดพร้าว,กรุงเทพมหานคร,2025-11-23T22:42:47.327897,อยู่ระหว่างดำเนินการแก้ไข,0,0,2025-11-23T22:42:47.328010
EXT-01495,{น้ำท่วม},Bangkok Flood Report,225.ถนนสุคนธสวัสดิ์ 13 ถึงถนนประเสริฐมนูกิจ | รายละเอียด: - มีน้ำท่วมขังเนื่องจากระบบบระบายน้ำไม่สามารถรองรับได้ แนวทางการแก้ไข - ก่อสร้างบ่อสูบน้ำบริเวณสี่แยกถนนประเสริฐมนูกิจตัดกับถนนสุคนธสวัสดิ์ ติดตั้งทั้ง 2 ฝั่ง (สนน. จะของบปี 66 (งบกลาง) ..............บาท),,,"13.82646,100.622",225.ถนนสุคนธสวัสดิ์ 13 ถึงถนนประเสริฐมนูกิจ,,ลาดพร้าว,กรุงเทพมหานคร,2025-11-23T22:42:47.327897,อยู่ระหว่างดำเนินการแก้ไข,0,0,2025-11-23T22:42:47.328010
EXT-01496,{น้ำท่วม},Bangkok Flood Report,226.หมู่บ้านลาดพร้าววิลเลจ | รายละเอียด: - มีน้ำท่วมขังเนื่องจากเป็นพื้นที่ลุ่มต่ำ แนวทางการแก้ไข - เร่งรัดโครงการแก้มลิงบึงลาดพร้าว 71,,,"13.81476,100.6104",226.หมู่บ้านลาดพร้าววิลเลจ,,ลาดพร้าว,กรุงเทพมหานคร,2025-11-23T22:42:47.327897,พื้นที่เอกชนหรือหน่วยงานราชการ,0,0,2025-11-23T22:42:47.328010
EXT-01497,{น้ำท่วม},Bangkok Flood Report,227.ซอยนาคนิวาส 48 แยก 14 | รายละเอียด: - มีน้ำท่วมขังเนื่องจากเป็นพื้นที่ลุ่มต่ำ แนวทางการแก้ไข - ปรับปรุงท่อระบายน้ำและยกระดับพื้นถนน (สนข. จะของบปี 66 (งบกลาง) ..............บาท),,,"13.81381,100.6159",227.ซอยนาคนิวาส 48 แยก 14,,ลาดพร้าว,กรุงเทพมหานคร,2025-11-23T22:42:47.327897,แก้ไขแล้วเสร็จ,0,0,2025-11-23T22:42:47.328010
EXT-01498,{น้ำท่วม},Bangkok Flood Report,228.ถนนโชคชัย 4 ซอย 30 | รายละเอียด: - มีน้ำท่วมขังเนื่องจากระบบบระบายน้ำไม่สามารถรองรับได้ - ก่อสร้างบ่อสูบน้ำพร้อมเครื่องสูบน้ำไฟฟ้าบริเวณถนนโชคชัย 4 ช่วงสะพานข้ามคลองทรงกระเทียมหน้าโรงพยาบาลเปาโลฯ โชคชัย 4 และ ก่อสร้างบ่อสูบน้ำพร้อมเครื่องสูบน้ำไฟฟ้าบริเวณถนนโชคชัย 4 ระบายสู่คลองเสือน้อย(โดยสนน.) และยกระดับผิวถนนให้สูงขึ้น (โดยสนย.),,,"13.80913,100.5973",228.ถนนโชคชัย 4 ซอย 30,,ลาดพร้าว,กรุงเทพมหานคร,2025-11-23T22:42:47.327897,แก้ไขแล้วเสร็จบางส่วน,0,0,2025-11-23T22:42:47.328010
EXT-01499,{น้ำท่วม},Bangkok Flood Report,229.ถนนโชคชัย 4 ซอย 34 | รายละเอียด: - มีน้ำท่วมขังเนื่องจากระบบบระบายน้ำไม่สามารถรองรับได้ แนวทางการแก้ไข - ก่อสร้างบ่อสูบน้ำพร้อมเครื่องสูบน้ำไฟฟ้าบริเวณถนนโชคชัย 4 ช่วงสะพานข้ามคลองทรงกระเทียมหน้าโรงพยาบาลเปาโลฯ โชคชัย 4 - ก่อสร้างบ่อสูบน้ำพร้อมเครื่องสูบน้ำไฟฟ้าบริเวณถนนโชคชัย 4 ระบายสู่คลองเสือน้อย (สนน. จะของบปี 66 (งบกลาง) - ยกระดับผิวถนนให้สูงขึ้น (โดยสนย. จะของบปี 66 (งบกลาง) ..............บาท),,,"13.81044,100.5975",229.ถนนโชคชัย 4 ซอย 34,,ลาดพร้าว,กรุงเทพมหานคร,2025-11-23T22:42:47.327897,แก้ไขแล้วเสร็จบางส่วน,0,0,2025-11-23T22:42:47.328010
EXT-01500,{น้ำท่วม},Bangkok Flood Report,23.ชุมชนจันทร์ทรานิเวศ ตลอดถนนทั้งชุมชน | รายละเอียด: ชุมชนจันทร์ทรานิเวศ ตลอดถนนทั้งชุมชน รับผลกระทบจากน้ำท่วมถนนจันทน์ มีน้ำขัง สูง 10 ซม. ยาว 100 ม.,,,"13.70788,100.5324",23.ชุมชนจันทร์ทรานิเวศ ตลอดถนนทั้งชุมชน,,สาทร,กรุงเทพมหานคร,2025-11-23T22:42:47.327897,พื้นที่เอกชนหรือหน่วยงานราชการ,0,0,2025-11-23T22:42:47.328010
EXT-01501,{น้ำท่วม},Bangkok Flood Report,230.ถนนโชคชัย 4 ซอย 36 | รายละเอียด: - มีน้ำท่วมขังเนื่องจากระบบบระบายน้ำไม่สามารถรองรับได้ แนวทางการแก้ไข - ก่อสร้างบ่อสูบน้ำพร้อมเครื่องสูบน้ำไฟฟ้าบริเวณถนนโชคชัย 4 ช่วงสะพานข้ามคลองทรงกระเทียมหน้าโรงพยาบาลเปาโลฯ โชคชัย 4 - ก่อสร้างบ่อสูบน้ำพร้อมเครื่องสูบน้ำไฟฟ้าบริเวณถนนโชคชัย 4 ระบายสู่คลองเสือน้อย (สนน. จะของบปี 66 (งบกลาง) - ยกระดับผิวถนนให้สูงขึ้น (โดยสนย. จะของบปี 66 (งบกลาง) ..............บาท),,,"13.81081,100.5975",230.ถนนโชคชัย 4 ซอย 36,,ลาดพร้าว,กรุงเทพมหานคร,2025-11-23T22:42:47.327897,แก้ไขแล้วเสร็จบางส่วน,0,0,2025-11-23T22:42:47.328010
EXT-01502,{น้ำท่วม},Bangkok Flood Report,231.ถนนโชคชัย 4 ซอย 32 | รายละเอียด: - มีน้ำท่วมขังเนื่องจากระบบบระบายน้ำไม่สามารถรองรับได้ แนวทางการแก้ไข - ก่อสร้างบ่อสูบน้ำพร้อมเครื่องสูบน้ำไฟฟ้าบริเวณถนนโชคชัย 4 ช่วงสะพานข้ามคลองทรงกระเทียมหน้าโรงพยาบาลเปาโลฯ โชคชัย 4 - ก่อสร้างบ่อสูบน้ำพร้อมเครื่องสูบน้ำไฟฟ้าบริเวณถนนโชคชัย 4 ระบายสู่คลองเสือน้อย (สนน. จะของบปี 66 (งบกลาง) - ยกระดับผิวถนนให้สูงขึ้น (โดยสนย. จะของบปี 66 (งบกลาง) ..............บาท),,,"13.80966,100.5972",231.ถนนโชคชัย 4 ซอย 32,,ลาดพร้าว,กรุงเทพมหานคร,2025-11-23T22:42:47.327897,แก้ไขแล้วเสร็จบางส่วน,0,0,2025-11-23T22:42:47.328010
EXT-01503,{น้ำท่วม},Bangkok Flood Report,232.ถนนโชคชัย 4 ซอย 38 | รายละเอียด: - มีน้ำท่วมขังเนื่องจากระบบบระบายน้ำไม่สามารถรองรับได้ แนวทางการแก้ไข - ก่อสร้างบ่อสูบน้ำพร้อมเครื่องสูบน้ำไฟฟ้าบริเวณถนนโชคชัย 4 ช่วงสะพานข้ามคลองทรงกระเทียมหน้าโรงพยาบาลเปาโลฯ โชคชัย 4 - ก่อสร้างบ่อสูบน้ำพร้อมเครื่องสูบน้ำไฟฟ้าบริเวณถนนโชคชัย 4 ระบายสู่คลองเสือน้อย (สนน. จะของบปี 66 (งบกลาง) - ยกระดับผิวถนนให้สูงขึ้น (โดยสนย. จะของบปี 66 (งบกลาง) ..............บาท),,,"13.8111,100.5971",232.ถนนโชคชัย 4 ซอย 38,,ลาดพร้าว,กรุงเทพมหานคร,2025-11-23T22:42:47.327897,แก้ไขแล้วเสร็จบางส่วน,0,0,2025-11-23T22:42:47.328010
EXT-01504,{น้ำท่วม},Bangkok Flood Report,233.ถนนโชคชัย 4 ซอย 42 | รายละเอียด: - มีน้ำท่วมขังเนื่องจากระบบบระบายน้ำไม่สามารถรองรับได้ แนวทางการแก้ไข - ก่อสร้างบ่อสูบน้ำพร้อมเครื่องสูบน้ำไฟฟ้าบริเวณถนนโชคชัย 4 ช่วงสะพานข้ามคลองทรงกระเทียมหน้าโรงพยาบาลเปาโลฯ โชคชัย 4 - ก่อสร้างบ่อสูบน้ำพร้อมเครื่องสูบน้ำไฟฟ้าบริเวณถนนโชคชัย 4 ระบายสู่คลองเสือน้อย (สนน. จะของบปี 66 (งบกลาง) - ยกระดับผิวถนนให้สูงขึ้น (โดยสนย. จะของบปี 66 (งบกลาง) ..............บาท),,,"13.81194,100.5973",233.ถนนโชคชัย 4 ซอย 42,,ลาดพร้าว,กรุงเทพมหานคร,2025-11-23T22:42:47.327897,แก้ไขแล้วเสร็จบางส่วน,0,0,2025-11-23T22:42:47.328010
EXT-01505,{น้ำท่วม},Bangkok Flood Report,234.ถนนโชคชัย 4 ซอย 40 | รายละเอียด: - มีน้ำท่วมขังเนื่องจากระบบบระบายน้ำไม่สามารถรองรับได้ แนวทางการแก้ไข - ก่อสร้างบ่อสูบน้ำพร้อมเครื่องสูบน้ำไฟฟ้าบริเวณถนนโชคชัย 4 ช่วงสะพานข้ามคลองทรงกระเทียมหน้าโรงพยาบาลเปาโลฯ โชคชัย 4 - ก่อสร้างบ่อสูบน้ำพร้อมเครื่องสูบน้ำไฟฟ้าบริเวณถนนโชคชัย 4 ระบายสู่คลองเสือน้อย (สนน. จะของบปี 66 (งบกลาง) - ยกระดับผิวถนนให้สูงขึ้น (โดยสนย. จะของบปี 66 (งบกลาง) ..............บาท),,,"13.81153,100.5972",234.ถนนโชคชัย 4 ซอย 40,,ลาดพร้าว,กรุงเทพมหานคร,2025-11-23T22:42:47.327897,แก้ไขแล้วเสร็จบางส่วน,0,0,2025-11-23T22:42:47.328010
EXT-01506,{น้ำท่วม},Bangkok Flood Report,235.ถนนโชคชัย 4 ซอย 44 | รายละเอียด: - มีน้ำท่วมขังเนื่องจากระบบบระบายน้ำไม่สามารถรองรับได้ แนวทางการแก้ไข - ก่อสร้างบ่อสูบน้ำพร้อมเครื่องสูบน้ำไฟฟ้าบริเวณถนนโชคชัย 4 ช่วงสะพานข้ามคลองทรงกระเทียมหน้าโรงพยาบาลเปาโลฯ โชคชัย 4 - ก่อสร้างบ่อสูบน้ำพร้อมเครื่องสูบน้ำไฟฟ้าบริเวณถนนโชคชัย 4 ระบายสู่คลองเสือน้อย (สนน. จะของบปี 66 (งบกลาง) - ยกระดับผิวถนนให้สูงขึ้น (โดยสนย. จะของบปี 66 (งบกลาง) ..............บาท),,,"13.81234,100.5972",235.ถนนโชคชัย 4 ซอย 44,,ลาดพร้าว,กรุงเทพมหานคร,2025-11-23T22:42:47.327897,แก้ไขแล้วเสร็จบางส่วน,0,0,2025-11-23T22:42:47.328010
EXT-01507,{น้ำท่วม},Bangkok Flood Report,236.หมู่บ้านอมรพันธ์ 9 | รายละเอียด: - มีน้ำท่วมขังเนื่องจากระบบบระบายน้ำไม่สามารถรองรับได้ แนวทางการแก้ไข - ก่อสร้างบ่อสูบน้ำบริเวณถนนเสนานิคมช่วงคลองลาดพร้าวปละติดตั้งเครื่องสูบน้ำไฟฟ้า (สนน. จะของบปี 66 (งบกลาง) ..............บาท),,,"13.82878,100.5915",236.หมู่บ้านอมรพันธ์ 9,,ลาดพร้าว,กรุงเทพมหานคร,2025-11-23T22:42:47.327897,แก้ไขแล้วเสร็จ,0,0,2025-11-23T22:42:47.328010
EXT-01508,{น้ำท่วม},Bangkok Flood Report,237.วัดลาดพร้าว | รายละเอียด: #NAME?,,,"13.80396,100.5895",237.วัดลาดพร้าว,,ลาดพร้าว,กรุงเทพมหานคร,2025-11-23T22:42:47.327897,แก้ไขแล้วเสร็จ,0,0,2025-11-23T22:42:47.328010
EXT-01509,{น้ำท่วม},Bangkok Flood Report,"238.ซอยประดิษฐ์มนูธรรม 27 | รายละเอียด: - ไม่มีท่อระบายน้ำ แนวทางการแก้ไข - ปรับปรุงถนนและท่อระบายน้ำ (สนข. จะของบปี 66 (งบกลาง) 6,100,000.- บาท)",,,"13.8252,100.6267",238.ซอยประดิษฐ์มนูธรรม 27,,ลาดพร้าว,กรุงเทพมหานคร,2025-11-23T22:42:47.327897,แก้ไขแล้วเสร็จ,0,0,2025-11-23T22:42:47.328010
EXT-01510,{น้ำท่วม},Bangkok Flood Report,239.คอนโดเอื้อประชา ซอยนาคนิวาส 48 แยก 18 | รายละเอียด: ,,,"13.81791,100.6176",239.คอนโดเอื้อประชา ซอยนาคนิวาส 48 แยก 18,,ลาดพร้าว,กรุงเทพมหานคร,2025-11-23T22:42:47.327897,พื้นที่เอกชนหรือหน่วยงานราชการ,0,0,2025-11-23T22:42:47.328010
EXT-01511,{น้ำท่วม},Bangkok Flood Report,24.ชุมชนวัดเครือวัลย์ ถนนอรุณอมรินทร์ | รายละเอียด: เวลาน้ำทะเลหนุนสูงจะพบปัญหาน้ำท่วมขัง,,,"13.74729,100.486",24.ชุมชนวัดเครือวัลย์ ถนนอรุณอมรินทร์,,บางกอกใหญ่,กรุงเทพมหานคร,2025-11-23T22:42:47.327897,อยู่ระหว่างดำเนินการแก้ไข,0,0,2025-11-23T22:42:47.328010
EXT-01512,{น้ำท่วม},Bangkok Flood Report,"240.ซอยโชคชัย 4 ซอย 54 แยก 4 ซอย 24 | รายละเอียด: - น้ำท่วมขังเนื่องจากเป็นพื้นที่ลุ่มต่ำ แนวทางการแก้ไข - ปรับปรุงท่อระบายน้ำและยกระดับถนนถนนซอยโชคชัย 4 ซอย 54 แยก 4 ซอย 23,24,25 (สนข. จะของบปี 66 (งบกลาง) 10,835,000.- บาท)",,,"13.81288,100.6068",240.ซอยโชคชัย 4 ซอย 54 แยก 4 ซอย 24,,ลาดพร้าว,กรุงเทพมหานคร,2025-11-23T22:42:47.327897,แก้ไขแล้วเสร็จ,0,0,2025-11-23T22:42:47.328010
EXT-01513,{น้ำท่วม},Bangkok Flood Report,"241.ซอยโชคชัย 4 ซอย 54 แยก 4 ซอย 23 | รายละเอียด: - น้ำท่วมขังเนื่องจากเป็นพื้นที่ลุ่มต่ำ แนวทางการแก้ไข - ปรับปรุงท่อระบายน้ำและยกระดับถนนถนนซอยโชคชัย 4 ซอย 54 แยก 4 ซอย 23,24,25 (สนข. จะของบปี 66 (งบกลาง) 10,835,000.- บาท)",,,"13.81326,100.6068",241.ซอยโชคชัย 4 ซอย 54 แยก 4 ซอย 23,,ลาดพร้าว,กรุงเทพมหานคร,2025-11-23T22:42:47.327897,แก้ไขแล้วเสร็จ,0,0,2025-11-23T22:42:47.328010
EXT-01514,{น้ำท่วม},Bangkok Flood Report,242.ถนนโชคชัย 4 ซอย 20 | รายละเอียด: - มีน้ำท่วมขังเนื่องจากระบบบระบายน้ำไม่สามารถรองรับได้ แนวทางการแก้ไข - ก่อสร้างเขื่อน ค.ส.ล.บริเวณคลองสองตอนและสถานีสูบน้ำ เพิ่มประสิทธิภาพการระบายน้ำ (สนน./สนข. จะของบปี 66 (งบกลาง) ..............บาท),,,"13.80591,100.5981",242.ถนนโชคชัย 4 ซอย 20,,ลาดพร้าว,กรุงเทพมหานคร,2025-11-23T22:42:47.327897,อยู่ระหว่างดำเนินการแก้ไข,0,0,2025-11-23T22:42:47.328010
EXT-01515,{น้ำท่วม},Bangkok Flood Report,243.หมู่บ้ำนเฟรนชิพ | รายละเอียด: - น้ำท่วมขังเนื่องจากเป็นพื้นที่ลุ่มต่ำและระบบระบายน้ำเก่า แนวทางการแก้ไข - ปรับปรุงถนนและท่อระบายน้ำซอยประเสริฐมนูกิจ 2 แยก 2 (สนข. ได้รับงบประมาณแล้ว อยู่ระหว่างดำเนินการ),,,"13.83527,100.6206",243.หมู่บ้ำนเฟรนชิพ,,ลาดพร้าว,กรุงเทพมหานคร,2025-11-23T22:42:47.327897,แก้ไขแล้วเสร็จ,0,0,2025-11-23T22:42:47.328010
EXT-01516,{น้ำท่วม},Bangkok Flood Report,"244.ซอยโชคชัย 4 ซอย 54 แยก 4 ซอย 25 | รายละเอียด: - น้ำท่วมขังเนื่องจากเป็นพื้นที่ลุ่มต่ำ แนวทางการแก้ไข - ปรับปรุงท่อระบายน้ำและยกระดับถนนถนนซอยโชคชัย 4 ซอย 54 แยก 4 ซอย 23,24,25 (สนข. จะของบปี 66 (งบกลาง) 10,835,000.- บาท)",,,"13.81244,100.6068",244.ซอยโชคชัย 4 ซอย 54 แยก 4 ซอย 25,,ลาดพร้าว,กรุงเทพมหานคร,2025-11-23T22:42:47.327897,แก้ไขแล้วเสร็จ,0,0,2025-11-23T22:42:47.328010
EXT-01517,{น้ำท่วม},Bangkok Flood Report,"245.ซอยโชคชัย 4 ซอย 49 แยก 7 | รายละเอียด: - ไม่มีท่อระบายน้ำ แนวทางการแก้ไข - ปรับปรุงถนนและท่อระบายน้ำ (สนข. จะของบปี 66 (งบกลาง) 5,141,000.- บาท)",,,"13.81399,100.5929",245.ซอยโชคชัย 4 ซอย 49 แยก 7,,ลาดพร้าว,กรุงเทพมหานคร,2025-11-23T22:42:47.327897,แก้ไขแล้วเสร็จ,0,0,2025-11-23T22:42:47.328010
EXT-01518,{น้ำท่วม},Bangkok Flood Report,"246.ซอยลาดพร้าววังหิน 48 | รายละเอียด: - ไม่มีท่อระบายน้ำ แนวทางการแก้ไข - ปรับปรุงถนนและท่อระบายน้ำ (สนข. จะของบปี 66 (งบกลาง) 4,691,000.- บาท)",,,"13.81876,100.5935",246.ซอยลาดพร้าววังหิน 48,,ลาดพร้าว,กรุงเทพมหานคร,2025-11-23T22:42:47.327897,แก้ไขแล้วเสร็จ,0,0,2025-11-23T22:42:47.328010
EXT-01519,{น้ำท่วม},Bangkok Flood Report,247.ซอยโชคชัย 4 บริเวณท้ายซอย 36 | รายละเอียด: - มีน้ำท่วมขังเนื่องจากระบบบระบายน้ำไม่สามารถรองรับได้ แนวทางการแก้ไข - ก่อสร้างบ่อสูบน้ำพร้อมติดตั้งเครื่องสูบน้ำไฟฟ้าบริเวณท้ายซอย (สนข. จะของบปี 66 (งบกลาง) ..............บาท),,,"13.81059,100.6019",247.ซอยโชคชัย 4 บริเวณท้ายซอย 36,,ลาดพร้าว,กรุงเทพมหานคร,2025-11-23T22:42:47.327897,อยู่ระหว่างดำเนินการแก้ไข,0,0,2025-11-23T22:42:47.328010
EXT-01520,{น้ำท่วม},Bangkok Flood Report,"248.ซอยพหลโยธิน 52 แยก 27 (ซอยทิมเรืองเวช) | รายละเอียด: - เป็นพื้นที่ลุ่มต่ำ มีน้ำท่วมขัง 20-40 ซม. แนวทางแก้ไข - ปรับปรุงยกระดับซอยทิมเรืองเวชจากซอยพหลโยธิน 52 แยก 27 ถึงซอยเพิ่มสิน 20 แยก 19 (โดยสนข. งบประมาณ12,000,000.- บาท)",,,"13.89125,100.6214",248.ซอยพหลโยธิน 52 แยก 27 (ซอยทิมเรืองเวช),,สายไหม,กรุงเทพมหานคร,2025-11-23T22:42:47.327897,แก้ไขแล้วเสร็จ,0,0,2025-11-23T22:42:47.328010
EXT-01521,{น้ำท่วม},Bangkok Flood Report,"249.ซอยพหลโยธิน 52 แยก 11 (หมู่บ้านณัฐกานต์ 3-5,วัดอมราวราม) | รายละเอียด: - เเป็นพื้นที่ลุ่มต่ำ มีน้ำท่วมขัง เวลาฝนตกหนัก แนวทางแก้ไข - ปรับปรุงระบบระบายน้ำซอยพหลโยธิน 52 (โดยสนข. งบประมาณ2,799,000.- บาท)",,,"13.89459,100.6203","249.ซอยพหลโยธิน 52 แยก 11 (หมู่บ้านณัฐกานต์ 3-5,วัดอมราวราม)",,สายไหม,กรุงเทพมหานคร,2025-11-23T22:42:47.327897,แก้ไขแล้วเสร็จบางส่วน,0,0,2025-11-23T22:42:47.328010
EXT-01522,{น้ำท่วม},Bangkok Flood Report,25.วัดอรุณราชวรมหาวิหาร | รายละเอียด: เวลาน้ำทะเลหนุนสูงจะพบปัญหาน้ำท่วมขัง,,,"13.74481,100.4889",25.วัดอรุณราชวรมหาวิหาร,,บางกอกใหญ่,กรุงเทพมหานคร,2025-11-23T22:42:47.327897,อยู่ระหว่างดำเนินการแก้ไข,0,0,2025-11-23T22:42:47.328010
EXT-01523,{น้ำท่วม},Bangkok Flood Report,"250.ซอยพหลโยธิน 50 (ชุมชนเสนาวัฒนา) | รายละเอียด: - เป็นพื้นที่ลุ่มต่ำ มีน้ำท่วมขัง เวลาฝนตกหนัก แนวทางแก้ไข - ก่อสร้างบ่อพักพร้อมประตูปิดกั้นน้ำ ขนาด 1.00 เมตร 5 แห่ง (โดยสนข. งบประมาณ 3,246,580.- บาท) และก่อสร้างบ่อสูบตามแบบ บส.02 (โดยสนข. งบประมาณ 4,024,676.- บาท)",,,"13.88874,100.6114",250.ซอยพหลโยธิน 50 (ชุมชนเสนาวัฒนา),,สายไหม,กรุงเทพมหานคร,2025-11-23T22:42:47.327897,อยู่ระหว่างดำเนินการแก้ไข,0,0,2025-11-23T22:42:47.328010
EXT-01524,{น้ำท่วม},Bangkok Flood Report,"251.ซอยเพิ่มสิน 20 | รายละเอียด: - เป็นพื้นที่ลุ่มต่ำ มีน้ำท่วมขัง เวลาฝนตกหนัก แนวทางแก้ไข - ปรับปรุงระบบระบายน้ำและถนนซอยพหลโยธิน 52 (โดยสนข. งบประมาณ 140,831,000.- บาท)",,,"13.89478,100.6269",251.ซอยเพิ่มสิน 20,,สายไหม,กรุงเทพมหานคร,2025-11-23T22:42:47.327897,แก้ไขแล้วเสร็จ,0,0,2025-11-23T22:42:47.328010
EXT-01525,{น้ำท่วม},Bangkok Flood Report,"252.ซอยพหลโยธิน 54/1 (ซอยวัดเกาะ) | รายละเอียด: - เน้ำท่วมขังเนื่องจากเป็นบริเวณพื้นที่ลุ่มต่ำและท่อระบายน้ำมีขนาดเล็ก แนวทางแก้ไข - ก่อสร้างบ่อสูบน้ำขนาด 10” จำนวน 2 แห่ง (โดยสนข. งบประมาณโครงการ 4,000,000.- บาท)",,,"13.90821,100.642",252.ซอยพหลโยธิน 54/1 (ซอยวัดเกาะ),,สายไหม,กรุงเทพมหานคร,2025-11-23T22:42:47.327897,อยู่ระหว่างดำเนินการแก้ไข,0,0,2025-11-23T22:42:47.328010
EXT-01526,{น้ำท่วม},Bangkok Flood Report,"253.ซอยสตรีวิทยา 2 ซอย 29 | รายละเอียด: - ไม่มีท่อระบายน้ำ แนวทางการแก้ไข - ปรับปรุงถนนและท่อระบายน้ำ (สนข. จะของบปี 66 (งบกลาง) 6,200,000.- บาท)",,,"13.82043,100.5974",253.ซอยสตรีวิทยา 2 ซอย 29,,ลาดพร้าว,กรุงเทพมหานคร,2025-11-23T22:42:47.327897,แก้ไขแล้วเสร็จ,0,0,2025-11-23T22:42:47.328010
EXT-01527,{น้ำท่วม},Bangkok Flood Report,"254.ถนนสายไหม (สามแยกตลาดวงศกร) | รายละเอียด: - เป็นพื้นที่แอ่งกระทะมีน้ำท่วมขังบริเวณแยก 30-40 ซม. แนวทางแก้ไข - ก่อสร้างบ่อสูบน้ำ จำนวน 10 แห่ง (โดยสนข. งบประมาณโครงการ 12,000,000.- บาท) และปรับปรุงซอยสายไหม 70และติดตั้งบ่อสูบน้ำไฟฟ้า 10” (โดยสนข. งบประมาณโครงการ 27,569,000.- บาท)",,,"13.92144,100.6837",254.ถนนสายไหม (สามแยกตลาดวงศกร),,สายไหม,กรุงเทพมหานคร,2025-11-23T22:42:47.327897,แก้ไขแล้วเสร็จ,0,0,2025-11-23T22:42:47.328010
EXT-01528,{น้ำท่วม},Bangkok Flood Report,"255.ท้ายซอยสายไหม 17 | รายละเอียด: - มีน้ำท่วมขังเนื่องจากเป็นพื้นที่แอ่งกระทะ และระบบท่อระบายน้ำเก่าไม่สามารถรองรับน้ำฝนที่ตกลงมาได้ แนวทางแก้ไข - ปรับปรุงท่อระบายน้ำและถนนซอยสายไหม 17 (โดยสนข. งบประมาณ 30,000,000.- บาท) และปรับปรุงซอยสายไหม 26 (โดยสนข. งบประมาณโครงการ 16,626,000.- บาท)",,,"13.93033,100.6459",255.ท้ายซอยสายไหม 17,,สายไหม,กรุงเทพมหานคร,2025-11-23T22:42:47.327897,แก้ไขแล้วเสร็จ,0,0,2025-11-23T22:42:47.328010
EXT-01529,{น้ำท่วม},Bangkok Flood Report,"256.ซอยสายไหม 15 (หมู่บ้านอัมรินทร์3 ผัง 4) | รายละเอียด: - มีน้ำท่วมขังเนื่องจากเป็นพื้นที่แอ่งกระทะ และระบบท่อระบายน้ำเก่าไม่สามารถรองรับน้ำฝนที่ตกลงมาได้ แนวทางแก้ไข - ปรับปรุงท่อระบายน้ำและถนนซอยสายไหม 17 (โดยสนข. งบประมาณ 30,000,000.- บาท) และปรับปรุงซอยสายไหม 26 (โดยสนข. งบประมาณโครงการ 16,626,000.- บาท)",,,"13.92532,100.6444",256.ซอยสายไหม 15 (หมู่บ้านอัมรินทร์3 ผัง 4),,สายไหม,กรุงเทพมหานคร,2025-11-23T22:42:47.327897,พื้นที่เอกชนหรือหน่วยงานราชการ,0,0,2025-11-23T22:42:47.328010
EXT-01530,{น้ำท่วม},Bangkok Flood Report,"257.หน้าตลาดเอซี | รายละเอียด: - มีน้ำท่วมขังเนื่องจากเป็นพื้นที่แอ่งกระทะ และระบบท่อระบายน้ำเก่าไม่สามารถรองรับน้ำฝนที่ตกลงมาได้ แนวทางแก้ไข - ปรับปรุงท่อระบายน้ำและถนนซอยสายไหม 17 (โดยสนข. งบประมาณ 30,000,000.- บาท) และปรับปรุงซอยสายไหม 26 (โดยสนข. งบประมาณโครงการ 16,626,000.- บาท)",,,"13.922,100.6427",257.หน้าตลาดเอซี,,สายไหม,กรุงเทพมหานคร,2025-11-23T22:42:47.327897,อยู่ระหว่างดำเนินการแก้ไข,0,0,2025-11-23T22:42:47.328010
EXT-01531,{น้ำท่วม},Bangkok Flood Report,"258.ซอยพหลโยธิน 54/4 | รายละเอียด: - น้ำท่วมขังเนื่องจากเป็นบริเวณพื้นที่ลุ่มต่ำและท่อระบายน้ำมีขนาดเล็ก แนวทางแก้ไข - ติดตั้งบ่อสูบขนาด 10” จำนวน 2 แห่ง (โดยสนข. งบประมาณโครงการ 4,000,000.- บาท) และก่อสร้างบ่อพักพร้อม Flap Gate ขนาด 1.00 เมตร จำนวน 2 แห่ง (โดยสนข. งบประมาณโครงการ 1,298,000.- บาท) งบประมาณปี 2567",,,"13.92996,100.629",258.ซอยพหลโยธิน 54/4,,สายไหม,กรุงเทพมหานคร,2025-11-23T22:42:47.327897,แก้ไขแล้วเสร็จบางส่วน,0,0,2025-11-23T22:42:47.328010
EXT-01532,{น้ำท่วม},Bangkok Flood Report,"259.ซอยพหลโยธิน 54/1 แยก 3 | รายละเอียด: - น้ำท่วมขังเนื่องจากเป็นบริเวณพื้นที่ลุ่มต่ำและท่อระบายน้ำมีขนาดเล็ก แนวทางแก้ไข - ก่อสร้างบ่อสูบน้ำขนาด 10” จำนวน 2 แห่ง (โดยสนข. งบประมาณโครงการ 4,000,000.- บาท)",,,"13.92976,100.6377",259.ซอยพหลโยธิน 54/1 แยก 3,,สายไหม,กรุงเทพมหานคร,2025-11-23T22:42:47.327897,อยู่ระหว่างดำเนินการแก้ไข,0,0,2025-11-23T22:42:47.328010
EXT-01533,{น้ำท่วม},Bangkok Flood Report,26.หมู่บ้านอิ่มอัมพร ซอยพาณิชการธนบุรี 9 | รายละเอียด: เป็นถนนส่วนบุคคลท่อระบายน้ำมีขนาดเล็กและมีขยะดินเลนอุดตัน,,,"13.74005,100.4658",26.หมู่บ้านอิ่มอัมพร ซอยพาณิชการธนบุรี 9,,บางกอกใหญ่,กรุงเทพมหานคร,2025-11-23T22:42:47.327897,พื้นที่เอกชนหรือหน่วยงานราชการ,0,0,2025-11-23T22:42:47.328010
EXT-01534,{น้ำท่วม},Bangkok Flood Report,"260.ซอยพหลโยธิน 56 | รายละเอียด: - น้ำท่วมขังเนื่องจากเป็นบริเวณพื้นที่ลุ่มต่ำและท่อระบายน้ำมีขนาดเล็ก แนวทางแก้ไข - ติดตั้งบ่อสูบขนาด 10” จำนวน 2 แห่ง (โดยสนข. งบประมาณโครงการ 4,000,000.- บาท) และก่อสร้างบ่อพักพร้อม Flap Gate ขนาด 1.00 เมตร จำนวน 2 แห่ง (โดยสนข. งบประมาณโครงการ 1,298,000.- บาท)",,,"13.93437,100.6294",260.ซอยพหลโยธิน 56,,สายไหม,กรุงเทพมหานคร,2025-11-23T22:42:47.327897,อยู่ระหว่างดำเนินการแก้ไข,0,0,2025-11-23T22:42:47.328010
EXT-01535,{น้ำท่วม},Bangkok Flood Report,"261.ซอยสุขาภิบาล 5 ซอย 65 (ชุมชนหนองใหญ่) | รายละเอียด: - น้ำท่วมขังเนื่องจากเป็นบริเวณพื้นที่ลุ่มต่ำและท่อระบายน้ำมีขนาดเล็ก แนวทางแก้ไข - ปรับปรุงระบบระบายน้ำซอยสุขาภิบาล 5 ซอย 65 (โดยสนข. งบประมาณโครงการ 19,652,000.- บาท) ติดตั้งเครื่องสูบน้ำไฟฟ้าขนาด 2 นิ้ว จำนวน 1 เครื่อง",,,"13.91257,100.6705",261.ซอยสุขาภิบาล 5 ซอย 65 (ชุมชนหนองใหญ่),,สายไหม,กรุงเทพมหานคร,2025-11-23T22:42:47.327897,พื้นที่เอกชนหรือหน่วยงานราชการ,0,0,2025-11-23T22:42:47.328010
EXT-01536,{น้ำท่วม},Bangkok Flood Report,262.ซอยวัชรพล 8 | รายละเอียด: - มีน้ำท่วมขัง 40-50 ซม. เนื่องจากพื้นที่มีระดับต่ำและท่อระบายน้ำมีขนาดเล็ก แนวทางแก้ไข - ปรับปรุงถนนวัชรพลและติดตั้งบ่อพักพร้อมประตูระบายน้ำ (โดยสนย.และสนน. พิจารณาโครงการแก้ปัญหา),,,"13.89252,100.642",262.ซอยวัชรพล 8,,สายไหม,กรุงเทพมหานคร,2025-11-23T22:42:47.327897,แก้ไขแล้วเสร็จ,0,0,2025-11-23T22:42:47.328010
EXT-01537,{น้ำท่วม},Bangkok Flood Report,263.ซอยวัชรพล 10 | รายละเอียด: - มีน้ำท่วมขัง 40-50 ซม. เนื่องจากพื้นที่มีระดับต่ำและท่อระบายน้ำมีขนาดเล็ก แนวทางแก้ไข - ปรับปรุงถนนวัชรพลและติดตั้งบ่อพักพร้อมประตูระบายน้ำ (โดยสนย.และสนน. พิจารณาโครงการแก้ปัญหา),,,"13.89378,100.6416",263.ซอยวัชรพล 10,,สายไหม,กรุงเทพมหานคร,2025-11-23T22:42:47.327897,แก้ไขแล้วเสร็จ,0,0,2025-11-23T22:42:47.328010
EXT-01538,{น้ำท่วม},Bangkok Flood Report,264.ซอยวัชรพล 12 | รายละเอียด: - มีน้ำท่วมขัง 40-50 ซม. เนื่องจากพื้นที่มีระดับต่ำและท่อระบายน้ำมีขนาดเล็ก แนวทางแก้ไข - ปรับปรุงถนนวัชรพลและติดตั้งบ่อพักพร้อมประตูระบายน้ำ (โดยสนย.และสนน. พิจารณาโครงการแก้ปัญหา),,,"13.89539,100.6385",264.ซอยวัชรพล 12,,สายไหม,กรุงเทพมหานคร,2025-11-23T22:42:47.327897,แก้ไขแล้วเสร็จ,0,0,2025-11-23T22:42:47.328010
EXT-01539,{น้ำท่วม},Bangkok Flood Report,265.หมู่บ้านท่าทราย ซอยประชาชื่น 12 | รายละเอียด: - มีน้ำท่วมขัง 10-15 ซม. และมีน้ำไหลย้อนเข้าสู่ระบบท่อ แนวทางแก้ไข - ก่อสร้างบ่อสูบน้ำพร้อมติดตั้งเครื่องสูบน้ำไฟฟ้า 3 จุด(โดยสนน.) - ติดตั้ง Flap gate ป้องกันน้ำย้อนจากลำรางบางตลาด (โดย สนน.) - ก่อสร้างบ่อสูบน้ำ Bypass ขนาด Æ 1.5 ม. ก่อนเข้าระบบบำบัดน้ำเสีย เร่งช่วยรระบาย (โดย สนน.),,,"13.87272,100.5558",265.หมู่บ้านท่าทราย ซอยประชาชื่น 12,,หลักสี่,กรุงเทพมหานคร,2025-11-23T22:42:47.327897,แก้ไขแล้วเสร็จ,0,0,2025-11-23T22:42:47.328010
EXT-01540,{น้ำท่วม},Bangkok Flood Report,266.หมู่บ้านการไฟฟ้า ซอยประชาชื่น 14 | รายละเอียด: - มีน้ำท่วมขัง 10-15 ซม. และมีน้ำไหลย้อนเข้าสู่ระบบท่อ แนวทางแก้ไข - ก่อสร้างบ่อสูบน้ำพร้อมติดตั้งเครื่องสูบน้ำไฟฟ้า 3 จุด(โดยสนน.) - ติดตั้ง Flap gate ป้องกันน้ำย้อนจากลำรางบางตลาด (โดย สนน.) - ก่อสร้างบ่อสูบน้ำ Bypass ขนาด Æ 1.5 ม. ก่อนเข้าระบบบำบัดน้ำเสีย เร่งช่วยรระบาย (โดย สนน.),,,"13.87663,100.5533",266.หมู่บ้านการไฟฟ้า ซอยประชาชื่น 14,,หลักสี่,กรุงเทพมหานคร,2025-11-23T22:42:47.327897,แก้ไขแล้วเสร็จ,0,0,2025-11-23T22:42:47.328010
EXT-01541,{น้ำท่วม},Bangkok Flood Report,"267.ซอยสุขาภิบาล 5 ซอย 32 แยก 7 (ชุมชนพรพระร่วง) | รายละเอียด: - พื้นที่มีระดับต่ำและท่อระบายน้ำมีขนาดเล็ก แนวทางแก้ไข - ปรับปรุงท่อและถนน (โดยสนข. งบประมาณโครงการ 7,000,000.- บาท) ติดตั้งเครื่องสูบน้ำขนาด 6 นิ้ว จำนวน 2 เครื่อง ติดตั้งเครื่องสูบน้ำขนาด 10 นิ้ว จำนวน 1 เครื่อง",,,"13.88443,100.6652",267.ซอยสุขาภิบาล 5 ซอย 32 แยก 7 (ชุมชนพรพระร่วง),,สายไหม,กรุงเทพมหานคร,2025-11-23T22:42:47.327897,พื้นที่เอกชนหรือหน่วยงานราชการ,0,0,2025-11-23T22:42:47.328010
EXT-01542,{น้ำท่วม},Bangkok Flood Report,"268.ซอยงามวงศ์วาน 47 แยกภาสยา | รายละเอียด: - มีมีน้ำท่วมขัง 15-40 ซม. เนื่องจากเป็นพื้นที่ลุ่มต่ำ แนวทางแก้ไข - ยกผิวจราจรบริเวณต่ำกว่าถนนหลัก(ได้รับงบฯแล้วโดยสนข.) -ปรับปรุงท่อระบายน้ำให้มีขนาด Æ 1.5 ม.ทั้งสองฝั่ง ของซอยชินเขต 1 และก่อสร้างบ่อสูบพร้อมเครื่องสูบน้ำ บริเวณปลายซอยด้านทิศเหนือ (โดย สนน.) - โครงการก่อสร้างเขื่อน ค.ส.ล. คลองบางเขน ช่วงที่ 1 จากคลองบางบัวถึงคลองประปา (สนน. จะของบปี 67 วงเงินค่าก่อสร้าง 770,000,000.- บาท ระยะเวลา 620 วัน - โครงการก่อสร้างเขื่อน ค.ส.ล. คลองบางตลาด จากคลองประปาถึง คลองเปรมประชากร (สนน. จะของบปี 68 วงเงินค่าก่อสร้าง 220,000,000.- บาท ระยะเวลา 540 วัน",,,"13.86985,100.5559",268.ซอยงามวงศ์วาน 47 แยกภาสยา,,หลักสี่,กรุงเทพมหานคร,2025-11-23T22:42:47.327897,แก้ไขแล้วเสร็จ,0,0,2025-11-23T22:42:47.328010
EXT-01543,{น้ำท่วม},Bangkok Flood Report,269.ซอยงามวงศ์วาน 47 แยกตลาดชินมณี | รายละเอียด: - มีมีน้ำท่วมขัง 15-40 ซม. เนื่องจากเป็นพื้นที่ลุ่มต่ำ *อยู่ระหว่างสรุปแนวทางการแก้ไขระหว่างหน่วยงานที่เกี่ยวข้อง,,,"13.86027,100.5565",269.ซอยงามวงศ์วาน 47 แยกตลาดชินมณี,,หลักสี่,กรุงเทพมหานคร,2025-11-23T22:42:47.327897,อยู่ระหว่างดำเนินการแก้ไข,0,0,2025-11-23T22:42:47.328010
EXT-01544,{น้ำท่วม},Bangkok Flood Report,"27.ถนนจรัญสนิวงศ์ช่วง ปากซอยจรัญ 36,34 | รายละเอียด: งานก่อสร้างรางระบายน้ำ ค.ส.ล. ถนนอิสรภาพ ช่วงหน้าตลาดพรานนก ถึงซอยอิสรภาพ 44 (2 ฝั่ง)",,,"13.76806,100.4775","27.ถนนจรัญสนิวงศ์ช่วง ปากซอยจรัญ 36,34",,บางกอกน้อย,กรุงเทพมหานคร,2025-11-23T22:42:47.327897,แก้ไขแล้วเสร็จ,0,0,2025-11-23T22:42:47.328010
EXT-01545,{น้ำท่วม},Bangkok Flood Report,"270.ซอยงามวงศ์วาน 47 แยก 42 (หน้าแฟมิล) | รายละเอียด: - มีมีน้ำท่วมขัง 15-40 ซม. เนื่องจากเป็นพื้นที่ลุ่มต่ำ แนวทางแก้ไข - ยกผิวจราจรบริเวณต่ำกว่าถนนหลัก(ได้รับงบฯแล้วโดยสนข.) -ปรับปรุงท่อระบายน้ำให้มีขนาด Æ 1.5 ม.ทั้งสองฝั่ง ของซอยชินเขต 1 และก่อสร้างบ่อสูบพร้อมเครื่องสูบน้ำ บริเวณปลายซอยด้านทิศเหนือ (โดย สนน.) - โครงการก่อสร้างเขื่อน ค.ส.ล. คลองบางเขน ช่วงที่ 1 จากคลองบางบัวถึงคลองประปา (สนน. จะของบปี 67 วงเงินค่าก่อสร้าง 770,000,000.- บาท ระยะเวลา 620 วัน - โครงการก่อสร้างเขื่อน ค.ส.ล. คลองบางตลาด จากคลองประปาถึง คลองเปรมประชากร (สนน. จะของบปี 68 วงเงินค่าก่อสร้าง 220,000,000.- บาท ระยะเวลา 540 วัน",,,"13.86997,100.5582",270.ซอยงามวงศ์วาน 47 แยก 42 (หน้าแฟมิล),,หลักสี่,กรุงเทพมหานคร,2025-11-23T22:42:47.327897,แก้ไขแล้วเสร็จ,0,0,2025-11-23T22:42:47.328010
EXT-01546,{น้ำท่วม},Bangkok Flood Report,271.ซอยธนาลักษณ์ | รายละเอียด: - น้ำท่วมขังสูงประมาณ 30-40 ซม. - น้ำรอการระบายจากล้ารางมีสุขลงสู่คลองเปรมประชากร แนวทางแก้ไข - สร้าง FLAP GATE ปลายท่อระบายน้า เพื่อ ป้องกันน้าย้อนสู่ระบบท่อ - สร้างท่อระบายน้าตามแนวถนนแจ้งวัฒนะ 10 แยก 9-1 เพิ่มอีก 1 ฝั่ง ขนาด Ø 0.80 ม. พร้อมยกผิวจราจร และเสริมขอบบ่อพัก สูง 0.30 ม.,,,"13.89818,100.5754",271.ซอยธนาลักษณ์,,หลักสี่,กรุงเทพมหานคร,2025-11-23T22:42:47.327897,แก้ไขแล้วเสร็จ,0,0,2025-11-23T22:42:47.328010
EXT-01547,{น้ำท่วม},Bangkok Flood Report,272.ชุมชนมีสุข | รายละเอียด: - น้ำท่วมขังสูงประมาณ 30-40 ซม. - น้ำรอการระบายจากล้ารางมีสุขลงสู่คลองเปรมประชากร แนวทางแก้ไข - สร้าง FLAP GATE ปลายท่อระบายน้า เพื่อ ป้องกันน้าย้อนสู่ระบบท่อ - สร้างท่อระบายน้าตามแนวถนนแจ้งวัฒนะ 10 แยก 9-1 เพิ่มอีก 1 ฝั่ง ขนาด Ø 0.80 ม. พร้อมยกผิวจราจร และเสริมขอบบ่อพัก สูง 0.30 ม.,,,"13.89682,100.5747",272.ชุมชนมีสุข,,หลักสี่,กรุงเทพมหานคร,2025-11-23T22:42:47.327897,แก้ไขแล้วเสร็จ,0,0,2025-11-23T22:42:47.328010
EXT-01548,{น้ำท่วม},Bangkok Flood Report,273.หมู่บ้านสุขนิรันดร์ | รายละเอียด: - น้ำท่วมขังสูงประมาณ 30-40 ซม. - น้ำรอการระบายจากล้ารางมีสุขลงสู่คลองเปรมประชากร แนวทางแก้ไข - สร้าง FLAP GATE ปลายท่อระบายน้า เพื่อ ป้องกันน้าย้อนสู่ระบบท่อ - สร้างท่อระบายน้าตามแนวถนนแจ้งวัฒนะ 10 แยก 9-1 เพิ่มอีก 1 ฝั่ง ขนาด Ø 0.80 ม. พร้อมยกผิวจราจร และเสริมขอบบ่อพัก สูง 0.30 ม.,,,"13.89373,100.5782",273.หมู่บ้านสุขนิรันดร์,,หลักสี่,กรุงเทพมหานคร,2025-11-23T22:42:47.327897,แก้ไขแล้วเสร็จ,0,0,2025-11-23T22:42:47.328010
EXT-01549,{น้ำท่วม},Bangkok Flood Report,274.ซอยแจ้งวัฒนะ 14 (บริเวณรอบบึงสีกันหมู่บ้านเมืองทองนิเวศน์) | รายละเอียด: - มีน้ำท่วมขัง 30-40 ซม. เนื่องจากเป็นพื้นที่ลุ่มต่ำ แนวทางแก้ไข - ติดตั้ง Flap Gate กันน้ำไหลย้อนเข้าสู่ระบบบระบายน้ำ และก่อสร้างท่อระบายน้ำตามแนวถนนแจ้งวัฒนะ 10 แยก 9-1 เพิ่มอีก 1 ฝั่ง ขนาด Æ 0.80 เมตร พร้อมยกผิวจราจร (โดยสนข.),,,"13.90356,100.5628",274.ซอยแจ้งวัฒนะ 14 (บริเวณรอบบึงสีกันหมู่บ้านเมืองทองนิเวศน์),,หลักสี่,กรุงเทพมหานคร,2025-11-23T22:42:47.327897,อยู่ระหว่างดำเนินการแก้ไข,0,0,2025-11-23T22:42:47.328010
EXT-01550,{น้ำท่วม},Bangkok Flood Report,"275.ซอยพหลโยธิน 40 | รายละเอียด: - น้ำท่วมขังประมาณ 15 ซม. แนวทางแก้ไข - ปรับปรุงท่อระบายนํ้า พร้อมทัํงยกระดับผิวจราจร เป็น box culvert ขนาด1.50 x 1.50 เมตร (ช่วงต้นซอย) และ box culvert ขนาด 1.20 x 1.20 เมตร (ช่วงกลางซอย) ยาวประมาณ 1,000 เมตร",,,"13.84391,100.5798",275.ซอยพหลโยธิน 40,,จตุจักร,กรุงเทพมหานคร,2025-11-23T22:42:47.327897,แก้ไขแล้วเสร็จบางส่วน,0,0,2025-11-23T22:42:47.328010
EXT-01551,{น้ำท่วม},Bangkok Flood Report,276.หมู่บ้านหลักสี่วิลล่า | รายละเอียด: - น้ำท่วมขังสูงประมาณ 30-40 ซม. - น้ำรอการระบายจากล้ารางมีสุขลงสู่คลองเปรมประชากร แนวทางแก้ไข - สร้าง FLAP GATE ปลายท่อระบายน้า เพื่อ ป้องกันน้าย้อนสู่ระบบท่อ - สร้างท่อระบายน้าตามแนวถนนแจ้งวัฒนะ 10 แยก 9-1 เพิ่มอีก 1 ฝั่ง ขนาด Ø 0.80 ม. พร้อมยกผิวจราจร และเสริมขอบบ่อพัก สูง 0.30 ม.,,,"13.89535,100.5803",276.หมู่บ้านหลักสี่วิลล่า,,หลักสี่,กรุงเทพมหานคร,2025-11-23T22:42:47.327897,แก้ไขแล้วเสร็จ,0,0,2025-11-23T22:42:47.328010
EXT-01552,{น้ำท่วม},Bangkok Flood Report,277.หมู่บ้านทองสถิตย์ | รายละเอียด: - มีน้ำท่วมขังเนื่องจากเป็นพื้นที่ลุ่มต่ำ แนวทางการแก้ไข - เร่งรัดงานก่อสร้างฯ (สนน. จะของบปี 66 (งบกลาง) ..............บาท),,,"13.84234,100.6264",277.หมู่บ้านทองสถิตย์,,ลาดพร้าว,กรุงเทพมหานคร,2025-11-23T22:42:47.327897,แก้ไขแล้วเสร็จ,0,0,2025-11-23T22:42:47.328010
EXT-01553,{น้ำท่วม},Bangkok Flood Report,"278.ซอยจตุโชติ 20 (ชุมชนวัชรพล 3) | รายละเอียด: - พื้นที่มีระดับต่ำและท่อระบายน้ำมีขนาดเล็ก แนวทางแก้ไข - ปรับปรุงท่อระบายน้ำและถนนซอยจตุโชติ 20 (โดยสนข. งบประมาณโครงการ 10,003,000.- บาท)",,,"13.89105,100.6841",278.ซอยจตุโชติ 20 (ชุมชนวัชรพล 3),,สายไหม,กรุงเทพมหานคร,2025-11-23T22:42:47.327897,อยู่ระหว่างดำเนินการแก้ไข,0,0,2025-11-23T22:42:47.328010
EXT-01554,{น้ำท่วม},Bangkok Flood Report,279.ถนนนาคนิวาส ช่วงซอยนาคนิวาส 36-42 | รายละเอียด: - มีน้ำท่วมขังเนื่องจากระบบบระบายน้ำไม่สามารถรองรับได้ แนวทางการแก้ไข - ก่อสร้างเขื่อน ค.ส.ล. บริเวณคลองสองตอนและสถานีสูบน้ำช่วงคลองทรงกระเทียม (สนน. จะของบปี 66 (งบกลาง) ..............บาท) - ติดตั้ง Flap gateบริเวณถนนนาคนิวาสเชื่อมต่อคลองทรงกระเทียม(สนน. จะของบปี 66 (งบกลาง) ..............บาท),,,"13.81283,100.6105",279.ถนนนาคนิวาส ช่วงซอยนาคนิวาส 36-42,,ลาดพร้าว,กรุงเทพมหานคร,2025-11-23T22:42:47.327897,อยู่ระหว่างดำเนินการแก้ไข,0,0,2025-11-23T22:42:47.328010
EXT-01555,{น้ำท่วม},Bangkok Flood Report,28.หมู่บ้านบางกอกน้อยวิลเลจ | รายละเอียด: เป็นซอยส่วนบุคคล ซึ่งยังไม่ได้อุทิศให้เป็นสาธารณะมีท่อระบายน้ำขนาดเล็กไม่เป็นมาตรฐานของกรุงเทพมหานครและอยู่ริมคลองบางกอกน้อยมีน้ำท่วมขังสูงประมาณ 15 ซม. เนื่องจากน้ำฝน,,,"13.7792,100.4768",28.หมู่บ้านบางกอกน้อยวิลเลจ,,บางกอกน้อย,กรุงเทพมหานคร,2025-11-23T22:42:47.327897,พื้นที่เอกชนหรือหน่วยงานราชการ,0,0,2025-11-23T22:42:47.328010
EXT-01556,{น้ำท่วม},Bangkok Flood Report,280.ถนนสุคนธสวัสดิ์ 19 ถึงคลองขี้เสือใหญ่ | รายละเอียด: - มีน้ำท่วมขังเนื่องจากระบบบระบายน้ำไม่สามารถรองรับได้ แนวทางการแก้ไข - ก่อสร้างเขื่อน ค.ส.ล. บริเวณคลองขี้เสือใหญ่เพื่อเพิ่มความสามารถการระบายน้ำจากถนนสุคนธสวัสดิ์ลงคลองขี้เสือใหญ่พร้อมติดตั้งเครื่องสูบน้ำบริเวณช่วงสะพานคลองขี้เสือใหญ่ (สนน. จะของบปี 66 (งบกลาง) ..............บาท) - ปรับปรุงยกระดับผิวจราจรให้สูงขึ้น - ก่อสร้างบ่อสูบพร้อมติดตั้งเครื่องสูบน้ำบริเวณช่วงแยกถนนสุคนธสวัสดิ์ตัดกับถนนประเสริฐมนูกิจ (สนน. จะของบปี 66 (งบกลาง) .....บาท),,,"13.83363,100.6238",280.ถนนสุคนธสวัสดิ์ 19 ถึงคลองขี้เสือใหญ่,,ลาดพร้าว,กรุงเทพมหานคร,2025-11-23T22:42:47.327897,แก้ไขแล้วเสร็จ,0,0,2025-11-23T22:42:47.328010
EXT-01557,{น้ำท่วม},Bangkok Flood Report,281.ซอยนวลจันทร์ 36 | รายละเอียด: ,,,"13.82825,100.6441",281.ซอยนวลจันทร์ 36,,บึงกุ่ม,กรุงเทพมหานคร,2025-11-23T22:42:47.327897,"ก่อสร้างระบบระบายน้ำถนนนวลจันทร์ ตอนลงคลองบางขวด #อยู่ระหว่างดำเนินการ, ",0,0,2025-11-23T22:42:47.328010
EXT-01558,{น้ำท่วม},Bangkok Flood Report,282.หมู่บ้านมณียา ถนนประดิษฐ์มนูธรรม | รายละเอียด: ,,,"13.84324,100.6366",282.หมู่บ้านมณียา ถนนประดิษฐ์มนูธรรม,,บึงกุ่ม,กรุงเทพมหานคร,2025-11-23T22:42:47.327897,พื้นที่เอกชนหรือหน่วยงานราชการ,0,0,2025-11-23T22:42:47.328010
EXT-01559,{น้ำท่วม},Bangkok Flood Report,283.หมู่บ้านสุวรรณนิเวศน์ ซอยนวมินทร์ 42 | รายละเอียด: ,,,"13.79903,100.6616",283.หมู่บ้านสุวรรณนิเวศน์ ซอยนวมินทร์ 42,,บึงกุ่ม,กรุงเทพมหานคร,2025-11-23T22:42:47.327897,พื้นที่เอกชนหรือหน่วยงานราชการ,0,0,2025-11-23T22:42:47.328010
EXT-01560,{น้ำท่วม},Bangkok Flood Report,284.หมู่บ้านทวีสุข ซอยเสรีไทย 29 | รายละเอียด: ,,,"13.77899,100.6644",284.หมู่บ้านทวีสุข ซอยเสรีไทย 29,,บึงกุ่ม,กรุงเทพมหานคร,2025-11-23T22:42:47.327897,พื้นที่เอกชนหรือหน่วยงานราชการ,0,0,2025-11-23T22:42:47.328010
EXT-01561,{น้ำท่วม},Bangkok Flood Report,285.ซอยรามอินทรา 68 (หมู่บ้านแสงอรุณ) | รายละเอียด: - น้ำท่วมขังสูงสุดยาว 750 เมตร ระดับความลึก 10 เซนติเมตร แนวทางแก้ไข - สร้างเขื่อนดาดท้องคลองและสะพานท่อเหลี่ยมคลองบ้านเกาะ จากถนนรามอินทราถึงคลองหลอแหล - สร้างบ่อสูบน้ำบริเวณคลองบ้านเกาะบริเวณปากซอยรามอินทรา 68 (หมู่บ้านแสงอรุณ) -,,,"13.818,100.6837",285.ซอยรามอินทรา 68 (หมู่บ้านแสงอรุณ),,คันนายาว,กรุงเทพมหานคร,2025-11-23T22:42:47.327897,พื้นที่เอกชนหรือหน่วยงานราชการ,0,0,2025-11-23T22:42:47.328010
EXT-01562,{น้ำท่วม},Bangkok Flood Report,286.ซอยกาญจนาภิเษก 7/1 (หมู่บ้านเพชรอนันต์) | รายละเอียด: - น้ำท่วมขังสูงสุดยาว 900 เมตร ระดับความลึก 10 เซนติเมตร แนวทางแก้ไข - ติดตั้งเครื่องสูบน้ำพร้อมเจ้าหน้าที่สนับสนุนการแก้ไขปัญหาน้ำท่วม,,,"13.84176,100.674",286.ซอยกาญจนาภิเษก 7/1 (หมู่บ้านเพชรอนันต์),,คันนายาว,กรุงเทพมหานคร,2025-11-23T22:42:47.327897,พื้นที่เอกชนหรือหน่วยงานราชการ,0,0,2025-11-23T22:42:47.328010
EXT-01563,{น้ำท่วม},Bangkok Flood Report,287.วัดราษฎร์ศรัทธาธรรม | รายละเอียด: - น้ำท่วมขังสูงสุดยาว 616 เมตร ระดับความลึก 10 เซนติเมตร แนวทางแก้ไข - ปรับปรุงบ่อสูบน้ำหลังวัดบางชัน (คลองลำเกร็ด) - สร้างเขื่อนค.ส.ล.บริเวณคลองบางชัน (คลองที่อยู่ในความรับผิดชอบสนน.) - สร้างเขื่อนค.ส.ล.บริเวณคลองลำเกร็ด (คลองที่อยู่ในความรับผิดชอบสนน.) - สร้างเขื่อนดาดท้องคลองลำรางหลังวัดบางชัน,,,"13.81971,100.6697",287.วัดราษฎร์ศรัทธาธรรม,,คันนายาว,กรุงเทพมหานคร,2025-11-23T22:42:47.327897,พื้นที่เอกชนหรือหน่วยงานราชการ,0,0,2025-11-23T22:42:47.328010
EXT-01564,{น้ำท่วม},Bangkok Flood Report,288.ถนนเสรีไทยบริเวณนิคมอุตสาหกรรมบางชัน | รายละเอียด: - น้ำท่วมขังสูงสุดยาว 360 เมตร ระดับความลึก 15 เซนติเมตร แนวทางแก้ไข - ขุดลอกคลองหลอแหลใต้สะพานถนนเสรีไทย (อยู่ในความรับผิดชอบ สนน.),,,"13.80036,100.7027",288.ถนนเสรีไทยบริเวณนิคมอุตสาหกรรมบางชัน,,คันนายาว,กรุงเทพมหานคร,2025-11-23T22:42:47.327897,มีมาตรการเร่งด่วน,0,0,2025-11-23T22:42:47.328010
EXT-01565,{น้ำท่วม},Bangkok Flood Report,"289.ซอยรามอินทรา 87, 89, 91, 91/1 | รายละเอียด: - น้ำท่วมขังสูงสุดยาว 830 เมตร ระดับความลึก 15 เซนติเมตร แนวทางแก้ไข - ก่อสร้างบ่อสูบน้ำพร้อมติดตั้งเครื่องสูบน้ำบริเวณท้ายซอยรามอินทรา 87 - ก่อสร้างเขื่อนดาดท้องคลองลำรางข้างหมู่บ้านชื่นกมล4จากถนนวงแหวนถึงคลองครุ ความยาวประมาณ 764 ม. (งบฯ 52,000,000 บาท , งบปี 68)",,,"13.83449,100.6732","289.ซอยรามอินทรา 87, 89, 91, 91/1",,คันนายาว,กรุงเทพมหานคร,2025-11-23T22:42:47.327897,พื้นที่เอกชนหรือหน่วยงานราชการ,0,0,2025-11-23T22:42:47.328010
EXT-01566,{น้ำท่วม},Bangkok Flood Report,29.ซอยจนัญสนิทวงศ์ 68 (วัดเทพนารี) | รายละเอียด: บริเวณซอยจรัญสนิทวงศ์ 68 จุดที่มีน้ำท่วมขังมีพื้นที่ต่ำ มีท่อระบายน้ำขนาดเล็กและท่อระบายน้ำอยู่นะดับต่ำ อีกทั้งมีการรับน้ำจากแม่น้ำเจ้าพระยาเข้ามาในระบบท่อระบายน้ำจากรอยรั่วของเขื่อนริมแม่น้ำเจ้าพระยา ส่งผลให้เกิดน้ำท่วมขังจากน้ำข้างในระบบท่อ,,,"13.78479,100.5009",29.ซอยจนัญสนิทวงศ์ 68 (วัดเทพนารี),,บางพลัด,กรุงเทพมหานคร,2025-11-23T22:42:47.327897,อยู่ระหว่างดำเนินการแก้ไข,0,0,2025-11-23T22:42:47.328010
EXT-01567,{น้ำท่วม},Bangkok Flood Report,290.จุดกลับรถใต้สะพานข้ามคลองสามวาถนนสีหบุรานุกิจ | รายละเอียด: - น้ำล้นคลอง เข้าท่อระบายน้ำ - ผิวจราจรเป็นคอนกรีตมีสภาพ - เกิดจากโครงการก่อสร้างรถไฟฟ้าสายสีชมพูก่อสร้างจอม่อปิดท่อระบายน้ำ มีน้ำท่วมขังสูงประมาณ 30 ซม. ยาว 50 เมตร แนวทางแก้ไข - ติดตั้งเครื่องสูบน้ำ ขนาด 3 นิ้ว จำนวน 2 เครื่อง - บล็อกด้วยกระสอบทราย 50 ใบ,,,"13.81251,100.7296",290.จุดกลับรถใต้สะพานข้ามคลองสามวาถนนสีหบุรานุกิจ,,มีนบุรี,กรุงเทพมหานคร,2025-11-23T22:42:47.327897,แก้ไขแล้วเสร็จ,0,0,2025-11-23T22:42:47.328010
EXT-01568,{น้ำท่วม},Bangkok Flood Report,291.ซอยกรุงเทพกรีฑา 37 | รายละเอียด: ,,,"13.74481,100.6835",291.ซอยกรุงเทพกรีฑา 37,,สะพานสูง,กรุงเทพมหานคร,2025-11-23T22:42:47.327897,มีมาตรการเร่งด่วน,0,0,2025-11-23T22:42:47.328010
EXT-01569,{น้ำท่วม},Bangkok Flood Report,292.ซอยกรุงเทพกรีฑา 39 | รายละเอียด: ,,,"13.74163,100.686",292.ซอยกรุงเทพกรีฑา 39,,สะพานสูง,กรุงเทพมหานคร,2025-11-23T22:42:47.327897,แก้ไขแล้วเสร็จ,0,0,2025-11-23T22:42:47.328010
EXT-01570,{น้ำท่วม},Bangkok Flood Report,293.หมู่บ้านนักกีฬาแหลมทอง | รายละเอียด: ,,,"13.74538,100.7017",293.หมู่บ้านนักกีฬาแหลมทอง,,สะพานสูง,กรุงเทพมหานคร,2025-11-23T22:42:47.327897,แก้ไขแล้วเสร็จ,0,0,2025-11-23T22:42:47.328010
EXT-01571,{น้ำท่วม},Bangkok Flood Report,294.หมู่บ้านเคหะธานี 4 | รายละเอียด: ,,,"13.78266,100.7087",294.หมู่บ้านเคหะธานี 4,,สะพานสูง,กรุงเทพมหานคร,2025-11-23T22:42:47.327897,อยู่ระหว่างดำเนินการแก้ไข,0,0,2025-11-23T22:42:47.328010
EXT-01572,{น้ำท่วม},Bangkok Flood Report,295.ซอยราษฎร์พัฒนา 15 | รายละเอียด: ,,,"13.76202,100.7046",295.ซอยราษฎร์พัฒนา 15,,สะพานสูง,กรุงเทพมหานคร,2025-11-23T22:42:47.327897,แก้ไขแล้วเสร็จ,0,0,2025-11-23T22:42:47.328010
EXT-01573,{น้ำท่วม},Bangkok Flood Report,296.ซอยราษฎร์พัฒนา 15 แยก 4 | รายละเอียด: ,,,"13.7544,100.7048",296.ซอยราษฎร์พัฒนา 15 แยก 4,,สะพานสูง,กรุงเทพมหานคร,2025-11-23T22:42:47.327897,แก้ไขแล้วเสร็จ,0,0,2025-11-23T22:42:47.328010
EXT-01574,{น้ำท่วม},Bangkok Flood Report,297.ซอยรามคำแหง 118 แยก 42-2 | รายละเอียด: ,,,"13.76826,100.6849",297.ซอยรามคำแหง 118 แยก 42-2,,สะพานสูง,กรุงเทพมหานคร,2025-11-23T22:42:47.327897,มีมาตรการเร่งด่วน,0,0,2025-11-23T22:42:47.328010
EXT-01575,{น้ำท่วม},Bangkok Flood Report,298.ซอยรามคำแหง 118 แยก 44 | รายละเอียด: ,,,"13.76289,100.6862",298.ซอยรามคำแหง 118 แยก 44,,สะพานสูง,กรุงเทพมหานคร,2025-11-23T22:42:47.327897,แก้ไขแล้วเสร็จ,0,0,2025-11-23T22:42:47.328010
EXT-01576,{น้ำท่วม},Bangkok Flood Report,299.ซอยรามคำแหง 118 แยก 46 | รายละเอียด: ,,,"13.76141,100.6852",299.ซอยรามคำแหง 118 แยก 46,,สะพานสูง,กรุงเทพมหานคร,2025-11-23T22:42:47.327897,แก้ไขแล้วเสร็จ,0,0,2025-11-23T22:42:47.328010
EXT-01577,{น้ำท่วม},Bangkok Flood Report,3.ลานหิมะทองคำ | รายละเอียด: ลานหิมะทองคำ อยู่ริมคลองพระโขนง เมื่อถึงฤดูน้ำหลากและน้ำทะเลหนุนน้ำจะรั่วซึมเข้าตามแผงเขื่อนที่ชำรุด จึงเป็นเหตุให้เกิดปัญหาน้ำท่วม,,,"13.70513,100.5889",3.ลานหิมะทองคำ,,คลองเตย,กรุงเทพมหานคร,2025-11-23T22:42:47.327897,อยู่ระหว่างดำเนินการแก้ไข,0,0,2025-11-23T22:42:47.328010
EXT-01578,{น้ำท่วม},Bangkok Flood Report,30.บริเวณชุมชนวัดภคินีนาถวรวิหาร | รายละเอียด: บริเวณชุมชนวัดภคินีนาถวรวิหาร จุดที่มีน้ำท่วมขังมีพื้นที่ต่ำ มีท่อระบายน้ำขนาดเล็กและท่อระบายน้ำอยู่นะดับต่ำ อีกทั้งมีการรับน้ำจากแม่น้ำเจ้าพระยาเข้ามาในระบบท่อระบายน้ำจากรอยรั่วของเขื่อนริมแม่น้ำเจ้าพระยา ส่งผลให้เกิดน้ำท่วมขังจากน้ำข้างในระบบท่อ,,,"13.77911,100.4994",30.บริเวณชุมชนวัดภคินีนาถวรวิหาร,,บางพลัด,กรุงเทพมหานคร,2025-11-23T22:42:47.327897,แก้ไขแล้วเสร็จ,0,0,2025-11-23T22:42:47.328010
EXT-01579,{น้ำท่วม},Bangkok Flood Report,300.หมู่บ้านเสรี ซอยลาดพร้าว 101 แยก 44 | รายละเอียด: - ผิวจราจรต่ำกว่าถนนสายหลัก (พื้นที่เอกชน) - ท่อระบายน้ำบางส่วนมีขนาดเล็กและสภาพชำรุด แนวทางแก้ไข - ติดตั้งเครื่องสูบน้ำดีเซลขนาด 8 นิ้ว จำนวน 1 เครื่อง,,,"13.79147,100.6287",300.หมู่บ้านเสรี ซอยลาดพร้าว 101 แยก 44,,บางกะปิ,กรุงเทพมหานคร,2025-11-23T22:42:47.327897,อยู่ระหว่างดำเนินการแก้ไข,0,0,2025-11-23T22:42:47.328010
EXT-01580,{น้ำท่วม},Bangkok Flood Report,301.ซอยรามคำแหง 118 แยก 48 | รายละเอียด: ,,,"13.76272,100.6827",301.ซอยรามคำแหง 118 แยก 48,,สะพานสูง,กรุงเทพมหานคร,2025-11-23T22:42:47.327897,อยู่ระหว่างดำเนินการแก้ไข,0,0,2025-11-23T22:42:47.328010
EXT-01581,{น้ำท่วม},Bangkok Flood Report,302.ซอยกรุงเทพกรีฑา 32 | รายละเอียด: ,,,"13.73605,100.6931",302.ซอยกรุงเทพกรีฑา 32,,สะพานสูง,กรุงเทพมหานคร,2025-11-23T22:42:47.327897,แก้ไขแล้วเสร็จ,0,0,2025-11-23T22:42:47.328010
EXT-01582,{น้ำท่วม},Bangkok Flood Report,303.ชุมชนร่วมกันสร้าง ซอยลาดพร้าว 101 แยก 40 | รายละเอียด: - ผิวจราจรต่ำกว่าถนนสายหลัก (พื้นที่เอกชน) - ท่อระบายน้ำบางส่วนมีขนาดเล็กและสภาพชำรุด แนวทางแก้ไข - ติดตั้งเครื่องสูบน้ำดีเซลขนาด 8 นิ้ว จำนวน 1 เครื่อง,,,"13.78932,100.6296",303.ชุมชนร่วมกันสร้าง ซอยลาดพร้าว 101 แยก 40,,บางกะปิ,กรุงเทพมหานคร,2025-11-23T22:42:47.327897,อยู่ระหว่างดำเนินการแก้ไข,0,0,2025-11-23T22:42:47.328010
EXT-01583,{น้ำท่วม},Bangkok Flood Report,304.เสรีไทยซอย 5 (แฟลต 21) | รายละเอียด: - ท่อระบายน้ำต่ำกว่าผิวจราจร (พื้นที่การเคหะแห่งชาติคลองจั่น) แนวทางแก้ไข - ติดตั้งเครื่องสูบน้ำดีเซลขนาด 10 นิ้ว จำนวน 1 เครื่อง - ติดตั้งเครื่องสูบน้ำดีเซลขนาด 16 นิ้ว จำนวน 1 เครื่อง,,,"13.77117,100.6486",304.เสรีไทยซอย 5 (แฟลต 21),,บางกะปิ,กรุงเทพมหานคร,2025-11-23T22:42:47.327897,อยู่ระหว่างดำเนินการแก้ไข,0,0,2025-11-23T22:42:47.328010
EXT-01584,{น้ำท่วม},Bangkok Flood Report,305.หมู่บ้านธารทิพย์ ซอยรามคำแหง 64 | รายละเอียด: - ท่อระบายน้ำมีสภาพเก่าและชำรุด - หมู่บ้านต่ำกว่าผิวจราจร (พื้นที่เอกชน) - อยู่ติดกับคลองวัดศรีบุญเรือง ซึ่งเป็นคลองสาขาที่เชื่อมต่อกับคลองแสนแสบ ไม่มีประตูน้ำกั้น แนวทางแก้ไข - ติดตั้งเครื่องสูบน้ำดีเซลขนาด 8 นิ้ว จำนวน 1 เครื่อง,,,"13.76383,100.6529",305.หมู่บ้านธารทิพย์ ซอยรามคำแหง 64,,บางกะปิ,กรุงเทพมหานคร,2025-11-23T22:42:47.327897,อยู่ระหว่างดำเนินการแก้ไข,0,0,2025-11-23T22:42:47.328010
EXT-01585,{น้ำท่วม},Bangkok Flood Report,306.เสรีไทยซอย 5 | รายละเอียด: - ท่อระบายน้ำต่ำกว่าผิวจราจร (พื้นที่การเคหะแห่งชาติคลองจั่น) แนวทางแก้ไข - ติดตั้งเครื่องสูบน้ำดีเซลขนาด 10 นิ้ว จำนวน 1 เครื่อง,,,"13.76859,100.6502",306.เสรีไทยซอย 5,,บางกะปิ,กรุงเทพมหานคร,2025-11-23T22:42:47.327897,อยู่ระหว่างดำเนินการแก้ไข,0,0,2025-11-23T22:42:47.328010
EXT-01586,{น้ำท่วม},Bangkok Flood Report,307.หมู่บ้านสวนสน ซอยรามคำแหง 60 แยก 9 | รายละเอียด: - อยู่ติดกับคลองหัวหมาก ซึ่งเป็นคลองสาขาที่เชื่อมต่อกับคลองแสนแสบ ไม่มีประตูน้ำกั้น แนวทางแก้ไข - ติดตั้งเครื่องสูบน้ำดีเซลขนาด 8 นิ้ว จำนวน 2 เครื่อง,,,"13.75677,100.6521",307.หมู่บ้านสวนสน ซอยรามคำแหง 60 แยก 9,,บางกะปิ,กรุงเทพมหานคร,2025-11-23T22:42:47.327897,มีมาตรการเร่งด่วน,0,0,2025-11-23T22:42:47.328010
EXT-01587,{น้ำท่วม},Bangkok Flood Report,308.ชุมชนวัดบึง ซอยลาดพร้าว 101 ซอย 50 | รายละเอียด: - มีการสร้างเขื่อนวัดบึง ปิดกั้นทางน้ำ ทำให้น้ำไหลเข้าท่วมชุมชน แนวทางแก้ไข - ติดตั้งเครื่องสูบน้ำดีเซลขนาด 8 นิ้ว จำนวน 1 เครื่อง,,,"13.79616,100.6272",308.ชุมชนวัดบึง ซอยลาดพร้าว 101 ซอย 50,,บางกะปิ,กรุงเทพมหานคร,2025-11-23T22:42:47.327897,อยู่ระหว่างดำเนินการแก้ไข,0,0,2025-11-23T22:42:47.328010
EXT-01588,{น้ำท่วม},Bangkok Flood Report,309.ซอยกรุงเทพกรีฑา 8 แยก 3 (หมู่บ้านอยู่สบาย) | รายละเอียด: - ถนนไม่มีท่อระบายน้ำ (ถนนส่วนบุคคล) แนวทางแก้ไข - ติดตั้งเครื่องสูบน้ำขนาด 6 นิ้ว จำนวน 1 เครื่อง,,,"13.74052,100.6586",309.ซอยกรุงเทพกรีฑา 8 แยก 3 (หมู่บ้านอยู่สบาย),,บางกะปิ,กรุงเทพมหานคร,2025-11-23T22:42:47.327897,อยู่ระหว่างดำเนินการแก้ไข,0,0,2025-11-23T22:42:47.328010
EXT-01589,{น้ำท่วม},Bangkok Flood Report,31.บริเวณข้างสถานีตำรวจบวรมงคล | รายละเอียด: บริเวณข้างสถานีตำรวจนครบาลบวรมงคลจุดที่มีน้ำท่วมขังมีพื้นที่ต่ำ รับน้ำจากแม่น้ำเจ้าพระยาเข้ามาในระบบท่อระบายน้ำจากรอยรั่วของเขื่อนริมแม่น้ำเจ้าพระยา ที่ค่อนข้างมาก,,,"13.77442,100.4978",31.บริเวณข้างสถานีตำรวจบวรมงคล,,บางพลัด,กรุงเทพมหานคร,2025-11-23T22:42:47.327897,อยู่ระหว่างดำเนินการแก้ไข,0,0,2025-11-23T22:42:47.328010
EXT-01590,{น้ำท่วม},Bangkok Flood Report,310.ซอยลาดพร้าว 101 ซอย 42 (เทพทวี 8) | รายละเอียด: - เป็นถนนดิน มีสภาพลุ่มต่ำ ไม่มีท่อระบายน้ำ แนวทางแก้ไข - ติดตั้งเครื่องสูบน้ำขนาด 6 นิ้ว จำนวน 1 เครื่อง,,,"13.78819,100.6376",310.ซอยลาดพร้าว 101 ซอย 42 (เทพทวี 8),,บางกะปิ,กรุงเทพมหานคร,2025-11-23T22:42:47.327897,อยู่ระหว่างดำเนินการแก้ไข,0,0,2025-11-23T22:42:47.328010
EXT-01591,{น้ำท่วม},Bangkok Flood Report,311.ซอยรามคำแหง 24 | รายละเอียด: - มีโครงการก่อสร้างของสำนักการโยธา คือโครงการก่อสร้างและปรับปรุงถนนรามคำแหง 24 และถนนหัวหมาก แนวทางแก้ไข,,,"13.75344,100.6216",311.ซอยรามคำแหง 24,,บางกะปิ,กรุงเทพมหานคร,2025-11-23T22:42:47.327897,อยู่ระหว่างดำเนินการแก้ไข,0,0,2025-11-23T22:42:47.328010
EXT-01592,{น้ำท่วม},Bangkok Flood Report,312.ซอยรามคำแหง 36/1 | รายละเอียด: - ท่อระบายน้ำมีสภาพเก่าและชำรุด ไม่สามารถระบายน้ำออกถนนสายหลักได้ - เจ้าของที่ดินไม่ยินยอมให้กรุงเทพมหานคร ทำการปรับปรุง แนวทางแก้ไข - ติดตั้งเครื่องสูบน้ำดีเซลขนาด 8 นิ้ว 1 เครื่อง,,,"13.75888,100.638",312.ซอยรามคำแหง 36/1,,บางกะปิ,กรุงเทพมหานคร,2025-11-23T22:42:47.327897,พื้นที่เอกชนหรือหน่วยงานราชการ,0,0,2025-11-23T22:42:47.328010
EXT-01593,{น้ำท่วม},Bangkok Flood Report,313.ถนนรามคำแหง ช่วง ซอยรามคำแหง 8- ซอยรามคำแหง 24 | รายละเอียด: #NAME?,,,"13.7536,100.6118",313.ถนนรามคำแหง ช่วง ซอยรามคำแหง 8- ซอยรามคำแหง 24,,บางกะปิ,กรุงเทพมหานคร,2025-11-23T22:42:47.327897,มีมาตรการเร่งด่วน,0,0,2025-11-23T22:42:47.328010
EXT-01594,{น้ำท่วม},Bangkok Flood Report,314.จุดกลับรถใต้สะพานหนองระแหง | รายละเอียด: ,,,"13.9072,100.6978",314.จุดกลับรถใต้สะพานหนองระแหง,,คลองสามวา,กรุงเทพมหานคร,2025-11-23T22:42:47.327897,อยู่ระหว่างดำเนินการแก้ไข,0,0,2025-11-23T22:42:47.328010
EXT-01595,{น้ำท่วม},Bangkok Flood Report,315.หน้าโรงเรียนวัดพระยาสุเรนทร์ (ที่พักสงฆ์หลวงปู่ชอบ) | รายละเอียด: - น้ำท่วมขังประมาณ 30 ซม. แนวทางแก้ไข - ติดตั้งเครื่องสูบน้ำดีเซลขนาด 8 นิ้ว จำนวน 1 เครื่อง - กระสอบทราย 40 ใบ,,,"13.87459,100.6873",315.หน้าโรงเรียนวัดพระยาสุเรนทร์ (ที่พักสงฆ์หลวงปู่ชอบ),,คลองสามวา,กรุงเทพมหานคร,2025-11-23T22:42:47.327897,มีมาตรการเร่งด่วน,0,0,2025-11-23T22:42:47.328010
EXT-01596,{น้ำท่วม},Bangkok Flood Report,316.ซอยพระยาสุเรนทร์ 45 (หมู่บ้าน เค.ซี 6) | รายละเอียด: - น้ำท่วมขังประมาณ 20-40 ซม. แนวทางแก้ไข - ติดตั้งเครื่องสูบน้ำดีเซลขนาด 8 นิ้ว จำนวน 1 เครื่อง - กระสอบทราย 40 ใบ,,,"13.87214,100.6882",316.ซอยพระยาสุเรนทร์ 45 (หมู่บ้าน เค.ซี 6),,คลองสามวา,กรุงเทพมหานคร,2025-11-23T22:42:47.327897,มีมาตรการเร่งด่วน,0,0,2025-11-23T22:42:47.328010
EXT-01597,{น้ำท่วม},Bangkok Flood Report,317.ซอยพระยาสุเรนทร์ 40 (หมู่บ้าน เค.ซี วิลล่า 5) | รายละเอียด: - น้ำท่วมขังประมาณ 15 ซม. แนวทางแก้ไข - ติดตั้งเครื่องสูบน้ำดีเซลขนาด 8 นิ้ว จำนวน 1 เครื่อง - กระสอบทราย 40 ใบ,,,"13.86262,100.6952",317.ซอยพระยาสุเรนทร์ 40 (หมู่บ้าน เค.ซี วิลล่า 5),,คลองสามวา,กรุงเทพมหานคร,2025-11-23T22:42:47.327897,อยู่ระหว่างดำเนินการแก้ไข,0,0,2025-11-23T22:42:47.328010
EXT-01598,{น้ำท่วม},Bangkok Flood Report,318.ซอยพระยาสุเรนทร์ 3 | รายละเอียด: - น้ำท่วมขังประมาณ 10-15 ซม. แนวทางแก้ไข - กระสอบทราย 150 ใบ,,,"13.82141,100.6963",318.ซอยพระยาสุเรนทร์ 3,,คลองสามวา,กรุงเทพมหานคร,2025-11-23T22:42:47.327897,แก้ไขแล้วเสร็จ,0,0,2025-11-23T22:42:47.328010
EXT-01599,{น้ำท่วม},Bangkok Flood Report,319.ซอยพระยาสุเรนทร์ 23 (หมู่บ้านพฤกษาวิลล์ 6) | รายละเอียด: - น้ำท่วมขังประมาณ 5-10 ซม. แนวทางแก้ไข - กระสอบทราย 300 ใบ,,,"13.8336,100.693",319.ซอยพระยาสุเรนทร์ 23 (หมู่บ้านพฤกษาวิลล์ 6),,คลองสามวา,กรุงเทพมหานคร,2025-11-23T22:42:47.327897,แก้ไขแล้วเสร็จ,0,0,2025-11-23T22:42:47.328010
EXT-01600,{น้ำท่วม},Bangkok Flood Report,32.บริเวณข้างสถานีตำรวจนครบาลบางยี่ขัน | รายละเอียด: บริเวณข้างสถานีตำรวจนครบาลบางยี่ขันจุดที่มีน้ำท่วมขังมีพื้นที่ต่ำ มีท่อระบายน้ำขนาดเล็กอีกทั้งมีการรับน้ำจากแม่น้ำเจ้าพระยาเข้ามาในระบบท่อระบายน้ำจากรอยรั่วของเขื่อนริมแม่น้ำเจ้าพระยา ส่งผลให้เกิดน้ำท่วมขังจากน้ำข้างในระบบท่อ,,,"13.7651,100.4926",32.บริเวณข้างสถานีตำรวจนครบาลบางยี่ขัน,,บางพลัด,กรุงเทพมหานคร,2025-11-23T22:42:47.327897,แก้ไขแล้วเสร็จ,0,0,2025-11-23T22:42:47.328010
EXT-01601,{น้ำท่วม},Bangkok Flood Report,320.ซอยพระยาสุเรนทร์ 19 | รายละเอียด: - น้ำท่วมขังประมาณ 20-50 ซม. แนวทางแก้ไข - กระสอบทราย 1500 ใบ,,,"13.83039,100.6957",320.ซอยพระยาสุเรนทร์ 19,,คลองสามวา,กรุงเทพมหานคร,2025-11-23T22:42:47.327897,อยู่ระหว่างดำเนินการแก้ไข,0,0,2025-11-23T22:42:47.328010
EXT-01602,{น้ำท่วม},Bangkok Flood Report,321.ซอยเจริญพัฒนา 12 | รายละเอียด: - น้ำท่วมขังประมาณ 10-20 ซม. แนวทางแก้ไข - กระสอบทราย 200 ใบ,,,"13.83841,100.7146",321.ซอยเจริญพัฒนา 12,,คลองสามวา,กรุงเทพมหานคร,2025-11-23T22:42:47.327897,แก้ไขแล้วเสร็จ,0,0,2025-11-23T22:42:47.328010
EXT-01603,{น้ำท่วม},Bangkok Flood Report,322.ซอยพระยาสุเรนทร์ 27 | รายละเอียด: - น้ำท่วมขังประมาณ 5-10 ซม. แนวทางแก้ไข - กระสอบทราย 300 ใบ,,,"13.84138,100.6951",322.ซอยพระยาสุเรนทร์ 27,,คลองสามวา,กรุงเทพมหานคร,2025-11-23T22:42:47.327897,แก้ไขแล้วเสร็จ,0,0,2025-11-23T22:42:47.328010
EXT-01604,{น้ำท่วม},Bangkok Flood Report,323.ซอยเจริญพัฒนา 4 (หมู่บ้านเจริญทรัพย์) | รายละเอียด: - น้ำท่วมขังประมาณ 30-50 ซม. แนวทางแก้ไข - ติดตั้งเครื่องสูบน้ำดีเซลขนาด 8 นิ้ว จำนวน 2 เครื่อง - กระสอบทราย 200 ใบ,,,"13.83491,100.7151",323.ซอยเจริญพัฒนา 4 (หมู่บ้านเจริญทรัพย์),,คลองสามวา,กรุงเทพมหานคร,2025-11-23T22:42:47.327897,อยู่ระหว่างดำเนินการแก้ไข,0,0,2025-11-23T22:42:47.328010
EXT-01605,{น้ำท่วม},Bangkok Flood Report,324.ซอยเจริญพัฒนา 1 แยก 1 (ศูนย์พัฒนาเด็กเล็ก) | รายละเอียด: - น้ำท่วมขังประมาณ 20-30 ซม. แนวทางแก้ไข - กระสอบทราย 800 ใบ,,,"13.8223,100.7079",324.ซอยเจริญพัฒนา 1 แยก 1 (ศูนย์พัฒนาเด็กเล็ก),,คลองสามวา,กรุงเทพมหานคร,2025-11-23T22:42:47.327897,แก้ไขแล้วเสร็จ,0,0,2025-11-23T22:42:47.328010
EXT-01606,{น้ำท่วม},Bangkok Flood Report,"325.ซอยพระยาสุเรนทร์ 2,4,6 (หมู่บ้านธีรวรรณ) | รายละเอียด: - น้ำท่วมขังประมาณ 10 ซม. แนวทางแก้ไข - ติดตั้งเครื่องสูบน้ำดีเซลขนาด 8 นิ้ว จำนวน 2 เครื่อง - กระสอบทราย 400 ใบ",,,"13.82129,100.6998","325.ซอยพระยาสุเรนทร์ 2,4,6 (หมู่บ้านธีรวรรณ)",,คลองสามวา,กรุงเทพมหานคร,2025-11-23T22:42:47.327897,อยู่ระหว่างดำเนินการแก้ไข,0,0,2025-11-23T22:42:47.328010
EXT-01607,{น้ำท่วม},Bangkok Flood Report,326.ซอยพระยาสุเรนทร์ 35 (หมู่บ้านเพชรไพลิน) | รายละเอียด: - น้ำท่วมขังประมาณ 15 ซม. แนวทางแก้ไข - กระสอบทราย 300 ใบ,,,"13.85253,100.6905",326.ซอยพระยาสุเรนทร์ 35 (หมู่บ้านเพชรไพลิน),,คลองสามวา,กรุงเทพมหานคร,2025-11-23T22:42:47.327897,อยู่ระหว่างดำเนินการแก้ไข,0,0,2025-11-23T22:42:47.328010
EXT-01608,{น้ำท่วม},Bangkok Flood Report,327.ซอยพระยาสุเรนทร์ 35 (หน้าโรงเรียนโสมาภา) | รายละเอียด: - น้ำท่วมขังประมาณ 15 ซม. แนวทางแก้ไข - กระสอบทราย 150 ใบ,,,"13.85294,100.689",327.ซอยพระยาสุเรนทร์ 35 (หน้าโรงเรียนโสมาภา),,คลองสามวา,กรุงเทพมหานคร,2025-11-23T22:42:47.327897,อยู่ระหว่างดำเนินการแก้ไข,0,0,2025-11-23T22:42:47.328010
EXT-01609,{น้ำท่วม},Bangkok Flood Report,328.ซอยพระยาสุเรนทร์ 35 (หมู่บ้านดวงกมล) | รายละเอียด: - น้ำท่วมขังประมาณ 10 ซม. แนวทางแก้ไข - กระสอบทราย 300 ใบ,,,"13.85079,100.6892",328.ซอยพระยาสุเรนทร์ 35 (หมู่บ้านดวงกมล),,คลองสามวา,กรุงเทพมหานคร,2025-11-23T22:42:47.327897,แก้ไขแล้วเสร็จ,0,0,2025-11-23T22:42:47.328010
EXT-01610,{น้ำท่วม},Bangkok Flood Report,329.ซอยพระยาสุเรนทร์ 30 แยก 4 | รายละเอียด: - น้ำท่วมขังประมาณ 15 ซม. แนวทางแก้ไข - กระสอบทราย 400 ใบ,,,"13.83401,100.705",329.ซอยพระยาสุเรนทร์ 30 แยก 4,,คลองสามวา,กรุงเทพมหานคร,2025-11-23T22:42:47.327897,แก้ไขแล้วเสร็จ,0,0,2025-11-23T22:42:47.328010
EXT-01611,{น้ำท่วม},Bangkok Flood Report,33.ซอยจรัญสนิทวงศ์ 71 | รายละเอียด: บริเวณซอยจรัญสนิทวงศ์ 71 จุดบริเวณที่น้ำท่วมขังมีพื้นที่ต่ำ และมีระบบระบายน้ำลงคลองบางพลูเป็นหลัก อีกทั้งท่อระบายน้ำในบริเวณดังกล่าวอยู่ระดับต่ำ ช่วงปากท่อระบายน้ำลงคลองมีดินเลนติดอยู่ในบริเวณปากทางน้ำออก เมื่อเกิดฝนตกหนักทำให้เกิดความล่าช้าในการระบายน้ำ และน้ำจากคลองบางพลูไหลย้อนเข้าสู่ระบบท่อระบายน้ำส่งผลให้เกิดน้ำท่วมขัง ในกรณีที่ระดับน้ำในคลองขึ้นสูง,,,"13.78963,100.4928",33.ซอยจรัญสนิทวงศ์ 71,,บางพลัด,กรุงเทพมหานคร,2025-11-23T22:42:47.327897,อยู่ระหว่างดำเนินการแก้ไข,0,0,2025-11-23T22:42:47.328010
EXT-01612,{น้ำท่วม},Bangkok Flood Report,330.ซอยหทัยราษฎร์ 33 | รายละเอียด: - น้ำท่วมขังประมาณ 20 ซม. แนวทางแก้ไข - กระสอบทราย 400 ใบ,,,"13.84951,100.7198",330.ซอยหทัยราษฎร์ 33,,คลองสามวา,กรุงเทพมหานคร,2025-11-23T22:42:47.327897,แก้ไขแล้วเสร็จ,0,0,2025-11-23T22:42:47.328010
EXT-01613,{น้ำท่วม},Bangkok Flood Report,331.ซอยเลียบคลองสอง 22 | รายละเอียด: - น้ำท่วมขังประมาณ 20 ซม. แนวทางแก้ไข - เรียงกระสอบทราย ยาว 300 เมตร,,,"13.85987,100.7118",331.ซอยเลียบคลองสอง 22,,คลองสามวา,กรุงเทพมหานคร,2025-11-23T22:42:47.327897,แก้ไขแล้วเสร็จ,0,0,2025-11-23T22:42:47.328010
EXT-01614,{น้ำท่วม},Bangkok Flood Report,332.ซอยคู้บอน 30 | รายละเอียด: - น้ำท่วมขังประมาณ 15 ซม. แนวทางแก้ไข - เรียงกระสอบทราย ยาว 50 เมตร,,,"13.85392,100.6803",332.ซอยคู้บอน 30,,คลองสามวา,กรุงเทพมหานคร,2025-11-23T22:42:47.327897,แก้ไขแล้วเสร็จ,0,0,2025-11-23T22:42:47.328010
EXT-01615,{น้ำท่วม},Bangkok Flood Report,333.ซอยเลียบคลองสอง 19 | รายละเอียด: - น้ำท่วมขังประมาณ 30 ซม. แนวทางแก้ไข - เรียงกระสอบทราย ยาว 50 เมตร,,,"13.87049,100.7104",333.ซอยเลียบคลองสอง 19,,คลองสามวา,กรุงเทพมหานคร,2025-11-23T22:42:47.327897,แก้ไขแล้วเสร็จ,0,0,2025-11-23T22:42:47.328010
EXT-01616,{น้ำท่วม},Bangkok Flood Report,334.ซอยพระยาสุเรนทร์ 28 (หมู่บ้านทหารกองหนุน) | รายละเอียด: - น้ำท่วมขังประมาณ น้ำท่วมขังประมาณ 20 ซม. แนวทางแก้ไข - ติดตั้งเครื่องสูบน้ำดีเซลขนาด 8 นิ้ว จำนวน 2 เครื่อง - กระสอบทราย 400 ใบ,,,"13.83058,100.7021",334.ซอยพระยาสุเรนทร์ 28 (หมู่บ้านทหารกองหนุน),,คลองสามวา,กรุงเทพมหานคร,2025-11-23T22:42:47.327897,อยู่ระหว่างดำเนินการแก้ไข,0,0,2025-11-23T22:42:47.328010
EXT-01617,{น้ำท่วม},Bangkok Flood Report,335.ซอยเลียบคลองสอง 7 | รายละเอียด: - น้ำท่วมขังประมาณ 10 ซม. แนวทางแก้ไข - เรียงกระสอบทราย ยาว 80 เมตร,,,"13.86011,100.6967",335.ซอยเลียบคลองสอง 7,,คลองสามวา,กรุงเทพมหานคร,2025-11-23T22:42:47.327897,แก้ไขแล้วเสร็จ,0,0,2025-11-23T22:42:47.328010
EXT-01618,{น้ำท่วม},Bangkok Flood Report,336.ซอยนิมิตใหม่ 37 | รายละเอียด: - น้ำท่วมขังประมาณ 10 ซม. แนวทางแก้ไข - กระสอบทราย 300 ใบ,,,"13.88775,100.7304",336.ซอยนิมิตใหม่ 37,,คลองสามวา,กรุงเทพมหานคร,2025-11-23T22:42:47.327897,แก้ไขแล้วเสร็จ,0,0,2025-11-23T22:42:47.328010
EXT-01619,{น้ำท่วม},Bangkok Flood Report,337.ซอยนิมิตใหม่ 35/1 | รายละเอียด: - น้ำท่วมขังประมาณ 4-5 ซม. แนวทางแก้ไข - กระสอบทราย 300 ใบ,,,"13.88688,100.7302",337.ซอยนิมิตใหม่ 35/1,,คลองสามวา,กรุงเทพมหานคร,2025-11-23T22:42:47.327897,แก้ไขแล้วเสร็จ,0,0,2025-11-23T22:42:47.328010
EXT-01620,{น้ำท่วม},Bangkok Flood Report,338.ซอยนิมิตใหม่ 55/1 | รายละเอียด: - น้ำท่วมขังประมาณ 10-15 ซม. แนวทางแก้ไข - กระสอบทราย 300 ใบ,,,"13.90454,100.7321",338.ซอยนิมิตใหม่ 55/1,,คลองสามวา,กรุงเทพมหานคร,2025-11-23T22:42:47.327897,แก้ไขแล้วเสร็จ,0,0,2025-11-23T22:42:47.328010
EXT-01621,{น้ำท่วม},Bangkok Flood Report,339.ซอยราฎร์นิมิตรมิตร 2 แยก 4 | รายละเอียด: - น้ำท่วมขังประมาณ 10 ซม. แนวทางแก้ไข - กระสอบทราย 400 ใบ,,,"13.91567,100.7301",339.ซอยราฎร์นิมิตรมิตร 2 แยก 4,,คลองสามวา,กรุงเทพมหานคร,2025-11-23T22:42:47.327897,อยู่ระหว่างดำเนินการแก้ไข,0,0,2025-11-23T22:42:47.328010
EXT-01622,{น้ำท่วม},Bangkok Flood Report,34.ซอยจรัญสนิทวงศ์ 65 แยก 14 | รายละเอียด: บริเวณซอยจรัญสนิทวงศ์ 65 แยก 14 จุดบริเวณที่น้ำท่วมขังมีพื้นที่ต่ำ แลมีระบบระบายน้ำลงคลองบางบำหรุเป็นหลัก ซึ่งมีความยาวมากและพื้นที่ดังกล่าวอยู่บริเวณปลายคลอง เมื่อเกิดฝนตกหนักทำให้เกิดความล่าช้าในการระบายน้ำ และน้ำจากคลองบางบำหรุไหลย้อนเข้าสู่ระบบท่อระบายน้ำ ส่งผลให้เกิดน้ำท่วมขัง ในกรณีที่ระดับน้ำในคลองขึ้นสูง,,,"13.78514,100.4852",34.ซอยจรัญสนิทวงศ์ 65 แยก 14,,บางพลัด,กรุงเทพมหานคร,2025-11-23T22:42:47.327897,อยู่ระหว่างดำเนินการแก้ไข,0,0,2025-11-23T22:42:47.328010
EXT-01623,{น้ำท่วม},Bangkok Flood Report,340.ซอยพระยาสุเรนทร์ 48 | รายละเอียด: - น้ำท่วมขังประมาณ 80 ซม. แนวทางแก้ไข - เรียงกระสอบทราย ยาว 80 เมตร,,,"13.87548,100.6874",340.ซอยพระยาสุเรนทร์ 48,,คลองสามวา,กรุงเทพมหานคร,2025-11-23T22:42:47.327897,อยู่ระหว่างดำเนินการแก้ไข,0,0,2025-11-23T22:42:47.328010
EXT-01624,{น้ำท่วม},Bangkok Flood Report,341.ซอยสามวา 12 | รายละเอียด: - น้ำท่วมขังประมาณ 5-10 ซม. แนวทางแก้ไข - กระสอบทราย 200 ใบ,,,"13.8348,100.7274",341.ซอยสามวา 12,,คลองสามวา,กรุงเทพมหานคร,2025-11-23T22:42:47.327897,แก้ไขแล้วเสร็จ,0,0,2025-11-23T22:42:47.328010
EXT-01625,{น้ำท่วม},Bangkok Flood Report,342.ซอยพระยาสุเรนทร์ 35 (หมู่บ้านเดอะธารา) | รายละเอียด: - น้ำท่วมขังประมาณ 20-30 ซม. แนวทางแก้ไข - เรียงกระสอบทรายยาว 50 เมตร,,,"13.85104,100.6906",342.ซอยพระยาสุเรนทร์ 35 (หมู่บ้านเดอะธารา),,คลองสามวา,กรุงเทพมหานคร,2025-11-23T22:42:47.327897,แก้ไขแล้วเสร็จ,0,0,2025-11-23T22:42:47.328010
EXT-01626,{น้ำท่วม},Bangkok Flood Report,343.หมู่บ้านทุ่งเศรษฐี | รายละเอียด: - น้ำท่วมขังประมาณ 20 ซม. แนวทางแก้ไข - ติดตั้งเครื่องสูบน้ำดีเซลขนาด 10 นิ้ว จำนวน 1 เครื่อง - ติดตั้งเครื่องสูบน้ำดีเซลขนาด 8 นิ้ว จำนวน 2 เครื่อง - บล็อคกระสอบทราย 700 ใบ - อยู่ระหว่างดำเนินการจ้างเหมากรมราชทัณฑ์ล้างทำความสะอาดท่อระบายน้ำ ประจำปี 66,,,"13.66986,100.6907",343.หมู่บ้านทุ่งเศรษฐี,,ประเวศ,กรุงเทพมหานคร,2025-11-23T22:42:47.327897,แก้ไขแล้วเสร็จ,0,0,2025-11-23T22:42:47.328010
EXT-01627,{น้ำท่วม},Bangkok Flood Report,"344.ชุมชน 14 ไร่,19 ไร่ | รายละเอียด: - น้ำท่วมขังประมาณ 15 ซม. แนวทางแก้ไข - ติดตั้งเครื่องสูบน้ำดีเซลขนาด 8 นิ้ว จำนวน 1 เครื่อง - บล็อคกระสอบทราย 500 ใบ",,,"13.69615,100.7083","344.ชุมชน 14 ไร่,19 ไร่",,ประเวศ,กรุงเทพมหานคร,2025-11-23T22:42:47.327897,อยู่ระหว่างดำเนินการแก้ไข,0,0,2025-11-23T22:42:47.328010
EXT-01628,{น้ำท่วม},Bangkok Flood Report,345.หมู่บ้านเสรีอ่อนนุช | รายละเอียด: - น้ำท่วมขังประมาณ 15 ซม. แนวทางแก้ไข - ติดตั้งเครื่องสูบน้ำดีเซลขนาด 8 นิ้ว จำนวน 1 เครื่อง - บล็อคกระสอบทราย 500 ใบ - อยู่ระหว่างดำเนินการจ้างเหมากรมราชทัณฑ์ล้างทำความสะอาดท่อระบายน้ำ ประจำปี 66,,,"13.70747,100.6588",345.หมู่บ้านเสรีอ่อนนุช,,ประเวศ,กรุงเทพมหานคร,2025-11-23T22:42:47.327897,อยู่ระหว่างดำเนินการแก้ไข,0,0,2025-11-23T22:42:47.328010
EXT-01629,{น้ำท่วม},Bangkok Flood Report,346.ชุมชน 40 ไร่ | รายละเอียด: - น้ำท่วมขังประมาณ 30 ซม. แนวทางแก้ไข - ติดตั้งเครื่องสูบน้ำดีเซลขนาด 10 นิ้ว จำนวน 1 เครื่อง - ติดตั้งเครื่องสูบน้ำดีเซลขนาด 8 นิ้ว จำนวน 1 เครื่อง - บล็อคกระสอบทราย 1000 ใบ,,,"13.70298,100.7092",346.ชุมชน 40 ไร่,,ประเวศ,กรุงเทพมหานคร,2025-11-23T22:42:47.327897,อยู่ระหว่างดำเนินการแก้ไข,0,0,2025-11-23T22:42:47.328010
EXT-01630,{น้ำท่วม},Bangkok Flood Report,347.ซอยพัฒนาการ 65 (หมู่บ้านผาสุข) | รายละเอียด: - น้ำท่วมขังประมาณ 20 ซม. แนวทางแก้ไข - ติดตั้งเครื่องสูบน้ำดีเซลขนาด 8 นิ้ว จำนวน 1 เครื่อง - บล็อคกระสอบทราย 500 ใบ,,,"13.72627,100.6639",347.ซอยพัฒนาการ 65 (หมู่บ้านผาสุข),,ประเวศ,กรุงเทพมหานคร,2025-11-23T22:42:47.327897,อยู่ระหว่างดำเนินการแก้ไข,0,0,2025-11-23T22:42:47.328010
EXT-01631,{น้ำท่วม},Bangkok Flood Report,348.หมู่บ้านเคหะนครแปลง 1 และแปลง 2 | รายละเอียด: - น้ำท่วมขังประมาณ 15 ซม. แนวทางแก้ไข - ติดตั้งเครื่องสูบน้ำดีเซลขนาด 10 นิ้ว จำนวน 1 เครื่อง - บล็อคกระสอบทราย 500 ใบ - อยู่ระหว่างดำเนินการจ้างเหมากรมราชทัณฑ์ล้างทำความสะอาดท่อระบายน้ำ ประจำปี 66 - อยู่ระหว่างดำเนินการสำรวจออกแบบโครงการปรับปรุงซอยเพื่อขอจัดสรรงบประมาณประจำปี 67,,,"13.67553,100.6654",348.หมู่บ้านเคหะนครแปลง 1 และแปลง 2,,ประเวศ,กรุงเทพมหานคร,2025-11-23T22:42:47.327897,อยู่ระหว่างดำเนินการแก้ไข,0,0,2025-11-23T22:42:47.328010
EXT-01632,{น้ำท่วม},Bangkok Flood Report,349.หมู่บ้านสมใจวิลเลจ | รายละเอียด: - น้ำท่วมขังประมาณ 15 ซม. แนวทางแก้ไข - ติดตั้งเครื่องสูบน้ำดีเซลขนาด 8 นิ้ว จำนวน 1 เครื่อง - บล็อคกระสอบทราย 600 ใบ,,,"13.68399,100.6795",349.หมู่บ้านสมใจวิลเลจ,,ประเวศ,กรุงเทพมหานคร,2025-11-23T22:42:47.327897,พื้นที่เอกชนหรือหน่วยงานราชการ,0,0,2025-11-23T22:42:47.328010
EXT-01633,{น้ำท่วม},Bangkok Flood Report,35.ถนนพุทธมณฑลสาย 1 (ทางเข้าออกสายใต้ใหม่) | รายละเอียด: เมื่อปริมาณความเข้มของฝนเกิน 60 มิลลิเมตรต่อชั่วโมงน้ำท่วมขังผิวจราจรเนื่องจากถนนพุทธมณฑลสาย 1 ช่วงนี้ต่ำ ไม่มีท่อระบายน้ำท่อระบายน้ำที่ไม่สามารถไหลลงคลองบ้านไทรได้เนื่องจากการต่อเชื่อมหักศอกทำให้น้ำไหลย้อนกลับ ระดับน้ำ 5-10 เซนติเมตร,,,"13.77867,100.4265",35.ถนนพุทธมณฑลสาย 1 (ทางเข้าออกสายใต้ใหม่),,ตลิ่งชัน,กรุงเทพมหานคร,2025-11-23T22:42:47.327897,อยู่ระหว่างดำเนินการแก้ไข,0,0,2025-11-23T22:42:47.328010
EXT-01634,{น้ำท่วม},Bangkok Flood Report,350.หมู่บ้านเคหะนครแปลง 3 (ซอยเฉลิมพระเกียรติ ร.๙ ซอย 26) | รายละเอียด: - น้ำท่วมขังประมาณ 15 ซม. แนวทางแก้ไข - ติดตั้งเครื่องสูบน้ำดีเซลขนาด 24 นิ้ว จำนวน 1 เครื่อง - บล็อคกระสอบทราย 300 ใบ,,,"13.67767,100.6642",350.หมู่บ้านเคหะนครแปลง 3 (ซอยเฉลิมพระเกียรติ ร.๙ ซอย 26),,ประเวศ,กรุงเทพมหานคร,2025-11-23T22:42:47.327897,อยู่ระหว่างดำเนินการแก้ไข,0,0,2025-11-23T22:42:47.328010
EXT-01635,{น้ำท่วม},Bangkok Flood Report,351.หมู่บ้านสุธาทิพย์ | รายละเอียด: - น้ำท่วมขังประมาณ 15 ซม. แนวทางแก้ไข - ติดตั้งเครื่องสูบน้ำดีเซลขนาด 10 นิ้ว จำนวน 1 เครื่อง - ติดตั้งเครื่องสูบน้ำดีเซลขนาด 8 นิ้ว จำนวน 1 เครื่อง - บล็อคกระสอบทราย 1000 ใบ - อยู่ระหว่างดำเนินการจ้างเหมากรมราชทัณฑ์ล้างทำความสะอาดท่อระบายน้ำ ประจำปี 66,,,"13.7294,100.6986",351.หมู่บ้านสุธาทิพย์,,ประเวศ,กรุงเทพมหานคร,2025-11-23T22:42:47.327897,อยู่ระหว่างดำเนินการแก้ไข,0,0,2025-11-23T22:42:47.328010
EXT-01636,{น้ำท่วม},Bangkok Flood Report,352.ซอยอ่อนนุช 59/1 (หมู่บ้านชมเดือน) | รายละเอียด: - น้ำท่วมขังประมาณ 15 ซม. แนวทางแก้ไข - ติดตั้งเครื่องสูบน้ำดีเซลขนาด 8 นิ้ว จำนวน 1 เครื่อง - บล็อคกระสอบทราย 800 ใบ,,,"13.72032,100.6771",352.ซอยอ่อนนุช 59/1 (หมู่บ้านชมเดือน),,ประเวศ,กรุงเทพมหานคร,2025-11-23T22:42:47.327897,พื้นที่เอกชนหรือหน่วยงานราชการ,0,0,2025-11-23T22:42:47.328010
EXT-01637,{น้ำท่วม},Bangkok Flood Report,353.หมู่บ้านเมืองทองการ์เด้น | รายละเอียด: - น้ำท่วมขังประมาณ 20 ซม. แนวทางแก้ไข - ติดตั้งเครื่องสูบน้ำดีเซลขนาด 8 นิ้ว จำนวน 1 เครื่อง - บล็อคกระสอบทราย 500 ใบ,,,"13.72592,100.6705",353.หมู่บ้านเมืองทองการ์เด้น,,ประเวศ,กรุงเทพมหานคร,2025-11-23T22:42:47.327897,พื้นที่เอกชนหรือหน่วยงานราชการ,0,0,2025-11-23T22:42:47.328010
EXT-01638,{น้ำท่วม},Bangkok Flood Report,354.ถนนสุวินทวงศ์ ช่วงสี่แยกมีนบุรี - คลองเจ๊ก (มีนบุรี) | รายละเอียด: - เกิดจากโครงการก่อสร้างระบบรวบรวมน้ำเสียและระบบบำบัดน้ำเสียมีนบุรี ระยะที่ 1 ดำเนินการปิดกั้นท่อระบายน้ำ เพื่อดำเนินการก่อสร้างระบบบำบัดน้ำเสียทำให้มีน้ำท่วมขัง สูงประมาณ 10-15 ซม. ยาวประมาณ 600 เมตร แนวทางแก้ไข - ติดตั้งเครื่องสูบน้ำ ขนาด 8 นิ้ว จำนวน 1 เครื่อง - บล็อกด้วยกระสอบทราย 1000 ใบ,,,"13.81651,100.7222",354.ถนนสุวินทวงศ์ ช่วงสี่แยกมีนบุรี - คลองเจ๊ก (มีนบุรี),,มีนบุรี,กรุงเทพมหานคร,2025-11-23T22:42:47.327897,แก้ไขแล้วเสร็จ,0,0,2025-11-23T22:42:47.328010
EXT-01639,{น้ำท่วม},Bangkok Flood Report,355.ถนนกรุงเทพกรีฑา | รายละเอียด: #NAME?,,,"13.7439,100.6725",355.ถนนกรุงเทพกรีฑา,,สะพานสูง,กรุงเทพมหานคร,2025-11-23T22:42:47.327897,แก้ไขแล้วเสร็จ,0,0,2025-11-23T22:42:47.328010
EXT-01640,{น้ำท่วม},Bangkok Flood Report,356.ถนนสีหบุรานุกิจ ช่วงสี่แยกมีนบุรี - ซอยสีหบุรานุกิจ 18 | รายละเอียด: - เกิดจากโครงการก่อสร้างรถไฟฟ้าสายสีชมพู และโครงการก่อสร้างระบบรวบรวมน้ำเสียและระบบบำบัดน้ำเสียมีนบุรี ระยะที่ 1 ดำเนินการปิดกั้นท่อระบายน้ำ เพื่อดำเนินการก่อสร้างระบบบำบัดน้ำเสียทำให้มีน้ำท่วมขัง สูงประมาณ 10-15 ซม. แนวทางแก้ไข - ติดตั้งเครื่องสูบน้ำ ขนาด 3 นิ้ว จำนวน 3 เครื่อง - บล็อกด้วยกระสอบทราย 1000 ใบ,,,"13.81246,100.7244",356.ถนนสีหบุรานุกิจ ช่วงสี่แยกมีนบุรี - ซอยสีหบุรานุกิจ 18,,มีนบุรี,กรุงเทพมหานคร,2025-11-23T22:42:47.327897,แก้ไขแล้วเสร็จ,0,0,2025-11-23T22:42:47.328010
EXT-01641,{น้ำท่วม},Bangkok Flood Report,357.ซอยรามคำแหง 118 แยก 61 | รายละเอียด: #NAME?,,,"13.75984,100.685",357.ซอยรามคำแหง 118 แยก 61,,สะพานสูง,กรุงเทพมหานคร,2025-11-23T22:42:47.327897,แก้ไขแล้วเสร็จ,0,0,2025-11-23T22:42:47.328010
EXT-01642,{น้ำท่วม},Bangkok Flood Report,358.หมู่บ้านสวนสน ซอยรามคำแหง 60 แยก 12 | รายละเอียด: - อยู่ติดกับคลองหัวหมาก ซึ่งเป็นคลองสาขาที่เชื่อมต่อกับคลองแสนแสบ ไม่มีประตูน้ำกั้น แนวทางแก้ไข - เครื่องสูบน้ำดีเซลขนาด 8 นิ้ว จำนวน 2 เครื่อง,,,"13.75487,100.6511",358.หมู่บ้านสวนสน ซอยรามคำแหง 60 แยก 12,,บางกะปิ,กรุงเทพมหานคร,2025-11-23T22:42:47.327897,พื้นที่เอกชนหรือหน่วยงานราชการ,0,0,2025-11-23T22:42:47.328010
EXT-01643,{น้ำท่วม},Bangkok Flood Report,359.ซอยเจริญพัฒนา 5 | รายละเอียด: - น้ำท่วมขังประมาณ 30-50 ซม. แนวทางแก้ไข - กระสอบทราย 500 ใบ,,,"13.82366,100.7081",359.ซอยเจริญพัฒนา 5,,คลองสามวา,กรุงเทพมหานคร,2025-11-23T22:42:47.327897,แก้ไขแล้วเสร็จ,0,0,2025-11-23T22:42:47.328010
EXT-01644,{น้ำท่วม},Bangkok Flood Report,36.ซอยฉิมพลี ท้ายซอย | รายละเอียด: ซอยฉิมพลี 20 ท้ายซอยเมื่อปริมาณความเข้มของฝนเกิน 60 มิลลิเมตรต่อชั่วโมงน้ำท่วมขังผิวจราจรเนื่องจากถนนในซอยต่ำกว่าถนนฉิมพลีที่ปรับปรุงใหม่การต่อเชื่อมท่อระบายน้ำออกมาจากซอยมีขนาดเล็ก ถนนในซอยบางส่วนเป็นพื้นที่เอกชนระดับน้ำ 5-20 เซนติเมตร,,,"13.78806,100.4337",36.ซอยฉิมพลี ท้ายซอย,,ตลิ่งชัน,กรุงเทพมหานคร,2025-11-23T22:42:47.327897,แก้ไขแล้วเสร็จ,0,0,2025-11-23T22:42:47.328010
EXT-01645,{น้ำท่วม},Bangkok Flood Report,360.ซอยเจริญพัฒนา 19 | รายละเอียด: - น้ำท่วมขังประมาณ 20-30 ซม. แนวทางแก้ไข - กระสอบทราย 200 ใบ,,,"13.83286,100.7111",360.ซอยเจริญพัฒนา 19,,คลองสามวา,กรุงเทพมหานคร,2025-11-23T22:42:47.327897,แก้ไขแล้วเสร็จ,0,0,2025-11-23T22:42:47.328010
EXT-01646,{น้ำท่วม},Bangkok Flood Report,361.ซอยพระยาสุเรนทร์ 46 | รายละเอียด: - น้ำท่วมขังประมาณ 80 ซม. แนวทางแก้ไข - เรียงกระสอบทราย ยาว 80 เมตร,,,"13.87613,100.6882",361.ซอยพระยาสุเรนทร์ 46,,คลองสามวา,กรุงเทพมหานคร,2025-11-23T22:42:47.327897,แก้ไขแล้วเสร็จ,0,0,2025-11-23T22:42:47.328010
EXT-01647,{น้ำท่วม},Bangkok Flood Report,362.ซอยหทัยราษฎร์ 8 (หมู่บ้านหทัยราษฎร์) | รายละเอียด: - น้ำท่วมขังประมาณ 15-20 ซม. แนวทางแก้ไข - กระสอบทราย 50 ใบ,,,"13.85094,100.7228",362.ซอยหทัยราษฎร์ 8 (หมู่บ้านหทัยราษฎร์),,คลองสามวา,กรุงเทพมหานคร,2025-11-23T22:42:47.327897,แก้ไขแล้วเสร็จบางส่วน,0,0,2025-11-23T22:42:47.328010
EXT-01648,{น้ำท่วม},Bangkok Flood Report,363.ถนนรัชดาภิเษกช่วงหน้ามหาวิทยาลัยราชภัฏจันทรเกษมถึงหน้าธนาคารกรุงเทพ | รายละเอียด: (มีน้ำท่วมขัง) แนวทางแก้ไข 1 ก่อสร้างท่อลอดระบายน้ำถนนรัชดาภิเษกช่วงหน้ามหาวิทยาลัยราชภัฏจันทรเกษมถึงหน้าธนาคารกรุงเทพ และปรับปรุงบ่อสูบน้ำถนนรัชดาภิเษก (ขาเข้า) 2 โครงการปรับปรุงเขื่อนคลองลาดยาว จากบริเวณถนนรัชดาภิเษก ถึงคูน้ำวิภาวดีรังสิต,,,"13.81839,100.5757",363.ถนนรัชดาภิเษกช่วงหน้ามหาวิทยาลัยราชภัฏจันทรเกษมถึงหน้าธนาคารกรุงเทพ,,จตุจักร,กรุงเทพมหานคร,2025-11-23T22:42:47.327897,อยู่ระหว่างดำเนินการแก้ไข,0,0,2025-11-23T22:42:47.328010
EXT-01649,{น้ำท่วม},Bangkok Flood Report,"364.ถนนวิภาวดี ช่วงบริเวณโรงเรียนหอวัง | รายละเอียด: มีปัญหาน้ำท่วมขัง เนื่องจากเครื่องสูบน้ำและระบบไฟฟ้าใช้ชำรุด รางระบบส่งน้ำไปคลองเปรมประชากรมีขนาดเล็กละตื้น แนวทางการแก้ไข 1 โครงการปรับปรุงสถานีสูบน้ำระบบระบายน้ำจากหอวังถึงคลองเปรมประชากร (สนน. จะของบปี 67 210,000,000.-บาท) 2 โครงการก่อสร้างเขื่อนลำรางหอวัง จากคูน้ำวิภาวดีรังสิต ถึงถนนกำแพงเพชร 2 (สนน. จะของบปี 68 วงเงิน 85,000,000.- บาท ระยะเวลา 330 วัน",,,"13.81933,100.559",364.ถนนวิภาวดี ช่วงบริเวณโรงเรียนหอวัง,,จตุจักร,กรุงเทพมหานคร,2025-11-23T22:42:47.327897,อยู่ระหว่างดำเนินการแก้ไข,0,0,2025-11-23T22:42:47.328010
EXT-01650,{น้ำท่วม},Bangkok Flood Report,365.หมู่บ้านฟลอร่าวิลล์ พาร์คซิตี้ | รายละเอียด: ,,,"13.79378,100.8035",365.หมู่บ้านฟลอร่าวิลล์ พาร์คซิตี้,,หนองจอก,กรุงเทพมหานคร,2025-11-23T22:42:47.327897,พื้นที่เอกชนหรือหน่วยงานราชการ,0,0,2025-11-23T22:42:47.328010
EXT-01651,{น้ำท่วม},Bangkok Flood Report,366.ถนนทางเข้าวัดอู่คลองอู่ตะเภา | รายละเอียด: ปัญหาสภาพ - ถนนที่อยู่ในพื้นที่ลุ่มต่ำถูกน้ำท่วมเนื่องจากน้ำล้นคลอง แนวทางแก้ไข - ปรับปรุงถนนประชาอุทิศ จากถนนฉลองกรุง ถึงบ้านเลขที่ 65 หมู่ 4 แขวงลำผักชี - ปรับปรุงถนนเลียบคลองอู่ตะเภา แขวงลำผักชี,,,"13.7913,100.8158",366.ถนนทางเข้าวัดอู่คลองอู่ตะเภา,,หนองจอก,กรุงเทพมหานคร,2025-11-23T22:42:47.327897,แก้ไขแล้วเสร็จ,0,0,2025-11-23T22:42:47.328010
EXT-01652,{น้ำท่วม},Bangkok Flood Report,367.ถนนเลียบคลองลำมะขาม | รายละเอียด: - ถนนที่อยู่ในพื้นที่ลุ่มต่ำถูกน้ำท่วมเนื่องจากน้ำล้นคลอง แนวทางแก้ไข - ปรับปรุงซอยสุวินทวงศ์ 42 จากถนนสุวินทวงศ์ ถึงบ้านเลขที่ 24/3 หมู่ 1 แขวงลำผักชี,,,"13.7817,100.8084",367.ถนนเลียบคลองลำมะขาม,,หนองจอก,กรุงเทพมหานคร,2025-11-23T22:42:47.327897,อยู่ระหว่างดำเนินการแก้ไข,0,0,2025-11-23T22:42:47.328010
EXT-01653,{น้ำท่วม},Bangkok Flood Report,368.หมู่บ้านคาริเบียนโฮม | รายละเอียด: ,,,"13.77677,100.8234",368.หมู่บ้านคาริเบียนโฮม,,หนองจอก,กรุงเทพมหานคร,2025-11-23T22:42:47.327897,พื้นที่เอกชนหรือหน่วยงานราชการ,0,0,2025-11-23T22:42:47.328010
EXT-01654,{น้ำท่วม},Bangkok Flood Report,369.ชุมชนการเคหะฉลองกรุง | รายละเอียด: - หมู่บ้านที่ตั้งอยู่ในพื้นที่ลุ่มต่ำลักษณะพื้นที่เป็นแอ่งกระทะ แนวทางแก้ไข - อยู่ระหว่างก่อสร้างบ่อพักเพื่อใช้สำหรับติดตั้งเครื่องสูบน้ำ จำนวน 3 บ่อ (เสร็จแล้ว 2 บ่อ),,,"13.77709,100.8423",369.ชุมชนการเคหะฉลองกรุง,,หนองจอก,กรุงเทพมหานคร,2025-11-23T22:42:47.327897,แก้ไขแล้วเสร็จ,0,0,2025-11-23T22:42:47.328010
EXT-01655,{น้ำท่วม},Bangkok Flood Report,37.ซอยสวมผัก 29 | รายละเอียด: ซอยสวนผัก 29 (บริเวณต้นซอย) เมื่อปริมาณความเข้มของฝนเกิน 60 มิลลิเมตรต่อชั่วโมง น้ำท่วมขังผิวจราจรเนื่องจากถนนมีระดับต่ำกว่าถนนสวนผักการเดินทางของน้ำระยะทางไกลบางจุดมีปัญหาเรื่องท่อเชื่อมมีขนาดเล็กระดับน้ำ 5-15 เซนติเมตร,,,"13.79647,100.4337",37.ซอยสวมผัก 29,,ตลิ่งชัน,กรุงเทพมหานคร,2025-11-23T22:42:47.327897,อยู่ระหว่างดำเนินการแก้ไข,0,0,2025-11-23T22:42:47.328010
EXT-01656,{น้ำท่วม},Bangkok Flood Report,370.ถนนเลียบคลองลำตามีร้องไห้ | รายละเอียด: #NAME?,,,"13.77652,100.8934",370.ถนนเลียบคลองลำตามีร้องไห้,,หนองจอก,กรุงเทพมหานคร,2025-11-23T22:42:47.327897,แก้ไขแล้วเสร็จ,0,0,2025-11-23T22:42:47.328010
EXT-01657,{น้ำท่วม},Bangkok Flood Report,371.ถนนเลียบคลองลำนกแขวก | รายละเอียด: ปัญหาสภาพ - ถนนที่อยู่ในพื้นที่ลุ่มต่ำถูกน้ำท่วมเนื่องจากน้ำล้นคลอง แนวทางแก้ไข,,,"13.81691,100.8174",371.ถนนเลียบคลองลำนกแขวก,,หนองจอก,กรุงเทพมหานคร,2025-11-23T22:42:47.327897,อยู่ระหว่างดำเนินการแก้ไข,0,0,2025-11-23T22:42:47.328010
EXT-01658,{น้ำท่วม},Bangkok Flood Report,372.สถานีสูบน้ำคลองตาอูฐ | รายละเอียด: ระบายน้ำได้ไม่เต็มประสิทธิภาพเนื่องจากเป็นสถานีชั่วคราว แนวทางการแก้ไขปัญหา -ปรับปรุงเพิ่มประสิทธิภาพสถานีสูบน้ำและประตูระบายน้ำสถานีสูบน้ำคลองตาอูฐ,,,"13.89942,100.5877",372.สถานีสูบน้ำคลองตาอูฐ,,หลักสี่,กรุงเทพมหานคร,2025-11-23T22:42:47.327897,อยู่ระหว่างดำเนินการแก้ไข,0,0,2025-11-23T22:42:47.328010
EXT-01659,{น้ำท่วม},Bangkok Flood Report,373.ถนนเลียบคลองลำกอไผ่ | รายละเอียด: ปัญหาสภาพ - ถนนที่อยู่ในพื้นที่ลุ่มต่ำถูกน้ำท่วมเนื่องจากน้ำล้นคลอง แนวทางแก้ไข - ปรับปรุงซอยสุวินทวงศ์ 42 จากถนนสุวินทวงศ์ ถึงบ้านเลขที่ 24/3 หมู่ 1 แขวงลำผักชี,,,"13.78763,100.7957",373.ถนนเลียบคลองลำกอไผ่,,หนองจอก,กรุงเทพมหานคร,2025-11-23T22:42:47.327897,อยู่ระหว่างดำเนินการแก้ไข,0,0,2025-11-23T22:42:47.328010
EXT-01660,{น้ำท่วม},Bangkok Flood Report,"374.คลองบางเขน | รายละเอียด: ระดับน้ำในคลองมีระดับสูงและมีสภาพตื้นเขิน เนื่องจากได้ขุดลอกมานานเกิน 5 ปีและมีดินตะกอนเกินกว่า 0.50 ม. ทำให้การระบายน้ำไม่มีประสิทธิภาพ แนวทางการแก้ไข .1 ก่อสร้างเขื่อน ค.ส.ล. คลองบางเขน จากคลองลาดพร้าวถึงแม่น้ำเจ้าพระยา 2 ขุดลอกคลองบางเขน ความยาวประมาณ 10,450 เมตร ( สนน. ได้รับงบประมาณ ประจำปี 2566 วงเงิน 12,454,000 บาท)(คลองต่อเนื่อง 2 พื้นที่ เขตจตุจักร และเขตบางซื่อ) (สนน)",,,"13.81891,100.5124",374.คลองบางเขน,,บางซื่อ,กรุงเทพมหานคร,2025-11-23T22:42:47.327897,อยู่ระหว่างดำเนินการแก้ไข,0,0,2025-11-23T22:42:47.328010
EXT-01661,{น้ำท่วม},Bangkok Flood Report,375.หมู่บ้านฉลองกรุงริเวอร์วิลล์ | รายละเอียด: ,,,"13.77472,100.8254",375.หมู่บ้านฉลองกรุงริเวอร์วิลล์,,หนองจอก,กรุงเทพมหานคร,2025-11-23T22:42:47.327897,พื้นที่เอกชนหรือหน่วยงานราชการ,0,0,2025-11-23T22:42:47.328010
EXT-01662,{น้ำท่วม},Bangkok Flood Report,376.คลองลาดพร้าว | รายละเอียด: มีระดับสูงแต่ไม่สามารถลดระดับน้ำได้ในทันที แนวทางแก้ไขปัญหา - งานซ่อมเขื่อน ค.ส.ล.(เดิม) คลองลาดพร้าว ( สนน. จะของบประมาณปี 2566 (เพิ่มเติม) อยู่ระหว่างประมาณราคา,,,"13.80926,100.5887",376.คลองลาดพร้าว,,ลาดพร้าว,กรุงเทพมหานคร,2025-11-23T22:42:47.327897,อยู่ระหว่างดำเนินการแก้ไข,0,0,2025-11-23T22:42:47.328010
EXT-01663,{น้ำท่วม},Bangkok Flood Report,377.ซอยประชาร่วมใจ 2 | รายละเอียด: - น้ำท่วมขังประมาณ 30 ซม. แนวทางแก้ไข - เรียงกระสอบทรายยาวตลอดซอย,,,"13.82581,100.7541",377.ซอยประชาร่วมใจ 2,,คลองสามวา,กรุงเทพมหานคร,2025-11-23T22:42:47.327897,อยู่ระหว่างดำเนินการแก้ไข,0,0,2025-11-23T22:42:47.328010
EXT-01664,{น้ำท่วม},Bangkok Flood Report,378.ซอยประชาร่วมใจ 10/3 | รายละเอียด: - น้ำท่วมขังประมาณ 30 ซม. แนวทางแก้ไข - เรียงกระสอบทรายยาว 60 เมตร,,,"13.82871,100.7591",378.ซอยประชาร่วมใจ 10/3,,คลองสามวา,กรุงเทพมหานคร,2025-11-23T22:42:47.327897,อยู่ระหว่างดำเนินการแก้ไข,0,0,2025-11-23T22:42:47.328010
EXT-01665,{น้ำท่วม},Bangkok Flood Report,379.ซอยประชาร่วมใจ 14 | รายละเอียด: - น้ำท่วมขังประมาณ 30-40 ซม. แนวทางแก้ไข - เรียงกระสอบทรายยาว 60 เมตร,,,"13.82954,100.7602",379.ซอยประชาร่วมใจ 14,,คลองสามวา,กรุงเทพมหานคร,2025-11-23T22:42:47.327897,อยู่ระหว่างดำเนินการแก้ไข,0,0,2025-11-23T22:42:47.328010
EXT-01666,{น้ำท่วม},Bangkok Flood Report,38.หมู่บ้านมหาดไทย | รายละเอียด: หมู่บ้านมหาดไทย 2เมื่อปริมาณความเข้มของฝนเกิน 60 มิลลิเมตรต่อชั่วโมง น้ำท่วมขังผิวจราจรเนื่องจากถนนในซอยีระดับต่ำกว่าถนนเมนท่อระบายน้ำมี่ขนาดเล็กไหลลงบ่อบำบัดหมู่บ้านและลงคลองลัดมะยม ระดับน้ำ 5-15 เซนติเมตร ประชาชนไม่ให้ตั้งเตรื่องสูบน้ำเนื่องจากเสียงดัง,,,"13.76412,100.4181",38.หมู่บ้านมหาดไทย,,ตลิ่งชัน,กรุงเทพมหานคร,2025-11-23T22:42:47.327897,พื้นที่เอกชนหรือหน่วยงานราชการ,0,0,2025-11-23T22:42:47.328010
EXT-01667,{น้ำท่วม},Bangkok Flood Report,380.ซอยประชาร่วมใจ 21 | รายละเอียด: - น้ำท่วมขังประมาณ 50 ซม. แนวทางแก้ไข - เรียงกระสอบทรายยาว 200 เมตร,,,"13.8311,100.7594",380.ซอยประชาร่วมใจ 21,,คลองสามวา,กรุงเทพมหานคร,2025-11-23T22:42:47.327897,มีมาตรการเร่งด่วน,0,0,2025-11-23T22:42:47.328010
EXT-01668,{น้ำท่วม},Bangkok Flood Report,381.ซอยประชาร่วมใจ 23 | รายละเอียด: - น้ำท่วมขังประมาณ 30-40 ซม. แนวทางแก้ไข - เรียงกระสอบทรายยาว 80 เมตร,,,"13.83236,100.7604",381.ซอยประชาร่วมใจ 23,,คลองสามวา,กรุงเทพมหานคร,2025-11-23T22:42:47.327897,อยู่ระหว่างดำเนินการแก้ไข,0,0,2025-11-23T22:42:47.328010
EXT-01669,{น้ำท่วม},Bangkok Flood Report,382.ซอยประชาร่วมใจ 16 | รายละเอียด: - น้ำท่วมขังประมาณ 15-20 ซม. แนวทางแก้ไข - เรียงกระสอบทรายยาว 60 เมตร,,,"13.83022,100.7607",382.ซอยประชาร่วมใจ 16,,คลองสามวา,กรุงเทพมหานคร,2025-11-23T22:42:47.327897,มีมาตรการเร่งด่วน,0,0,2025-11-23T22:42:47.328010
EXT-01670,{น้ำท่วม},Bangkok Flood Report,383.ซอยประชาร่วมใจ 38 | รายละเอียด: - น้ำท่วมขังประมาณ 20-30 ซม. แนวทางแก้ไข - เรียงกระสอบทรายยาว 200 เมตร,,,"13.83374,100.7668",383.ซอยประชาร่วมใจ 38,,คลองสามวา,กรุงเทพมหานคร,2025-11-23T22:42:47.327897,มีมาตรการเร่งด่วน,0,0,2025-11-23T22:42:47.328010
EXT-01671,{น้ำท่วม},Bangkok Flood Report,384.ประชาร่วมใจ 31 (ม.กฤษดานคร 25) | รายละเอียด: - น้ำท่วมขังประมาณ 40 ซม. แนวทางแก้ไข - กระสอบทราย 500 ใบ,,,"13.83998,100.7638",384.ประชาร่วมใจ 31 (ม.กฤษดานคร 25),,คลองสามวา,กรุงเทพมหานคร,2025-11-23T22:42:47.327897,มีมาตรการเร่งด่วน,0,0,2025-11-23T22:42:47.328010
EXT-01672,{น้ำท่วม},Bangkok Flood Report,385.ซอยประชาร่วมใจ 59 | รายละเอียด: - น้ำท่วมขังประมาณ 10-15 ซม. แนวทางแก้ไข - เรียงกระสอบทรายยาว 200 เมตร,,,"13.84837,100.7867",385.ซอยประชาร่วมใจ 59,,คลองสามวา,กรุงเทพมหานคร,2025-11-23T22:42:47.327897,อยู่ระหว่างดำเนินการแก้ไข,0,0,2025-11-23T22:42:47.328010
EXT-01673,{น้ำท่วม},Bangkok Flood Report,"386.คลองวัดหลักสี่และคลองบางเขน | รายละเอียด: น้ำในคลองมีระดับสูง ระบบระบายน้ำที่มีอยู่มีประสิทธิภาพไม่เพียงพอและมีสภาพตื้นเขิน เนื่องจากได้ขุดลอกมานานเกิน 5 ปีและมีดินตะกอนเกินกว่า 0.50 ม. ทำให้การระบายน้ำไม่มีประสิทธิภาพ แนวทางการแก้ไขปัญหา 1 ก่อสร้างประตูระบายน้ำปิดกั้นคลองวัดหลักสี่และคลองบางเขน (สนน. จะของบปี 67 (งบกลาง) อยู่ระหว่างสำรวจออกแบบ) 2 ขุดลอกคลองวัดหลักสี่ ความยาวประมาณ 1,329 เมตร ( สนน. ได้รับงบประมาณ ประจำปี 2566 วงเงิน 2,170,000 บาท)",,,"13.88953,100.5867",386.คลองวัดหลักสี่และคลองบางเขน,,หลักสี่,กรุงเทพมหานคร,2025-11-23T22:42:47.327897,พื้นที่เอกชนหรือหน่วยงานราชการ,0,0,2025-11-23T22:42:47.328010
EXT-01674,{น้ำท่วม},Bangkok Flood Report,387.หมู่บ้านประภาวรรณแลนด์ซอยราษฎร์อุทิศ 88 | รายละเอียด: - เป็นหมู่บ้านเอกชน - ท่อระบายน้ำมีขนาดเล็ก - น้ำท่วมขัง ระดับความลึก 40-60 เซนติเมตร ยาว 560 เมตร แนวทางแก้ไข - ติดตั้งเครื่องสูบน้ำ ขนาด 8 นิ้ว จำนวน 1 เครื่อง - ติดตั้งเครื่องสูบน้ำ ขนาด 10 นิ้ว จำนวน 1 เครื่อง - บล็อกด้วยกระสอบทราย 1500 ใบ,,,"13.83544,100.7917",387.หมู่บ้านประภาวรรณแลนด์ซอยราษฎร์อุทิศ 88,,มีนบุรี,กรุงเทพมหานคร,2025-11-23T22:42:47.327897,แก้ไขแล้วเสร็จ,0,0,2025-11-23T22:42:47.328010
EXT-01675,{น้ำท่วม},Bangkok Flood Report,388.หมู่บ้านมีนบุรีการ์เด้นโฮมซอยราษฎร์อุทิศ 48 | รายละเอียด: - ถนนมีสภาพต่ำ ท่อระบายน้ำมีขนาดเล็ก - น้ำท่วมขัง ระดับความลึก 30-50 เซนติเมตร ยาว 100 เมตร แนวทางแก้ไข - ปรับปรุงซอยหมู่บ้านมีนบุรีการ์เด้นโฮม จากลำรางต้นสะตือถึงบ้านเลขที่ 60/777 แขวงแสนแสบ,,,"13.83209,100.7865",388.หมู่บ้านมีนบุรีการ์เด้นโฮมซอยราษฎร์อุทิศ 48,,มีนบุรี,กรุงเทพมหานคร,2025-11-23T22:42:47.327897,แก้ไขแล้วเสร็จ,0,0,2025-11-23T22:42:47.328010
EXT-01676,{น้ำท่วม},Bangkok Flood Report,"389.คลองพระยาสุเรนทร์ | รายละเอียด: มีสภาพตื้นเขิน เนื่องจากได้ขุดลอกมานานเกิน 5 ปี และมีดินตะกอนเกินกว่า 0.50 ม. ทำให้การระบายน้ำไม่มีประสิทธิภาพ แนวทางการแก้ไขปัญหา ขุดลอกคลองพระยาสุเรนทร์ ความยาวประมาณ 9,850 เมตร ( สนน. จะของบประมาณปี 2566 (เพิ่มเติม) อยู่ระหว่างประมาณราคา)(คลองต่อเนื่อง 2 พื้นที่ เขตบางเขน และเขตสายไหม",,,"13.89518,100.692",389.คลองพระยาสุเรนทร์,,สายไหม,กรุงเทพมหานคร,2025-11-23T22:42:47.327897,อยู่ระหว่างดำเนินการแก้ไข,0,0,2025-11-23T22:42:47.328010
EXT-01677,{น้ำท่วม},Bangkok Flood Report,39.ซอยทุ่งมังกร 12 | รายละเอียด: หมู่บ้านมหาดไทย 2เมื่อปริมาณความเข้มของฝนเกิน 60 มิลลิเมตรต่อชั่วโมง น้ำท่วมขังผิวจราจรเนื่องจากถนนในซอยีระดับต่ำกว่าถนนเมนท่อระบายน้ำมี่ขนาดเล็กไหลลงบ่อบำบัดหมู่บ้านและลงคลองลัดมะยม ระดับน้ำ 5-15 เซนติเมตร ประชาชนไม่ให้ตั้งเตรื่องสูบน้ำเนื่องจากเสียงดัง,,,"13.79142,100.4319",39.ซอยทุ่งมังกร 12,,ตลิ่งชัน,กรุงเทพมหานคร,2025-11-23T22:42:47.327897,พื้นที่เอกชนหรือหน่วยงานราชการ,0,0,2025-11-23T22:42:47.328010
EXT-01678,{น้ำท่วม},Bangkok Flood Report,390.ซอยประชาร่วมใจ 25 | รายละเอียด: - น้ำท่วมขังประมาณ 20 ซม. แนวทางแก้ไข - เรียงกระสอบทรายยาว 100 เมตร,,,"13.83235,100.7609",390.ซอยประชาร่วมใจ 25,,คลองสามวา,กรุงเทพมหานคร,2025-11-23T22:42:47.327897,อยู่ระหว่างดำเนินการแก้ไข,0,0,2025-11-23T22:42:47.328010
EXT-01679,{น้ำท่วม},Bangkok Flood Report,391.ถนนลาดกระบัง ช่วงหน้าสำนักงานเขตลาดกระบัง | รายละเอียด: - ถนนอยู่ในพื้นที่ลุ่มต่ำ ลักษณะพื้นที่เป็นแอ่งกระทะ - น้ำท่วมขังประมาณ 30-80 ซม. ยาว 400 ม. แนวทางแก้ไข - ติดตั้งเครื่องสูบน้ำดีเซลขนาด 16 นิ้ว จำนวน 3 เครื่อง (สนน),,,"13.72158,100.759",391.ถนนลาดกระบัง ช่วงหน้าสำนักงานเขตลาดกระบัง,,ลาดกระบัง,กรุงเทพมหานคร,2025-11-23T22:42:47.327897,อยู่ระหว่างดำเนินการแก้ไข,0,0,2025-11-23T22:42:47.328010
EXT-01680,{น้ำท่วม},Bangkok Flood Report,"392.ซอยประชาร่วมใจ 35 แยก 1,4 | รายละเอียด: - น้ำท่วมขังประมาณ 15-20 ซม. แนวทางแก้ไข - เรียงกระสอบทรายยาว 600 เมตร",,,"13.83768,100.7697","392.ซอยประชาร่วมใจ 35 แยก 1,4",,คลองสามวา,กรุงเทพมหานคร,2025-11-23T22:42:47.327897,อยู่ระหว่างดำเนินการแก้ไข,0,0,2025-11-23T22:42:47.328010
EXT-01681,{น้ำท่วม},Bangkok Flood Report,393.ถนนบึงขวาง | รายละเอียด: - ถนนมีสภาพต่ำ ไม่มีท่อระบายน้ำ - น้ำท่วมขัง ระดับความลึก 20 เซนติเมตร ยาว 550 เมตร แนวทางแก้ไข - ปรับปรุงถนนบึงขวาง จากซอยบึงขวาง 3 ถึงคลองสามประเวศ แขวงแสนแสบ,,,"13.7913,100.7552",393.ถนนบึงขวาง,,มีนบุรี,กรุงเทพมหานคร,2025-11-23T22:42:47.327897,แก้ไขแล้วเสร็จ,0,0,2025-11-23T22:42:47.328010
EXT-01682,{น้ำท่วม},Bangkok Flood Report,394.ถนนอ่อนนุช-ลาดกระบัง (แยกกิ่งแก้ว) | รายละเอียด: - ถนนอยู่ในพื้นที่ลุ่มต่ำ ลักษณะพื้นที่เป็นแอ่งกระทะ - น้ำท่วมขังประมาณ 30-80 ซม. ยาว 230 ม. แนวทางแก้ไข - ติดตั้งเครื่องสูบน้ำดีเซลขนาด 16 นิ้ว จำนวน 3 เครื่อง (สนน สนย กรมทางหลวง),,,"13.72237,100.7394",394.ถนนอ่อนนุช-ลาดกระบัง (แยกกิ่งแก้ว),,ลาดกระบัง,กรุงเทพมหานคร,2025-11-23T22:42:47.327897,พื้นที่เอกชนหรือหน่วยงานราชการ,0,0,2025-11-23T22:42:47.328010
EXT-01683,{น้ำท่วม},Bangkok Flood Report,395.บริเวณซอยจันทน์ 16 ตลอดทั้งซอยถึงซอยนราฯ14 | รายละเอียด: บริเวณซอยจันทน์ 16 ตลอดทั้งซอยถึงซอยนราฯ14 รับผลกระทบจากน้ำท่วมถนนจันทน์ มีน้ำขัง สูง 10-15 ซม. ยาว 800 ม.,,,"13.71029,100.5304",395.บริเวณซอยจันทน์ 16 ตลอดทั้งซอยถึงซอยนราฯ14,,สาทร,กรุงเทพมหานคร,2025-11-23T22:42:47.327897,อยู่ระหว่างดำเนินการแก้ไข,0,0,2025-11-23T22:42:47.328010
EXT-01684,{น้ำท่วม},Bangkok Flood Report,396.ชุมชนวรพจน์ร่วมใจ ช่วงติดคลอง | รายละเอียด: ชุมชนวรพจน์ร่วมใจ ช่วงติดคลอง รับผลกระทบจากน้ำท่วมถนนจันทน์ มีน้ำขัง สูง 10 ซม.,,,"13.7094,100.5181",396.ชุมชนวรพจน์ร่วมใจ ช่วงติดคลอง,,สาทร,กรุงเทพมหานคร,2025-11-23T22:42:47.327897,อยู่ระหว่างดำเนินการแก้ไข,0,0,2025-11-23T22:42:47.328010
EXT-01685,{น้ำท่วม},Bangkok Flood Report,397.ชุมชนมิตรสามัคคี ช่วงติดคลอง | รายละเอียด: ชุมชนมิตรสามัคคี ช่วงติดคลอง รับผลกระทบจากน้ำท่วมถนนจันทน์ มีน้ำขัง สูง 10 ซม.,,,"13.70962,100.517",397.ชุมชนมิตรสามัคคี ช่วงติดคลอง,,สาทร,กรุงเทพมหานคร,2025-11-23T22:42:47.327897,อยู่ระหว่างดำเนินการแก้ไข,0,0,2025-11-23T22:42:47.328010
EXT-01686,{น้ำท่วม},Bangkok Flood Report,398.ถนนศาลาแดง | รายละเอียด: ถนนศาลาแดง หากฝนตกหนักจะมีน้ำรอการระบายใช้เวลาประมาณ 1 ชั่วโมง,,,"13.72525,100.5375",398.ถนนศาลาแดง,,บางรัก,กรุงเทพมหานคร,2025-11-23T22:42:47.327897,พื้นที่เอกชนหรือหน่วยงานราชการ,0,0,2025-11-23T22:42:47.328010
EXT-01687,{น้ำท่วม},Bangkok Flood Report,399.วัดคลองเตยนอก | รายละเอียด: วัดคลองเตยนอก อยู่ริมแม่น้ำเจ้าพระยาและมีระดับต่ำเมื่อถึงฤดูน้ำหลากและน้ำทะเลหนุนสูง จะไหลเข้าท่อระบายน้ำล้นบ่อพักไหลเข้ามาภายในวัด,,,"13.70745,100.563",399.วัดคลองเตยนอก,,คลองเตย,กรุงเทพมหานคร,2025-11-23T22:42:47.327897,แก้ไขแล้วเสร็จ,0,0,2025-11-23T22:42:47.328010
EXT-01688,{น้ำท่วม},Bangkok Flood Report,"4.ซอยสุขุมวิท 26 | รายละเอียด: เมื่อฝนตกหนักน้ำรอระบายมีปริมาณมากทำให้ระบายลงท่อไม่ทัน ซอยสุขุมวิท 26 ยาวประมาณ 1,250 เมตร ผิวจราจรกว้าง 8.00 เมตร พื้นที่น้ำท่วมขังตลอดซอย ท่วมสูงประมาณ 20-30 เซนติเมตร เพื่อรอระบายลงคลองหัวลำโพง",,,"13.71877,100.568",4.ซอยสุขุมวิท 26,,คลองเตย,กรุงเทพมหานคร,2025-11-23T22:42:47.327897,แก้ไขแล้วเสร็จ,0,0,2025-11-23T22:42:47.328010
EXT-01689,{น้ำท่วม},Bangkok Flood Report,40.หมู่บ้านกอบแก้ว 1 | รายละเอียด: หมู่บ้านกอบแก้ว 1 ท่อระบายน้ำช่วงทางเข้าหมู่บ้านมีขนาดเล็กและมีสภาพถนนเป้นท้องกระทะ มีระยะกว้างประมาณ 8 เมตร ยาว 50 เมตร เวลาฝนตกมีน้ำท่วมขังสูงประมาณ 15 -20 ซม.,,,"13.7727,100.3831",40.หมู่บ้านกอบแก้ว 1,,ทวีวัฒนา,กรุงเทพมหานคร,2025-11-23T22:42:47.327897,พื้นที่เอกชนหรือหน่วยงานราชการ,0,0,2025-11-23T22:42:47.328010
EXT-01690,{น้ำท่วม},Bangkok Flood Report,400.วัดคลองเตยใน | รายละเอียด: วัดคลองเตยในอยู่ริมแม่น้ำเจ้าพระยา และมีระดับต่ำเมื่อถึงฤดูน้ำหลาก และน้ำทะเลหนุนสูง จะไหลเข้าท่อระบายน้ำเข้ามาภายในวัดและซึมเข้ามาตามแผงเขื่อนที่ชำรุด,,,"13.70824,100.5615",400.วัดคลองเตยใน,,คลองเตย,กรุงเทพมหานคร,2025-11-23T22:42:47.327897,อยู่ระหว่างดำเนินการแก้ไข,0,0,2025-11-23T22:42:47.328010
EXT-01691,{น้ำท่วม},Bangkok Flood Report,401.ชุมชนโรงหมู | รายละเอียด: ชุมชนโรงหมูอยู่ริมคลองพระโขนง เมื่อถึงฤดูน้ำหลากและน้ำทะเลหนุนน้ำจะรั่วซึมเข้าตามแผงเขื่อนที่ชำรุด จึงเป็นเหตุให้เกิดปัญหาน้ำท่วม,,,"13.70736,100.585",401.ชุมชนโรงหมู,,คลองเตย,กรุงเทพมหานคร,2025-11-23T22:42:47.327897,อยู่ระหว่างดำเนินการแก้ไข,0,0,2025-11-23T22:42:47.328010
EXT-01692,{น้ำท่วม},Bangkok Flood Report,402.บริเวณท้ายซอยสุขุมวิท 1 | รายละเอียด: บริเวณท้ายซอยสุขุมวิท 1 เมื่อมีฝนตกหนักเกิน 60 มม. น้ำในคลองแสนแสบจะมีระดับสูงขึ้นส่งผลให้น้ำเอ่อบนผิวจราจร สูงประมาณ 15 ซม. ยาวประมาณ 100 ม. เนื่องจากบริเวณท้ายซอยมีระดับต่ำใกล้เคียงกับระดับน้ำคลองแสนแสบ,,,"13.74726,100.5517",402.บริเวณท้ายซอยสุขุมวิท 1,,วัฒนา,กรุงเทพมหานคร,2025-11-23T22:42:47.327897,แก้ไขแล้วเสร็จ,0,0,2025-11-23T22:42:47.328010
EXT-01693,{น้ำท่วม},Bangkok Flood Report,403.บริเวณแยกชิโนทัย ซอยสุขุมวิท 21 (ถนนอโศกมนตรี) | รายละเอียด: ซอยปรีดีพนมยงค์ 13 เนื่องจากการระบายน้ำภายในซอยจะระบายออกทางปากซอยลงสู่แนวถนนสุขุมวิท 71 และคลองบางมะเขือ จึงต้องรอให้ สนน. เร่งระบายน้ำ ให้ลดระดับในแนวถนนปรีดีพนมยงค์ และคลองบางมะเขือ จะทำให้ในซอยลดระดับตาม,,,"13.74041,100.5621",403.บริเวณแยกชิโนทัย ซอยสุขุมวิท 21 (ถนนอโศกมนตรี),,วัฒนา,กรุงเทพมหานคร,2025-11-23T22:42:47.327897,แก้ไขแล้วเสร็จ,0,0,2025-11-23T22:42:47.328010
EXT-01694,{น้ำท่วม},Bangkok Flood Report,404.ซอยปรีดีพนมยงค์ 41 | รายละเอียด: ซอยปรีดีพนมยงค์ 41 เนื่องจากการระบายน้ำภายในซอยจะระบายออกทางปากซอย ลงสู่แนวถนนสุขุมวิท 71 จะต้องรอให้ สนน. เร่งระบายน้ำ ให้ลดระดับ จะทำให้ในซอยลดระดับตาม,,,"13.73306,100.5917",404.ซอยปรีดีพนมยงค์ 41,,วัฒนา,กรุงเทพมหานคร,2025-11-23T22:42:47.327897,แก้ไขแล้วเสร็จ,0,0,2025-11-23T22:42:47.328010
EXT-01695,{น้ำท่วม},Bangkok Flood Report,405.ปรับปรุงบ่อสูบน้ำบริเวณช่างกลปทุมวัน | รายละเอียด: น้ำท่วมขังในพื้นที่,,,"13.74937,100.5256",405.ปรับปรุงบ่อสูบน้ำบริเวณช่างกลปทุมวัน,,ปทุมวัน,กรุงเทพมหานคร,2025-11-23T22:42:47.327897,อยู่ระหว่างดำเนินการแก้ไข,0,0,2025-11-23T22:42:47.328010
EXT-01696,{น้ำท่วม},Bangkok Flood Report,406.ซอย บางกระดี่ 19 แยก 6 | รายละเอียด: ผิวจราจรมีระดับต่ำไม่สามารถระบายน้ำลงคลองได้โดยตรง,,,"13.62473,100.4115",406.ซอย บางกระดี่ 19 แยก 6,,บางขุนเทียน,กรุงเทพมหานคร,2025-11-23T22:42:47.327897,มีมาตรการเร่งด่วน,0,0,2025-11-23T22:42:47.328010
EXT-01697,{น้ำท่วม},Bangkok Flood Report,407.ถนนบางขุนเทียน - ชายทะเล บริเวณจากคลองสนามชัยถึงสามแยกคลองพิทยาลงกรณ์ | รายละเอียด: ผิวจราจรมีระดับต่ำไม่สามารถระบายน้ำลงคลองได้โดยตรง,,,"13.52847,100.4225",407.ถนนบางขุนเทียน - ชายทะเล บริเวณจากคลองสนามชัยถึงสามแยกคลองพิทยาลงกรณ์,,บางขุนเทียน,กรุงเทพมหานคร,2025-11-23T22:42:47.327897,พื้นที่เอกชนหรือหน่วยงานราชการ,0,0,2025-11-23T22:42:47.328010
EXT-01698,{น้ำท่วม},Bangkok Flood Report,408.ถนนอนามัยงามเจริญ บริเวณสี่แยกคุณกะลา ถึงสุดเขตลอยต่อสมุทรปราการ | รายละเอียด: ผิวจราจรมีระดับต่ำไม่สามารถระบายน้ำลงคลองได้โดยตรง,,,"13.62682,100.4487",408.ถนนอนามัยงามเจริญ บริเวณสี่แยกคุณกะลา ถึงสุดเขตลอยต่อสมุทรปราการ,,บางขุนเทียน,กรุงเทพมหานคร,2025-11-23T22:42:47.327897,พื้นที่เอกชนหรือหน่วยงานราชการ,0,0,2025-11-23T22:42:47.328010
EXT-01699,{น้ำท่วม},Bangkok Flood Report,409.บิ๊กซี ซูเปอร์เซ็นเตอร์ พระราม 2 กม.8 (ขาเข้า) | รายละเอียด: ผิวจราจรมีระดับต่ำไม่สามารถระบายน้ำลงคลองได้โดยตรง,,,"13.65107,100.4205",409.บิ๊กซี ซูเปอร์เซ็นเตอร์ พระราม 2 กม.8 (ขาเข้า),,บางขุนเทียน,กรุงเทพมหานคร,2025-11-23T22:42:47.327897,พื้นที่เอกชนหรือหน่วยงานราชการ,0,0,2025-11-23T22:42:47.328010
EXT-01700,{น้ำท่วม},Bangkok Flood Report,41.ชุมชนหลังสถานีรถไฟศาลาธรรมสพย์ | รายละเอียด: ชุมชนหลังสถานีรถไฟศาลาธรรมสพน์ พื้นที่ดังกล่าวเป็นชุมชนขนาดกลาง พื้นที่ลุ่มต่ำ ไม่มีท่อระบายน้ำเชื่อมออกลงคลองและถนน ทำให้การระบายน้ำไม่ดีเท่าที่ควร,,,"13.80102,100.3543",41.ชุมชนหลังสถานีรถไฟศาลาธรรมสพย์,,ทวีวัฒนา,กรุงเทพมหานคร,2025-11-23T22:42:47.327897,พื้นที่เอกชนหรือหน่วยงานราชการ,0,0,2025-11-23T22:42:47.328010
EXT-01701,{น้ำท่วม},Bangkok Flood Report,410.หน้าเซ็นทรัล พระราม 2 | รายละเอียด: ผิวจราจรมีระดับต่ำไม่สามารถระบายน้ำลงคลองได้โดยตรง,,,"13.66393,100.4377",410.หน้าเซ็นทรัล พระราม 2,,บางขุนเทียน,กรุงเทพมหานคร,2025-11-23T22:42:47.327897,พื้นที่เอกชนหรือหน่วยงานราชการ,0,0,2025-11-23T22:42:47.328010
EXT-01702,{น้ำท่วม},Bangkok Flood Report,411.ซอย ท่าข้าม | รายละเอียด: ผิวจราจรมีระดับต่ำไม่สามารถระบายน้ำลงคลองได้โดยตรง,,,"13.65172,100.4434",411.ซอย ท่าข้าม,,บางขุนเทียน,กรุงเทพมหานคร,2025-11-23T22:42:47.327897,พื้นที่เอกชนหรือหน่วยงานราชการ,0,0,2025-11-23T22:42:47.328010
EXT-01703,{น้ำท่วม},Bangkok Flood Report,412.ถนนบางกระดี่ | รายละเอียด: ผิวจราจรมีระดับต่ำไม่สามารถระบายน้ำลงคลองได้โดยตรง,,,"13.61911,100.4015",412.ถนนบางกระดี่,,บางขุนเทียน,กรุงเทพมหานคร,2025-11-23T22:42:47.327897,พื้นที่เอกชนหรือหน่วยงานราชการ,0,0,2025-11-23T22:42:47.328010
EXT-01704,{น้ำท่วม},Bangkok Flood Report,413.ซอย ราษฎร์บูรณะ 11 | รายละเอียด: แนวติดแม่น้ำเจ้าพระยาเป็นพื้นที่เอกชน,,,"13.69037,100.4894",413.ซอย ราษฎร์บูรณะ 11,,ราษฎร์บูรณะ,กรุงเทพมหานคร,2025-11-23T22:42:47.327897,แก้ไขแล้วเสร็จ,0,0,2025-11-23T22:42:47.328010
EXT-01705,{น้ำท่วม},Bangkok Flood Report,414.คลังสินค้า 2 ราษฎร์บูรณะ | รายละเอียด: แนวติดแม่น้ำเจ้าพระยาเป็นพื้นที่เอกชน,,,"13.68115,100.5076",414.คลังสินค้า 2 ราษฎร์บูรณะ,,ราษฎร์บูรณะ,กรุงเทพมหานคร,2025-11-23T22:42:47.327897,มีมาตรการเร่งด่วน,0,0,2025-11-23T22:42:47.328010
EXT-01706,{น้ำท่วม},Bangkok Flood Report,415.ซอย ราษฎร์บูรณะ 3 | รายละเอียด: แนวติดแม่น้ำเจ้าพระยาเป็นพื้นที่เอกชน,,,"13.69275,100.4882",415.ซอย ราษฎร์บูรณะ 3,,ราษฎร์บูรณะ,กรุงเทพมหานคร,2025-11-23T22:42:47.327897,แก้ไขแล้วเสร็จ,0,0,2025-11-23T22:42:47.328010
EXT-01707,{น้ำท่วม},Bangkok Flood Report,416.หน้าโกดังไทยฟ้า (ท่าเรือ 41) | รายละเอียด: แนวติดแม่น้ำเจ้าพระยาเป็นพื้นที่เอกชน,,,"13.68859,100.4912",416.หน้าโกดังไทยฟ้า (ท่าเรือ 41),,ราษฎร์บูรณะ,กรุงเทพมหานคร,2025-11-23T22:42:47.327897,แก้ไขแล้วเสร็จบางส่วน,0,0,2025-11-23T22:42:47.328010
EXT-01708,{น้ำท่วม},Bangkok Flood Report,417.ปั๊ม ซัสโก้ สาขา บางปะกอก | รายละเอียด: แนวติดแม่น้ำเจ้าพระยาเป็นพื้นที่เอกชน,,,"13.68586,100.4941",417.ปั๊ม ซัสโก้ สาขา บางปะกอก,,ราษฎร์บูรณะ,กรุงเทพมหานคร,2025-11-23T22:42:47.327897,แก้ไขแล้วเสร็จบางส่วน,0,0,2025-11-23T22:42:47.328010
EXT-01709,{น้ำท่วม},Bangkok Flood Report,418.ท่าเรือข้างโรงแก้ว | รายละเอียด: แนวติดแม่น้ำเจ้าพระยาเป็นพื้นที่เอกชน,,,"13.68201,100.5122",418.ท่าเรือข้างโรงแก้ว,,ราษฎร์บูรณะ,กรุงเทพมหานคร,2025-11-23T22:42:47.327897,แก้ไขแล้วเสร็จบางส่วน,0,0,2025-11-23T22:42:47.328010
EXT-01710,{น้ำท่วม},Bangkok Flood Report,419.ใต้สะพานพระราม 9 | รายละเอียด: แนวติดแม่น้ำเจ้าพระยาเป็นพื้นที่การทางพิเศษ,,,"13.68089,100.5168",419.ใต้สะพานพระราม 9,,ราษฎร์บูรณะ,กรุงเทพมหานคร,2025-11-23T22:42:47.327897,แก้ไขแล้วเสร็จบางส่วน,0,0,2025-11-23T22:42:47.328010
EXT-01711,{น้ำท่วม},Bangkok Flood Report,42.ชุมชนประตูน้ำฉิมพลี | รายละเอียด: ชุมชนประตูน้ำฉิมพลี เขตทวีวัฒนาพื้นที่ดังกล่าวเป็นพื้นที่ลุ่มต่ำ มีชุมชนขนาดเล็กและประกอบกิจการการเกษตร เวลาฝนตกจะท่วมเพราะไม่มีท่อระบายน้ำเชื่อมออกลงคลองและถนน ทำให้การระบายน้ำไม่ดีเท่าที่ควร,,,"13.80075,100.3902",42.ชุมชนประตูน้ำฉิมพลี,,ทวีวัฒนา,กรุงเทพมหานคร,2025-11-23T22:42:47.327897,พื้นที่เอกชนหรือหน่วยงานราชการ,0,0,2025-11-23T22:42:47.328010
EXT-01712,{น้ำท่วม},Bangkok Flood Report,420.หน้าวัดราษฎร์บูรณะ บางปะกอก กรุงเทพ | รายละเอียด: น้ำหนุนจากแม่น้ำเจ้าพระยาออกตามท่อระบายน้ำ,,,"13.68253,100.5047",420.หน้าวัดราษฎร์บูรณะ บางปะกอก กรุงเทพ,,ราษฎร์บูรณะ,กรุงเทพมหานคร,2025-11-23T22:42:47.327897,แก้ไขแล้วเสร็จบางส่วน,0,0,2025-11-23T22:42:47.328010
EXT-01713,{น้ำท่วม},Bangkok Flood Report,421.หน้าโกดัง ซุปเปอร์ เจ อินเตอร์ | รายละเอียด: แนวติดแม่น้ำเจ้าพระยาเป็นพื้นที่เอกชน,,,"13.68629,100.4936",421.หน้าโกดัง ซุปเปอร์ เจ อินเตอร์,,ราษฎร์บูรณะ,กรุงเทพมหานคร,2025-11-23T22:42:47.327897,แก้ไขแล้วเสร็จบางส่วน,0,0,2025-11-23T22:42:47.328010
EXT-01714,{น้ำท่วม},Bangkok Flood Report,422.บิ๊กซีราษฎร์บูรณะ | รายละเอียด: แนวติดแม่น้ำเจ้าพระยาเป็นพื้นที่เอกชน,,,"13.68499,100.5001",422.บิ๊กซีราษฎร์บูรณะ,,ราษฎร์บูรณะ,กรุงเทพมหานคร,2025-11-23T22:42:47.327897,แก้ไขแล้วเสร็จบางส่วน,0,0,2025-11-23T22:42:47.328010
EXT-01715,{น้ำท่วม},Bangkok Flood Report,423.หน้าโกดังแสงทองค้าข้าว | รายละเอียด: แนวติดแม่น้ำเจ้าพระยาเป็นพื้นที่เอกชน,,,"13.6825,100.5009",423.หน้าโกดังแสงทองค้าข้าว,,ราษฎร์บูรณะ,กรุงเทพมหานคร,2025-11-23T22:42:47.327897,แก้ไขแล้วเสร็จบางส่วน,0,0,2025-11-23T22:42:47.328010
EXT-01716,{น้ำท่วม},Bangkok Flood Report,424.สน.ราษฎร์บูรณะ | รายละเอียด: น้ำหนุนจากแม่น้ำเจ้าพระยาออกตามท่อระบายน้ำ,,,"13.68518,100.4986",424.สน.ราษฎร์บูรณะ,,ราษฎร์บูรณะ,กรุงเทพมหานคร,2025-11-23T22:42:47.327897,แก้ไขแล้วเสร็จบางส่วน,0,0,2025-11-23T22:42:47.328010
EXT-01717,{น้ำท่วม},Bangkok Flood Report,425.ซอยโยธินพัฒนา 3 แยก 9 | รายละเอียด: ถนนไม่มีท่อระบายน้ำ ผิวจราจรเป็นผิวดิน ฝนตกน้ำท่วมขัง,,,"13.81726,100.6307",425.ซอยโยธินพัฒนา 3 แยก 9,,บางกะปิ,กรุงเทพมหานคร,2025-11-23T22:42:47.327897,พื้นที่เอกชนหรือหน่วยงานราชการ,0,0,2025-11-23T22:42:47.328010
EXT-01718,{น้ำท่วม},Bangkok Flood Report,426.ซอย โพธิ์แก้ว 3 แยก 19-2 | รายละเอียด: ถนนไม่มีท่อระบายน้ำ ผิวจราจรเป็นผิวดิน ฝนตกน้ำท่วมขัง,,,"13.81113,100.6297",426.ซอย โพธิ์แก้ว 3 แยก 19-2,,บางกะปิ,กรุงเทพมหานคร,2025-11-23T22:42:47.327897,พื้นที่เอกชนหรือหน่วยงานราชการ,0,0,2025-11-23T22:42:47.328010
EXT-01719,{น้ำท่วม},Bangkok Flood Report,"427.ซอยโพธิ์แก้ว 3 แยก 25, 27 | รายละเอียด: ถนนไม่มีท่อระบายน้ำ ผิวจราจรเป็นผิวดิน ฝนตกน้ำท่วมขัง",,,"13.81027,100.6331","427.ซอยโพธิ์แก้ว 3 แยก 25, 27",,บางกะปิ,กรุงเทพมหานคร,2025-11-23T22:42:47.327897,พื้นที่เอกชนหรือหน่วยงานราชการ,0,0,2025-11-23T22:42:47.328010
EXT-01720,{น้ำท่วม},Bangkok Flood Report,428.ซอยลาดพร้าว 101 ซอย 42 แยก 1 | รายละเอียด: ถนนไม่มีท่อระบายน้ำ ผิวจราจรเป็นผิวดิน ฝนตกน้ำท่วมขัง,,,"13.79124,100.6341",428.ซอยลาดพร้าว 101 ซอย 42 แยก 1,,บางกะปิ,กรุงเทพมหานคร,2025-11-23T22:42:47.327897,อยู่ระหว่างดำเนินการแก้ไข,0,0,2025-11-23T22:42:47.328010
EXT-01721,{น้ำท่วม},Bangkok Flood Report,429.ซอยรามคำแหง 60 (สวนสนซอย 3) | รายละเอียด: ถนนไม่มีท่อระบายน้ำ ผิวจราจรเป็นผิวดิน ฝนตกน้ำท่วมขัง,,,"13.75788,100.6509",429.ซอยรามคำแหง 60 (สวนสนซอย 3),,บางกะปิ,กรุงเทพมหานคร,2025-11-23T22:42:47.327897,อยู่ระหว่างดำเนินการแก้ไข,0,0,2025-11-23T22:42:47.328010
EXT-01722,{น้ำท่วม},Bangkok Flood Report,43.หมู่บ้านธารแก้ว | รายละเอียด: หมู่บ้านธารแก้วถนนในหมู่บ้านมีระดับต่ำ มีคลองบางพรมและคลองบางน้อย ล้อมขนาบ เวลาฝนตกน้ำในคลองมีมาก ทางหมู่บ้านไม่สามารถระบายน้ำลงคลองได้,,,"13.76021,100.3958",43.หมู่บ้านธารแก้ว,,ทวีวัฒนา,กรุงเทพมหานคร,2025-11-23T22:42:47.327897,พื้นที่เอกชนหรือหน่วยงานราชการ,0,0,2025-11-23T22:42:47.328010
EXT-01723,{น้ำท่วม},Bangkok Flood Report,430.ซอย รามคำแหง 76 แยก 1 | รายละเอียด: ถนนไม่มีท่อระบายน้ำ ผิวจราจรเป็นผิวดิน ฝนตกน้ำท่วมขัง,,,"13.76786,100.6661",430.ซอย รามคำแหง 76 แยก 1,,บางกะปิ,กรุงเทพมหานคร,2025-11-23T22:42:47.327897,อยู่ระหว่างดำเนินการแก้ไข,0,0,2025-11-23T22:42:47.328010
EXT-01724,{น้ำท่วม},Bangkok Flood Report,"431.ถนน เจ้าคุณทหาร | รายละเอียด: ถนนอยู่ในพื้นที่ลุ่มต่ำ ลักษณะพื้นที่เป็นแอ่งกระทะ น้ำท่วมขัง 10-70 ซม. ยาว 2,320 ม. (สนน. สนย.)",,,"13.75211,100.7811",431.ถนน เจ้าคุณทหาร,,ลาดกระบัง,กรุงเทพมหานคร,2025-11-23T22:42:47.327897,อยู่ระหว่างดำเนินการแก้ไข,0,0,2025-11-23T22:42:47.328010
EXT-01725,{น้ำท่วม},Bangkok Flood Report,432.เคหะชุมชนร่มเกล้า | รายละเอียด: ถนนอยู่ในพื้นที่ลุ่มต่ำ ลักษณะพื้นที่เป็นแอ่งกระทะ น้ำท่วมขัง 10-20 ซม. ยาว 210 ม. . (สนน. สนข),,,"13.77329,100.7341",432.เคหะชุมชนร่มเกล้า,,ลาดกระบัง,กรุงเทพมหานคร,2025-11-23T22:42:47.327897,อยู่ระหว่างดำเนินการแก้ไข,0,0,2025-11-23T22:42:47.328010
EXT-01726,{น้ำท่วม},Bangkok Flood Report,433.ใต้สะพานข้ามคลองประเวศบุรีรมย์ (วัดราชโกษา) | รายละเอียด: น้ำล้นตลิ่งจากคลองประเวศบุรีรมย์ (สนย),,,"13.7008,100.8526",433.ใต้สะพานข้ามคลองประเวศบุรีรมย์ (วัดราชโกษา),,ลาดกระบัง,กรุงเทพมหานคร,2025-11-23T22:42:47.327897,อยู่ระหว่างดำเนินการแก้ไข,0,0,2025-11-23T22:42:47.328010
EXT-01727,{น้ำท่วม},Bangkok Flood Report,434.ลาดกระบัง ซอยพระยาเพชร | รายละเอียด: ซอยต่ำกว่าถนนสายหลักและน้ำมาจากด้านข้าง,,,"13.69779,100.8498",434.ลาดกระบัง ซอยพระยาเพชร,,ลาดกระบัง,กรุงเทพมหานคร,2025-11-23T22:42:47.327897,อยู่ระหว่างดำเนินการแก้ไข,0,0,2025-11-23T22:42:47.328010
EXT-01728,{น้ำท่วม},Bangkok Flood Report,435.ซอยหลวงแพ่ง 10 | รายละเอียด: น้ำล้นจากป่าหญ้าและไม่มีท่อระบายน้ำ,,,"13.71482,100.8065",435.ซอยหลวงแพ่ง 10,,ลาดกระบัง,กรุงเทพมหานคร,2025-11-23T22:42:47.327897,แก้ไขแล้วเสร็จ,0,0,2025-11-23T22:42:47.328010
EXT-01729,{น้ำท่วม},Bangkok Flood Report,436.บริเวณมัสยิดซีรอตุ้ลญันนะห์ และซอยใกล้เคียง | รายละเอียด: น้ำล้นตลิ่งจากคลองประเวศบุรีรมย์,,,"13.70305,100.8489",436.บริเวณมัสยิดซีรอตุ้ลญันนะห์ และซอยใกล้เคียง,,ลาดกระบัง,กรุงเทพมหานคร,2025-11-23T22:42:47.327897,อยู่ระหว่างดำเนินการแก้ไข,0,0,2025-11-23T22:42:47.328010
EXT-01730,{น้ำท่วม},Bangkok Flood Report,437.ศูนย์บริการสาธารณสุข 46 สาขาขุมทอง | รายละเอียด: น้ำล้นตลิ่งจากคลองประเวศบุรีรมย์,,,"13.70059,100.8533",437.ศูนย์บริการสาธารณสุข 46 สาขาขุมทอง,,ลาดกระบัง,กรุงเทพมหานคร,2025-11-23T22:42:47.327897,อยู่ระหว่างดำเนินการแก้ไข,0,0,2025-11-23T22:42:47.328010
EXT-01731,{น้ำท่วม},Bangkok Flood Report,438.ทางเข้าวัดขุมทอง | รายละเอียด: น้ำล้นตลิ่งจากคลอง,,,"13.72175,100.8548",438.ทางเข้าวัดขุมทอง,,ลาดกระบัง,กรุงเทพมหานคร,2025-11-23T22:42:47.327897,อยู่ระหว่างดำเนินการแก้ไข,0,0,2025-11-23T22:42:47.328010
EXT-01732,{น้ำท่วม},Bangkok Flood Report,439.ลาดกระบัง ทางเข้า รร.วัดขุมทอง | รายละเอียด: น้ำล้นตลิ่งจากคลอง,,,"13.72272,100.8546",439.ลาดกระบัง ทางเข้า รร.วัดขุมทอง,,ลาดกระบัง,กรุงเทพมหานคร,2025-11-23T22:42:47.327897,อยู่ระหว่างดำเนินการแก้ไข,0,0,2025-11-23T22:42:47.328010
EXT-01733,{น้ำท่วม},Bangkok Flood Report,44.ซอยบรมราชชนนี 101 | รายละเอียด: ซอยบรมราชชนนี 101 (หมู่บ้าน ป.ผาสุก) ถนนในหมู่บ้านมีระดับต่ำ ท่อระบายน้ำมีขนาดเล็ก เวลาฝนตกน้ำในหมู่บ้านไม่สามารถระบายลงสู่คลองบ้านไทร และลงสู่ท่อในซอยพุทธมณฑลสาย 2 ซอย 24 ได้,,,"13.78367,100.3927",44.ซอยบรมราชชนนี 101,,ทวีวัฒนา,กรุงเทพมหานคร,2025-11-23T22:42:47.327897,พื้นที่เอกชนหรือหน่วยงานราชการ,0,0,2025-11-23T22:42:47.328010
EXT-01734,{น้ำท่วม},Bangkok Flood Report,440.หน้ามหาวิทยาลัยกรุงเทพสุวรรณภูมิ | รายละเอียด: น้ำล้นตลิ่งจากคลอง (สนย. ปรับปรุงถนน ไม่มีท่อระบายน้ำ),,,"13.72214,100.8019",440.หน้ามหาวิทยาลัยกรุงเทพสุวรรณภูมิ,,ลาดกระบัง,กรุงเทพมหานคร,2025-11-23T22:42:47.327897,อยู่ระหว่างดำเนินการแก้ไข,0,0,2025-11-23T22:42:47.328010
EXT-01735,{น้ำท่วม},Bangkok Flood Report,441.ถนนประชาพัฒนา ซ.บริสุทธิ์ | รายละเอียด: น้ำล้นจากป่าหญ้าและไม่มีท่อระบายน้ำ (สนย. ปรับปรุงถนน ไม่มีท่อระบายน้ำ),,,"13.72185,100.8047",441.ถนนประชาพัฒนา ซ.บริสุทธิ์,,ลาดกระบัง,กรุงเทพมหานคร,2025-11-23T22:42:47.327897,อยู่ระหว่างดำเนินการแก้ไข,0,0,2025-11-23T22:42:47.328010
EXT-01736,{น้ำท่วม},Bangkok Flood Report,442.ถนนประชาพัฒนา ซ.บิลยาธร | รายละเอียด: น้ำล้นจากป่าหญ้าและไม่มีท่อระบายน้ำ (สนย. ปรับปรุงถนน ไม่มีท่อระบายน้ำ),,,"13.72092,100.8054",442.ถนนประชาพัฒนา ซ.บิลยาธร,,ลาดกระบัง,กรุงเทพมหานคร,2025-11-23T22:42:47.327897,อยู่ระหว่างดำเนินการแก้ไข,0,0,2025-11-23T22:42:47.328010
EXT-01737,{น้ำท่วม},Bangkok Flood Report,443.ลาดกระบัง ถนนสารีบุตร | รายละเอียด: น้ำล้นจากทุ่งนาและคลอง (สนย. ปรับปรุงถนน ไม่มีท่อระบายน้ำ),,,"13.74135,100.8134",443.ลาดกระบัง ถนนสารีบุตร,,ลาดกระบัง,กรุงเทพมหานคร,2025-11-23T22:42:47.327897,แก้ไขแล้วเสร็จ,0,0,2025-11-23T22:42:47.328010
EXT-01738,{น้ำท่วม},Bangkok Flood Report,444.หมู่บ้านรุ่งอรุณ 1 ซอยฉลองกรุง 2 | รายละเอียด: น้ำล้นจากป่าหญ้า ติดตั้งเครื่องสูบน้ำ จำนวน 1 เครื่อง,,,"13.73561,100.7942",444.หมู่บ้านรุ่งอรุณ 1 ซอยฉลองกรุง 2,,ลาดกระบัง,กรุงเทพมหานคร,2025-11-23T22:42:47.327897,อยู่ระหว่างดำเนินการแก้ไข,0,0,2025-11-23T22:42:47.328010
EXT-01739,{น้ำท่วม},Bangkok Flood Report,445.หมู่บ้านรุ่งอรุณ 2 ซอยฉลองกรุง 7 (เอกชน) | รายละเอียด: น้ำล้นจากป่าหญ้า,,,"13.74385,100.7857",445.หมู่บ้านรุ่งอรุณ 2 ซอยฉลองกรุง 7 (เอกชน),,ลาดกระบัง,กรุงเทพมหานคร,2025-11-23T22:42:47.327897,พื้นที่เอกชนหรือหน่วยงานราชการ,0,0,2025-11-23T22:42:47.328010
EXT-01740,{น้ำท่วม},Bangkok Flood Report,446.หมู่บ้านเจ้าคุณ ซอยฉลองกรุง 19 (เอกชน) | รายละเอียด: น้ำล้นจากป่าหญ้าและคลอง,,,"13.75257,100.7866",446.หมู่บ้านเจ้าคุณ ซอยฉลองกรุง 19 (เอกชน),,ลาดกระบัง,กรุงเทพมหานคร,2025-11-23T22:42:47.327897,พื้นที่เอกชนหรือหน่วยงานราชการ,0,0,2025-11-23T22:42:47.328010
EXT-01741,{น้ำท่วม},Bangkok Flood Report,447.ซอยฉลองกรุง 9 | รายละเอียด: น้ำล้นจากป่าหญ้าและไม่มีท่อระบายน้ำ,,,"13.7446,100.7917",447.ซอยฉลองกรุง 9,,ลาดกระบัง,กรุงเทพมหานคร,2025-11-23T22:42:47.327897,อยู่ระหว่างดำเนินการแก้ไข,0,0,2025-11-23T22:42:47.328010
EXT-01742,{น้ำท่วม},Bangkok Flood Report,448.ซอยฉลองกรุง 15 | รายละเอียด: น้ำล้นจากป่าหญ้าและไม่มีท่อระบายน้ำ,,,"13.74795,100.7925",448.ซอยฉลองกรุง 15,,ลาดกระบัง,กรุงเทพมหานคร,2025-11-23T22:42:47.327897,พื้นที่เอกชนหรือหน่วยงานราชการ,0,0,2025-11-23T22:42:47.328010
EXT-01743,{น้ำท่วม},Bangkok Flood Report,449.ซอยฉลองกรุง 35 | รายละเอียด: ไม่มีท่อระบายน้ำ,,,"13.75746,100.7982",449.ซอยฉลองกรุง 35,,ลาดกระบัง,กรุงเทพมหานคร,2025-11-23T22:42:47.327897,พื้นที่เอกชนหรือหน่วยงานราชการ,0,0,2025-11-23T22:42:47.328010
EXT-01744,{น้ำท่วม},Bangkok Flood Report,45.วัดปุรณาวาส | รายละเอียด: ชุมชนวัดปุรณาวาส พื้นที่ดังกล่าวเป็นแอ่งกระทะ เวลาฝนตกน้ำฝนไม่สามารถระบายออกสู่คลองหรือถนนได้ เนื่องจากไม่มีท่อระบายน้ำ,,,"13.80305,100.3356",45.วัดปุรณาวาส,,ทวีวัฒนา,กรุงเทพมหานคร,2025-11-23T22:42:47.327897,พื้นที่เอกชนหรือหน่วยงานราชการ,0,0,2025-11-23T22:42:47.328010
EXT-01745,{น้ำท่วม},Bangkok Flood Report,450.ซอยฉลองกรุง 53 | รายละเอียด: น้ำล้นตลิ่งจากคลอง,,,"13.77897,100.8035",450.ซอยฉลองกรุง 53,,ลาดกระบัง,กรุงเทพมหานคร,2025-11-23T22:42:47.327897,อยู่ระหว่างดำเนินการแก้ไข,0,0,2025-11-23T22:42:47.328010
EXT-01746,{น้ำท่วม},Bangkok Flood Report,451.ซอยคุ้มเกล้า 50 | รายละเอียด: น้ำล้นตลิ่งจากคลอง ไม่มีท่อระบายน้ำ,,,"13.74503,100.7713",451.ซอยคุ้มเกล้า 50,,ลาดกระบัง,กรุงเทพมหานคร,2025-11-23T22:42:47.327897,แก้ไขแล้วเสร็จ,0,0,2025-11-23T22:42:47.328010
EXT-01747,{น้ำท่วม},Bangkok Flood Report,452.ซอยคุ้มเกล้า 54 | รายละเอียด: น้ำล้นตลิ่งจากคลอง ไม่มีท่อระบายน้ำ,,,"13.74234,100.7746",452.ซอยคุ้มเกล้า 54,,ลาดกระบัง,กรุงเทพมหานคร,2025-11-23T22:42:47.327897,อยู่ระหว่างดำเนินการแก้ไข,0,0,2025-11-23T22:42:47.328010
EXT-01748,{น้ำท่วม},Bangkok Flood Report,453.ซอยร่มเกล้า 23 (ซอยเทพศิรินทร์) | รายละเอียด: น้ำล้นตลิ่งจากคลอง ไม่มีท่อระบายน้ำ,,,"13.74501,100.7535",453.ซอยร่มเกล้า 23 (ซอยเทพศิรินทร์),,ลาดกระบัง,กรุงเทพมหานคร,2025-11-23T22:42:47.327897,แก้ไขแล้วเสร็จ,0,0,2025-11-23T22:42:47.328010
EXT-01749,{น้ำท่วม},Bangkok Flood Report,454.ซอยร่มเกล้า 25 (ซอยวัดบำรุงรื่น) | รายละเอียด: น้ำล้นตลิ่งจากคลอง ไม่มีท่อระบายน้ำ,,,"13.74337,100.7531",454.ซอยร่มเกล้า 25 (ซอยวัดบำรุงรื่น),,ลาดกระบัง,กรุงเทพมหานคร,2025-11-23T22:42:47.327897,อยู่ระหว่างดำเนินการแก้ไข,0,0,2025-11-23T22:42:47.328010
EXT-01750,{น้ำท่วม},Bangkok Flood Report,455.โรงเรียนประสานสามัคคี | รายละเอียด: น้ำล้นจากป่าหญ้าและคลอง ไม่มีท่อระบายน้ำ,,,"13.7318,100.8372",455.โรงเรียนประสานสามัคคี,,ลาดกระบัง,กรุงเทพมหานคร,2025-11-23T22:42:47.327897,แก้ไขแล้วเสร็จ,0,0,2025-11-23T22:42:47.328010
EXT-01751,{น้ำท่วม},Bangkok Flood Report,456.ซอยลาดกระบัง 34/6 (หมู่บ้านลาดกระบังการ์เด้นโฮม) เอกชน | รายละเอียด: น้ำล้นตลิ่งจากคลอง เขตสนับสนุนเครื่องสูบน้ำจำนวน 1 เครื่อง,,,"13.72176,100.7506",456.ซอยลาดกระบัง 34/6 (หมู่บ้านลาดกระบังการ์เด้นโฮม) เอกชน,,ลาดกระบัง,กรุงเทพมหานคร,2025-11-23T22:42:47.327897,อยู่ระหว่างดำเนินการแก้ไข,0,0,2025-11-23T22:42:47.328010
EXT-01752,{น้ำท่วม},Bangkok Flood Report,457.ซอยลาดกระบัง 52 (ซอยจินดา) แยกซอยย่อย | รายละเอียด: น้ำล้นตลิ่งจากคลอง สนับสนุนเครื่องสูบน้ำ จำนวน 1 เครื่อง,,,"13.72023,100.7838",457.ซอยลาดกระบัง 52 (ซอยจินดา) แยกซอยย่อย,,ลาดกระบัง,กรุงเทพมหานคร,2025-11-23T22:42:47.327897,อยู่ระหว่างดำเนินการแก้ไข,0,0,2025-11-23T22:42:47.328010
EXT-01753,{น้ำท่วม},Bangkok Flood Report,458.ซอยลาดกระบัง 22 | รายละเอียด: น้ำล้นตลิ่งจากคลอง ซอยดังกล่าวต้ำกว่าถนนลาดกระบัง,,,"13.71889,100.7307",458.ซอยลาดกระบัง 22,,ลาดกระบัง,กรุงเทพมหานคร,2025-11-23T22:42:47.327897,อยู่ระหว่างดำเนินการแก้ไข,0,0,2025-11-23T22:42:47.328010
EXT-01754,{น้ำท่วม},Bangkok Flood Report,459.ซอยฉลองกรุง 54 | รายละเอียด: น้ำล้นจากคลอง ไม่มีท่อระบายน้ำ,,,"13.76011,100.8202",459.ซอยฉลองกรุง 54,,ลาดกระบัง,กรุงเทพมหานคร,2025-11-23T22:42:47.327897,แก้ไขแล้วเสร็จ,0,0,2025-11-23T22:42:47.328010
EXT-01755,{น้ำท่วม},Bangkok Flood Report,46.หมู่บ้านรางไผ่ ถนนบางบอน 3 ซอย 8 | รายละเอียด: ผิวจราจรมีระดับต่ำ ถนนบางส่วนไม่มีท่อระบายน้ำ ท่อระบายน้ำเดิมมีขนาดเล็ก พื้นที่บางส่วนเป็นที่ส่วนบุคคล,,,"13.65954,100.3867",46.หมู่บ้านรางไผ่ ถนนบางบอน 3 ซอย 8,,บางบอน,กรุงเทพมหานคร,2025-11-23T22:42:47.327897,อยู่ระหว่างดำเนินการแก้ไข,0,0,2025-11-23T22:42:47.328010
EXT-01756,{น้ำท่วม},Bangkok Flood Report,"460.ถนนหลวงแพ่ง (ตลอดทั้งสาย) | รายละเอียด: ถนนอยู่ในพื้นที่ลุ่มต่ำ ลักษณะพื้นที่เป็นแอ่งกระทะ น้ำท่วมขัง 10-80 ซม. ยาว 3,205 ม. (สนย. ปรับปรุงถนน / ท่อระบายน้ำ และ สนน.ปรับปรุงระบบระบายน้ำ ลำรางสำเภาทะลาย)",,,"13.71238,100.8163",460.ถนนหลวงแพ่ง (ตลอดทั้งสาย),,ลาดกระบัง,กรุงเทพมหานคร,2025-11-23T22:42:47.327897,อยู่ระหว่างดำเนินการแก้ไข,0,0,2025-11-23T22:42:47.328010
EXT-01757,{น้ำท่วม},Bangkok Flood Report,461.คลองน้ำแก้ว จากคลองพญาเวิกถึงคลองลาดพร้าว | รายละเอียด: มีประสิทธิภาพการระบายน้ำไม่เต็มประสิทธิภาพ เนื่องจากมีการปรับปรุงเขื่อนและขยายเขตคลอง,,,"13.79666,100.567",461.คลองน้ำแก้ว จากคลองพญาเวิกถึงคลองลาดพร้าว,,จตุจักร,กรุงเทพมหานคร,2025-11-23T22:42:47.327897,อยู่ระหว่างดำเนินการแก้ไข,0,0,2025-11-23T22:42:47.328010
EXT-01758,{น้ำท่วม},Bangkok Flood Report,462.ซอยชานเมือง | รายละเอียด: น้ำท่วมขังในพื้นที่,,,"13.77089,100.5658",462.ซอยชานเมือง,,ดินแดง,กรุงเทพมหานคร,2025-11-23T22:42:47.327897,อยู่ระหว่างดำเนินการแก้ไข,0,0,2025-11-23T22:42:47.328010
EXT-01759,{น้ำท่วม},Bangkok Flood Report,463.ซอย รามคำแหง 43/1 | รายละเอียด: สภาพซอยมีพื้นที่ต่ำ,,,"13.76394,100.6158",463.ซอย รามคำแหง 43/1,,วังทองหลาง,กรุงเทพมหานคร,2025-11-23T22:42:47.327897,อยู่ระหว่างดำเนินการแก้ไข,0,0,2025-11-23T22:42:47.328010
EXT-01760,{น้ำท่วม},Bangkok Flood Report,464.ถนน อินทราภรณ์ | รายละเอียด: สภาพซอยมีพื้นที่ต่ำ,,,"13.77437,100.6113",464.ถนน อินทราภรณ์,,วังทองหลาง,กรุงเทพมหานคร,2025-11-23T22:42:47.327897,อยู่ระหว่างดำเนินการแก้ไข,0,0,2025-11-23T22:42:47.328010
EXT-01761,{น้ำท่วม},Bangkok Flood Report,465.ซอย รามคำแหง 21 | รายละเอียด: สภาพซอยมีพื้นที่ต่ำ,,,"13.75905,100.6058",465.ซอย รามคำแหง 21,,วังทองหลาง,กรุงเทพมหานคร,2025-11-23T22:42:47.327897,อยู่ระหว่างดำเนินการแก้ไข,0,0,2025-11-23T22:42:47.328010
EXT-01762,{น้ำท่วม},Bangkok Flood Report,466.ซอย ลาดพร้าว 87 แยก 12 | รายละเอียด: สภาพซอยพื้นที่ต่ำ,,,"13.79378,100.6196",466.ซอย ลาดพร้าว 87 แยก 12,,วังทองหลาง,กรุงเทพมหานคร,2025-11-23T22:42:47.327897,อยู่ระหว่างดำเนินการแก้ไข,0,0,2025-11-23T22:42:47.328010
EXT-01763,{น้ำท่วม},Bangkok Flood Report,467.ซอย ลาดพร้าว 80 แยก 26 | รายละเอียด: ซอยสภาพพื้นที่ต่ำ,,,"13.77912,100.599",467.ซอย ลาดพร้าว 80 แยก 26,,วังทองหลาง,กรุงเทพมหานคร,2025-11-23T22:42:47.327897,แก้ไขแล้วเสร็จ,0,0,2025-11-23T22:42:47.328010
EXT-01764,{น้ำท่วม},Bangkok Flood Report,468.ถนน ลาดพร้าว 64 แยก 4 | รายละเอียด: สภาพซอยมีพื้นที่ต่ำ,,,"13.78898,100.595",468.ถนน ลาดพร้าว 64 แยก 4,,วังทองหลาง,กรุงเทพมหานคร,2025-11-23T22:42:47.327897,แก้ไขแล้วเสร็จ,0,0,2025-11-23T22:42:47.328010
EXT-01765,{น้ำท่วม},Bangkok Flood Report,469.ซอย ลาดพร้าว 64 แยก 2 | รายละเอียด: ซอยสภาพพื้นที่ต่ำ,,,"13.79035,100.5955",469.ซอย ลาดพร้าว 64 แยก 2,,วังทองหลาง,กรุงเทพมหานคร,2025-11-23T22:42:47.327897,อยู่ระหว่างดำเนินการแก้ไข,0,0,2025-11-23T22:42:47.328010
EXT-01766,{น้ำท่วม},Bangkok Flood Report,47.ซอยกำนันแม้น 13 | รายละเอียด: 1. ผิวจราจรมีระดับต่ำ 2. ท่อระบายน้ำเดิมมีขนาดเล็ก (60 - 100 ซม.) มีระดับต่ำกว่าระดับน้ำคลอง และรองรับน้ำ จากซอยย่อย 35 ซอย ทำให้ การระบายน้ำเกิดความล่าช้า,,,"13.69191,100.4389",47.ซอยกำนันแม้น 13,,บางบอน,กรุงเทพมหานคร,2025-11-23T22:42:47.327897,อยู่ระหว่างดำเนินการแก้ไข,0,0,2025-11-23T22:42:47.328010
EXT-01767,{น้ำท่วม},Bangkok Flood Report,470.ซอยประชาอุทิศ 19 เชื่อมซอยประชาราษฎร์บำเพ็ญ 24 | รายละเอียด: น้ำท่วมขังประมาณ 30 ซม.,,,"13.77748,100.5862",470.ซอยประชาอุทิศ 19 เชื่อมซอยประชาราษฎร์บำเพ็ญ 24,,ห้วยขวาง,กรุงเทพมหานคร,2025-11-23T22:42:47.327897,แก้ไขแล้วเสร็จ,0,0,2025-11-23T22:42:47.328010
EXT-01768,{น้ำท่วม},Bangkok Flood Report,471.ซอย ลาดพร้าว 48 แยก 3-2 | รายละเอียด: น้ำท่วมขังประมาณ 30 ซม.,,,"13.7935,100.586",471.ซอย ลาดพร้าว 48 แยก 3-2,,ห้วยขวาง,กรุงเทพมหานคร,2025-11-23T22:42:47.327897,อยู่ระหว่างดำเนินการแก้ไข,0,0,2025-11-23T22:42:47.328010
EXT-01769,{น้ำท่วม},Bangkok Flood Report,472.ถนน พาหุรัด | รายละเอียด: น้ำท่วมขัง ระบายไม่ทัน,,,"13.74504,100.4998",472.ถนน พาหุรัด,,พระนคร,กรุงเทพมหานคร,2025-11-23T22:42:47.327897,พื้นที่เอกชนหรือหน่วยงานราชการ,0,0,2025-11-23T22:42:47.328010
EXT-01770,{น้ำท่วม},Bangkok Flood Report,473.ถนนพระรามที่ 2 ซอย 62 (ม.การเคหะโครงการ 3) | รายละเอียด: ผิวจราจรมีระดับต่ำไม่สามารถระบายน้ำลงคลองได้โดยตรง,,,"13.6498,100.4189",473.ถนนพระรามที่ 2 ซอย 62 (ม.การเคหะโครงการ 3),,บางขุนเทียน,กรุงเทพมหานคร,2025-11-23T22:42:47.327897,อยู่ระหว่างดำเนินการแก้ไข,0,0,2025-11-23T22:42:47.328010
EXT-01771,{น้ำท่วม},Bangkok Flood Report,48.ถนนบางบอน 4 ซอย 10 | รายละเอียด: ไม่มีท่อระบายน้ำ เมื่อเกิดฝนตกจะทำให้มีปัญหาน้ำท่วมขังเป็นเวลานาน ประมาณ 20 - 30 ซม.,,,"13.65971,100.3744",48.ถนนบางบอน 4 ซอย 10,,บางบอน,กรุงเทพมหานคร,2025-11-23T22:42:47.327897,แก้ไขแล้วเสร็จ,0,0,2025-11-23T22:42:47.328010
EXT-01772,{น้ำท่วม},Bangkok Flood Report,49.ซอยเอกชัย 101 | รายละเอียด: ผิวจราจรมีระดับต่ำและเป็นแอ่ง ความยาวประมาณ 450 เมตร เมื่อเกิดฝนตกเกิน 60 มม. ทำให้เกิดปัญหาน้ำท่วมขังประมาณ 30 ซม. แนวทางแก้ไข 1. ติดตั้งเครื่องสูบน้ำขนาด 6 นิ้ว จำนวน 1 เครื่อง เพื่อเร่งระบายน้ำลงคลองบางบอน 2. แจ้งประสานสำนักการโยธา เพื่อพิจารณาดำเนินการยกระดับ ผิวจราจร,,,"13.65425,100.3942",49.ซอยเอกชัย 101,,บางบอน,กรุงเทพมหานคร,2025-11-23T22:42:47.327897,อยู่ระหว่างดำเนินการแก้ไข,0,0,2025-11-23T22:42:47.328010
EXT-01773,{น้ำท่วม},Bangkok Flood Report,"5.ซอยสุขุมวิท 22 | รายละเอียด: ท่อระบายน้ำซอยสุขุมวิท 22 ยาวประมาณ 1,600 เมตร ผิวจราจรกว้าง 8.00 เมตร ท่อระบายน้ำขนาด Ø 1.0 เมตร และ Ø 0.60 เมตร รับน้ำจากถนนสุขุมวิทและมีน้ำส่วนหนึ่งไหลมาจากซอยสุขุมวิท 24 มาบรรจบกันบริเวณทางออกถนนพระรามที่ 4 เมื่อฝนตกหนักปริมาณน้ำมากทำให้น้ำระบายไม่ทัน จึงเอ่อล้นบ่อพักขึ้นมาบนผิวจราจรช่วงโรงเรียนสายน้ำทิพย์ – โรงเรียนขจรศึกษา มีพื้นที่น้ำท่วมขังยาวประมาณ 800 เมตร ท่วมสูงประมาณ 20-30 เซนติเมตร",,,"13.72069,100.5656",5.ซอยสุขุมวิท 22,,คลองเตย,กรุงเทพมหานคร,2025-11-23T22:42:47.327897,แก้ไขแล้วเสร็จ,0,0,2025-11-23T22:42:47.328010
EXT-01774,{น้ำท่วม},Bangkok Flood Report,50.ซอย เอกชัย 112 | รายละเอียด: ไม่มีท่อระบายน้ำ เมื่อเกิดฝนตกจะทำให้มีปัญหาน้ำท่วมขังเป็นเวลานาน ประมาณ 10 - 15 ซม.,,,"13.65706,100.3905",50.ซอย เอกชัย 112,,บางบอน,กรุงเทพมหานคร,2025-11-23T22:42:47.327897,อยู่ระหว่างดำเนินการแก้ไข,0,0,2025-11-23T22:42:47.328010
EXT-01775,{น้ำท่วม},Bangkok Flood Report,51.ถนนบางบอน 4 ซอย 3 | รายละเอียด: ไม่มีท่อระบายน้ำ เมื่อเกิดฝนตกจะทำให้มีปัญหาน้ำท่วมขังเป็นเวลานาน ประมาณ 10 - 15 ซม.,,,"13.64904,100.3668",51.ถนนบางบอน 4 ซอย 3,,บางบอน,กรุงเทพมหานคร,2025-11-23T22:42:47.327897,อยู่ระหว่างดำเนินการแก้ไข,0,0,2025-11-23T22:42:47.328010
EXT-01776,{น้ำท่วม},Bangkok Flood Report,52.บางบอน 4 ซอย 8 | รายละเอียด: ไม่มีท่อระบายน้ำ เมื่อเกิดฝนตกจะทำให้มีปัญหาน้ำท่วมขังเป็นเวลานาน ประมาณ 20 - 30 ซม.,,,"13.65579,100.3756",52.บางบอน 4 ซอย 8,,บางบอน,กรุงเทพมหานคร,2025-11-23T22:42:47.327897,อยู่ระหว่างดำเนินการแก้ไข,0,0,2025-11-23T22:42:47.328010
EXT-01777,{น้ำท่วม},Bangkok Flood Report,53.ซอย โคราช | รายละเอียด: ไม่มีท่อระบายน้ำ เมื่อเกิดฝนตกจะทำให้มีปัญหาน้ำท่วมขังเป็นเวลานาน ประมาณ 30 ซม.,,,"13.62677,100.3775",53.ซอย โคราช,,บางบอน,กรุงเทพมหานคร,2025-11-23T22:42:47.327897,แก้ไขแล้วเสร็จ,0,0,2025-11-23T22:42:47.328010
EXT-01778,{น้ำท่วม},Bangkok Flood Report,54.ถนนพระยามนธาตุราชศรีพิจิตร์ จากหน้าโรงเรียนพระยามนธาตุฯ ถึงปากซอยพระยามนธาตุฯ 26 | รายละเอียด: 1.มีร่องน้ำกลางถนน ขนาด 1–2 เมตร 2. ท่อระบายน้ำของถนนมีฝั่งเดียว ขนาด 80 ซม. 3. พื้นถนนบางส่วนมีระดับต่ำและ เป็นแอ่ง,,,"13.66786,100.4259",54.ถนนพระยามนธาตุราชศรีพิจิตร์ จากหน้าโรงเรียนพระยามนธาตุฯ ถึงปากซอยพระยามนธาตุฯ 26,,บางบอน,กรุงเทพมหานคร,2025-11-23T22:42:47.327897,อยู่ระหว่างดำเนินการแก้ไข,0,0,2025-11-23T22:42:47.328010
EXT-01779,{น้ำท่วม},Bangkok Flood Report,55.ถนนบางขุนเทียน จากแยกบางบอนถึงทางรถไฟ สายมหาชัย-วงเวียนใหญ่ | รายละเอียด: ผิวจราจรทรุดตัวและเป็นแอ่ง เมื่อเกิดฝนตกทำให้เกิดปัญหาน้ำท่วมขังประมาณ 5 – 10 ซม. แนวทางแก้ไข แจ้งประสานสำนักการโยธา เพื่อพิจารณาดำเนินการยกระดับผิวจราจร,,,"13.67159,100.427",55.ถนนบางขุนเทียน จากแยกบางบอนถึงทางรถไฟ สายมหาชัย-วงเวียนใหญ่,,บางบอน,กรุงเทพมหานคร,2025-11-23T22:42:47.327897,อยู่ระหว่างดำเนินการแก้ไข,0,0,2025-11-23T22:42:47.328010
EXT-01780,{น้ำท่วม},Bangkok Flood Report,56.ถนนเอกชัย จากแยกบางบอนถึง ซอยเอกชัย 87/1 | รายละเอียด: ผิวจราจรมีระดับต่ำและเป็นแอ่ง ความยาวประมาณ 100 เมตร เมื่อเกิดฝนตกทำให้เกิดปัญหาน้ำท่วมขังประมาณ 5 – 10 ซม. แนวทางแก้ไข แจ้งประสานสำนักการโยธา เพื่อพิจารณาดำเนินการยกระดับผิวจราจร,,,"13.67239,100.4229",56.ถนนเอกชัย จากแยกบางบอนถึง ซอยเอกชัย 87/1,,บางบอน,กรุงเทพมหานคร,2025-11-23T22:42:47.327897,อยู่ระหว่างดำเนินการแก้ไข,0,0,2025-11-23T22:42:47.328010
EXT-01781,{น้ำท่วม},Bangkok Flood Report,57.ซอย เอกชัย 72 | รายละเอียด: ผิวจราจรมีระดับต่ำและเป็นแอ่ง ความยาวประมาณ 450 เมตร เมื่อเกิดฝนตกเกิน 60 มม. ทำให้เกิดปัญหาน้ำท่วมขังประมาณ 30 ซม. แนวทางแก้ไข ติดตั้งเครื่องสูบน้ำขนาด 8 นิ้ว จำนวน 1 เครื่อง เพื่อเร่งระบายน้ำลงคลองบางพราน,,,"13.67349,100.4173",57.ซอย เอกชัย 72,,บางบอน,กรุงเทพมหานคร,2025-11-23T22:42:47.327897,พื้นที่เอกชนหรือหน่วยงานราชการ,0,0,2025-11-23T22:42:47.328010
EXT-01782,{น้ำท่วม},Bangkok Flood Report,58.หมู่บ้านบางบอนวิลล่า ถนนบางบอน 1 ซอย 16 | รายละเอียด: 1. ผิวจราจรมีระดับต่ำ 2. ท่อระบายน้ำเดิมมีขนาดเล็ก (40 ซม.) แนวทางแก้ไข เขตบางบอนชี้แจงทำความเข้าใจ กับประชาชนกรณีไม่สามารถ นำงบประมาณของทางราชการดำเนินการปรับปรุงผิวจราจร ในหมู่บ้านซึ่งเป็นพื้นที่เอกชน,,,"13.68261,100.426",58.หมู่บ้านบางบอนวิลล่า ถนนบางบอน 1 ซอย 16,,บางบอน,กรุงเทพมหานคร,2025-11-23T22:42:47.327897,พื้นที่เอกชนหรือหน่วยงานราชการ,0,0,2025-11-23T22:42:47.328010
EXT-01783,{น้ำท่วม},Bangkok Flood Report,59.หมู่บ้านทองภูมิ ซอย เอกชัย 66 | รายละเอียด: 1. ผิวจราจรมีระดับต่ำ 2. ท่อระบายน้ำเดิมมีขนาดเล็ก (40 ซม.) 3. เมื่อมีฝนตกเกิน 60 มม. ขึ้นไป จะเกิดปัญหาน้ำท่วมขัง ประมาณ 10 – 15 ซม. แนวทางแก้ไข เขตบางบอนชี้แจงทำความเข้าใจ กับประชาชนกรณีไม่สามารถ นำงบประมาณของทางราชการดำเนินการปรับปรุงผิวจราจร ในหมู่บ้านซึ่งเป็นพื้นที่เอกชน,,,"13.67657,100.4217",59.หมู่บ้านทองภูมิ ซอย เอกชัย 66,,บางบอน,กรุงเทพมหานคร,2025-11-23T22:42:47.327897,อยู่ระหว่างดำเนินการแก้ไข,0,0,2025-11-23T22:42:47.328010
EXT-01784,{น้ำท่วม},Bangkok Flood Report,6.หมู่บ้านมหาวงษ์ แยกซอยภูมิจิตร | รายละเอียด: หมู่บ้านมหาวงษ์ อยู่ริมคลองพระโขนง เมื่อถึงฤดูน้ำหลากและน้ำทะเลหนุนน้ำจะรั่วซึมเข้าตามแผงเขื่อนที่ชำรุด จึงเป็นเหตุให้เกิดปัญหาน้ำท่วม,,,"13.70777,100.5911",6.หมู่บ้านมหาวงษ์ แยกซอยภูมิจิตร,,คลองเตย,กรุงเทพมหานคร,2025-11-23T22:42:47.327897,อยู่ระหว่างดำเนินการแก้ไข,0,0,2025-11-23T22:42:47.328010
EXT-01785,{น้ำท่วม},Bangkok Flood Report,60.หมู่บ้านเกศริน ซอยเอกชัย 119 | รายละเอียด: 1. ผิวจราจรมีระดับต่ำ 2. ท่อระบายน้ำเดิมมีขนาดเล็ก (40 ซม.) แนวทางแก้ไข เขตบางบอนชี้แจงทำความเข้าใจ กับประชาชนกรณีไม่สามารถ นำงบประมาณของทางราชการดำเนินการปรับปรุงผิวจราจร ในหมู่บ้านซึ่งเป็นพื้นที่เอกชน,,,"13.64169,100.3828",60.หมู่บ้านเกศริน ซอยเอกชัย 119,,บางบอน,กรุงเทพมหานคร,2025-11-23T22:42:47.327897,อยู่ระหว่างดำเนินการแก้ไข,0,0,2025-11-23T22:42:47.328010
EXT-01786,{น้ำท่วม},Bangkok Flood Report,61.ซอยเพชรเกษม 52 บริเวณเชิงสะพานข้ามคลองบางจาก | รายละเอียด: พื้นที่ภายในซอยลาดต่ำลงมาบริเวณปลายซอยที่คอสะพานข้ามคลองบางจาก แนวทางแก้ไข - ติดตั้งเครื่องสูบน้ำเครื่องยนต์ดีเซล ขนาด 8 นิ้ว จำนวน 1 เครื่อง - เร่งระบายน้ำลงสู่คลองบางจาก,,,"13.71647,100.438",61.ซอยเพชรเกษม 52 บริเวณเชิงสะพานข้ามคลองบางจาก,,ภาษีเจริญ,กรุงเทพมหานคร,2025-11-23T22:42:47.327897,มีมาตรการเร่งด่วน,0,0,2025-11-23T22:42:47.328010
EXT-01787,{น้ำท่วม},Bangkok Flood Report,62.ซอยศาลธนบุรี 29/1 | รายละเอียด: พื้นที่ถนนและท่อระบายน้ำมีระดับต่ำมาก แนวทางแก้ไข - ติดตั้งเครื่องสูบน้ำเครื่องยนต์ดีเซล ขนาด 8 นิ้ว จำนวน 1 เครื่อง - เร่งระบายน้ำลงสู่คลองบางอ้าย ปรับปรุงถนนศาลธนบุรีให้มีระดับสูงขึ้น ปรับปรุงท่อระบายน้ำให้มีขนาดใหญ่กว่าเดิม,,,"13.70108,100.4304",62.ซอยศาลธนบุรี 29/1,,ภาษีเจริญ,กรุงเทพมหานคร,2025-11-23T22:42:47.327897,พื้นที่เอกชนหรือหน่วยงานราชการ,0,0,2025-11-23T22:42:47.328010
EXT-01788,{น้ำท่วม},Bangkok Flood Report,63.ถนนสายศาลธนบุรี บริเวณตรงข้ามหมู่บ้านกิจเจริญ | รายละเอียด: พื้นที่ถนนและท่อระบายน้ำมีระดับต่ำมาก ติดตั้งเครื่องสูบน้ำเครื่องยนต์ดีเซล ขนาด 8 นิ้ว จำนวน 1 เครื่อง - เร่งระบายน้ำลงสู่คลองบางระแนะ แนวทางแก้ไข ปรับปรุงถนนศาลธนบุรีให้มีระดับสูงขึ้น ปรับปรุงท่อระบายน้ำให้มีขนาดใหญ่กว่าเดิม,,,"13.7007,100.4312",63.ถนนสายศาลธนบุรี บริเวณตรงข้ามหมู่บ้านกิจเจริญ,,ภาษีเจริญ,กรุงเทพมหานคร,2025-11-23T22:42:47.327897,พื้นที่เอกชนหรือหน่วยงานราชการ,0,0,2025-11-23T22:42:47.328010
EXT-01789,{น้ำท่วม},Bangkok Flood Report,64.ถนนเพชรเกษมฝั่งขาออก บริเวณลำกระโดงตรงข้ามซอยเพชรเกษม 50 | รายละเอียด: พื้นที่ถนนและท่อระบายน้ำมีระดับต่ำมาก แนวทงแก้ไข ติดตั้งเครื่องสูบน้ำชนิดไฟฟ้าเพื่อช่วยลดระดับปริมาณน้ำฝนรอการระบาย - เร่งระบายน้ำลงสู่คลองภาษีเจริญ,,,"13.7139,100.4407",64.ถนนเพชรเกษมฝั่งขาออก บริเวณลำกระโดงตรงข้ามซอยเพชรเกษม 50,,ภาษีเจริญ,กรุงเทพมหานคร,2025-11-23T22:42:47.327897,แก้ไขแล้วเสร็จ,0,0,2025-11-23T22:42:47.328010
EXT-01790,{น้ำท่วม},Bangkok Flood Report,65.หมู่บ้านอินทราวิลล่า บริเวณซอยกัลปพฤกษ์ซอย 4 | รายละเอียด: เป็นหมู่บ้านเก่าพื้นที่ตั้งหมู่บ้านถนนภายในและท่อระบายน้ำมีระดับต่ำกว่าถนนกัลปพฤกษ์มาก แนวทางแก้ไข - ติดตั้งเครื่องสูบน้ำขนาด 8 นิ้ว จำนวน 1 เครื่อง - ยกระดับถนนภายในซอยกัลปพฤกษ์ซอย 4 ให้มีระดับสูงขึ้น - เร่งระบายน้ำลงสู่คลองบางโคลัด,,,"13.69325,100.4339",65.หมู่บ้านอินทราวิลล่า บริเวณซอยกัลปพฤกษ์ซอย 4,,ภาษีเจริญ,กรุงเทพมหานคร,2025-11-23T22:42:47.327897,มีมาตรการเร่งด่วน,0,0,2025-11-23T22:42:47.328010
EXT-01791,{น้ำท่วม},Bangkok Flood Report,66.ซอยเพชรเกษม 52 บริเวณหน้าโรงเรียนอนุบาลบ้านสวน | รายละเอียด: พื้นที่ภายในซอยลาดต่ำลงมาบริเวณปลายซอยที่คอสะพานข้ามคลองบางจาก แนวทางแก้ไข ติดตั้งเครื่องสูบน้ำเครื่องยนต์ดีเซล ขนาด 8 นิ้ว จำนวน 1 เครื่อง - เร่งระบายน้ำลงสู่คลองบางจาก,,,"13.7166,100.4379",66.ซอยเพชรเกษม 52 บริเวณหน้าโรงเรียนอนุบาลบ้านสวน,,ภาษีเจริญ,กรุงเทพมหานคร,2025-11-23T22:42:47.327897,อยู่ระหว่างดำเนินการแก้ไข,0,0,2025-11-23T22:42:47.328010
EXT-01792,{น้ำท่วม},Bangkok Flood Report,67.ซอยยิ้มประยูร บริเวณเชิงสะพานคลองบางส่าย | รายละเอียด: พื้นที่ถนนและท่อระบายน้ำมีระดับต่ำมาก แนวทางแก้ไข ติดตั้งเครื่องสูบน้ำ ขนาด 8 นิ้ว จำนวน 1 เครื่อง - เร่งระบายน้ำลงสู่คลองบางส่าย,,,"13.69561,100.4279",67.ซอยยิ้มประยูร บริเวณเชิงสะพานคลองบางส่าย,,ภาษีเจริญ,กรุงเทพมหานคร,2025-11-23T22:42:47.327897,แก้ไขแล้วเสร็จ,0,0,2025-11-23T22:42:47.328010
EXT-01793,{น้ำท่วม},Bangkok Flood Report,68.ซอยเพชรเกษม 116 ถนนเพชรเกษม | รายละเอียด: เป็นพื้นที่ลุ่มต่ำท่อระบายน้ำมีทิศทางการระบายน้ำออกสู่ถนนเพชรเกษมเป็นหลัก ถ้ามีปริมาณน้ำฝนมาก และระดับน้ำในคลองมหาศรมีระดับสูง จะทำให้การระบายน้ำเป็นไปได้ช้าจะต้องรอให้ระดับน้ำในถนนเพชรเกษมลดลงจึงจะระบายน้ำได้ดีขึ้น แนวทางแก้ไข 1.การแก้ไขปัญหาเบื้องต้น สนง.เขตฯติดตั้งเครื่องสูบน้ำเครื่องยนต์ดีเซลขนาด 8” จำนวน 2 เครื่อง เร่งระบายน้ำออกสู่ถนนเพชรเกษม และ ระบายลงสู่คลองมหาศร 2.แนวทางการแก้ไขระยะยาว ให้สำนักการระบายน้ำพิจารณาติดตั้งประตูเปิด-ปิดท่อระบายน้ำ บริเวณถนนเพชรเกษมที่ระบายลงสู่คลองมหาศร พร้อมติดตั้งเครื่องสูบน้ำชนิดไฟฟ้าระบบอัตโนมัติเพื่อป้องกันน้ำจากคลองมหาศรไหลย้อนกลับในท่อและเป็นการเร่งระบายน้ำจากถนนเพชรเกษมได้มีประสิทธิภาพยิ่งขึ้น,,,"13.70539,100.3375",68.ซอยเพชรเกษม 116 ถนนเพชรเกษม,,หนองแขม,กรุงเทพมหานคร,2025-11-23T22:42:47.327897,พื้นที่เอกชนหรือหน่วยงานราชการ,0,0,2025-11-23T22:42:47.328010
EXT-01794,{น้ำท่วม},Bangkok Flood Report,69.ซอยเลียบคลองภาษีเจริญฝั่งใต้ 5 | รายละเอียด: พื้นที่ซอยเป็นพื้นที่ลุ่มต่ำยังไม่มีการปรับปรุงถนนและวางท่อระบายน้ำเนื่องจากสภาพทางเข้าออก บางส่วนยังเป็นที่ดินส่วนบุคคล โดยถนนมีความยาวประมาณ 100 ม. กว้าง 6 เมตร แบ่งเป็นทางสาธารณะ 3 ม. ทางส่วนบุคคล 3 ม. แนวทางแก้ไข 1.การแก้ไขปัญหาเบื้องต้น สนง.เขตฯติดตั้งเครื่องสูบน้ำเครื่องยนต์ดีเซลขนาด 8” บริเวณปากซอยเพื่อสูบน้ำในบึงรับน้ำระบายลงสู่ท่อระบายน้ำถนนเลียบคลองภาษีเจริญฝั่งใต้,,,"13.68241,100.3614",69.ซอยเลียบคลองภาษีเจริญฝั่งใต้ 5,,หนองแขม,กรุงเทพมหานคร,2025-11-23T22:42:47.327897,พื้นที่เอกชนหรือหน่วยงานราชการ,0,0,2025-11-23T22:42:47.328010
EXT-01795,{น้ำท่วม},Bangkok Flood Report,7.บริเวณประตูระบายน้ำลำกระโดงสาธารณะ 4 (บ้านทรงไทย) | รายละเอียด: ได้รับผลกระทบจากน้ำทะเลหนุนสูง มีน้ำท่วมขังสูงประมาณ 0.20 - 0.30 ม. ระยะทางประมาณ 80 ม.เข้ามายังซอยเจริญกรุง 86,,,"13.69411,100.4917",7.บริเวณประตูระบายน้ำลำกระโดงสาธารณะ 4 (บ้านทรงไทย),,บางคอแหลม,กรุงเทพมหานคร,2025-11-23T22:42:47.327897,อยู่ระหว่างดำเนินการแก้ไข,0,0,2025-11-23T22:42:47.328010
EXT-01796,{น้ำท่วม},Bangkok Flood Report,70.ทางเดินเท้าถนนเพชรเกษมขาเข้า และ ขาออก พื้นที่เขตหนองแขม | รายละเอียด: ทางเดินเท้ามีการก่อสร้างมาเป็นเวลานานปัจจุบันชำรุดเสียหายหลายจุดเมื่อฝนตกจะทำให้มีน้ำท่วมขังทุกครั้ง แนวทางแก้ไข 1.การแก้ไขปัญหาเบื้องต้น หากบริเวณที่ชำรุดมีน้ำท่วมขังมีพื้นที่ไม่มากเกินไปสนง.เขตฯจัดเจ้าหน้าที่เข้าดำเนินการซ่อมแซมทันที แต่หากมีพื้นที่ชำรุดมีพื้นที่จำนวนมากจะประสานแจ้งสนย.เข้าดำเนินการแก้ไข,,,"13.7062,100.3507",70.ทางเดินเท้าถนนเพชรเกษมขาเข้า และ ขาออก พื้นที่เขตหนองแขม,,หนองแขม,กรุงเทพมหานคร,2025-11-23T22:42:47.327897,พื้นที่เอกชนหรือหน่วยงานราชการ,0,0,2025-11-23T22:42:47.328010
EXT-01797,{น้ำท่วม},Bangkok Flood Report,"71.ถนนเลียบคลองภาษีเจริญฝั่งเหนือจาก คลองมหาศร ถึง ซ.เลียบคลองภาษีเจริญฝั่งเหนือ 8 | รายละเอียด: หากมีปริมาณน้ำฝนมากและระดับน้ำในคลองมหาศรและคลองภาษีเจริญมีระดับสูงการระบายน้ำจะเป็นไปได้ช้า ทำให้มีน้ำท่วมขังบนผิวจราจร 10-20 ซม. แนวทางแก้ไข 1.การแก้ไขปัญหาเบื้องต้น สนน.ติดตั้งเครื่องสูบน้ำบริเวณ สถานีสูบน้ำคลองมหาศร,บ่อสูบน้ำคลองคำหริ่ม และสถานีสูบน้ำโรงเรียนประชาบำรุง 2.แนวทางการแก้ไขระยะยาว เสนอให้สำนักการระบายน้ำพิจารณาติดตั้งบ่อสูบน้ำเพิ่มเติมบริเวณที่ท่อระบายน้ำระบายลงสู่คลองภาษีเจริญหรือพิจารณาติดตั้งประตูเปิด-ปิดท่อระบายน้ำ บริเวณคลองมหาศรพร้อมติดตั้งเครื่องสูบน้ำชนิดไฟฟ้าระบบอัตโนมัติเพื่อช่วยเร่งการระบายน้ำในช่วงระดับน้ำในคลองภาษีเจริญสูง",,,"13.68989,100.3704",71.ถนนเลียบคลองภาษีเจริญฝั่งเหนือจาก คลองมหาศร ถึง ซ.เลียบคลองภาษีเจริญฝั่งเหนือ 8,,หนองแขม,กรุงเทพมหานคร,2025-11-23T22:42:47.327897,พื้นที่เอกชนหรือหน่วยงานราชการ,0,0,2025-11-23T22:42:47.328010
EXT-01798,{น้ำท่วม},Bangkok Flood Report,72.ถนนมาเจริญ จากถนนเพชรเกษม ถึงคลองภาษีเจริญ | รายละเอียด: หากมีปริมาณน้ำฝนมากและระดับน้ำในคลองภาษีเจริญมีระดับสูงการระบายน้ำจะเป็นไปได้ช้า ทำให้มีน้ำท่วมขังบนผิวจราจร 10-20 ซม. แนวทางแก้ไข 1.การแก้ไขปัญหาเบื้องต้น สนน.ติดตั้งบ่อสูบน้ำพร้อมเครื่องสูบน้ำชนิดไฟฟ้าบริเวณใต้สะพานข้ามคลองภาษีเจริญ จำนวน 2 เครื่อง 2.ปัจจุบัน สนน. ติดตั้งเครื่องสูบน้ำชนิดไฟฟ้าเพิ่มเติมอีก 1 เครื่อง ซึ่งอยู่ระหว่างก่อสร้าง ยังไม่แล้วเสร็จ,,,"13.6811,100.3445",72.ถนนมาเจริญ จากถนนเพชรเกษม ถึงคลองภาษีเจริญ,,หนองแขม,กรุงเทพมหานคร,2025-11-23T22:42:47.327897,พื้นที่เอกชนหรือหน่วยงานราชการ,0,0,2025-11-23T22:42:47.328010
EXT-01799,{น้ำท่วม},Bangkok Flood Report,73.หมู่บ้านพงษ์ศิริชัย 4 | รายละเอียด: เป็นหมู่บ้านขนาดใหญ่ถนนภายในหมู่บ้านเป็นที่ดินส่วนบุคคล ขนาดท่อระบายน้ำไม่เหมาะสมกับขนาดพื้นที่และเป็นพื้นที่ลุ่มต่ำ หากมีปริมาณน้ำฝนมากจะมีน้ำรอการระบายประมาณ10-20 ซม. และใช้ระยะเวลานานในการระบาย แนวทางแก้ไข สนง.เขตติดตั้งเครื่องสูบน้ำเครื่องยนต์ดีเซลจำนวน 2 เครื่อง สูบน้ำออกสู่ถนนมาเจริญ,,,"13.69764,100.3408",73.หมู่บ้านพงษ์ศิริชัย 4,,หนองแขม,กรุงเทพมหานคร,2025-11-23T22:42:47.327897,พื้นที่เอกชนหรือหน่วยงานราชการ,0,0,2025-11-23T22:42:47.328010
EXT-01800,{น้ำท่วม},Bangkok Flood Report,74.หมู่บ้านพุดตาน | รายละเอียด: เป็นหมู่บ้านขนาดใหญ่ถนนภายในหมู่บ้านเป็นที่ดินส่วนบุคคล ขนาดท่อระบายน้ำไม่เหมาะสมกับขนาดพื้นที่และเป็นพื้นที่ลุ่มต่ำ หากมีปริมาณน้ำฝนมากจะมีน้ำรอการระบายประมาณ10-20 ซม. และใช้ระยะ แนวทางแก้ไข การแก้ไขปัญหาเบื้องต้น สนง.เขตติดตั้งเครื่องสูบน้ำเครื่องยนต์ดีเซลจำนวน 2 เครื่อง สูบน้ำออกสู่ถนนมาเจริญ,,,"13.68917,100.3422",74.หมู่บ้านพุดตาน,,หนองแขม,กรุงเทพมหานคร,2025-11-23T22:42:47.327897,พื้นที่เอกชนหรือหน่วยงานราชการ,0,0,2025-11-23T22:42:47.328010
EXT-01801,{น้ำท่วม},Bangkok Flood Report,75.ชุมชนประดิษฐ์เจริญ ถนนเลียบคลองภาษีเจริญฝั่งเหนือ แขวงหนองแขม | รายละเอียด: เป็นพื้นที่ลุ่มต่ำของที่ดินเอกชนที่ไม่มีการวางท่อระบายน้ำในชุมชน สำนักงานเขตได้ช่วยบรรเทาความเดือดร้อนโดยการนำเครื่องสูบน้ำไปติดตั้งเพื่อช่วยเร่งการระบายน้ำออกสู่ท่อระบายน้ำสาธารณะ แนวทางแก้ไข การแก้ไขปัญหาเบื้องต้น สนง.เขตจัดทำแก้มลิงพื้นที่ว่างในชุมชนและติดตั้งเครื่องสูบน้ำสูบน้ำออกสู่ถนนเลียบคลองภาษีเจริญฝั่งเหนือ,,,"13.68703,100.3369",75.ชุมชนประดิษฐ์เจริญ ถนนเลียบคลองภาษีเจริญฝั่งเหนือ แขวงหนองแขม,,หนองแขม,กรุงเทพมหานคร,2025-11-23T22:42:47.327897,พื้นที่เอกชนหรือหน่วยงานราชการ,0,0,2025-11-23T22:42:47.328010
EXT-01802,{น้ำท่วม},Bangkok Flood Report,76.ชุมชนเอี่ยมวุฒิ ถนนเลียบคลองภาษีเจริญฝั่งใต้ | รายละเอียด: เป็นชุมชนที่เป็นพื้นที่เอกชนไม่มีการวางท่อระบายน้ำภายในชุมชนอาศัยการระบายน้ำลงสู่ลำรางสาธารณะออกสู่คลองภาษีเจริญหากน้ำในคลองภาษีเจริญมีระดับสูงจะทำให้น้ำไหลย้อนกลับเข้าชุมชน แนวทางแก้ไข 1.การแก้ไขปัญหาเบื้องต้น สนง.เขตติดตั้งเครื่องสูบน้ำเครื่องยนต์ดีเซลขนาด 8”พร้อมวางกระสอบทรายบริเวณลำรางเชื่อมกับคลองภาษีเจริญเพื่อป้องกันการไหลย้อนกลับของน้ำในคลองภาษีเจริญ และเดินเครื่องสูบน้ำสูบน้ำในลำรางออกสู่คลองภาษีเจริญ 2.แนวทางแก้ไขระยะยาว สนน. พิจารณาออกแบบบ่อสูบพร้อมติดตั้งเครื่องสูบน้ำไฟฟ้าอัตโนมัติขนาด 10” ทดแทนเครื่องสูบน้ำเครื่องยนต์ดีเซล,,,"13.67702,100.3431",76.ชุมชนเอี่ยมวุฒิ ถนนเลียบคลองภาษีเจริญฝั่งใต้,,หนองแขม,กรุงเทพมหานคร,2025-11-23T22:42:47.327897,พื้นที่เอกชนหรือหน่วยงานราชการ,0,0,2025-11-23T22:42:47.328010
EXT-01803,{น้ำท่วม},Bangkok Flood Report,77.หมู่บ้านพีเอสวิลล่า | รายละเอียด: เป็นหมู่บ้านที่ก่อสร้างมาเป็นเวลานาน ถนนภายในหมู่บ้านเป็นที่ดินส่วนบุคคล ขนาดท่อระบายน้ำไม่เหมาะสมกับขนาดพื้นที่และเป็นพื้นที่ลุ่มต่ำ ไม่มีการตรวจสอบทำความสะอาดท่อระบายน้ำเป็นเวลานาน มีดินเลนสะสมจำนวนมาก หากมีปริมาณน้ำฝนมากจะมีน้ำรอการระบายประมาณ 10-20 ซม. แนวทางแก้ไข 1.การแก้ไขปัญหาเบื้องต้น สนง.เขตติดตั้งเครื่องสูบน้ำเครื่องยนต์ดีเซลขนาด 8” จำนวน 1 เครื่อง สูบน้ำจากแนวร่องน้ำลงสู่ถนนเลียบคลองภาษีเจริญฝั่งใต้,,,"13.67831,100.3604",77.หมู่บ้านพีเอสวิลล่า,,หนองแขม,กรุงเทพมหานคร,2025-11-23T22:42:47.327897,พื้นที่เอกชนหรือหน่วยงานราชการ,0,0,2025-11-23T22:42:47.328010
EXT-01804,{น้ำท่วม},Bangkok Flood Report,78.หมู่บ้านพร้อมชัย | รายละเอียด: เป็นหมู่บ้านที่ก่อสร้างมาเป็นเวลานาน ถนนภายในหมู่บ้านเป็นที่ดินส่วนบุคคล ขนาดท่อระบายน้ำไม่เหมาะสมกับขนาดพื้นที่และเป็นพื้นที่ลุ่มต่ำ ไม่มีการตรวจสอบทำความสะอาดท่อระบายน้ำเป็นเวลานาน มีดินเลนสะสมจำนวนมาก หากมีปริมาณน้ำฝนมากจะมีน้ำรอการระบายประมาณ 10-20 ซม. แนวทางแก้ไข การแก้ไขปัญหาเบื้องต้น สนง.เขตจัดเจ้าหน้าที่แก้ไขท่อระบายน้ำที่อุดตันเป็นบางจุดเพื่อบรรเทาความเดือดร้อนของประชาชน,,,"13.68312,100.3513",78.หมู่บ้านพร้อมชัย,,หนองแขม,กรุงเทพมหานคร,2025-11-23T22:42:47.327897,พื้นที่เอกชนหรือหน่วยงานราชการ,0,0,2025-11-23T22:42:47.328010
EXT-01805,{น้ำท่วม},Bangkok Flood Report,79.หมู่บ้านตะวันฉาย | รายละเอียด: เป็นหมู่บ้านที่เป็นพื้นที่ลุ่มต่ำก่อสร้างมาเป็นเวลานาน ถนนทางเข้าหมู่บ้านและถนนภายในหมู่บ้านเป็นที่ดินส่วนบุคคล ขนาดท่อระบายน้ำไม่เหมาะสมกับขนาดพื้นที่และเป็นพื้นที่ลุ่มต่ำ ไม่มีการตรวจสอบทำความสะอาดท่อระบายน้ำเป็นเวลานาน มีดินเลนสะสมจำนวนมาก หากมีปริมาณน้ำฝนมากจะมีน้ำรอการระบายประมาณ 10-20 ซม. แนวทางแก้ไข 1.การแก้ไขปัญหาเบื้องต้น สนง.เขตติดตั้งเครื่องสูบน้ำเครื่องยนต์ดีเซลขนาด 8” จำนวน 1 เครื่อง สูบน้ำจากท่อระบายน้ำลงสู่ลำรางส่วนบุคคล,,,"13.66767,100.3478",79.หมู่บ้านตะวันฉาย,,หนองแขม,กรุงเทพมหานคร,2025-11-23T22:42:47.327897,พื้นที่เอกชนหรือหน่วยงานราชการ,0,0,2025-11-23T22:42:47.328010
EXT-01806,{น้ำท่วม},Bangkok Flood Report,"8.ซอยสมเด็จพระเจ้าตากสิน 28 | รายละเอียด: - เป็นซอยเอกชนพื้นที่ต่ำ ระบบท่อระบายน้ำมีขนาดเล็ก
 - หากเกิดฝนตกหนักมีน้ำรอระบายสูงสุด 10-15 เซนติเมตร ใช้เวลาไม่เกิน 20 นาที",,,"13.70714,100.4833",8.ซอยสมเด็จพระเจ้าตากสิน 28,,ธนบุรี,กรุงเทพมหานคร,2025-11-23T22:42:47.327897,แก้ไขแล้วเสร็จ,0,0,2025-11-23T22:42:47.328010
EXT-01807,{น้ำท่วม},Bangkok Flood Report,"80.หมู่บ้านชัชฎาวิลล่า | รายละเอียด: เป็นพื้นที่ต่ำ พื้นที่น้ำท่วมขังสูงสุด เต็มพื้นที่ยาวประมาณ 2,000 เมตร ระดับความลึกน้ำ ประมาณ 30 - 50 เซนติเมตร แนวทางแก้ไข ติดตั้งเครื่องสูบน้ำเครื่องยนต์ดีเซล ขนาด 8 นิ้ว จำนวน 2 เครื่อง สูบลงคลองบางไผ่ และติดตั้งเครื่องสูบน้ำเครื่องยนต์ดีเซล ขนาด 8 นิ้ว จำนวน 1 เครื่อง ลงท่อระบายน้ำ ถนนพุทธมณฑลสาย 3",,,"13.74319,100.3688",80.หมู่บ้านชัชฎาวิลล่า,,บางแค,กรุงเทพมหานคร,2025-11-23T22:42:47.327897,แก้ไขแล้วเสร็จ,0,0,2025-11-23T22:42:47.328010
EXT-01808,{น้ำท่วม},Bangkok Flood Report,"81.หมู่บ้านเศรษฐกิจ | รายละเอียด: เป็นพื้นที่ต่ำ พื้นที่น้ำท่วมขังสูงสุดเต็มพื้นที่ยาวประมาณ 2,000 เมตร ระดับความลึกน้ำ ประมาณ 20 - 30 เซนติเมตร แนวทางแก้ไข บริเวณซอยเศรษฐกิจ 27 สนน. ติดตั้งเครื่องสูบน้ำไฟฟ้า ขนาด 12 นิ้ว จำนวน 1 เครื่อง (สนน. ดูแลรับผิดชอบ) - บริเวณซอยเศรษฐกิจ 26 สนน. ติดตั้งเครื่องสูบน้ำไฟฟ้า ขนาด 12 นิ้ว จำนวน 1 เครื่อง (สนน. ดูแลรับผิดชอบ) - บริเวณซอยเศรษฐกิจ 22-15 สนน. ติดตั้งเครื่องสูบน้ำไฟฟ้า ขนาด 12 นิ้ว จำนวน 1 เครื่อง - บริเวณซอยเศรษฐกิจ 31-10-3 สนน. ติดตั้งเครื่องสูบน้ำไฟฟ้า ขนาด 12 นิ้ว จำนวน 1 เครื่อง - บริเวณซอยเศรษฐกิจ 48 สนน. ติดตั้งเครื่องสูบน้ำไฟฟ้า ขนาด 12 นิ้ว จำนวน 1 เครื่อง (สนน. ดูแลรับผิดชอบ) ปรับปรุงระดับผิวจราจรประมาณ 30 – 50 ซม. และขยายขนาดท่อระบายน้ำ",,,"13.71873,100.379",81.หมู่บ้านเศรษฐกิจ,,บางแค,กรุงเทพมหานคร,2025-11-23T22:42:47.327897,แก้ไขแล้วเสร็จ,0,0,2025-11-23T22:42:47.328010
EXT-01809,{น้ำท่วม},Bangkok Flood Report,"82.ซอย หมู่บ้านสุขสันต์ 6 | รายละเอียด: เป็นพื้นที่ต่ำ พื้นที่น้ำท่วมขังสูงสุดเต็มพื้นที่ยาวประมาณ 1,000 เมตร ระดับความลึกน้ำ ประมาณ 30 เซนติเมตร แนวทางแก้ไข ติดตั้งเครื่องสูบน้ำเครื่องยนต์ดีเซล ขนาด 8 นิ้ว จำนวน 1 เครื่อง สูบน้ำลงท่อระบายน้ำถนนกาญจนาภิเษก โดยพร่องน้ำในท่อระบายน้ำก่อนฝนตก สถานะ ได้รับงบประมาณในการปรับปรุงปี 2565 อยู่ระหว่างดำเนินการปรับปรุง",,,"13.69747,100.4031",82.ซอย หมู่บ้านสุขสันต์ 6,,บางแค,กรุงเทพมหานคร,2025-11-23T22:42:47.327897,พื้นที่เอกชนหรือหน่วยงานราชการ,0,0,2025-11-23T22:42:47.328010
EXT-01810,{น้ำท่วม},Bangkok Flood Report,"83.ซอยหมู่บ้านสุขสันต์ 7 | รายละเอียด: เป็นพื้นที่ต่ำ พื้นที่น้ำท่วมขังสูงสุดเต็มพื้นที่ยาวประมาณ 1,000 เมตร ระดับความลึกน้ำ ประมาณ 30 เซนติเมตร แนวทางแก้ไข - ติดตั้งเครื่องสูบน้ำเครื่องยนต์ดีเซล ขนาด 8 นิ้ว จำนวน 1 เครื่องสูบน้ำลงถนนกาญจนาภิเษก - ขอจัดสรรงบประมาณ ยกระดับผิวจราจร 30 – 50 ซม. และขยายขนาดท่อระบายน้ำ จำนวนเงินประมาณ 33 ล้านบาท",,,"13.68495,100.4034",83.ซอยหมู่บ้านสุขสันต์ 7,,บางแค,กรุงเทพมหานคร,2025-11-23T22:42:47.327897,พื้นที่เอกชนหรือหน่วยงานราชการ,0,0,2025-11-23T22:42:47.328010
EXT-01811,{น้ำท่วม},Bangkok Flood Report,84.หน้าโรงพยาบาลราชพิพัฒน์ | รายละเอียด: พื้นที่น้ำท่วมขังสูงสุดเต็มพื้นที่ยาวประมาณ 300 เมตร ระดับความลึกน้ำ ประมาณ 10 เซนติเมตร แนวทางแก้ไข ติดตั้งเครื่องสูบน้ำเครื่องยนต์ดีเซล ขนาด 8 นิ้ว จำนวน 1 เครื่อง สูบน้ำลงคลองทวีวัฒนา,,,"13.73092,100.3668",84.หน้าโรงพยาบาลราชพิพัฒน์,,บางแค,กรุงเทพมหานคร,2025-11-23T22:42:47.327897,แก้ไขแล้วเสร็จ,0,0,2025-11-23T22:42:47.328010
EXT-01812,{น้ำท่วม},Bangkok Flood Report,85.หน้าเดอะมอลล์บางแค | รายละเอียด: พื้นที่น้ำท่วมขังสูงสุดเต็มพื้นที่ยาวประมาณ 500 เมตร ระดับความลึกน้ำ ประมาณ 20 เซนติเมตร แนวทางแก้ไข - สำนักการระบายน้ำติดตั้งเครื่องสูบน้ำไฟฟ้า ขนาด 12 นิ้ว สูบน้ำลงลำกระโดงข้างเดอะมอลล์บางแค,,,"13.71086,100.4079",85.หน้าเดอะมอลล์บางแค,,บางแค,กรุงเทพมหานคร,2025-11-23T22:42:47.327897,แก้ไขแล้วเสร็จ,0,0,2025-11-23T22:42:47.328010
EXT-01813,{น้ำท่วม},Bangkok Flood Report,"86.หมู่บ้านชัยมงคล | รายละเอียด: เป็นพื้นที่ต่ำ พื้นที่น้ำท่วมขังสูงสุดเต็มพื้นที่ยาวประมาณ 1,000 เมตร ระดับความลึกน้ำ ประมาณ 30 เซนติเมตร แนวทางแก้ไข ติดตั้งเครื่องสูบน้ำเครื่องยนต์ดีเซล ขนาด 8 นิ้ว จำนวน 1 เครื่อง และเครื่องยนต์ดีเซลขนาด 10 นิ้ว จำนวน 1 เครื่อง สูบน้ำ ลงคลองหนองใหญ่ - ติดต่อเจรจาเจ้าของที่ดินในส่วนที่เป็นทางออกสู่สาธารณะให้ยกเป็นสาธารณะ",,,"13.68939,100.4087",86.หมู่บ้านชัยมงคล,,บางแค,กรุงเทพมหานคร,2025-11-23T22:42:47.327897,แก้ไขแล้วเสร็จ,0,0,2025-11-23T22:42:47.328010
EXT-01814,{น้ำท่วม},Bangkok Flood Report,87.ถนนเพชรเกษมตรงข้ามตลาดบางแค | รายละเอียด: พื้นที่น้ำท่วมขังสูงสุดเต็มพื้นที่ยาวประมาณ 500 เมตร ระดับความลึกน้ำ ประมาณ 20 เซนติเมตร แนวทางแก้ไข สำนักการระบายน้ำติดตั้งเครื่องสูบน้ำไฟฟ้า ขนาด 12 นิ้ว จำนวน 1 เครื่อง สูบน้ำลงท่อระบายน้ำลงคลองราชมนตรี,,,"13.71218,100.4242",87.ถนนเพชรเกษมตรงข้ามตลาดบางแค,,บางแค,กรุงเทพมหานคร,2025-11-23T22:42:47.327897,แก้ไขแล้วเสร็จ,0,0,2025-11-23T22:42:47.328010
EXT-01815,{น้ำท่วม},Bangkok Flood Report,88.ซอย อินทาปัจ 13 | รายละเอียด: พื้นที่น้ำท่วมขังสูงสุด เต็มพื้นที่ประมาณ 500 เมตร เมื่อมีฝนตกตั้งแต่ 60 มม. ขึ้นไป จะเกิดปัญหาน้ำท่วมขังประมาณ 20 ซม. แนวทางแก้ไข ยกระดับผิวจราจรขึ้นประมาณ 30 – 50 ซ.ม.,,,"13.6952,100.3868",88.ซอย อินทาปัจ 13,,บางแค,กรุงเทพมหานคร,2025-11-23T22:42:47.327897,แก้ไขแล้วเสร็จ,0,0,2025-11-23T22:42:47.328010
EXT-01816,{น้ำท่วม},Bangkok Flood Report,89.ถนนบางแคช่วงหน้าคอนโดลุมพินี | รายละเอียด: พื้นที่น้ำท่วมขังสูงสุด เต็มพื้นที่ประมาณ 300 เมตร เมื่อมีฝนตกตั้งแต่ 60 มม. ขึ้นไป จะเกิดปัญหาน้ำท่วมขังประมาณ 20 ซม. แนวทางแก้ไข ยกระดับผิวจราจรขึ้นประมาณ 30 ซ.ม.,,,"13.7075,100.4211",89.ถนนบางแคช่วงหน้าคอนโดลุมพินี,,บางแค,กรุงเทพมหานคร,2025-11-23T22:42:47.327897,อยู่ระหว่างดำเนินการแก้ไข,0,0,2025-11-23T22:42:47.328010
EXT-01817,{น้ำท่วม},Bangkok Flood Report,9.ท่าทรายสุขสวัสดิ์ | รายละเอียด: ท่าทรายสุขสวัสดิ์ อยู่ริมคลองพระโขนง เมื่อถึงฤดูน้ำหลากและน้ำทะเลหนุนน้ำจะรั่วซึมเข้าตามแผงเขื่อนที่ชำรุด จึงเป็นเหตุให้เกิดปัญหาน้ำท่วม,,,"13.7055,100.5883",9.ท่าทรายสุขสวัสดิ์,,คลองเตย,กรุงเทพมหานคร,2025-11-23T22:42:47.327897,อยู่ระหว่างดำเนินการแก้ไข,0,0,2025-11-23T22:42:47.328010
EXT-01818,{น้ำท่วม},Bangkok Flood Report,90.ถนนบางแคช่างซอยนาคเพชรภูถึง แยกบางพฤกษ์ | รายละเอียด: พื้นที่น้ำท่วมขังสูงสุด เต็มพื้นที่ประมาณ 300 เมตร เมื่อมีฝนตกตั้งแต่ 60 มม. ขึ้นไป จะเกิดปัญหาน้ำท่วมขังประมาณ 20 – 30 ซม. แนวทางแก้ไข ยกระดับผิวจราจรขึ้นประมาณ 30 – 50 ซ.ม.,,,"13.68831,100.4252",90.ถนนบางแคช่างซอยนาคเพชรภูถึง แยกบางพฤกษ์,,บางแค,กรุงเทพมหานคร,2025-11-23T22:42:47.327897,อยู่ระหว่างดำเนินการแก้ไข,0,0,2025-11-23T22:42:47.328010
EXT-01819,{น้ำท่วม},Bangkok Flood Report,"91.หมู่บ้านโชคสำอางค์ | รายละเอียด: เป็นพื้นที่เอกชน น้ำท่วมขังเต็มพื้นที่ ยาวประมาณ 1,000 เมตร เมื่อมีฝนตกตั้งแต่ 60 มม. ขึ้นไป จะเกิดปัญหาน้ำท่วมขังประมาณ 30 ซม. แนวทางแก้ไข ติดตั้งเครื่องสูบน้ำเครื่องยนต์ดีเซล ขนาด 8 นิ้ว ลงท่อระบายน้ำถนนบางแวก ลงคลองทวีวัฒนา",,,"13.74652,100.3597",91.หมู่บ้านโชคสำอางค์,,บางแค,กรุงเทพมหานคร,2025-11-23T22:42:47.327897,พื้นที่เอกชนหรือหน่วยงานราชการ,0,0,2025-11-23T22:42:47.328010
EXT-01820,{น้ำท่วม},Bangkok Flood Report,92.หมู่บ้านเศรษฐีวิลล์ | รายละเอียด: เป็นพื้นที่ต่ำ น้ำท่วมขังสูงสุดเต็มพื้นที่ ยาวประมาณ 800 เมตร เมื่อมีฝนตกตั้งแต่ 60 มม. ขึ้นไป จะเกิดปัญหาน้ำท่วมขังประมาณ 30 ซม. แนวทางแก้ไข ติดตั้งเครื่องสูบน้ำเครื่องยนต์ดีเซล ขนาด 8 นิ้ว สูบลงคลอง บางอ้าย - ติดต่อเจ้าของที่ดินเจรจาให้ยกเป็นทางสาธารณะเพื่อ จะได้ของบประมาณปรับปรุงต่อไป,,,"13.69224,100.4095",92.หมู่บ้านเศรษฐีวิลล์,,บางแค,กรุงเทพมหานคร,2025-11-23T22:42:47.327897,พื้นที่เอกชนหรือหน่วยงานราชการ,0,0,2025-11-23T22:42:47.328010
EXT-01821,{น้ำท่วม},Bangkok Flood Report,93.หมู่บ้านขุมทองเพชรเกษม | รายละเอียด: เป็นพื้นที่ต่ำ น้ำท่วมขังสูงสุดเต็มพื้นที่ ยาวประมาณ 800 เมตร เมื่อมีฝนตกตั้งแต่ 60 มม. ขึ้นไป จะเกิดปัญหาน้ำท่วมขังประมาณ 30 ซม. แนวทางแก้ไข ติดตั้งเครื่องสูบน้ำเครื่องยนต์ดีเซล ขนาด 8 นิ้ว สูบลงคลอง บางอ้าย - ติดต่อเจ้าของที่ดินเจรจาให้ยกเป็นทางสาธารณะเพื่อ จะได้ของบประมาณปรับปรุงต่อไป,,,"13.69289,100.4114",93.หมู่บ้านขุมทองเพชรเกษม,,บางแค,กรุงเทพมหานคร,2025-11-23T22:42:47.327897,พื้นที่เอกชนหรือหน่วยงานราชการ,0,0,2025-11-23T22:42:47.328010
EXT-01822,{น้ำท่วม},Bangkok Flood Report,"94.หมู่บ้านเพิ่มทรัพย์ | รายละเอียด: เป็นพื้นที่ต่ำ พื้นที่น้ำท่วมขังสูงสุดเต็มพื้นที่ยาวประมาณ 1,000 เมตร ระดับความลึกน้ำ ประมาณ 30 - 40 เซนติเมตร แนวทางแก้ไข ติดตั้งเครื่องสูบน้ำไฟฟ้า ขนาด 10 นิ้ว จำนวน 1 เครื่อง และเครื่องสูบน้ำเครื่องยนต์ดีเซล ขนาด 8 นิ้ว จำนวน 1 เครื่อง สูบน้ำ ลงท่อระบายน้ำถนนกัลปพฤกษ์ - ติดต่อเจรจาเจ้าของที่ดินในส่วนที่เป็นทางออกสู่ทางสาธารณะให้ยกให้เป็นสาธารณะ เพื่อจะได้ของบประมาณปรับปรุงต่อไป",,,"13.68694,100.4231",94.หมู่บ้านเพิ่มทรัพย์,,บางแค,กรุงเทพมหานคร,2025-11-23T22:42:47.327897,แก้ไขแล้วเสร็จ,0,0,2025-11-23T22:42:47.328010
EXT-01823,{น้ำท่วม},Bangkok Flood Report,95.ซอยกาญจนาภิเษก 003 ช่วงสามแยก ร่วมไทรถึงคลองหนองใหญ่ | รายละเอียด: พื้นที่น้ำท่วมขังสูงสุด เต็มพื้นที่ประมาณ 400 เมตร เมื่อมีฝนตกตั้งแต่ 60 มม. ขึ้นไป จะเกิดปัญหาน้ำท่วมขังประมาณ 20 – 30 ซม. แนวทางแก้ไข ยกระดับผิวจราจรขึ้นประมาณ 30 – 50 ซ.ม.,,,"13.67696,100.3991",95.ซอยกาญจนาภิเษก 003 ช่วงสามแยก ร่วมไทรถึงคลองหนองใหญ่,,บางแค,กรุงเทพมหานคร,2025-11-23T22:42:47.327897,อยู่ระหว่างดำเนินการแก้ไข,0,0,2025-11-23T22:42:47.328010
EXT-01824,{น้ำท่วม},Bangkok Flood Report,96.ซอยประชาอุทิศ 33 แยก 16 (จากบ้านเลขที่ 15/1 ถึงบ้านเลขที่ 35) | รายละเอียด: 1. ผิวจราจรมีระดับต่ำ 2. ท่อระบายน้ำเดิมมีขนาดเล็ก (60 - 80 ซม.) 3. สภาพถนนบางช่วงมีการทรุดตัวเป็นแอ่ง,,,"13.65284,100.5085",96.ซอยประชาอุทิศ 33 แยก 16 (จากบ้านเลขที่ 15/1 ถึงบ้านเลขที่ 35),,ทุ่งครุ,กรุงเทพมหานคร,2025-11-23T22:42:47.327897,อยู่ระหว่างดำเนินการแก้ไข,0,0,2025-11-23T22:42:47.328010
EXT-01825,{น้ำท่วม},Bangkok Flood Report,97.ซอย ประชาอุทิศ 33 แยก 25 | รายละเอียด: 1. ผิวจราจรมีระดับต่ำ 2. ท่อระบายน้ำเดิมมีขนาดเล็ก (30- 60 ซม.) 3. สภาพถนนบางช่วงมีการทรุดตัวเป็นแอ่ง,,,"13.65497,100.5107",97.ซอย ประชาอุทิศ 33 แยก 25,,ทุ่งครุ,กรุงเทพมหานคร,2025-11-23T22:42:47.327897,อยู่ระหว่างดำเนินการแก้ไข,0,0,2025-11-23T22:42:47.328010
EXT-01826,{น้ำท่วม},Bangkok Flood Report,98.ซอยประชาอุทิศ 54 แยก 13 | รายละเอียด: 1. ผิวจราจรมีระดับต่ำ 2. ไม่มีท่อระบายน้ำ 3. สภาพถนนบางช่วงมีการทรุดตัวเป็นแอ่ง,,,"13.63787,100.4929",98.ซอยประชาอุทิศ 54 แยก 13,,ทุ่งครุ,กรุงเทพมหานคร,2025-11-23T22:42:47.327897,อยู่ระหว่างดำเนินการแก้ไข,0,0,2025-11-23T22:42:47.328010
EXT-01827,{น้ำท่วม},Bangkok Flood Report,99.ซอยประชาอุทิศ 54 แยก 17 | รายละเอียด: 1. ผิวจราจรมีระดับต่ำ 2. ไม่มีท่อระบายน้ำ 3. สภาพถนนบางช่วงมีการทรุดตัวเป็นแอ่ง,,,"13.63621,100.4932",99.ซอยประชาอุทิศ 54 แยก 17,,ทุ่งครุ,กรุงเทพมหานคร,2025-11-23T22:42:47.327897,อยู่ระหว่างดำเนินการแก้ไข,0,0,2025-11-23T22:42:47.328010
