ticket_id,type,organization,comment,photo,photo_after,coords,address,subdistrict,district,province,timestamp,state,star,count_reopen,last_activity
EXT-01828,พื้นที่เสี่ยงภัยดินถล่ม,กรมทรัพยากรธรณี,วัดท่าสว่าง | รายละเอียด: วัด,,,"14.558173350030453,104.81225549400808",วัดท่าสว่าง,โนนสำราญ,กันทรลักษ์,อุบลราชธานี,2025-11-19T16:21:56.456535,,0,0,2025-11-19T16:21:56.456535
EXT-01829,พื้นที่เสี่ยงภัยดินถล่ม,กรมทรัพยากรธรณี,วัดสง่าวราราม | รายละเอียด: วัด,,,"14.513733885379454,104.86029760630835",วัดสง่าวราราม,โคกสะอาด,น้ำขุ่น,อุบลราชธานี,2025-11-19T16:21:56.456535,,0,0,2025-11-19T16:21:56.456535
EXT-01830,พื้นที่เสี่ยงภัยดินถล่ม,กรมทรัพยากรธรณี,วัดบ้านโนนสมบูรณ์ | รายละเอียด: วัด,,,"14.569428303038896,104.81429015013579",วัดบ้านโนนสมบูรณ์,ขนุน,กันทรลักษ์,อุบลราชธานี,2025-11-19T16:21:56.456535,,0,0,2025-11-19T16:21:56.456535
EXT-01831,พื้นที่เสี่ยงภัยดินถล่ม,กรมทรัพยากรธรณี,วัดบ้านหนองดุม | รายละเอียด: วัด,,,"14.561976139761502,104.83119892577739",วัดบ้านหนองดุม,ไพบูลย์,น้ำขุ่น,อุบลราชธานี,2025-11-19T16:21:56.456535,,0,0,2025-11-19T16:21:56.456535
EXT-01832,พื้นที่เสี่ยงภัยดินถล่ม,กรมทรัพยากรธรณี,วัดคงคาราม | รายละเอียด: วัด,,,"14.532686633197024,104.8206324249243",วัดคงคาราม,โนนสำราญ,กันทรลักษ์,อุบลราชธานี,2025-11-19T16:21:56.456535,,0,0,2025-11-19T16:21:56.456535
EXT-01833,พื้นที่เสี่ยงภัยดินถล่ม,กรมทรัพยากรธรณี,วัดราษฎร์สามัคคี | รายละเอียด: วัด,,,"14.52149809951874,104.83115351887605",วัดราษฎร์สามัคคี,โนนสำราญ,กันทรลักษ์,อุบลราชธานี,2025-11-19T16:21:56.456535,,0,0,2025-11-19T16:21:56.456535
EXT-01834,พื้นที่เสี่ยงภัยดินถล่ม,กรมทรัพยากรธรณี,วัดป่าวารีวนาราม | รายละเอียด: วัด,,,"14.535850295210427,104.86153171584641",วัดป่าวารีวนาราม,โคกสะอาด,น้ำขุ่น,อุบลราชธานี,2025-11-19T16:21:56.456535,,0,0,2025-11-19T16:21:56.456535
EXT-01835,พื้นที่เสี่ยงภัยดินถล่ม,กรมทรัพยากรธรณี,สถานีอนามัยบ้านโคกสะอาด | รายละเอียด: สถานีอนามัย,,,"14.512544125574632,104.86068517344178",สถานีอนามัยบ้านโคกสะอาด,โคกสะอาด,น้ำขุ่น,อุบลราชธานี,2025-11-19T16:21:56.456535,,0,0,2025-11-19T16:21:56.456535
EXT-01836,พื้นที่เสี่ยงภัยดินถล่ม,กรมทรัพยากรธรณี,สถานีอนามัยบ้านด่าน | รายละเอียด: สถานีอนามัย,,,"14.472815920687312,104.84156920193354",สถานีอนามัยบ้านด่าน,ภูผาหมอก,กันทรลักษ์,อุบลราชธานี,2025-11-19T16:21:56.456535,,0,0,2025-11-19T16:21:56.456535
EXT-01837,พื้นที่เสี่ยงภัยดินถล่ม,กรมทรัพยากรธรณี,วัดป่าก่ออรัญญวาสเจริญธรรม | รายละเอียด: วัด,,,"14.45343203764097,104.81028873306715",วัดป่าก่ออรัญญวาสเจริญธรรม,ภูผาหมอก,กันทรลักษ์,อุบลราชธานี,2025-11-19T16:21:56.456535,,0,0,2025-11-19T16:21:56.456535
EXT-01838,พื้นที่เสี่ยงภัยดินถล่ม,กรมทรัพยากรธรณี,วัดป่าสันติภาพภูแหลม | รายละเอียด: วัด,,,"14.447397795350296,104.82507752808877",วัดป่าสันติภาพภูแหลม,ภูผาหมอก,กันทรลักษ์,อุบลราชธานี,2025-11-19T16:21:56.456535,,0,0,2025-11-19T16:21:56.456535
EXT-01839,พื้นที่เสี่ยงภัยดินถล่ม,กรมทรัพยากรธรณี,วัดบ้านด่าน | รายละเอียด: วัด,,,"14.471186515670125,104.84325937376246",วัดบ้านด่าน,ภูผาหมอก,กันทรลักษ์,อุบลราชธานี,2025-11-19T16:21:56.456535,,0,0,2025-11-19T16:21:56.456535
EXT-01840,พื้นที่เสี่ยงภัยดินถล่ม,กรมทรัพยากรธรณี,วัดด่านใหม่(เหนือ) | รายละเอียด: วัด,,,"14.4731901798882,104.84017847685543",วัดด่านใหม่(เหนือ),ภูผาหมอก,กันทรลักษ์,อุบลราชธานี,2025-11-19T16:21:56.456535,,0,0,2025-11-19T16:21:56.456535
EXT-01841,พื้นที่เสี่ยงภัยดินถล่ม,กรมทรัพยากรธรณี,โรงเรียนบ้านท่าสว่าง | รายละเอียด: โรงเรียน,,,"14.562035972288038,104.8146467429851",โรงเรียนบ้านท่าสว่าง,ขนุน,กันทรลักษ์,อุบลราชธานี,2025-11-19T16:21:56.456535,,0,0,2025-11-19T16:21:56.456535
EXT-01842,พื้นที่เสี่ยงภัยดินถล่ม,กรมทรัพยากรธรณี,โรงเรียนบ้านหนองดุม | รายละเอียด: โรงเรียน,,,"14.560717468268878,104.83312855771148",โรงเรียนบ้านหนองดุม,ไพบูลย์,น้ำขุ่น,อุบลราชธานี,2025-11-19T16:21:56.456535,,0,0,2025-11-19T16:21:56.456535
EXT-01843,พื้นที่เสี่ยงภัยดินถล่ม,กรมทรัพยากรธรณี,ไม่มีข้อมูล | รายละเอียด: ไม่มีข้อมูล,,,"14.51206443348136,104.86135680115234",ไม่มีข้อมูล,โคกสะอาด,น้ำขุ่น,อุบลราชธานี,2025-11-19T16:21:56.456535,,0,0,2025-11-19T16:21:56.456535
EXT-01844,พื้นที่เสี่ยงภัยดินถล่ม,กรมทรัพยากรธรณี,โรงเรียนบ้านห้วยยาง | รายละเอียด: โรงเรียน,,,"14.53769691566665,104.8595989322046",โรงเรียนบ้านห้วยยาง,โคกสะอาด,น้ำขุ่น,อุบลราชธานี,2025-11-19T16:21:56.456535,,0,0,2025-11-19T16:21:56.456535
EXT-01845,พื้นที่เสี่ยงภัยดินถล่ม,กรมทรัพยากรธรณี,โรงเรียนตำรวจตระเวนชายแดนบ้านตาเอ็ม | รายละเอียด: โรงเรียน,,,"14.541452460523812,104.86916422376088",โรงเรียนตำรวจตระเวนชายแดนบ้านตาเอ็ม,ตาเกา,น้ำขุ่น,อุบลราชธานี,2025-11-19T16:21:56.456535,,0,0,2025-11-19T16:21:56.456535
EXT-01846,พื้นที่เสี่ยงภัยดินถล่ม,กรมทรัพยากรธรณี,โรงเรียนบ้านโนนสมบูรณ์ | รายละเอียด: โรงเรียน,,,"14.573643563830707,104.81238106264497",โรงเรียนบ้านโนนสมบูรณ์,ขนุน,กันทรลักษ์,อุบลราชธานี,2025-11-19T16:21:56.456535,,0,0,2025-11-19T16:21:56.456535
EXT-01847,พื้นที่เสี่ยงภัยดินถล่ม,กรมทรัพยากรธรณี,โรงเรียนบ้านจันทร์หอม- ตาเสก | รายละเอียด: โรงเรียน,,,"14.526011897925823,104.82579579321295",โรงเรียนบ้านจันทร์หอม- ตาเสก,โนนสำราญ,กันทรลักษ์,อุบลราชธานี,2025-11-19T16:21:56.456535,,0,0,2025-11-19T16:21:56.456535
EXT-01848,พื้นที่เสี่ยงภัยดินถล่ม,กรมทรัพยากรธรณี,โรงเรียนบ้านด่าน | รายละเอียด: โรงเรียน,,,"14.473456900455497,104.84294819440827",โรงเรียนบ้านด่าน,ภูผาหมอก,กันทรลักษ์,อุบลราชธานี,2025-11-19T16:21:56.456535,,0,0,2025-11-19T16:21:56.456535
EXT-01849,พื้นที่เสี่ยงภัยดินถล่ม,กรมทรัพยากรธรณี,วัดบ้านน้ำขุ่น | รายละเอียด: วัด,,,"14.564772884098609,104.91685934714633",วัดบ้านน้ำขุ่น,ตาเกา,น้ำขุ่น,อุบลราชธานี,2025-11-19T16:21:56.456535,,0,0,2025-11-19T16:21:56.456535
EXT-01850,พื้นที่เสี่ยงภัยดินถล่ม,กรมทรัพยากรธรณี,วัดป่าหัวน้ำ | รายละเอียด: วัด,,,"14.506357400085857,104.91662015429446",วัดป่าหัวน้ำ,โซง,น้ำยืน,อุบลราชธานี,2025-11-19T16:21:56.456535,,0,0,2025-11-19T16:21:56.456535
EXT-01851,พื้นที่เสี่ยงภัยดินถล่ม,กรมทรัพยากรธรณี,วัดบ้านตาเกา | รายละเอียด: วัด,,,"14.53003309545676,104.89092219757974",วัดบ้านตาเกา,ตาเกา,น้ำขุ่น,อุบลราชธานี,2025-11-19T16:21:56.456535,,0,0,2025-11-19T16:21:56.456535
EXT-01852,พื้นที่เสี่ยงภัยดินถล่ม,กรมทรัพยากรธรณี,วัดศรีไพบูลย์สว่างวราราม | รายละเอียด: วัด,,,"14.54115710826217,104.87240900477778",วัดศรีไพบูลย์สว่างวราราม,ตาเกา,น้ำขุ่น,อุบลราชธานี,2025-11-19T16:21:56.456535,,0,0,2025-11-19T16:21:56.456535
EXT-01853,พื้นที่เสี่ยงภัยดินถล่ม,กรมทรัพยากรธรณี,วัดอารีย์วรรณาราม | รายละเอียด: วัด,,,"14.518587764276674,104.88668014321361",วัดอารีย์วรรณาราม,โคกสะอาด,น้ำขุ่น,อุบลราชธานี,2025-11-19T16:21:56.456535,,0,0,2025-11-19T16:21:56.456535
EXT-01854,พื้นที่เสี่ยงภัยดินถล่ม,กรมทรัพยากรธรณี,วัดใหม่โนนสง่า | รายละเอียด: วัด,,,"14.514777108810586,104.87047268612174",วัดใหม่โนนสง่า,โคกสะอาด,น้ำขุ่น,อุบลราชธานี,2025-11-19T16:21:56.456535,,0,0,2025-11-19T16:21:56.456535
EXT-01855,พื้นที่เสี่ยงภัยดินถล่ม,กรมทรัพยากรธรณี,วัดแสนถาวร | รายละเอียด: วัด,,,"14.565895106338727,104.8724540001718",วัดแสนถาวร,ไพบูลย์,น้ำขุ่น,อุบลราชธานี,2025-11-19T16:21:56.456535,,0,0,2025-11-19T16:21:56.456535
EXT-01856,พื้นที่เสี่ยงภัยดินถล่ม,กรมทรัพยากรธรณี,สถานีอนามัยน้ำขุ่น | รายละเอียด: สถานีอนามัย,,,"14.564745458405755,104.91563964262072",สถานีอนามัยน้ำขุ่น,ตาเกา,น้ำขุ่น,อุบลราชธานี,2025-11-19T16:21:56.456535,,0,0,2025-11-19T16:21:56.456535
EXT-01857,พื้นที่เสี่ยงภัยดินถล่ม,กรมทรัพยากรธรณี,สถานีอนามัยโนนยาง | รายละเอียด: สถานีอนามัย,,,"14.471240729868109,104.88691102299799",สถานีอนามัยโนนยาง,โคกสะอาด,น้ำขุ่น,อุบลราชธานี,2025-11-19T16:21:56.456535,,0,0,2025-11-19T16:21:56.456535
EXT-01858,พื้นที่เสี่ยงภัยดินถล่ม,กรมทรัพยากรธรณี,วัดโนนยาง | รายละเอียด: วัด,,,"14.4702745493388,104.89046322370359",วัดโนนยาง,โคกสะอาด,น้ำขุ่น,อุบลราชธานี,2025-11-19T16:21:56.456535,,0,0,2025-11-19T16:21:56.456535
EXT-01859,พื้นที่เสี่ยงภัยดินถล่ม,กรมทรัพยากรธรณี,สำนักสงฆ์โนนแสงเพชร | รายละเอียด: วัด,,,"14.475908216314064,104.86951780871998",สำนักสงฆ์โนนแสงเพชร,โคกสะอาด,น้ำขุ่น,อุบลราชธานี,2025-11-19T16:21:56.456535,,0,0,2025-11-19T16:21:56.456535
EXT-01860,พื้นที่เสี่ยงภัยดินถล่ม,กรมทรัพยากรธรณี,โรงเรียนบ้านแสนถาวร | รายละเอียด: โรงเรียน,,,"14.564629938401222,104.87218512592172",โรงเรียนบ้านแสนถาวร,ไพบูลย์,น้ำขุ่น,อุบลราชธานี,2025-11-19T16:21:56.456535,,0,0,2025-11-19T16:21:56.456535
EXT-01861,พื้นที่เสี่ยงภัยดินถล่ม,กรมทรัพยากรธรณี,โรงเรียนบ้านตาเกา | รายละเอียด: โรงเรียน,,,"14.525964445009627,104.88920425027182",โรงเรียนบ้านตาเกา,ตาเกา,น้ำขุ่น,อุบลราชธานี,2025-11-19T16:21:56.456535,,0,0,2025-11-19T16:21:56.456535
EXT-01862,พื้นที่เสี่ยงภัยดินถล่ม,กรมทรัพยากรธรณี,โรงเรียนบ้านน้ำขุ่น | รายละเอียด: โรงเรียน,,,"14.562656953053093,104.9174020388647",โรงเรียนบ้านน้ำขุ่น,ตาเกา,น้ำขุ่น,อุบลราชธานี,2025-11-19T16:21:56.456535,,0,0,2025-11-19T16:21:56.456535
EXT-01863,พื้นที่เสี่ยงภัยดินถล่ม,กรมทรัพยากรธรณี,โรงเรียนบ้านโนนยาง | รายละเอียด: โรงเรียน,,,"14.471292691522173,104.88456314037755",โรงเรียนบ้านโนนยาง,โคกสะอาด,น้ำขุ่น,อุบลราชธานี,2025-11-19T16:21:56.456535,,0,0,2025-11-19T16:21:56.456535
EXT-01864,พื้นที่เสี่ยงภัยดินถล่ม,กรมทรัพยากรธรณี,วัดบ้านตาโม | รายละเอียด: วัด,,,"14.518463361521292,104.94590365632321",วัดบ้านตาโม,โซง,น้ำยืน,อุบลราชธานี,2025-11-19T16:21:56.456535,,0,0,2025-11-19T16:21:56.456535
EXT-01865,พื้นที่เสี่ยงภัยดินถล่ม,กรมทรัพยากรธรณี,วัดซำสะกวยน้อย | รายละเอียด: วัด,,,"14.552914704110798,104.94150322618873",วัดซำสะกวยน้อย,ตาเกา,น้ำขุ่น,อุบลราชธานี,2025-11-19T16:21:56.456535,,0,0,2025-11-19T16:21:56.456535
EXT-01866,พื้นที่เสี่ยงภัยดินถล่ม,กรมทรัพยากรธรณี,วัดสามัคคีธรรม | รายละเอียด: วัด,,,"14.55914409750562,104.971404970292",วัดสามัคคีธรรม,โซง,น้ำยืน,อุบลราชธานี,2025-11-19T16:21:56.456535,,0,0,2025-11-19T16:21:56.456535
EXT-01867,พื้นที่เสี่ยงภัยดินถล่ม,กรมทรัพยากรธรณี,วัดป่าบ้านตาโมสันติธรรม | รายละเอียด: วัด,,,"14.523781023008057,104.9453518528201",วัดป่าบ้านตาโมสันติธรรม,โซง,น้ำยืน,อุบลราชธานี,2025-11-19T16:21:56.456535,,0,0,2025-11-19T16:21:56.456535
EXT-01868,พื้นที่เสี่ยงภัยดินถล่ม,กรมทรัพยากรธรณี,สถานีอนามัยบ้านตาโม | รายละเอียด: สถานีอนามัย,,,"14.514570435401417,104.94109318434656",สถานีอนามัยบ้านตาโม,โซง,น้ำยืน,อุบลราชธานี,2025-11-19T16:21:56.456535,,0,0,2025-11-19T16:21:56.456535
EXT-01869,พื้นที่เสี่ยงภัยดินถล่ม,กรมทรัพยากรธรณี,วัดบ้านค้อ | รายละเอียด: วัด,,,"14.497500585131226,104.94557250843386",วัดบ้านค้อ,โซง,น้ำยืน,อุบลราชธานี,2025-11-19T16:21:56.456535,,0,0,2025-11-19T16:21:56.456535
EXT-01870,พื้นที่เสี่ยงภัยดินถล่ม,กรมทรัพยากรธรณี,วัดบ้านดวน | รายละเอียด: วัด,,,"14.482328690853464,104.96059072663692",วัดบ้านดวน,โซง,น้ำยืน,อุบลราชธานี,2025-11-19T16:21:56.456535,,0,0,2025-11-19T16:21:56.456535
EXT-01871,พื้นที่เสี่ยงภัยดินถล่ม,กรมทรัพยากรธรณี,โรงเรียนบ้านค้อ | รายละเอียด: โรงเรียน,,,"14.50037393450366,104.94802797838082",โรงเรียนบ้านค้อ,โซง,น้ำยืน,อุบลราชธานี,2025-11-19T16:21:56.456535,,0,0,2025-11-19T16:21:56.456535
EXT-01872,พื้นที่เสี่ยงภัยดินถล่ม,กรมทรัพยากรธรณี,โรงเรียนบ้านหนองเทา | รายละเอียด: โรงเรียน,,,"14.556913957801259,104.97245900823678",โรงเรียนบ้านหนองเทา,โซง,น้ำยืน,อุบลราชธานี,2025-11-19T16:21:56.456535,,0,0,2025-11-19T16:21:56.456535
EXT-01873,พื้นที่เสี่ยงภัยดินถล่ม,กรมทรัพยากรธรณี,โรงเรียนบ้านซำสะกวยน้อย | รายละเอียด: โรงเรียน,,,"14.552018261730222,104.94231217363348",โรงเรียนบ้านซำสะกวยน้อย,ตาเกา,น้ำขุ่น,อุบลราชธานี,2025-11-19T16:21:56.456535,,0,0,2025-11-19T16:21:56.456535
EXT-01874,พื้นที่เสี่ยงภัยดินถล่ม,กรมทรัพยากรธรณี,โรงเรียนบ้านตาโม | รายละเอียด: โรงเรียน,,,"14.524445525513528,104.93907619252025",โรงเรียนบ้านตาโม,โซง,น้ำยืน,อุบลราชธานี,2025-11-19T16:21:56.456535,,0,0,2025-11-19T16:21:56.456535
EXT-01875,พื้นที่เสี่ยงภัยดินถล่ม,กรมทรัพยากรธรณี,โรงเรียนบ้านดวน | รายละเอียด: โรงเรียน,,,"14.481317560189868,104.9616538189302",โรงเรียนบ้านดวน,โซง,น้ำยืน,อุบลราชธานี,2025-11-19T16:21:56.456535,,0,0,2025-11-19T16:21:56.456535
EXT-01876,พื้นที่เสี่ยงภัยดินถล่ม,กรมทรัพยากรธรณี,วัดบ้านน้ำขุ่น | รายละเอียด: วัด,,,"14.564772884098609,104.91685934714633",วัดบ้านน้ำขุ่น,ตาเกา,น้ำขุ่น,อุบลราชธานี,2025-11-19T16:21:56.456535,,0,0,2025-11-19T16:21:56.456535
EXT-01877,พื้นที่เสี่ยงภัยดินถล่ม,กรมทรัพยากรธรณี,วัดป่าหัวน้ำ | รายละเอียด: วัด,,,"14.506357400085857,104.91662015429446",วัดป่าหัวน้ำ,โซง,น้ำยืน,อุบลราชธานี,2025-11-19T16:21:56.456535,,0,0,2025-11-19T16:21:56.456535
EXT-01878,พื้นที่เสี่ยงภัยดินถล่ม,กรมทรัพยากรธรณี,วัดบ้านตาเกา | รายละเอียด: วัด,,,"14.53003309545676,104.89092219757974",วัดบ้านตาเกา,ตาเกา,น้ำขุ่น,อุบลราชธานี,2025-11-19T16:21:56.456535,,0,0,2025-11-19T16:21:56.456535
EXT-01879,พื้นที่เสี่ยงภัยดินถล่ม,กรมทรัพยากรธรณี,วัดศรีไพบูลย์สว่างวราราม | รายละเอียด: วัด,,,"14.54115710826217,104.87240900477778",วัดศรีไพบูลย์สว่างวราราม,ตาเกา,น้ำขุ่น,อุบลราชธานี,2025-11-19T16:21:56.456535,,0,0,2025-11-19T16:21:56.456535
EXT-01880,พื้นที่เสี่ยงภัยดินถล่ม,กรมทรัพยากรธรณี,วัดอารีย์วรรณาราม | รายละเอียด: วัด,,,"14.518587764276674,104.88668014321361",วัดอารีย์วรรณาราม,โคกสะอาด,น้ำขุ่น,อุบลราชธานี,2025-11-19T16:21:56.456535,,0,0,2025-11-19T16:21:56.456535
EXT-01881,พื้นที่เสี่ยงภัยดินถล่ม,กรมทรัพยากรธรณี,วัดใหม่โนนสง่า | รายละเอียด: วัด,,,"14.514777108810586,104.87047268612174",วัดใหม่โนนสง่า,โคกสะอาด,น้ำขุ่น,อุบลราชธานี,2025-11-19T16:21:56.456535,,0,0,2025-11-19T16:21:56.456535
EXT-01882,พื้นที่เสี่ยงภัยดินถล่ม,กรมทรัพยากรธรณี,วัดแสนถาวร | รายละเอียด: วัด,,,"14.565895106338727,104.8724540001718",วัดแสนถาวร,ไพบูลย์,น้ำขุ่น,อุบลราชธานี,2025-11-19T16:21:56.456535,,0,0,2025-11-19T16:21:56.456535
EXT-01883,พื้นที่เสี่ยงภัยดินถล่ม,กรมทรัพยากรธรณี,สถานีอนามัยน้ำขุ่น | รายละเอียด: สถานีอนามัย,,,"14.564745458405755,104.91563964262072",สถานีอนามัยน้ำขุ่น,ตาเกา,น้ำขุ่น,อุบลราชธานี,2025-11-19T16:21:56.456535,,0,0,2025-11-19T16:21:56.456535
EXT-01884,พื้นที่เสี่ยงภัยดินถล่ม,กรมทรัพยากรธรณี,สถานีอนามัยโนนยาง | รายละเอียด: สถานีอนามัย,,,"14.471240729868109,104.88691102299799",สถานีอนามัยโนนยาง,โคกสะอาด,น้ำขุ่น,อุบลราชธานี,2025-11-19T16:21:56.456535,,0,0,2025-11-19T16:21:56.456535
EXT-01885,พื้นที่เสี่ยงภัยดินถล่ม,กรมทรัพยากรธรณี,วัดโนนยาง | รายละเอียด: วัด,,,"14.4702745493388,104.89046322370359",วัดโนนยาง,โคกสะอาด,น้ำขุ่น,อุบลราชธานี,2025-11-19T16:21:56.456535,,0,0,2025-11-19T16:21:56.456535
EXT-01886,พื้นที่เสี่ยงภัยดินถล่ม,กรมทรัพยากรธรณี,สำนักสงฆ์โนนแสงเพชร | รายละเอียด: วัด,,,"14.475908216314064,104.86951780871998",สำนักสงฆ์โนนแสงเพชร,โคกสะอาด,น้ำขุ่น,อุบลราชธานี,2025-11-19T16:21:56.456535,,0,0,2025-11-19T16:21:56.456535
EXT-01887,พื้นที่เสี่ยงภัยดินถล่ม,กรมทรัพยากรธรณี,โรงเรียนบ้านแสนถาวร | รายละเอียด: โรงเรียน,,,"14.564629938401222,104.87218512592172",โรงเรียนบ้านแสนถาวร,ไพบูลย์,น้ำขุ่น,อุบลราชธานี,2025-11-19T16:21:56.456535,,0,0,2025-11-19T16:21:56.456535
EXT-01888,พื้นที่เสี่ยงภัยดินถล่ม,กรมทรัพยากรธรณี,โรงเรียนบ้านตาเกา | รายละเอียด: โรงเรียน,,,"14.525964445009627,104.88920425027182",โรงเรียนบ้านตาเกา,ตาเกา,น้ำขุ่น,อุบลราชธานี,2025-11-19T16:21:56.456535,,0,0,2025-11-19T16:21:56.456535
EXT-01889,พื้นที่เสี่ยงภัยดินถล่ม,กรมทรัพยากรธรณี,โรงเรียนบ้านน้ำขุ่น | รายละเอียด: โรงเรียน,,,"14.562656953053093,104.9174020388647",โรงเรียนบ้านน้ำขุ่น,ตาเกา,น้ำขุ่น,อุบลราชธานี,2025-11-19T16:21:56.456535,,0,0,2025-11-19T16:21:56.456535
EXT-01890,พื้นที่เสี่ยงภัยดินถล่ม,กรมทรัพยากรธรณี,โรงเรียนบ้านโนนยาง | รายละเอียด: โรงเรียน,,,"14.471292691522173,104.88456314037755",โรงเรียนบ้านโนนยาง,โคกสะอาด,น้ำขุ่น,อุบลราชธานี,2025-11-19T16:21:56.456535,,0,0,2025-11-19T16:21:56.456535
EXT-01891,พื้นที่เสี่ยงภัยดินถล่ม,กรมทรัพยากรธรณี,วัดใหม่ซอยเก้า | รายละเอียด: วัด,,,"14.504760608443174,105.0036769325429",วัดใหม่ซอยเก้า,สีวิเชียร,น้ำยืน,อุบลราชธานี,2025-11-19T16:21:56.456535,,0,0,2025-11-19T16:21:56.456535
EXT-01892,พื้นที่เสี่ยงภัยดินถล่ม,กรมทรัพยากรธรณี,วัดป่าคีรีบรรพต | รายละเอียด: วัด,,,"14.537879457210307,105.01070269707223",วัดป่าคีรีบรรพต,บุเปือย,น้ำยืน,อุบลราชธานี,2025-11-19T16:21:56.456535,,0,0,2025-11-19T16:21:56.456535
EXT-01893,พื้นที่เสี่ยงภัยดินถล่ม,กรมทรัพยากรธรณี,ไม่มีข้อมูล | รายละเอียด: ไม่มีข้อมูล,,,"14.487203560493265,105.00041984106166",ไม่มีข้อมูล,สีวิเชียร,น้ำยืน,อุบลราชธานี,2025-11-19T16:21:56.456535,,0,0,2025-11-19T16:21:56.456535
EXT-01894,พื้นที่เสี่ยงภัยดินถล่ม,กรมทรัพยากรธรณี,ไม่มีข้อมูล | รายละเอียด: ไม่มีข้อมูล,,,"14.492244128447945,105.0162935816748",ไม่มีข้อมูล,สีวิเชียร,น้ำยืน,อุบลราชธานี,2025-11-19T16:21:56.456535,,0,0,2025-11-19T16:21:56.456535
EXT-01895,พื้นที่เสี่ยงภัยดินถล่ม,กรมทรัพยากรธรณี,วัดวารีอุดม | รายละเอียด: วัด,,,"14.484735442509638,105.00273830920902",วัดวารีอุดม,สีวิเชียร,น้ำยืน,อุบลราชธานี,2025-11-19T16:21:56.456535,,0,0,2025-11-19T16:21:56.456535
EXT-01896,พื้นที่เสี่ยงภัยดินถล่ม,กรมทรัพยากรธรณี,วัดศรีทองเจริญธรรม(โนนเจริญ) | รายละเอียด: วัด,,,"14.494465439209954,105.01418324239054",วัดศรีทองเจริญธรรม(โนนเจริญ),สีวิเชียร,น้ำยืน,อุบลราชธานี,2025-11-19T16:21:56.456535,,0,0,2025-11-19T16:21:56.456535
EXT-01897,พื้นที่เสี่ยงภัยดินถล่ม,กรมทรัพยากรธรณี,วัดบ้านน้ำยืน | รายละเอียด: วัด,,,"14.478296177079654,104.9814176627244",วัดบ้านน้ำยืน,โซง,น้ำยืน,อุบลราชธานี,2025-11-19T16:21:56.456535,,0,0,2025-11-19T16:21:56.456535
EXT-01898,พื้นที่เสี่ยงภัยดินถล่ม,กรมทรัพยากรธรณี,วัดบ้านโซง | รายละเอียด: วัด,,,"14.482842886214563,104.98114836592845",วัดบ้านโซง,โซง,น้ำยืน,อุบลราชธานี,2025-11-19T16:21:56.456535,,0,0,2025-11-19T16:21:56.456535
EXT-01899,พื้นที่เสี่ยงภัยดินถล่ม,กรมทรัพยากรธรณี,วัดป่าโนนสวรรค์ | รายละเอียด: วัด,,,"14.49556871176413,104.98620277092276",วัดป่าโนนสวรรค์,โซง,น้ำยืน,อุบลราชธานี,2025-11-19T16:21:56.456535,,0,0,2025-11-19T16:21:56.456535
EXT-01900,พื้นที่เสี่ยงภัยดินถล่ม,กรมทรัพยากรธรณี,โรงเรียนตำรวจตระเวนชายแดนบ้านเกษตรสมบูรณ์ | รายละเอียด: โรงเรียน,,,"14.533764528444435,105.00623586685579",โรงเรียนตำรวจตระเวนชายแดนบ้านเกษตรสมบูรณ์,บุเปือย,น้ำยืน,อุบลราชธานี,2025-11-19T16:21:56.456535,,0,0,2025-11-19T16:21:56.456535
EXT-01901,พื้นที่เสี่ยงภัยดินถล่ม,กรมทรัพยากรธรณี,โรงเรียนเจริญศึกษา | รายละเอียด: โรงเรียน,,,"14.499205063136516,105.01423196858009",โรงเรียนเจริญศึกษา,สีวิเชียร,น้ำยืน,อุบลราชธานี,2025-11-19T16:21:56.456535,,0,0,2025-11-19T16:21:56.456535
EXT-01902,พื้นที่เสี่ยงภัยดินถล่ม,กรมทรัพยากรธรณี,ไม่มีข้อมูล | รายละเอียด: ไม่มีข้อมูล,,,"14.488040884813735,105.00475343026827",ไม่มีข้อมูล,สีวิเชียร,น้ำยืน,อุบลราชธานี,2025-11-19T16:21:56.456535,,0,0,2025-11-19T16:21:56.456535
EXT-01903,พื้นที่เสี่ยงภัยดินถล่ม,กรมทรัพยากรธรณี,ไม่มีข้อมูล | รายละเอียด: ไม่มีข้อมูล,,,"14.488809665523698,105.00438619911218",ไม่มีข้อมูล,สีวิเชียร,น้ำยืน,อุบลราชธานี,2025-11-19T16:21:56.456535,,0,0,2025-11-19T16:21:56.456535
EXT-01904,พื้นที่เสี่ยงภัยดินถล่ม,กรมทรัพยากรธรณี,โรงเรียนบ้านโซง | รายละเอียด: โรงเรียน,,,"14.485892405594262,104.98085496691829",โรงเรียนบ้านโซง,โซง,น้ำยืน,อุบลราชธานี,2025-11-19T16:21:56.456535,,0,0,2025-11-19T16:21:56.456535
EXT-01905,พื้นที่เสี่ยงภัยดินถล่ม,กรมทรัพยากรธรณี,อำเภอน้ำยืน | รายละเอียด: สถานที่ราชการ,,,"14.489400784094991,105.00079989881642",อำเภอน้ำยืน,สีวิเชียร,น้ำยืน,อุบลราชธานี,2025-11-19T16:21:56.456535,,0,0,2025-11-19T16:21:56.456535
EXT-01906,พื้นที่เสี่ยงภัยดินถล่ม,กรมทรัพยากรธรณี,วัดบ้านบุเปือย | รายละเอียด: วัด,,,"14.542730222248938,105.05527045855547",วัดบ้านบุเปือย,บุเปือย,น้ำยืน,อุบลราชธานี,2025-11-19T16:21:56.456535,,0,0,2025-11-19T16:21:56.456535
EXT-01907,พื้นที่เสี่ยงภัยดินถล่ม,กรมทรัพยากรธรณี,สถานีอนามัยกุดเชียงมุน | รายละเอียด: สถานีอนามัย,,,"14.444620369647074,105.13050538347738",สถานีอนามัยกุดเชียงมุน,โดมประดิษฐ์,น้ำยืน,อุบลราชธานี,2025-11-19T16:21:56.456535,,0,0,2025-11-19T16:21:56.456535
EXT-01908,พื้นที่เสี่ยงภัยดินถล่ม,กรมทรัพยากรธรณี,วัดบ้านกุดเชียงมุน | รายละเอียด: วัด,,,"14.447773998511826,105.12837416544544",วัดบ้านกุดเชียงมุน,โดมประดิษฐ์,น้ำยืน,อุบลราชธานี,2025-11-19T16:21:56.456535,,0,0,2025-11-19T16:21:56.456535
EXT-01909,พื้นที่เสี่ยงภัยดินถล่ม,กรมทรัพยากรธรณี,วัดบ้านจันลา | รายละเอียด: วัด,,,"14.426898752019227,105.13924850769786",วัดบ้านจันลา,โดมประดิษฐ์,น้ำยืน,อุบลราชธานี,2025-11-19T16:21:56.456535,,0,0,2025-11-19T16:21:56.456535
EXT-01910,พื้นที่เสี่ยงภัยดินถล่ม,กรมทรัพยากรธรณี,โรงเรียนชุมชนบ้านบุเปือย | รายละเอียด: โรงเรียน,,,"14.543937118187907,105.05504773243204",โรงเรียนชุมชนบ้านบุเปือย,บุเปือย,น้ำยืน,อุบลราชธานี,2025-11-19T16:21:56.456535,,0,0,2025-11-19T16:21:56.456535
EXT-01911,พื้นที่เสี่ยงภัยดินถล่ม,กรมทรัพยากรธรณี,โรงเรียนบ้านจันลา | รายละเอียด: โรงเรียน,,,"14.42736819565674,105.13784568125767",โรงเรียนบ้านจันลา,โดมประดิษฐ์,น้ำยืน,อุบลราชธานี,2025-11-19T16:21:56.456535,,0,0,2025-11-19T16:21:56.456535
EXT-01912,พื้นที่เสี่ยงภัยดินถล่ม,กรมทรัพยากรธรณี,โรงเรียนบ้านกุดเชียงมุน | รายละเอียด: โรงเรียน,,,"14.44865375454567,105.12755025497968",โรงเรียนบ้านกุดเชียงมุน,โดมประดิษฐ์,น้ำยืน,อุบลราชธานี,2025-11-19T16:21:56.456535,,0,0,2025-11-19T16:21:56.456535
EXT-01913,พื้นที่เสี่ยงภัยดินถล่ม,กรมทรัพยากรธรณี,โรงเรียนบ้านหนองโพด | รายละเอียด: โรงเรียน,,,"14.496145793999007,105.1181487605045",โรงเรียนบ้านหนองโพด,โดมประดิษฐ์,น้ำยืน,อุบลราชธานี,2025-11-19T16:21:56.456535,,0,0,2025-11-19T16:21:56.456535
EXT-01914,พื้นที่เสี่ยงภัยดินถล่ม,กรมทรัพยากรธรณี,สถานีอนามัยบุเปือย | รายละเอียด: สถานีอนามัย,,,"14.540526556246823,105.0473771285466",สถานีอนามัยบุเปือย,บุเปือย,น้ำยืน,อุบลราชธานี,2025-11-19T16:21:56.456535,,0,0,2025-11-19T16:21:56.456535
EXT-01915,พื้นที่เสี่ยงภัยดินถล่ม,กรมทรัพยากรธรณี,สำนักสงฆ์อุดมรังษี | รายละเอียด: วัด,,,"14.537188240103164,105.13401923302759",สำนักสงฆ์อุดมรังษี,บุเปือย,น้ำยืน,อุบลราชธานี,2025-11-19T16:21:56.456535,,0,0,2025-11-19T16:21:56.456535
EXT-01916,พื้นที่เสี่ยงภัยดินถล่ม,กรมทรัพยากรธรณี,วัดบ้านโนนเปือย | รายละเอียด: วัด,,,"14.526199657958216,105.13475465306293",วัดบ้านโนนเปือย,บุเปือย,น้ำยืน,อุบลราชธานี,2025-11-19T16:21:56.456535,,0,0,2025-11-19T16:21:56.456535
EXT-01917,พื้นที่เสี่ยงภัยดินถล่ม,กรมทรัพยากรธรณี,วัดบ้านแก้งโตน | รายละเอียด: วัด,,,"14.539657305858858,105.0983254582058",วัดบ้านแก้งโตน,บุเปือย,น้ำยืน,อุบลราชธานี,2025-11-19T16:21:56.456535,,0,0,2025-11-19T16:21:56.456535
EXT-01918,พื้นที่เสี่ยงภัยดินถล่ม,กรมทรัพยากรธรณี,วัดป่าค้อเจริญธรรม | รายละเอียด: วัด,,,"14.518272898014475,105.03972547699635",วัดป่าค้อเจริญธรรม,สีวิเชียร,น้ำยืน,อุบลราชธานี,2025-11-19T16:21:56.456535,,0,0,2025-11-19T16:21:56.456535
EXT-01919,พื้นที่เสี่ยงภัยดินถล่ม,กรมทรัพยากรธรณี,สถานีอนามัยโนนสูง | รายละเอียด: สถานีอนามัย,,,"14.421455567015638,105.1822774284119",สถานีอนามัยโนนสูง,โดมประดิษฐ์,น้ำยืน,อุบลราชธานี,2025-11-19T16:21:56.456535,,0,0,2025-11-19T16:21:56.456535
EXT-01920,พื้นที่เสี่ยงภัยดินถล่ม,กรมทรัพยากรธรณี,สถานีอนามัยแก้งเรือง | รายละเอียด: สถานีอนามัย,,,"14.45475964184268,105.19127877306757",สถานีอนามัยแก้งเรือง,นาจะหลวย,นาจะหลวย,อุบลราชธานี,2025-11-19T16:21:56.456535,,0,0,2025-11-19T16:21:56.456535
EXT-01921,พื้นที่เสี่ยงภัยดินถล่ม,กรมทรัพยากรธรณี,สถานีอนามัยหนองครก-ตายอย | รายละเอียด: สถานีอนามัย,,,"14.446375109070056,105.06581027246898",สถานีอนามัยหนองครก-ตายอย,โดมประดิษฐ์,น้ำยืน,อุบลราชธานี,2025-11-19T16:21:56.457534,,0,0,2025-11-19T16:21:56.457534
EXT-01922,พื้นที่เสี่ยงภัยดินถล่ม,กรมทรัพยากรธรณี,สถานีอนามัยแข้ด่อน | รายละเอียด: สถานีอนามัย,,,"14.412249050410214,105.11118059669063",สถานีอนามัยแข้ด่อน,โดมประดิษฐ์,น้ำยืน,อุบลราชธานี,2025-11-19T16:21:56.457534,,0,0,2025-11-19T16:21:56.457534
EXT-01923,พื้นที่เสี่ยงภัยดินถล่ม,กรมทรัพยากรธรณี,วัดบ้านนาสามัคคี | รายละเอียด: วัด,,,"14.496427117235053,105.03507161510628",วัดบ้านนาสามัคคี,สีวิเชียร,น้ำยืน,อุบลราชธานี,2025-11-19T16:21:56.457534,,0,0,2025-11-19T16:21:56.457534
EXT-01924,พื้นที่เสี่ยงภัยดินถล่ม,กรมทรัพยากรธรณี,วัดหนองโพด | รายละเอียด: วัด,,,"14.498743572583697,105.12016405767386",วัดหนองโพด,โดมประดิษฐ์,น้ำยืน,อุบลราชธานี,2025-11-19T16:21:56.457534,,0,0,2025-11-19T16:21:56.457534
EXT-01925,พื้นที่เสี่ยงภัยดินถล่ม,กรมทรัพยากรธรณี,วัดบ้านแก้งเรือง(เทพนิมิตรเรืองสุข) | รายละเอียด: วัด,,,"14.451526213084236,105.19538280678042",วัดบ้านแก้งเรือง(เทพนิมิตรเรืองสุข),นาจะหลวย,นาจะหลวย,อุบลราชธานี,2025-11-19T16:21:56.457534,,0,0,2025-11-19T16:21:56.457534
EXT-01926,พื้นที่เสี่ยงภัยดินถล่ม,กรมทรัพยากรธรณี,วัดบ้านแข้ด่อน | รายละเอียด: วัด,,,"14.414462435747096,105.11224629318168",วัดบ้านแข้ด่อน,โดมประดิษฐ์,น้ำยืน,อุบลราชธานี,2025-11-19T16:21:56.457534,,0,0,2025-11-19T16:21:56.457534
EXT-01927,พื้นที่เสี่ยงภัยดินถล่ม,กรมทรัพยากรธรณี,วัดบ้านโนนสูง | รายละเอียด: วัด,,,"14.42362695135515,105.18667438563921",วัดบ้านโนนสูง,โดมประดิษฐ์,น้ำยืน,อุบลราชธานี,2025-11-19T16:21:56.457534,,0,0,2025-11-19T16:21:56.457534
EXT-01928,พื้นที่เสี่ยงภัยดินถล่ม,กรมทรัพยากรธรณี,วัดบูรพาเจริญจิต(บ้านห้วยแก้ว) | รายละเอียด: วัด,,,"14.496037796624277,105.07417855156378",วัดบูรพาเจริญจิต(บ้านห้วยแก้ว),สีวิเชียร,น้ำยืน,อุบลราชธานี,2025-11-19T16:21:56.457534,,0,0,2025-11-19T16:21:56.457534
EXT-01929,พื้นที่เสี่ยงภัยดินถล่ม,กรมทรัพยากรธรณี,วัดบ้านซำหวาย | รายละเอียด: วัด,,,"14.474328750700542,105.05783825920837",วัดบ้านซำหวาย,สีวิเชียร,น้ำยืน,อุบลราชธานี,2025-11-19T16:21:56.457534,,0,0,2025-11-19T16:21:56.457534
EXT-01930,พื้นที่เสี่ยงภัยดินถล่ม,กรมทรัพยากรธรณี,วัดสันตินิมิตร | รายละเอียด: วัด,,,"14.449991577781136,105.06354951640807",วัดสันตินิมิตร,โดมประดิษฐ์,น้ำยืน,อุบลราชธานี,2025-11-19T16:21:56.457534,,0,0,2025-11-19T16:21:56.457534
EXT-01931,พื้นที่เสี่ยงภัยดินถล่ม,กรมทรัพยากรธรณี,วัดบ้านหนองครก | รายละเอียด: วัด,,,"14.448859769113865,105.07485190545638",วัดบ้านหนองครก,โดมประดิษฐ์,น้ำยืน,อุบลราชธานี,2025-11-19T16:21:56.457534,,0,0,2025-11-19T16:21:56.457534
EXT-01932,พื้นที่เสี่ยงภัยดินถล่ม,กรมทรัพยากรธรณี,วัดป่าพุทธจิตเจริญธรรม | รายละเอียด: วัด,,,"14.460897672094756,105.10335985384454",วัดป่าพุทธจิตเจริญธรรม,โดมประดิษฐ์,น้ำยืน,อุบลราชธานี,2025-11-19T16:21:56.457534,,0,0,2025-11-19T16:21:56.457534
EXT-01933,พื้นที่เสี่ยงภัยดินถล่ม,กรมทรัพยากรธรณี,วัดบ้านหนองบัวพัฒนา | รายละเอียด: วัด,,,"14.44394807488936,105.17073835418955",วัดบ้านหนองบัวพัฒนา,โดมประดิษฐ์,น้ำยืน,อุบลราชธานี,2025-11-19T16:21:56.457534,,0,0,2025-11-19T16:21:56.457534
EXT-01934,พื้นที่เสี่ยงภัยดินถล่ม,กรมทรัพยากรธรณี,วัดบ้านค้อ | รายละเอียด: วัด,,,"14.42333753526353,105.15852562211029",วัดบ้านค้อ,โดมประดิษฐ์,น้ำยืน,อุบลราชธานี,2025-11-19T16:21:56.457534,,0,0,2025-11-19T16:21:56.457534
EXT-01935,พื้นที่เสี่ยงภัยดินถล่ม,กรมทรัพยากรธรณี,วัดบ้านแปดอุ้ม | รายละเอียด: วัด,,,"14.419270930512118,105.17506765237854",วัดบ้านแปดอุ้ม,โดมประดิษฐ์,น้ำยืน,อุบลราชธานี,2025-11-19T16:21:56.457534,,0,0,2025-11-19T16:21:56.457534
EXT-01936,พื้นที่เสี่ยงภัยดินถล่ม,กรมทรัพยากรธรณี,วัดป่าโพนทอง | รายละเอียด: วัด,,,"14.476390226208386,105.0937521413563",วัดป่าโพนทอง,โดมประดิษฐ์,น้ำยืน,อุบลราชธานี,2025-11-19T16:21:56.457534,,0,0,2025-11-19T16:21:56.457534
EXT-01937,พื้นที่เสี่ยงภัยดินถล่ม,กรมทรัพยากรธรณี,โรงเรียนบ้านแก้งโตน | รายละเอียด: โรงเรียน,,,"14.538894883359728,105.10271026082762",โรงเรียนบ้านแก้งโตน,บุเปือย,น้ำยืน,อุบลราชธานี,2025-11-19T16:21:56.457534,,0,0,2025-11-19T16:21:56.457534
EXT-01938,พื้นที่เสี่ยงภัยดินถล่ม,กรมทรัพยากรธรณี,โรงเรียนบ้านโนนเปือย | รายละเอียด: โรงเรียน,,,"14.527164514790176,105.13693497750477",โรงเรียนบ้านโนนเปือย,บุเปือย,น้ำยืน,อุบลราชธานี,2025-11-19T16:21:56.457534,,0,0,2025-11-19T16:21:56.457534
EXT-01939,พื้นที่เสี่ยงภัยดินถล่ม,กรมทรัพยากรธรณี,โรงเรียนบ้านห้วยแก้ว | รายละเอียด: โรงเรียน,,,"14.499018798891314,105.06821407103861",โรงเรียนบ้านห้วยแก้ว,สีวิเชียร,น้ำยืน,อุบลราชธานี,2025-11-19T16:21:56.457534,,0,0,2025-11-19T16:21:56.457534
EXT-01940,พื้นที่เสี่ยงภัยดินถล่ม,กรมทรัพยากรธรณี,โรงเรียนบ้านซำหวาย | รายละเอียด: โรงเรียน,,,"14.47299301659738,105.05350087077137",โรงเรียนบ้านซำหวาย,สีวิเชียร,น้ำยืน,อุบลราชธานี,2025-11-19T16:21:56.457534,,0,0,2025-11-19T16:21:56.457534
EXT-01941,พื้นที่เสี่ยงภัยดินถล่ม,กรมทรัพยากรธรณี,โรงเรียนบ้านโพนทอง | รายละเอียด: โรงเรียน,,,"14.476559683419579,105.09535163377531",โรงเรียนบ้านโพนทอง,โดมประดิษฐ์,น้ำยืน,อุบลราชธานี,2025-11-19T16:21:56.457534,,0,0,2025-11-19T16:21:56.457534
EXT-01942,พื้นที่เสี่ยงภัยดินถล่ม,กรมทรัพยากรธรณี,โรงเรียนบ้านโนนสูง | รายละเอียด: โรงเรียน,,,"14.422011169946117,105.18697767604009",โรงเรียนบ้านโนนสูง,โดมประดิษฐ์,น้ำยืน,อุบลราชธานี,2025-11-19T16:21:56.457534,,0,0,2025-11-19T16:21:56.457534
EXT-01943,พื้นที่เสี่ยงภัยดินถล่ม,กรมทรัพยากรธรณี,โรงเรียนสมเด็จพระราชชนนี | รายละเอียด: โรงเรียน,,,"14.456270876031576,105.19273009804382",โรงเรียนสมเด็จพระราชชนนี,นาจะหลวย,นาจะหลวย,อุบลราชธานี,2025-11-19T16:21:56.457534,,0,0,2025-11-19T16:21:56.457534
EXT-01944,พื้นที่เสี่ยงภัยดินถล่ม,กรมทรัพยากรธรณี,โรงเรียนบ้านแปดอุ้ม | รายละเอียด: โรงเรียน,,,"14.422158401549623,105.17150156226573",โรงเรียนบ้านแปดอุ้ม,โดมประดิษฐ์,น้ำยืน,อุบลราชธานี,2025-11-19T16:21:56.457534,,0,0,2025-11-19T16:21:56.457534
EXT-01945,พื้นที่เสี่ยงภัยดินถล่ม,กรมทรัพยากรธรณี,โรงเรียนตำรวจตระเวนชายแดนบ้านค้อ | รายละเอียด: โรงเรียน,,,"14.423219024063526,105.16029567464972",โรงเรียนตำรวจตระเวนชายแดนบ้านค้อ,โดมประดิษฐ์,น้ำยืน,อุบลราชธานี,2025-11-19T16:21:56.457534,,0,0,2025-11-19T16:21:56.457534
EXT-01946,พื้นที่เสี่ยงภัยดินถล่ม,กรมทรัพยากรธรณี,โรงเรียนตำรวจตระเวนชายแดนบ้านท่าแสนคูณ | รายละเอียด: โรงเรียน,,,"14.495346104061696,105.13713091739163",โรงเรียนตำรวจตระเวนชายแดนบ้านท่าแสนคูณ,โดมประดิษฐ์,น้ำยืน,อุบลราชธานี,2025-11-19T16:21:56.457534,,0,0,2025-11-19T16:21:56.457534
EXT-01947,พื้นที่เสี่ยงภัยดินถล่ม,กรมทรัพยากรธรณี,โรงเรียนบ้านหนองขอน | รายละเอียด: โรงเรียน,,,"14.453301442188968,105.1030408183155",โรงเรียนบ้านหนองขอน,โดมประดิษฐ์,น้ำยืน,อุบลราชธานี,2025-11-19T16:21:56.457534,,0,0,2025-11-19T16:21:56.457534
EXT-01948,พื้นที่เสี่ยงภัยดินถล่ม,กรมทรัพยากรธรณี,โรงเรียนโดมประดิษฐ์วิทยา | รายละเอียด: โรงเรียน,,,"14.46398147728375,105.10711702072884",โรงเรียนโดมประดิษฐ์วิทยา,โดมประดิษฐ์,น้ำยืน,อุบลราชธานี,2025-11-19T16:21:56.457534,,0,0,2025-11-19T16:21:56.457534
EXT-01949,พื้นที่เสี่ยงภัยดินถล่ม,กรมทรัพยากรธรณี,โรงเรียนบ้านตายอย | รายละเอียด: โรงเรียน,,,"14.445792469738745,105.06631064141258",โรงเรียนบ้านตายอย,โดมประดิษฐ์,น้ำยืน,อุบลราชธานี,2025-11-19T16:21:56.457534,,0,0,2025-11-19T16:21:56.457534
EXT-01950,พื้นที่เสี่ยงภัยดินถล่ม,กรมทรัพยากรธรณี,โรงเรียนบ้านนาสามัคคี | รายละเอียด: โรงเรียน,,,"14.496805203772768,105.0289489944172",โรงเรียนบ้านนาสามัคคี,สีวิเชียร,น้ำยืน,อุบลราชธานี,2025-11-19T16:21:56.457534,,0,0,2025-11-19T16:21:56.457534
EXT-01951,พื้นที่เสี่ยงภัยดินถล่ม,กรมทรัพยากรธรณี,โรงเรียนบ้านแข้ด่อน | รายละเอียด: โรงเรียน,,,"14.413148779605388,105.11023175213563",โรงเรียนบ้านแข้ด่อน,โดมประดิษฐ์,น้ำยืน,อุบลราชธานี,2025-11-19T16:21:56.457534,,0,0,2025-11-19T16:21:56.457534
EXT-01952,พื้นที่เสี่ยงภัยดินถล่ม,กรมทรัพยากรธรณี,โรงพยาบาลนาจะหลวย | รายละเอียด: โรงพยาบาล,,,"14.521481177114786,105.24325726173124",โรงพยาบาลนาจะหลวย,นาจะหลวย,นาจะหลวย,อุบลราชธานี,2025-11-19T16:21:56.457534,,0,0,2025-11-19T16:21:56.457534
EXT-01953,พื้นที่เสี่ยงภัยดินถล่ม,กรมทรัพยากรธรณี,ไม่มีข้อมูล | รายละเอียด: ไม่มีข้อมูล,,,"14.520188795373347,105.24822340612837",ไม่มีข้อมูล,นาจะหลวย,นาจะหลวย,อุบลราชธานี,2025-11-19T16:21:56.457534,,0,0,2025-11-19T16:21:56.457534
EXT-01954,พื้นที่เสี่ยงภัยดินถล่ม,กรมทรัพยากรธรณี,วัดป่านาจะหลวย | รายละเอียด: วัด,,,"14.53349743699873,105.23788456586831",วัดป่านาจะหลวย,นาจะหลวย,นาจะหลวย,อุบลราชธานี,2025-11-19T16:21:56.457534,,0,0,2025-11-19T16:21:56.457534
EXT-01955,พื้นที่เสี่ยงภัยดินถล่ม,กรมทรัพยากรธรณี,วัดป่าหนองแวง | รายละเอียด: วัด,,,"14.53797851959154,105.21039301369537",วัดป่าหนองแวง,นาจะหลวย,นาจะหลวย,อุบลราชธานี,2025-11-19T16:21:56.457534,,0,0,2025-11-19T16:21:56.457534
EXT-01956,พื้นที่เสี่ยงภัยดินถล่ม,กรมทรัพยากรธรณี,วัดป่าแสงธรรม | รายละเอียด: วัด,,,"14.537772011279767,105.19836742643933",วัดป่าแสงธรรม,บ้านตูม,นาจะหลวย,อุบลราชธานี,2025-11-19T16:21:56.457534,,0,0,2025-11-19T16:21:56.457534
EXT-01957,พื้นที่เสี่ยงภัยดินถล่ม,กรมทรัพยากรธรณี,วัดทองมาวราราม | รายละเอียด: วัด,,,"14.516956375529102,105.23023113471345",วัดทองมาวราราม,นาจะหลวย,นาจะหลวย,อุบลราชธานี,2025-11-19T16:21:56.457534,,0,0,2025-11-19T16:21:56.457534
EXT-01958,พื้นที่เสี่ยงภัยดินถล่ม,กรมทรัพยากรธรณี,วัดใหม่ซอยเก้า | รายละเอียด: วัด,,,"14.504760608443174,105.0036769325429",วัดใหม่ซอยเก้า,สีวิเชียร,น้ำยืน,อุบลราชธานี,2025-11-19T16:21:56.457534,,0,0,2025-11-19T16:21:56.457534
EXT-01959,พื้นที่เสี่ยงภัยดินถล่ม,กรมทรัพยากรธรณี,วัดป่าโนนนิเวศน์ | รายละเอียด: วัด,,,"14.503563791134777,105.24926401320015",วัดป่าโนนนิเวศน์,นาจะหลวย,นาจะหลวย,อุบลราชธานี,2025-11-19T16:21:56.457534,,0,0,2025-11-19T16:21:56.457534
EXT-01960,พื้นที่เสี่ยงภัยดินถล่ม,กรมทรัพยากรธรณี,วัดบ้านโคกน้อย | รายละเอียด: วัด,,,"14.53655072943786,105.18010028517614",วัดบ้านโคกน้อย,บ้านตูม,นาจะหลวย,อุบลราชธานี,2025-11-19T16:21:56.457534,,0,0,2025-11-19T16:21:56.457534
EXT-01961,พื้นที่เสี่ยงภัยดินถล่ม,กรมทรัพยากรธรณี,วัดป่าคีรีบรรพต | รายละเอียด: วัด,,,"14.537879457210307,105.01070269707223",วัดป่าคีรีบรรพต,บุเปือย,น้ำยืน,อุบลราชธานี,2025-11-19T16:21:56.457534,,0,0,2025-11-19T16:21:56.457534
EXT-01962,พื้นที่เสี่ยงภัยดินถล่ม,กรมทรัพยากรธรณี,วัดศรีพรหม | รายละเอียด: วัด,,,"14.52897534177967,105.25063636992452",วัดศรีพรหม,นาจะหลวย,นาจะหลวย,อุบลราชธานี,2025-11-19T16:21:56.457534,,0,0,2025-11-19T16:21:56.457534
EXT-01963,พื้นที่เสี่ยงภัยดินถล่ม,กรมทรัพยากรธรณี,วัดเทพศรัวิไล | รายละเอียด: วัด,,,"14.535599718707191,105.25773798569871",วัดเทพศรัวิไล,นาจะหลวย,นาจะหลวย,อุบลราชธานี,2025-11-19T16:21:56.457534,,0,0,2025-11-19T16:21:56.457534
EXT-01964,พื้นที่เสี่ยงภัยดินถล่ม,กรมทรัพยากรธรณี,วัดภูพลาญสูง | รายละเอียด: วัด,,,"14.50634596378272,105.2723310793263",วัดภูพลาญสูง,นาจะหลวย,นาจะหลวย,อุบลราชธานี,2025-11-19T16:21:56.457534,,0,0,2025-11-19T16:21:56.457534
EXT-01965,พื้นที่เสี่ยงภัยดินถล่ม,กรมทรัพยากรธรณี,วัดพลาญแก้ว | รายละเอียด: วัด,,,"14.52384718832752,105.26731514890598",วัดพลาญแก้ว,นาจะหลวย,นาจะหลวย,อุบลราชธานี,2025-11-19T16:21:56.457534,,0,0,2025-11-19T16:21:56.457534
EXT-01966,พื้นที่เสี่ยงภัยดินถล่ม,กรมทรัพยากรธรณี,ไม่มีข้อมูล | รายละเอียด: ไม่มีข้อมูล,,,"14.487203560493265,105.00041984106166",ไม่มีข้อมูล,สีวิเชียร,น้ำยืน,อุบลราชธานี,2025-11-19T16:21:56.457534,,0,0,2025-11-19T16:21:56.457534
EXT-01967,พื้นที่เสี่ยงภัยดินถล่ม,กรมทรัพยากรธรณี,ไม่มีข้อมูล | รายละเอียด: ไม่มีข้อมูล,,,"14.492510402685607,105.16819856936169",ไม่มีข้อมูล,บ้านตูม,นาจะหลวย,อุบลราชธานี,2025-11-19T16:21:56.457534,,0,0,2025-11-19T16:21:56.457534
EXT-01968,พื้นที่เสี่ยงภัยดินถล่ม,กรมทรัพยากรธรณี,สำนักสงฆ์บ้านทุ่งเงิน | รายละเอียด: วัด,,,"14.493209679158786,105.17451004303386",สำนักสงฆ์บ้านทุ่งเงิน,บ้านตูม,นาจะหลวย,อุบลราชธานี,2025-11-19T16:21:56.457534,,0,0,2025-11-19T16:21:56.457534
EXT-01969,พื้นที่เสี่ยงภัยดินถล่ม,กรมทรัพยากรธรณี,ไม่มีข้อมูล | รายละเอียด: ไม่มีข้อมูล,,,"14.492244128447945,105.0162935816748",ไม่มีข้อมูล,สีวิเชียร,น้ำยืน,อุบลราชธานี,2025-11-19T16:21:56.457534,,0,0,2025-11-19T16:21:56.457534
EXT-01970,พื้นที่เสี่ยงภัยดินถล่ม,กรมทรัพยากรธรณี,วัดวารีอุดม | รายละเอียด: วัด,,,"14.484735442509638,105.00273830920902",วัดวารีอุดม,สีวิเชียร,น้ำยืน,อุบลราชธานี,2025-11-19T16:21:56.457534,,0,0,2025-11-19T16:21:56.457534
EXT-01971,พื้นที่เสี่ยงภัยดินถล่ม,กรมทรัพยากรธรณี,วัดใหญ่อินทราราม | รายละเอียด: วัด,,,"14.496687301277163,105.22310945471553",วัดใหญ่อินทราราม,นาจะหลวย,นาจะหลวย,อุบลราชธานี,2025-11-19T16:21:56.457534,,0,0,2025-11-19T16:21:56.457534
EXT-01972,พื้นที่เสี่ยงภัยดินถล่ม,กรมทรัพยากรธรณี,วัดศรีทองเจริญธรรม(โนนเจริญ) | รายละเอียด: วัด,,,"14.494465439209954,105.01418324239054",วัดศรีทองเจริญธรรม(โนนเจริญ),สีวิเชียร,น้ำยืน,อุบลราชธานี,2025-11-19T16:21:56.457534,,0,0,2025-11-19T16:21:56.457534
EXT-01973,พื้นที่เสี่ยงภัยดินถล่ม,กรมทรัพยากรธรณี,วัดศรีสว่างธรรมราราม | รายละเอียด: วัด,,,"14.470329685704286,105.17917720410553",วัดศรีสว่างธรรมราราม,นาจะหลวย,นาจะหลวย,อุบลราชธานี,2025-11-19T16:21:56.457534,,0,0,2025-11-19T16:21:56.457534
EXT-01974,พื้นที่เสี่ยงภัยดินถล่ม,กรมทรัพยากรธรณี,วัดป่าเวฬุวันวนาราม | รายละเอียด: วัด,,,"14.485881608130404,105.16160584783918",วัดป่าเวฬุวันวนาราม,บ้านตูม,นาจะหลวย,อุบลราชธานี,2025-11-19T16:21:56.457534,,0,0,2025-11-19T16:21:56.457534
EXT-01975,พื้นที่เสี่ยงภัยดินถล่ม,กรมทรัพยากรธรณี,วัดบ้านน้ำยืน | รายละเอียด: วัด,,,"14.478296177079654,104.9814176627244",วัดบ้านน้ำยืน,โซง,น้ำยืน,อุบลราชธานี,2025-11-19T16:21:56.457534,,0,0,2025-11-19T16:21:56.457534
EXT-01976,พื้นที่เสี่ยงภัยดินถล่ม,กรมทรัพยากรธรณี,วัดบ้านโซง | รายละเอียด: วัด,,,"14.482842886214563,104.98114836592845",วัดบ้านโซง,โซง,น้ำยืน,อุบลราชธานี,2025-11-19T16:21:56.457534,,0,0,2025-11-19T16:21:56.457534
EXT-01977,พื้นที่เสี่ยงภัยดินถล่ม,กรมทรัพยากรธรณี,วัดป่าโนนสวรรค์ | รายละเอียด: วัด,,,"14.49556871176413,104.98620277092276",วัดป่าโนนสวรรค์,โซง,น้ำยืน,อุบลราชธานี,2025-11-19T16:21:56.457534,,0,0,2025-11-19T16:21:56.457534
EXT-01978,พื้นที่เสี่ยงภัยดินถล่ม,กรมทรัพยากรธรณี,โรงเรียนบ้านโคกน้อย | รายละเอียด: โรงเรียน,,,"14.532298954361456,105.18297618721309",โรงเรียนบ้านโคกน้อย,บ้านตูม,นาจะหลวย,อุบลราชธานี,2025-11-19T16:21:56.457534,,0,0,2025-11-19T16:21:56.457534
EXT-01979,พื้นที่เสี่ยงภัยดินถล่ม,กรมทรัพยากรธรณี,โรงเรียนตำรวจตระเวนชายแดนบ้านเกษตรสมบูรณ์ | รายละเอียด: โรงเรียน,,,"14.533764528444435,105.00623586685579",โรงเรียนตำรวจตระเวนชายแดนบ้านเกษตรสมบูรณ์,บุเปือย,น้ำยืน,อุบลราชธานี,2025-11-19T16:21:56.457534,,0,0,2025-11-19T16:21:56.457534
EXT-01980,พื้นที่เสี่ยงภัยดินถล่ม,กรมทรัพยากรธรณี,โรงเรียนนาจะหลวย(กรป.กลางอุปถัมภ์) | รายละเอียด: โรงเรียน,,,"14.519082188052394,105.24083820832183",โรงเรียนนาจะหลวย(กรป.กลางอุปถัมภ์),นาจะหลวย,นาจะหลวย,อุบลราชธานี,2025-11-19T16:21:56.457534,,0,0,2025-11-19T16:21:56.457534
EXT-01981,พื้นที่เสี่ยงภัยดินถล่ม,กรมทรัพยากรธรณี,โรงเรียนนาจะหลวย | รายละเอียด: โรงเรียน,,,"14.523896432602129,105.24756833069927",โรงเรียนนาจะหลวย,นาจะหลวย,นาจะหลวย,อุบลราชธานี,2025-11-19T16:21:56.457534,,0,0,2025-11-19T16:21:56.457534
EXT-01982,พื้นที่เสี่ยงภัยดินถล่ม,กรมทรัพยากรธรณี,โรงเรียนผอบ ณ นคร 2 | รายละเอียด: โรงเรียน,,,"14.538731223532205,105.25324722506681",โรงเรียนผอบ ณ นคร 2,นาจะหลวย,นาจะหลวย,อุบลราชธานี,2025-11-19T16:21:56.457534,,0,0,2025-11-19T16:21:56.457534
EXT-01983,พื้นที่เสี่ยงภัยดินถล่ม,กรมทรัพยากรธรณี,โรงเรียนเจริญศึกษา | รายละเอียด: โรงเรียน,,,"14.499205063136516,105.01423196858009",โรงเรียนเจริญศึกษา,สีวิเชียร,น้ำยืน,อุบลราชธานี,2025-11-19T16:21:56.457534,,0,0,2025-11-19T16:21:56.457534
EXT-01984,พื้นที่เสี่ยงภัยดินถล่ม,กรมทรัพยากรธรณี,โรงเรียนบ้านทุ่งเงินโนนเจริญ | รายละเอียด: โรงเรียน,,,"14.49459184340324,105.17034022881683",โรงเรียนบ้านทุ่งเงินโนนเจริญ,บ้านตูม,นาจะหลวย,อุบลราชธานี,2025-11-19T16:21:56.457534,,0,0,2025-11-19T16:21:56.457534
EXT-01985,พื้นที่เสี่ยงภัยดินถล่ม,กรมทรัพยากรธรณี,โรงเรียนบ้านโคกใหญ่ | รายละเอียด: โรงเรียน,,,"14.490683416222884,105.21739508808503",โรงเรียนบ้านโคกใหญ่,นาจะหลวย,นาจะหลวย,อุบลราชธานี,2025-11-19T16:21:56.457534,,0,0,2025-11-19T16:21:56.457534
EXT-01986,พื้นที่เสี่ยงภัยดินถล่ม,กรมทรัพยากรธรณี,โรงเรียนบ้านแก้งขี้เหล็ก | รายละเอียด: โรงเรียน,,,"14.472992859359875,105.17949007642862",โรงเรียนบ้านแก้งขี้เหล็ก,นาจะหลวย,นาจะหลวย,อุบลราชธานี,2025-11-19T16:21:56.457534,,0,0,2025-11-19T16:21:56.457534
EXT-01987,พื้นที่เสี่ยงภัยดินถล่ม,กรมทรัพยากรธรณี,ไม่มีข้อมูล | รายละเอียด: ไม่มีข้อมูล,,,"14.488040884813735,105.00475343026827",ไม่มีข้อมูล,สีวิเชียร,น้ำยืน,อุบลราชธานี,2025-11-19T16:21:56.457534,,0,0,2025-11-19T16:21:56.457534
EXT-01988,พื้นที่เสี่ยงภัยดินถล่ม,กรมทรัพยากรธรณี,ไม่มีข้อมูล | รายละเอียด: ไม่มีข้อมูล,,,"14.488809665523698,105.00438619911218",ไม่มีข้อมูล,สีวิเชียร,น้ำยืน,อุบลราชธานี,2025-11-19T16:21:56.457534,,0,0,2025-11-19T16:21:56.457534
EXT-01989,พื้นที่เสี่ยงภัยดินถล่ม,กรมทรัพยากรธรณี,โรงเรียนบ้านโซง | รายละเอียด: โรงเรียน,,,"14.485892405594262,104.98085496691829",โรงเรียนบ้านโซง,โซง,น้ำยืน,อุบลราชธานี,2025-11-19T16:21:56.457534,,0,0,2025-11-19T16:21:56.457534
EXT-01990,พื้นที่เสี่ยงภัยดินถล่ม,กรมทรัพยากรธรณี,อำเภอนาจะหลวย | รายละเอียด: สถานที่ราชการ,,,"14.52180025970177,105.24555010049048",อำเภอนาจะหลวย,นาจะหลวย,นาจะหลวย,อุบลราชธานี,2025-11-19T16:21:56.457534,,0,0,2025-11-19T16:21:56.457534
EXT-01991,พื้นที่เสี่ยงภัยดินถล่ม,กรมทรัพยากรธรณี,อำเภอน้ำยืน | รายละเอียด: สถานที่ราชการ,,,"14.489400784094991,105.00079989881642",อำเภอน้ำยืน,สีวิเชียร,น้ำยืน,อุบลราชธานี,2025-11-19T16:21:56.457534,,0,0,2025-11-19T16:21:56.457534
EXT-01992,พื้นที่เสี่ยงภัยดินถล่ม,กรมทรัพยากรธรณี,สถานีอนามัยบุ่งคำ | รายละเอียด: สถานีอนามัย,,,"14.61693701651596,105.17072712442507",สถานีอนามัยบุ่งคำ,พรสวรรค์,นาจะหลวย,อุบลราชธานี,2025-11-19T16:21:56.457534,,0,0,2025-11-19T16:21:56.457534
EXT-01993,พื้นที่เสี่ยงภัยดินถล่ม,กรมทรัพยากรธรณี,สำนักสงฆ์สันติธรรม | รายละเอียด: วัด,,,"14.542309902202312,105.17446762586458",สำนักสงฆ์สันติธรรม,บ้านตูม,นาจะหลวย,อุบลราชธานี,2025-11-19T16:21:56.457534,,0,0,2025-11-19T16:21:56.457534
EXT-01994,พื้นที่เสี่ยงภัยดินถล่ม,กรมทรัพยากรธรณี,วัดป่าโนนสว่างคีรีเขต | รายละเอียด: วัด,,,"14.598909547480382,105.16048172452743",วัดป่าโนนสว่างคีรีเขต,ยางใหญ่,น้ำยืน,อุบลราชธานี,2025-11-19T16:21:56.457534,,0,0,2025-11-19T16:21:56.457534
EXT-01995,พื้นที่เสี่ยงภัยดินถล่ม,กรมทรัพยากรธรณี,วัดบ้านคำสะอาด | รายละเอียด: วัด,,,"14.592935416632583,105.15927416537306",วัดบ้านคำสะอาด,ยางใหญ่,น้ำยืน,อุบลราชธานี,2025-11-19T16:21:56.457534,,0,0,2025-11-19T16:21:56.457534
EXT-01996,พื้นที่เสี่ยงภัยดินถล่ม,กรมทรัพยากรธรณี,วัดนวลจันทร์ | รายละเอียด: วัด,,,"14.584675007477985,105.1687340874145",วัดนวลจันทร์,พรสวรรค์,นาจะหลวย,อุบลราชธานี,2025-11-19T16:21:56.457534,,0,0,2025-11-19T16:21:56.457534
EXT-01997,พื้นที่เสี่ยงภัยดินถล่ม,กรมทรัพยากรธรณี,วัดบ้านแสนชะนี | รายละเอียด: วัด,,,"14.57463740183128,105.16950345159101",วัดบ้านแสนชะนี,พรสวรรค์,นาจะหลวย,อุบลราชธานี,2025-11-19T16:21:56.457534,,0,0,2025-11-19T16:21:56.457534
EXT-01998,พื้นที่เสี่ยงภัยดินถล่ม,กรมทรัพยากรธรณี,วัดบ้านดอนยาว | รายละเอียด: วัด,,,"14.599303619472186,105.22371229500983",วัดบ้านดอนยาว,บ้านตูม,นาจะหลวย,อุบลราชธานี,2025-11-19T16:21:56.457534,,0,0,2025-11-19T16:21:56.457534
EXT-01999,พื้นที่เสี่ยงภัยดินถล่ม,กรมทรัพยากรธรณี,วัดป่าถาวโร | รายละเอียด: วัด,,,"14.553423251965185,105.2086456631057",วัดป่าถาวโร,บ้านตูม,นาจะหลวย,อุบลราชธานี,2025-11-19T16:21:56.457534,,0,0,2025-11-19T16:21:56.457534
EXT-02000,พื้นที่เสี่ยงภัยดินถล่ม,กรมทรัพยากรธรณี,วัดบ้านดงกระซู | รายละเอียด: วัด,,,"14.55703569565393,105.14791934500148",วัดบ้านดงกระซู,ยางใหญ่,น้ำยืน,อุบลราชธานี,2025-11-19T16:21:56.457534,,0,0,2025-11-19T16:21:56.457534
EXT-02001,พื้นที่เสี่ยงภัยดินถล่ม,กรมทรัพยากรธรณี,วัดบุ่งคำ | รายละเอียด: วัด,,,"14.618637846125973,105.17232674150635",วัดบุ่งคำ,พรสวรรค์,นาจะหลวย,อุบลราชธานี,2025-11-19T16:21:56.457534,,0,0,2025-11-19T16:21:56.457534
EXT-02002,พื้นที่เสี่ยงภัยดินถล่ม,กรมทรัพยากรธรณี,วัดบ้านคำบอน | รายละเอียด: วัด,,,"14.583499150855824,105.23488952624892",วัดบ้านคำบอน,บ้านตูม,นาจะหลวย,อุบลราชธานี,2025-11-19T16:21:56.457534,,0,0,2025-11-19T16:21:56.457534
EXT-02003,พื้นที่เสี่ยงภัยดินถล่ม,กรมทรัพยากรธรณี,ไม่มีข้อมูล | รายละเอียด: ไม่มีข้อมูล,,,"14.55840221568624,105.1951635730736",ไม่มีข้อมูล,บ้านตูม,นาจะหลวย,อุบลราชธานี,2025-11-19T16:21:56.457534,,0,0,2025-11-19T16:21:56.457534
EXT-02004,พื้นที่เสี่ยงภัยดินถล่ม,กรมทรัพยากรธรณี,วัดบ้านตูม | รายละเอียด: วัด,,,"14.562133013338158,105.18973122261076",วัดบ้านตูม,บ้านตูม,นาจะหลวย,อุบลราชธานี,2025-11-19T16:21:56.457534,,0,0,2025-11-19T16:21:56.457534
EXT-02005,พื้นที่เสี่ยงภัยดินถล่ม,กรมทรัพยากรธรณี,สำนักสงฆ์ภูจองถ้ำเสือ | รายละเอียด: วัด,,,"14.538662416495555,105.31447609164346",สำนักสงฆ์ภูจองถ้ำเสือ,นาจะหลวย,นาจะหลวย,อุบลราชธานี,2025-11-19T16:21:56.457534,,0,0,2025-11-19T16:21:56.457534
EXT-02006,พื้นที่เสี่ยงภัยดินถล่ม,กรมทรัพยากรธรณี,สถานีอนามัยทุ่งเพียง | รายละเอียด: สถานีอนามัย,,,"14.603619061699684,105.30846264431472",สถานีอนามัยทุ่งเพียง,โสกแสง,นาจะหลวย,อุบลราชธานี,2025-11-19T16:21:56.457534,,0,0,2025-11-19T16:21:56.457534
EXT-02007,พื้นที่เสี่ยงภัยดินถล่ม,กรมทรัพยากรธรณี,วัดบ้านท่าก่อ | รายละเอียด: วัด,,,"14.579578027859325,105.26780344871493",วัดบ้านท่าก่อ,นาจะหลวย,นาจะหลวย,อุบลราชธานี,2025-11-19T16:21:56.457534,,0,0,2025-11-19T16:21:56.457534
EXT-02008,พื้นที่เสี่ยงภัยดินถล่ม,กรมทรัพยากรธรณี,วัดบ้านทุ่งเพียง | รายละเอียด: วัด,,,"14.599273280633453,105.30841582834944",วัดบ้านทุ่งเพียง,โสกแสง,นาจะหลวย,อุบลราชธานี,2025-11-19T16:21:56.457534,,0,0,2025-11-19T16:21:56.457534
EXT-02009,พื้นที่เสี่ยงภัยดินถล่ม,กรมทรัพยากรธรณี,วัดบ้านดงขวาง | รายละเอียด: วัด,,,"14.590462698127933,105.30898899582655",วัดบ้านดงขวาง,นาจะหลวย,นาจะหลวย,อุบลราชธานี,2025-11-19T16:21:56.457534,,0,0,2025-11-19T16:21:56.457534
EXT-02010,พื้นที่เสี่ยงภัยดินถล่ม,กรมทรัพยากรธรณี,วัดหนองเจือง(บ้านคำโทน) | รายละเอียด: วัด,,,"14.571810123882354,105.30303433219747",วัดหนองเจือง(บ้านคำโทน),นาจะหลวย,นาจะหลวย,อุบลราชธานี,2025-11-19T16:21:56.457534,,0,0,2025-11-19T16:21:56.457534
EXT-02011,พื้นที่เสี่ยงภัยดินถล่ม,กรมทรัพยากรธรณี,วัดบ้านทับไฮขีวารีวราราม | รายละเอียด: วัด,,,"14.61646938026224,105.29359222029773",วัดบ้านทับไฮขีวารีวราราม,โสกแสง,นาจะหลวย,อุบลราชธานี,2025-11-19T16:21:56.457534,,0,0,2025-11-19T16:21:56.457534
EXT-02012,พื้นที่เสี่ยงภัยดินถล่ม,กรมทรัพยากรธรณี,วัดบ้านคำบาก | รายละเอียด: วัด,,,"14.559199413096875,105.34169965329319",วัดบ้านคำบาก,ห้วยข่า,บุณฑริก,อุบลราชธานี,2025-11-19T16:21:56.457534,,0,0,2025-11-19T16:21:56.457534
EXT-02013,พื้นที่เสี่ยงภัยดินถล่ม,กรมทรัพยากรธรณี,สถานีอนามัยโนนสูง | รายละเอียด: สถานีอนามัย,,,"14.421455567015638,105.1822774284119",สถานีอนามัยโนนสูง,โดมประดิษฐ์,น้ำยืน,อุบลราชธานี,2025-11-19T16:21:56.457534,,0,0,2025-11-19T16:21:56.457534
EXT-02014,พื้นที่เสี่ยงภัยดินถล่ม,กรมทรัพยากรธรณี,สถานีอนามัยแก้งเรือง | รายละเอียด: สถานีอนามัย,,,"14.45475964184268,105.19127877306757",สถานีอนามัยแก้งเรือง,นาจะหลวย,นาจะหลวย,อุบลราชธานี,2025-11-19T16:21:56.457534,,0,0,2025-11-19T16:21:56.457534
EXT-02015,พื้นที่เสี่ยงภัยดินถล่ม,กรมทรัพยากรธรณี,วัดบ้านแก้งเรือง(เทพนิมิตรเรืองสุข) | รายละเอียด: วัด,,,"14.451526213084236,105.19538280678042",วัดบ้านแก้งเรือง(เทพนิมิตรเรืองสุข),นาจะหลวย,นาจะหลวย,อุบลราชธานี,2025-11-19T16:21:56.457534,,0,0,2025-11-19T16:21:56.457534
EXT-02016,พื้นที่เสี่ยงภัยดินถล่ม,กรมทรัพยากรธรณี,วัดบ้านโนนสูง | รายละเอียด: วัด,,,"14.42362695135515,105.18667438563921",วัดบ้านโนนสูง,โดมประดิษฐ์,น้ำยืน,อุบลราชธานี,2025-11-19T16:21:56.457534,,0,0,2025-11-19T16:21:56.457534
EXT-02017,พื้นที่เสี่ยงภัยดินถล่ม,กรมทรัพยากรธรณี,วัดบ้านหนองบัวพัฒนา | รายละเอียด: วัด,,,"14.44394807488936,105.17073835418955",วัดบ้านหนองบัวพัฒนา,โดมประดิษฐ์,น้ำยืน,อุบลราชธานี,2025-11-19T16:21:56.457534,,0,0,2025-11-19T16:21:56.457534
EXT-02018,พื้นที่เสี่ยงภัยดินถล่ม,กรมทรัพยากรธรณี,วัดบ้านค้อ | รายละเอียด: วัด,,,"14.42333753526353,105.15852562211029",วัดบ้านค้อ,โดมประดิษฐ์,น้ำยืน,อุบลราชธานี,2025-11-19T16:21:56.457534,,0,0,2025-11-19T16:21:56.457534
EXT-02019,พื้นที่เสี่ยงภัยดินถล่ม,กรมทรัพยากรธรณี,วัดบ้านแปดอุ้ม | รายละเอียด: วัด,,,"14.419270930512118,105.17506765237854",วัดบ้านแปดอุ้ม,โดมประดิษฐ์,น้ำยืน,อุบลราชธานี,2025-11-19T16:21:56.457534,,0,0,2025-11-19T16:21:56.457534
EXT-02020,พื้นที่เสี่ยงภัยดินถล่ม,กรมทรัพยากรธรณี,โรงเรียนบ้านบุ่งคำ | รายละเอียด: โรงเรียน,,,"14.620073980825746,105.17072570372045",โรงเรียนบ้านบุ่งคำ,พรสวรรค์,นาจะหลวย,อุบลราชธานี,2025-11-19T16:21:56.457534,,0,0,2025-11-19T16:21:56.457534
EXT-02021,พื้นที่เสี่ยงภัยดินถล่ม,กรมทรัพยากรธรณี,โรงเรียนบ้านคำบอน | รายละเอียด: โรงเรียน,,,"14.583355881345748,105.22592918494621",โรงเรียนบ้านคำบอน,บ้านตูม,นาจะหลวย,อุบลราชธานี,2025-11-19T16:21:56.457534,,0,0,2025-11-19T16:21:56.457534
EXT-02022,พื้นที่เสี่ยงภัยดินถล่ม,กรมทรัพยากรธรณี,โรงเรียนบ้านคุ้มแสนชะนี | รายละเอียด: โรงเรียน,,,"14.58265868170649,105.16514484105855",โรงเรียนบ้านคุ้มแสนชะนี,พรสวรรค์,นาจะหลวย,อุบลราชธานี,2025-11-19T16:21:56.457534,,0,0,2025-11-19T16:21:56.457534
EXT-02023,พื้นที่เสี่ยงภัยดินถล่ม,กรมทรัพยากรธรณี,โรงเรียนบ้านทุ่งเพียง | รายละเอียด: โรงเรียน,,,"14.601982313002189,105.30911021120073",โรงเรียนบ้านทุ่งเพียง,โสกแสง,นาจะหลวย,อุบลราชธานี,2025-11-19T16:21:56.457534,,0,0,2025-11-19T16:21:56.457534
EXT-02024,พื้นที่เสี่ยงภัยดินถล่ม,กรมทรัพยากรธรณี,โรงเรียนบ้านดงขวางคำโทน | รายละเอียด: โรงเรียน,,,"14.581190278842573,105.30517765061214",โรงเรียนบ้านดงขวางคำโทน,นาจะหลวย,นาจะหลวย,อุบลราชธานี,2025-11-19T16:21:56.457534,,0,0,2025-11-19T16:21:56.457534
EXT-02025,พื้นที่เสี่ยงภัยดินถล่ม,กรมทรัพยากรธรณี,โรงเรียนบ้านทับไฮ | รายละเอียด: โรงเรียน,,,"14.616106474928282,105.29620947145088",โรงเรียนบ้านทับไฮ,โสกแสง,นาจะหลวย,อุบลราชธานี,2025-11-19T16:21:56.457534,,0,0,2025-11-19T16:21:56.457534
EXT-02026,พื้นที่เสี่ยงภัยดินถล่ม,กรมทรัพยากรธรณี,โรงเรียนบ้านท่าก่อ | รายละเอียด: โรงเรียน,,,"14.577025534669026,105.26738890746178",โรงเรียนบ้านท่าก่อ,นาจะหลวย,นาจะหลวย,อุบลราชธานี,2025-11-19T16:21:56.457534,,0,0,2025-11-19T16:21:56.457534
EXT-02027,พื้นที่เสี่ยงภัยดินถล่ม,กรมทรัพยากรธรณี,โรงเรียนบ้านคำบาก | รายละเอียด: โรงเรียน,,,"14.557020210423735,105.34070746876563",โรงเรียนบ้านคำบาก,ห้วยข่า,บุณฑริก,อุบลราชธานี,2025-11-19T16:21:56.457534,,0,0,2025-11-19T16:21:56.457534
EXT-02028,พื้นที่เสี่ยงภัยดินถล่ม,กรมทรัพยากรธรณี,โรงเรียนบ้านโนนสูง | รายละเอียด: โรงเรียน,,,"14.422011169946117,105.18697767604009",โรงเรียนบ้านโนนสูง,โดมประดิษฐ์,น้ำยืน,อุบลราชธานี,2025-11-19T16:21:56.457534,,0,0,2025-11-19T16:21:56.457534
EXT-02029,พื้นที่เสี่ยงภัยดินถล่ม,กรมทรัพยากรธรณี,โรงเรียนสมเด็จพระราชชนนี | รายละเอียด: โรงเรียน,,,"14.456270876031576,105.19273009804382",โรงเรียนสมเด็จพระราชชนนี,นาจะหลวย,นาจะหลวย,อุบลราชธานี,2025-11-19T16:21:56.457534,,0,0,2025-11-19T16:21:56.457534
EXT-02030,พื้นที่เสี่ยงภัยดินถล่ม,กรมทรัพยากรธรณี,โรงเรียนบ้านแปดอุ้ม | รายละเอียด: โรงเรียน,,,"14.422158401549623,105.17150156226573",โรงเรียนบ้านแปดอุ้ม,โดมประดิษฐ์,น้ำยืน,อุบลราชธานี,2025-11-19T16:21:56.457534,,0,0,2025-11-19T16:21:56.457534
EXT-02031,พื้นที่เสี่ยงภัยดินถล่ม,กรมทรัพยากรธรณี,โรงเรียนตำรวจตระเวนชายแดนบ้านค้อ | รายละเอียด: โรงเรียน,,,"14.423219024063526,105.16029567464972",โรงเรียนตำรวจตระเวนชายแดนบ้านค้อ,โดมประดิษฐ์,น้ำยืน,อุบลราชธานี,2025-11-19T16:21:56.457534,,0,0,2025-11-19T16:21:56.457534
EXT-02032,พื้นที่เสี่ยงภัยดินถล่ม,กรมทรัพยากรธรณี,โรงพยาบาลนาจะหลวย | รายละเอียด: โรงพยาบาล,,,"14.521481177114786,105.24325726173124",โรงพยาบาลนาจะหลวย,นาจะหลวย,นาจะหลวย,อุบลราชธานี,2025-11-19T16:21:56.457534,,0,0,2025-11-19T16:21:56.457534
EXT-02033,พื้นที่เสี่ยงภัยดินถล่ม,กรมทรัพยากรธรณี,ไม่มีข้อมูล | รายละเอียด: ไม่มีข้อมูล,,,"14.520188795373347,105.24822340612837",ไม่มีข้อมูล,นาจะหลวย,นาจะหลวย,อุบลราชธานี,2025-11-19T16:21:56.457534,,0,0,2025-11-19T16:21:56.457534
EXT-02034,พื้นที่เสี่ยงภัยดินถล่ม,กรมทรัพยากรธรณี,วัดป่านาจะหลวย | รายละเอียด: วัด,,,"14.53349743699873,105.23788456586831",วัดป่านาจะหลวย,นาจะหลวย,นาจะหลวย,อุบลราชธานี,2025-11-19T16:21:56.457534,,0,0,2025-11-19T16:21:56.457534
EXT-02035,พื้นที่เสี่ยงภัยดินถล่ม,กรมทรัพยากรธรณี,วัดป่าหนองแวง | รายละเอียด: วัด,,,"14.53797851959154,105.21039301369537",วัดป่าหนองแวง,นาจะหลวย,นาจะหลวย,อุบลราชธานี,2025-11-19T16:21:56.457534,,0,0,2025-11-19T16:21:56.457534
EXT-02036,พื้นที่เสี่ยงภัยดินถล่ม,กรมทรัพยากรธรณี,วัดป่าแสงธรรม | รายละเอียด: วัด,,,"14.537772011279767,105.19836742643933",วัดป่าแสงธรรม,บ้านตูม,นาจะหลวย,อุบลราชธานี,2025-11-19T16:21:56.457534,,0,0,2025-11-19T16:21:56.457534
EXT-02037,พื้นที่เสี่ยงภัยดินถล่ม,กรมทรัพยากรธรณี,วัดทองมาวราราม | รายละเอียด: วัด,,,"14.516956375529102,105.23023113471345",วัดทองมาวราราม,นาจะหลวย,นาจะหลวย,อุบลราชธานี,2025-11-19T16:21:56.457534,,0,0,2025-11-19T16:21:56.457534
EXT-02038,พื้นที่เสี่ยงภัยดินถล่ม,กรมทรัพยากรธรณี,วัดป่าโนนนิเวศน์ | รายละเอียด: วัด,,,"14.503563791134777,105.24926401320015",วัดป่าโนนนิเวศน์,นาจะหลวย,นาจะหลวย,อุบลราชธานี,2025-11-19T16:21:56.457534,,0,0,2025-11-19T16:21:56.457534
EXT-02039,พื้นที่เสี่ยงภัยดินถล่ม,กรมทรัพยากรธรณี,วัดบ้านโคกน้อย | รายละเอียด: วัด,,,"14.53655072943786,105.18010028517614",วัดบ้านโคกน้อย,บ้านตูม,นาจะหลวย,อุบลราชธานี,2025-11-19T16:21:56.457534,,0,0,2025-11-19T16:21:56.457534
EXT-02040,พื้นที่เสี่ยงภัยดินถล่ม,กรมทรัพยากรธรณี,วัดศรีพรหม | รายละเอียด: วัด,,,"14.52897534177967,105.25063636992452",วัดศรีพรหม,นาจะหลวย,นาจะหลวย,อุบลราชธานี,2025-11-19T16:21:56.457534,,0,0,2025-11-19T16:21:56.457534
EXT-02041,พื้นที่เสี่ยงภัยดินถล่ม,กรมทรัพยากรธรณี,วัดเทพศรัวิไล | รายละเอียด: วัด,,,"14.535599718707191,105.25773798569871",วัดเทพศรัวิไล,นาจะหลวย,นาจะหลวย,อุบลราชธานี,2025-11-19T16:21:56.457534,,0,0,2025-11-19T16:21:56.457534
EXT-02042,พื้นที่เสี่ยงภัยดินถล่ม,กรมทรัพยากรธรณี,วัดภูพลาญสูง | รายละเอียด: วัด,,,"14.50634596378272,105.2723310793263",วัดภูพลาญสูง,นาจะหลวย,นาจะหลวย,อุบลราชธานี,2025-11-19T16:21:56.457534,,0,0,2025-11-19T16:21:56.457534
EXT-02043,พื้นที่เสี่ยงภัยดินถล่ม,กรมทรัพยากรธรณี,วัดพลาญแก้ว | รายละเอียด: วัด,,,"14.52384718832752,105.26731514890598",วัดพลาญแก้ว,นาจะหลวย,นาจะหลวย,อุบลราชธานี,2025-11-19T16:21:56.457534,,0,0,2025-11-19T16:21:56.457534
EXT-02044,พื้นที่เสี่ยงภัยดินถล่ม,กรมทรัพยากรธรณี,ไม่มีข้อมูล | รายละเอียด: ไม่มีข้อมูล,,,"14.492510402685607,105.16819856936169",ไม่มีข้อมูล,บ้านตูม,นาจะหลวย,อุบลราชธานี,2025-11-19T16:21:56.457534,,0,0,2025-11-19T16:21:56.457534
EXT-02045,พื้นที่เสี่ยงภัยดินถล่ม,กรมทรัพยากรธรณี,สำนักสงฆ์บ้านทุ่งเงิน | รายละเอียด: วัด,,,"14.493209679158786,105.17451004303386",สำนักสงฆ์บ้านทุ่งเงิน,บ้านตูม,นาจะหลวย,อุบลราชธานี,2025-11-19T16:21:56.457534,,0,0,2025-11-19T16:21:56.457534
EXT-02046,พื้นที่เสี่ยงภัยดินถล่ม,กรมทรัพยากรธรณี,วัดใหญ่อินทราราม | รายละเอียด: วัด,,,"14.496687301277163,105.22310945471553",วัดใหญ่อินทราราม,นาจะหลวย,นาจะหลวย,อุบลราชธานี,2025-11-19T16:21:56.457534,,0,0,2025-11-19T16:21:56.457534
EXT-02047,พื้นที่เสี่ยงภัยดินถล่ม,กรมทรัพยากรธรณี,วัดศรีสว่างธรรมราราม | รายละเอียด: วัด,,,"14.470329685704286,105.17917720410553",วัดศรีสว่างธรรมราราม,นาจะหลวย,นาจะหลวย,อุบลราชธานี,2025-11-19T16:21:56.457534,,0,0,2025-11-19T16:21:56.457534
EXT-02048,พื้นที่เสี่ยงภัยดินถล่ม,กรมทรัพยากรธรณี,วัดป่าเวฬุวันวนาราม | รายละเอียด: วัด,,,"14.485881608130404,105.16160584783918",วัดป่าเวฬุวันวนาราม,บ้านตูม,นาจะหลวย,อุบลราชธานี,2025-11-19T16:21:56.457534,,0,0,2025-11-19T16:21:56.457534
EXT-02049,พื้นที่เสี่ยงภัยดินถล่ม,กรมทรัพยากรธรณี,โรงเรียนบ้านโคกน้อย | รายละเอียด: โรงเรียน,,,"14.532298954361456,105.18297618721309",โรงเรียนบ้านโคกน้อย,บ้านตูม,นาจะหลวย,อุบลราชธานี,2025-11-19T16:21:56.457534,,0,0,2025-11-19T16:21:56.457534
EXT-02050,พื้นที่เสี่ยงภัยดินถล่ม,กรมทรัพยากรธรณี,โรงเรียนนาจะหลวย(กรป.กลางอุปถัมภ์) | รายละเอียด: โรงเรียน,,,"14.519082188052394,105.24083820832183",โรงเรียนนาจะหลวย(กรป.กลางอุปถัมภ์),นาจะหลวย,นาจะหลวย,อุบลราชธานี,2025-11-19T16:21:56.457534,,0,0,2025-11-19T16:21:56.457534
EXT-02051,พื้นที่เสี่ยงภัยดินถล่ม,กรมทรัพยากรธรณี,โรงเรียนนาจะหลวย | รายละเอียด: โรงเรียน,,,"14.523896432602129,105.24756833069927",โรงเรียนนาจะหลวย,นาจะหลวย,นาจะหลวย,อุบลราชธานี,2025-11-19T16:21:56.457534,,0,0,2025-11-19T16:21:56.457534
EXT-02052,พื้นที่เสี่ยงภัยดินถล่ม,กรมทรัพยากรธรณี,โรงเรียนผอบ ณ นคร 2 | รายละเอียด: โรงเรียน,,,"14.538731223532205,105.25324722506681",โรงเรียนผอบ ณ นคร 2,นาจะหลวย,นาจะหลวย,อุบลราชธานี,2025-11-19T16:21:56.457534,,0,0,2025-11-19T16:21:56.457534
EXT-02053,พื้นที่เสี่ยงภัยดินถล่ม,กรมทรัพยากรธรณี,โรงเรียนบ้านทุ่งเงินโนนเจริญ | รายละเอียด: โรงเรียน,,,"14.49459184340324,105.17034022881683",โรงเรียนบ้านทุ่งเงินโนนเจริญ,บ้านตูม,นาจะหลวย,อุบลราชธานี,2025-11-19T16:21:56.457534,,0,0,2025-11-19T16:21:56.457534
EXT-02054,พื้นที่เสี่ยงภัยดินถล่ม,กรมทรัพยากรธรณี,โรงเรียนบ้านโคกใหญ่ | รายละเอียด: โรงเรียน,,,"14.490683416222884,105.21739508808503",โรงเรียนบ้านโคกใหญ่,นาจะหลวย,นาจะหลวย,อุบลราชธานี,2025-11-19T16:21:56.457534,,0,0,2025-11-19T16:21:56.457534
EXT-02055,พื้นที่เสี่ยงภัยดินถล่ม,กรมทรัพยากรธรณี,โรงเรียนบ้านแก้งขี้เหล็ก | รายละเอียด: โรงเรียน,,,"14.472992859359875,105.17949007642862",โรงเรียนบ้านแก้งขี้เหล็ก,นาจะหลวย,นาจะหลวย,อุบลราชธานี,2025-11-19T16:21:56.457534,,0,0,2025-11-19T16:21:56.457534
EXT-02056,พื้นที่เสี่ยงภัยดินถล่ม,กรมทรัพยากรธรณี,อำเภอนาจะหลวย | รายละเอียด: สถานที่ราชการ,,,"14.52180025970177,105.24555010049048",อำเภอนาจะหลวย,นาจะหลวย,นาจะหลวย,อุบลราชธานี,2025-11-19T16:21:56.457534,,0,0,2025-11-19T16:21:56.457534
EXT-02057,พื้นที่เสี่ยงภัยดินถล่ม,กรมทรัพยากรธรณี,สถานีอนามัยบ้านโนนแดง | รายละเอียด: สถานีอนามัย,,,"14.63589873296847,105.22168957398522",สถานีอนามัยบ้านโนนแดง,บ้านตูม,นาจะหลวย,อุบลราชธานี,2025-11-19T16:21:56.457534,,0,0,2025-11-19T16:21:56.457534
EXT-02058,พื้นที่เสี่ยงภัยดินถล่ม,กรมทรัพยากรธรณี,วัดป่าพอกวนาราม | รายละเอียด: วัด,,,"14.652548196773177,105.20952550920468",วัดป่าพอกวนาราม,โนนสมบูรณ์,นาจะหลวย,อุบลราชธานี,2025-11-19T16:21:56.457534,,0,0,2025-11-19T16:21:56.457534
EXT-02059,พื้นที่เสี่ยงภัยดินถล่ม,กรมทรัพยากรธรณี,วัดแก้งขอ | รายละเอียด: วัด,,,"14.655875964901705,105.16705991526759",วัดแก้งขอ,พรสวรรค์,นาจะหลวย,อุบลราชธานี,2025-11-19T16:21:56.457534,,0,0,2025-11-19T16:21:56.457534
EXT-02060,พื้นที่เสี่ยงภัยดินถล่ม,กรมทรัพยากรธรณี,วัดบ้านโนนป่ารัง | รายละเอียด: วัด,,,"14.660426960000617,105.1296750411832",วัดบ้านโนนป่ารัง,โนนสวรรค์,นาจะหลวย,อุบลราชธานี,2025-11-19T16:21:56.457534,,0,0,2025-11-19T16:21:56.457534
EXT-02061,พื้นที่เสี่ยงภัยดินถล่ม,กรมทรัพยากรธรณี,วัดหนองขี้เหล็ก | รายละเอียด: วัด,,,"14.640612148083548,105.14253633081893",วัดหนองขี้เหล็ก,โนนสวรรค์,นาจะหลวย,อุบลราชธานี,2025-11-19T16:21:56.457534,,0,0,2025-11-19T16:21:56.457534
EXT-02062,พื้นที่เสี่ยงภัยดินถล่ม,กรมทรัพยากรธรณี,วัดป่าหนองบัวฮี | รายละเอียด: วัด,,,"14.633688334296547,105.14102849869575",วัดป่าหนองบัวฮี,โนนสวรรค์,นาจะหลวย,อุบลราชธานี,2025-11-19T16:21:56.457534,,0,0,2025-11-19T16:21:56.457534
EXT-02063,พื้นที่เสี่ยงภัยดินถล่ม,กรมทรัพยากรธรณี,วัดบ้านโนนว่าน | รายละเอียด: วัด,,,"14.638747012215727,105.15806220157357",วัดบ้านโนนว่าน,โนนสวรรค์,นาจะหลวย,อุบลราชธานี,2025-11-19T16:21:56.457534,,0,0,2025-11-19T16:21:56.457534
EXT-02064,พื้นที่เสี่ยงภัยดินถล่ม,กรมทรัพยากรธรณี,วัดบ้านม่วง | รายละเอียด: วัด,,,"14.638987655576985,105.17323095890357",วัดบ้านม่วง,พรสวรรค์,นาจะหลวย,อุบลราชธานี,2025-11-19T16:21:56.457534,,0,0,2025-11-19T16:21:56.457534
EXT-02065,พื้นที่เสี่ยงภัยดินถล่ม,กรมทรัพยากรธรณี,วัดแก้งกกไฮ | รายละเอียด: วัด,,,"14.628375431256595,105.1650932964441",วัดแก้งกกไฮ,โนนสวรรค์,นาจะหลวย,อุบลราชธานี,2025-11-19T16:21:56.457534,,0,0,2025-11-19T16:21:56.457534
EXT-02066,พื้นที่เสี่ยงภัยดินถล่ม,กรมทรัพยากรธรณี,วัดบ้านหนองกระโดน | รายละเอียด: วัด,,,"14.632374035358694,105.18403823642026",วัดบ้านหนองกระโดน,พรสวรรค์,นาจะหลวย,อุบลราชธานี,2025-11-19T16:21:56.457534,,0,0,2025-11-19T16:21:56.457534
EXT-02067,พื้นที่เสี่ยงภัยดินถล่ม,กรมทรัพยากรธรณี,วัดป่าแสงชัยเจริญธรรม | รายละเอียด: วัด,,,"14.556117195468023,105.1356439150531",วัดป่าแสงชัยเจริญธรรม,ยางใหญ่,น้ำยืน,อุบลราชธานี,2025-11-19T16:21:56.457534,,0,0,2025-11-19T16:21:56.457534
EXT-02068,พื้นที่เสี่ยงภัยดินถล่ม,กรมทรัพยากรธรณี,วัดบ้านป่าก้าว | รายละเอียด: วัด,,,"14.65292112127835,105.18899212872344",วัดบ้านป่าก้าว,โนนสมบูรณ์,นาจะหลวย,อุบลราชธานี,2025-11-19T16:21:56.457534,,0,0,2025-11-19T16:21:56.457534
EXT-02069,พื้นที่เสี่ยงภัยดินถล่ม,กรมทรัพยากรธรณี,วัดบ้านคำอุดม | รายละเอียด: วัด,,,"14.6148365845785,105.13318294245664",วัดบ้านคำอุดม,โนนสวรรค์,นาจะหลวย,อุบลราชธานี,2025-11-19T16:21:56.457534,,0,0,2025-11-19T16:21:56.457534
EXT-02070,พื้นที่เสี่ยงภัยดินถล่ม,กรมทรัพยากรธรณี,วัดบ้านโนนแดง | รายละเอียด: วัด,,,"14.630433997181115,105.2215064308382",วัดบ้านโนนแดง,บ้านตูม,นาจะหลวย,อุบลราชธานี,2025-11-19T16:21:56.457534,,0,0,2025-11-19T16:21:56.457534
EXT-02071,พื้นที่เสี่ยงภัยดินถล่ม,กรมทรัพยากรธรณี,วัดบ้านป่าไร่ | รายละเอียด: วัด,,,"14.660556964669892,105.25748738433315",วัดบ้านป่าไร่,โสกแสง,นาจะหลวย,อุบลราชธานี,2025-11-19T16:21:56.457534,,0,0,2025-11-19T16:21:56.457534
EXT-02072,พื้นที่เสี่ยงภัยดินถล่ม,กรมทรัพยากรธรณี,วัดบ้านคำม่วง | รายละเอียด: วัด,,,"14.640546625418365,105.2822596508133",วัดบ้านคำม่วง,โสกแสง,นาจะหลวย,อุบลราชธานี,2025-11-19T16:21:56.457534,,0,0,2025-11-19T16:21:56.457534
EXT-02073,พื้นที่เสี่ยงภัยดินถล่ม,กรมทรัพยากรธรณี,โรงเรียนบ้านป่าก้าว | รายละเอียด: โรงเรียน,,,"14.654637175015356,105.18527909098582",โรงเรียนบ้านป่าก้าว,โนนสมบูรณ์,นาจะหลวย,อุบลราชธานี,2025-11-19T16:21:56.457534,,0,0,2025-11-19T16:21:56.457534
EXT-02074,พื้นที่เสี่ยงภัยดินถล่ม,กรมทรัพยากรธรณี,โรงเรียนบ้านโนนว่าน | รายละเอียด: โรงเรียน,,,"14.636669170754647,105.15393225645289",โรงเรียนบ้านโนนว่าน,โนนสวรรค์,นาจะหลวย,อุบลราชธานี,2025-11-19T16:21:56.457534,,0,0,2025-11-19T16:21:56.457534
EXT-02075,พื้นที่เสี่ยงภัยดินถล่ม,กรมทรัพยากรธรณี,โรงเรียนดงสว่างวิทยา | รายละเอียด: โรงเรียน,,,"14.637208706747431,105.13198249267238",โรงเรียนดงสว่างวิทยา,โนนสวรรค์,นาจะหลวย,อุบลราชธานี,2025-11-19T16:21:56.457534,,0,0,2025-11-19T16:21:56.457534
EXT-02076,พื้นที่เสี่ยงภัยดินถล่ม,กรมทรัพยากรธรณี,โรงเรียนบ้านคำอุดม | รายละเอียด: โรงเรียน,,,"14.620526015769604,105.12637921774511",โรงเรียนบ้านคำอุดม,โนนสวรรค์,นาจะหลวย,อุบลราชธานี,2025-11-19T16:21:56.457534,,0,0,2025-11-19T16:21:56.457534
EXT-02077,พื้นที่เสี่ยงภัยดินถล่ม,กรมทรัพยากรธรณี,โรงเรียนชุมชนบ้านโนนแดง | รายละเอียด: โรงเรียน,,,"14.634056617819313,105.22113793625302",โรงเรียนชุมชนบ้านโนนแดง,บ้านตูม,นาจะหลวย,อุบลราชธานี,2025-11-19T16:21:56.457534,,0,0,2025-11-19T16:21:56.457534
EXT-02078,พื้นที่เสี่ยงภัยดินถล่ม,กรมทรัพยากรธรณี,โรงเรียนตระเวนชายแดนบ้านคำสะอาด | รายละเอียด: โรงเรียน,,,"14.591250562644756,105.14467594167407",โรงเรียนตระเวนชายแดนบ้านคำสะอาด,ยางใหญ่,น้ำยืน,อุบลราชธานี,2025-11-19T16:21:56.457534,,0,0,2025-11-19T16:21:56.457534
EXT-02079,พื้นที่เสี่ยงภัยดินถล่ม,กรมทรัพยากรธรณี,โรงเรียนบ้านตูม | รายละเอียด: โรงเรียน,,,"14.55785415457754,105.14372580420856",โรงเรียนบ้านตูม,ยางใหญ่,น้ำยืน,อุบลราชธานี,2025-11-19T16:21:56.457534,,0,0,2025-11-19T16:21:56.457534
EXT-02080,พื้นที่เสี่ยงภัยดินถล่ม,กรมทรัพยากรธรณี,โรงเรียนบ้านคำม่วง | รายละเอียด: โรงเรียน,,,"14.64369991546137,105.28495481240476",โรงเรียนบ้านคำม่วง,โสกแสง,นาจะหลวย,อุบลราชธานี,2025-11-19T16:21:56.457534,,0,0,2025-11-19T16:21:56.457534
EXT-02081,พื้นที่เสี่ยงภัยดินถล่ม,กรมทรัพยากรธรณี,สถานีอนามัยบุ่งคำ | รายละเอียด: สถานีอนามัย,,,"14.61693701651596,105.17072712442507",สถานีอนามัยบุ่งคำ,พรสวรรค์,นาจะหลวย,อุบลราชธานี,2025-11-19T16:21:56.457534,,0,0,2025-11-19T16:21:56.457534
EXT-02082,พื้นที่เสี่ยงภัยดินถล่ม,กรมทรัพยากรธรณี,สำนักสงฆ์สันติธรรม | รายละเอียด: วัด,,,"14.542309902202312,105.17446762586458",สำนักสงฆ์สันติธรรม,บ้านตูม,นาจะหลวย,อุบลราชธานี,2025-11-19T16:21:56.457534,,0,0,2025-11-19T16:21:56.457534
EXT-02083,พื้นที่เสี่ยงภัยดินถล่ม,กรมทรัพยากรธรณี,สำนักสงฆ์อุดมรังษี | รายละเอียด: วัด,,,"14.537188240103164,105.13401923302759",สำนักสงฆ์อุดมรังษี,บุเปือย,น้ำยืน,อุบลราชธานี,2025-11-19T16:21:56.457534,,0,0,2025-11-19T16:21:56.457534
EXT-02084,พื้นที่เสี่ยงภัยดินถล่ม,กรมทรัพยากรธรณี,วัดป่าโนนสว่างคีรีเขต | รายละเอียด: วัด,,,"14.598909547480382,105.16048172452743",วัดป่าโนนสว่างคีรีเขต,ยางใหญ่,น้ำยืน,อุบลราชธานี,2025-11-19T16:21:56.457534,,0,0,2025-11-19T16:21:56.457534
EXT-02085,พื้นที่เสี่ยงภัยดินถล่ม,กรมทรัพยากรธรณี,วัดบ้านคำสะอาด | รายละเอียด: วัด,,,"14.592935416632583,105.15927416537306",วัดบ้านคำสะอาด,ยางใหญ่,น้ำยืน,อุบลราชธานี,2025-11-19T16:21:56.457534,,0,0,2025-11-19T16:21:56.457534
EXT-02086,พื้นที่เสี่ยงภัยดินถล่ม,กรมทรัพยากรธรณี,วัดนวลจันทร์ | รายละเอียด: วัด,,,"14.584675007477985,105.1687340874145",วัดนวลจันทร์,พรสวรรค์,นาจะหลวย,อุบลราชธานี,2025-11-19T16:21:56.457534,,0,0,2025-11-19T16:21:56.457534
EXT-02087,พื้นที่เสี่ยงภัยดินถล่ม,กรมทรัพยากรธรณี,วัดบ้านแสนชะนี | รายละเอียด: วัด,,,"14.57463740183128,105.16950345159101",วัดบ้านแสนชะนี,พรสวรรค์,นาจะหลวย,อุบลราชธานี,2025-11-19T16:21:56.457534,,0,0,2025-11-19T16:21:56.457534
EXT-02088,พื้นที่เสี่ยงภัยดินถล่ม,กรมทรัพยากรธรณี,วัดบ้านดอนยาว | รายละเอียด: วัด,,,"14.599303619472186,105.22371229500983",วัดบ้านดอนยาว,บ้านตูม,นาจะหลวย,อุบลราชธานี,2025-11-19T16:21:56.457534,,0,0,2025-11-19T16:21:56.457534
EXT-02089,พื้นที่เสี่ยงภัยดินถล่ม,กรมทรัพยากรธรณี,วัดป่าถาวโร | รายละเอียด: วัด,,,"14.553423251965185,105.2086456631057",วัดป่าถาวโร,บ้านตูม,นาจะหลวย,อุบลราชธานี,2025-11-19T16:21:56.457534,,0,0,2025-11-19T16:21:56.457534
EXT-02090,พื้นที่เสี่ยงภัยดินถล่ม,กรมทรัพยากรธรณี,วัดบ้านดงกระซู | รายละเอียด: วัด,,,"14.55703569565393,105.14791934500148",วัดบ้านดงกระซู,ยางใหญ่,น้ำยืน,อุบลราชธานี,2025-11-19T16:21:56.457534,,0,0,2025-11-19T16:21:56.457534
EXT-02091,พื้นที่เสี่ยงภัยดินถล่ม,กรมทรัพยากรธรณี,วัดบ้านโนนเปือย | รายละเอียด: วัด,,,"14.526199657958216,105.13475465306293",วัดบ้านโนนเปือย,บุเปือย,น้ำยืน,อุบลราชธานี,2025-11-19T16:21:56.457534,,0,0,2025-11-19T16:21:56.457534
EXT-02092,พื้นที่เสี่ยงภัยดินถล่ม,กรมทรัพยากรธรณี,วัดบุ่งคำ | รายละเอียด: วัด,,,"14.618637846125973,105.17232674150635",วัดบุ่งคำ,พรสวรรค์,นาจะหลวย,อุบลราชธานี,2025-11-19T16:21:56.457534,,0,0,2025-11-19T16:21:56.457534
EXT-02093,พื้นที่เสี่ยงภัยดินถล่ม,กรมทรัพยากรธรณี,วัดบ้านคำบอน | รายละเอียด: วัด,,,"14.583499150855824,105.23488952624892",วัดบ้านคำบอน,บ้านตูม,นาจะหลวย,อุบลราชธานี,2025-11-19T16:21:56.457534,,0,0,2025-11-19T16:21:56.457534
EXT-02094,พื้นที่เสี่ยงภัยดินถล่ม,กรมทรัพยากรธรณี,ไม่มีข้อมูล | รายละเอียด: ไม่มีข้อมูล,,,"14.55840221568624,105.1951635730736",ไม่มีข้อมูล,บ้านตูม,นาจะหลวย,อุบลราชธานี,2025-11-19T16:21:56.457534,,0,0,2025-11-19T16:21:56.457534
EXT-02095,พื้นที่เสี่ยงภัยดินถล่ม,กรมทรัพยากรธรณี,วัดบ้านตูม | รายละเอียด: วัด,,,"14.562133013338158,105.18973122261076",วัดบ้านตูม,บ้านตูม,นาจะหลวย,อุบลราชธานี,2025-11-19T16:21:56.457534,,0,0,2025-11-19T16:21:56.457534
EXT-02096,พื้นที่เสี่ยงภัยดินถล่ม,กรมทรัพยากรธรณี,วัดบ้านท่าก่อ | รายละเอียด: วัด,,,"14.579578027859325,105.26780344871493",วัดบ้านท่าก่อ,นาจะหลวย,นาจะหลวย,อุบลราชธานี,2025-11-19T16:21:56.457534,,0,0,2025-11-19T16:21:56.457534
EXT-02097,พื้นที่เสี่ยงภัยดินถล่ม,กรมทรัพยากรธรณี,วัดหนองโพด | รายละเอียด: วัด,,,"14.498743572583697,105.12016405767386",วัดหนองโพด,โดมประดิษฐ์,น้ำยืน,อุบลราชธานี,2025-11-19T16:21:56.457534,,0,0,2025-11-19T16:21:56.457534
EXT-02098,พื้นที่เสี่ยงภัยดินถล่ม,กรมทรัพยากรธรณี,โรงเรียนบ้านบุ่งคำ | รายละเอียด: โรงเรียน,,,"14.620073980825746,105.17072570372045",โรงเรียนบ้านบุ่งคำ,พรสวรรค์,นาจะหลวย,อุบลราชธานี,2025-11-19T16:21:56.457534,,0,0,2025-11-19T16:21:56.457534
EXT-02099,พื้นที่เสี่ยงภัยดินถล่ม,กรมทรัพยากรธรณี,โรงเรียนบ้านคำบอน | รายละเอียด: โรงเรียน,,,"14.583355881345748,105.22592918494621",โรงเรียนบ้านคำบอน,บ้านตูม,นาจะหลวย,อุบลราชธานี,2025-11-19T16:21:56.457534,,0,0,2025-11-19T16:21:56.457534
EXT-02100,พื้นที่เสี่ยงภัยดินถล่ม,กรมทรัพยากรธรณี,โรงเรียนบ้านคุ้มแสนชะนี | รายละเอียด: โรงเรียน,,,"14.58265868170649,105.16514484105855",โรงเรียนบ้านคุ้มแสนชะนี,พรสวรรค์,นาจะหลวย,อุบลราชธานี,2025-11-19T16:21:56.457534,,0,0,2025-11-19T16:21:56.457534
EXT-02101,พื้นที่เสี่ยงภัยดินถล่ม,กรมทรัพยากรธรณี,โรงเรียนบ้านโนนเปือย | รายละเอียด: โรงเรียน,,,"14.527164514790176,105.13693497750477",โรงเรียนบ้านโนนเปือย,บุเปือย,น้ำยืน,อุบลราชธานี,2025-11-19T16:21:56.457534,,0,0,2025-11-19T16:21:56.457534
EXT-02102,พื้นที่เสี่ยงภัยดินถล่ม,กรมทรัพยากรธรณี,โรงเรียนบ้านท่าก่อ | รายละเอียด: โรงเรียน,,,"14.577025534669026,105.26738890746178",โรงเรียนบ้านท่าก่อ,นาจะหลวย,นาจะหลวย,อุบลราชธานี,2025-11-19T16:21:56.457534,,0,0,2025-11-19T16:21:56.457534
EXT-02103,พื้นที่เสี่ยงภัยดินถล่ม,กรมทรัพยากรธรณี,โรงเรียนตำรวจตระเวนชายแดนบ้านท่าแสนคูณ | รายละเอียด: โรงเรียน,,,"14.495346104061696,105.13713091739163",โรงเรียนตำรวจตระเวนชายแดนบ้านท่าแสนคูณ,โดมประดิษฐ์,น้ำยืน,อุบลราชธานี,2025-11-19T16:21:56.457534,,0,0,2025-11-19T16:21:56.457534
EXT-02104,พื้นที่เสี่ยงภัยดินถล่ม,กรมทรัพยากรธรณี,โรงพยาบาลนาจะหลวย | รายละเอียด: โรงพยาบาล,,,"14.521481177114786,105.24325726173124",โรงพยาบาลนาจะหลวย,นาจะหลวย,นาจะหลวย,อุบลราชธานี,2025-11-19T16:21:56.457534,,0,0,2025-11-19T16:21:56.457534
EXT-02105,พื้นที่เสี่ยงภัยดินถล่ม,กรมทรัพยากรธรณี,ไม่มีข้อมูล | รายละเอียด: ไม่มีข้อมูล,,,"14.520188795373347,105.24822340612837",ไม่มีข้อมูล,นาจะหลวย,นาจะหลวย,อุบลราชธานี,2025-11-19T16:21:56.457534,,0,0,2025-11-19T16:21:56.457534
EXT-02106,พื้นที่เสี่ยงภัยดินถล่ม,กรมทรัพยากรธรณี,วัดป่านาจะหลวย | รายละเอียด: วัด,,,"14.53349743699873,105.23788456586831",วัดป่านาจะหลวย,นาจะหลวย,นาจะหลวย,อุบลราชธานี,2025-11-19T16:21:56.457534,,0,0,2025-11-19T16:21:56.457534
EXT-02107,พื้นที่เสี่ยงภัยดินถล่ม,กรมทรัพยากรธรณี,วัดป่าหนองแวง | รายละเอียด: วัด,,,"14.53797851959154,105.21039301369537",วัดป่าหนองแวง,นาจะหลวย,นาจะหลวย,อุบลราชธานี,2025-11-19T16:21:56.457534,,0,0,2025-11-19T16:21:56.457534
EXT-02108,พื้นที่เสี่ยงภัยดินถล่ม,กรมทรัพยากรธรณี,วัดป่าแสงธรรม | รายละเอียด: วัด,,,"14.537772011279767,105.19836742643933",วัดป่าแสงธรรม,บ้านตูม,นาจะหลวย,อุบลราชธานี,2025-11-19T16:21:56.457534,,0,0,2025-11-19T16:21:56.457534
EXT-02109,พื้นที่เสี่ยงภัยดินถล่ม,กรมทรัพยากรธรณี,วัดทองมาวราราม | รายละเอียด: วัด,,,"14.516956375529102,105.23023113471345",วัดทองมาวราราม,นาจะหลวย,นาจะหลวย,อุบลราชธานี,2025-11-19T16:21:56.457534,,0,0,2025-11-19T16:21:56.457534
EXT-02110,พื้นที่เสี่ยงภัยดินถล่ม,กรมทรัพยากรธรณี,วัดป่าโนนนิเวศน์ | รายละเอียด: วัด,,,"14.503563791134777,105.24926401320015",วัดป่าโนนนิเวศน์,นาจะหลวย,นาจะหลวย,อุบลราชธานี,2025-11-19T16:21:56.457534,,0,0,2025-11-19T16:21:56.457534
EXT-02111,พื้นที่เสี่ยงภัยดินถล่ม,กรมทรัพยากรธรณี,วัดบ้านโคกน้อย | รายละเอียด: วัด,,,"14.53655072943786,105.18010028517614",วัดบ้านโคกน้อย,บ้านตูม,นาจะหลวย,อุบลราชธานี,2025-11-19T16:21:56.457534,,0,0,2025-11-19T16:21:56.457534
EXT-02112,พื้นที่เสี่ยงภัยดินถล่ม,กรมทรัพยากรธรณี,วัดศรีพรหม | รายละเอียด: วัด,,,"14.52897534177967,105.25063636992452",วัดศรีพรหม,นาจะหลวย,นาจะหลวย,อุบลราชธานี,2025-11-19T16:21:56.457534,,0,0,2025-11-19T16:21:56.457534
EXT-02113,พื้นที่เสี่ยงภัยดินถล่ม,กรมทรัพยากรธรณี,วัดเทพศรัวิไล | รายละเอียด: วัด,,,"14.535599718707191,105.25773798569871",วัดเทพศรัวิไล,นาจะหลวย,นาจะหลวย,อุบลราชธานี,2025-11-19T16:21:56.457534,,0,0,2025-11-19T16:21:56.457534
EXT-02114,พื้นที่เสี่ยงภัยดินถล่ม,กรมทรัพยากรธรณี,วัดภูพลาญสูง | รายละเอียด: วัด,,,"14.50634596378272,105.2723310793263",วัดภูพลาญสูง,นาจะหลวย,นาจะหลวย,อุบลราชธานี,2025-11-19T16:21:56.457534,,0,0,2025-11-19T16:21:56.457534
EXT-02115,พื้นที่เสี่ยงภัยดินถล่ม,กรมทรัพยากรธรณี,วัดพลาญแก้ว | รายละเอียด: วัด,,,"14.52384718832752,105.26731514890598",วัดพลาญแก้ว,นาจะหลวย,นาจะหลวย,อุบลราชธานี,2025-11-19T16:21:56.457534,,0,0,2025-11-19T16:21:56.457534
EXT-02116,พื้นที่เสี่ยงภัยดินถล่ม,กรมทรัพยากรธรณี,ไม่มีข้อมูล | รายละเอียด: ไม่มีข้อมูล,,,"14.492510402685607,105.16819856936169",ไม่มีข้อมูล,บ้านตูม,นาจะหลวย,อุบลราชธานี,2025-11-19T16:21:56.457534,,0,0,2025-11-19T16:21:56.457534
EXT-02117,พื้นที่เสี่ยงภัยดินถล่ม,กรมทรัพยากรธรณี,สำนักสงฆ์บ้านทุ่งเงิน | รายละเอียด: วัด,,,"14.493209679158786,105.17451004303386",สำนักสงฆ์บ้านทุ่งเงิน,บ้านตูม,นาจะหลวย,อุบลราชธานี,2025-11-19T16:21:56.457534,,0,0,2025-11-19T16:21:56.457534
EXT-02118,พื้นที่เสี่ยงภัยดินถล่ม,กรมทรัพยากรธรณี,วัดใหญ่อินทราราม | รายละเอียด: วัด,,,"14.496687301277163,105.22310945471553",วัดใหญ่อินทราราม,นาจะหลวย,นาจะหลวย,อุบลราชธานี,2025-11-19T16:21:56.457534,,0,0,2025-11-19T16:21:56.457534
EXT-02119,พื้นที่เสี่ยงภัยดินถล่ม,กรมทรัพยากรธรณี,วัดศรีสว่างธรรมราราม | รายละเอียด: วัด,,,"14.470329685704286,105.17917720410553",วัดศรีสว่างธรรมราราม,นาจะหลวย,นาจะหลวย,อุบลราชธานี,2025-11-19T16:21:56.457534,,0,0,2025-11-19T16:21:56.457534
EXT-02120,พื้นที่เสี่ยงภัยดินถล่ม,กรมทรัพยากรธรณี,วัดป่าเวฬุวันวนาราม | รายละเอียด: วัด,,,"14.485881608130404,105.16160584783918",วัดป่าเวฬุวันวนาราม,บ้านตูม,นาจะหลวย,อุบลราชธานี,2025-11-19T16:21:56.457534,,0,0,2025-11-19T16:21:56.457534
EXT-02121,พื้นที่เสี่ยงภัยดินถล่ม,กรมทรัพยากรธรณี,โรงเรียนบ้านโคกน้อย | รายละเอียด: โรงเรียน,,,"14.532298954361456,105.18297618721309",โรงเรียนบ้านโคกน้อย,บ้านตูม,นาจะหลวย,อุบลราชธานี,2025-11-19T16:21:56.457534,,0,0,2025-11-19T16:21:56.457534
EXT-02122,พื้นที่เสี่ยงภัยดินถล่ม,กรมทรัพยากรธรณี,โรงเรียนนาจะหลวย(กรป.กลางอุปถัมภ์) | รายละเอียด: โรงเรียน,,,"14.519082188052394,105.24083820832183",โรงเรียนนาจะหลวย(กรป.กลางอุปถัมภ์),นาจะหลวย,นาจะหลวย,อุบลราชธานี,2025-11-19T16:21:56.457534,,0,0,2025-11-19T16:21:56.457534
EXT-02123,พื้นที่เสี่ยงภัยดินถล่ม,กรมทรัพยากรธรณี,โรงเรียนนาจะหลวย | รายละเอียด: โรงเรียน,,,"14.523896432602129,105.24756833069927",โรงเรียนนาจะหลวย,นาจะหลวย,นาจะหลวย,อุบลราชธานี,2025-11-19T16:21:56.457534,,0,0,2025-11-19T16:21:56.457534
EXT-02124,พื้นที่เสี่ยงภัยดินถล่ม,กรมทรัพยากรธรณี,โรงเรียนผอบ ณ นคร 2 | รายละเอียด: โรงเรียน,,,"14.538731223532205,105.25324722506681",โรงเรียนผอบ ณ นคร 2,นาจะหลวย,นาจะหลวย,อุบลราชธานี,2025-11-19T16:21:56.457534,,0,0,2025-11-19T16:21:56.457534
EXT-02125,พื้นที่เสี่ยงภัยดินถล่ม,กรมทรัพยากรธรณี,โรงเรียนบ้านทุ่งเงินโนนเจริญ | รายละเอียด: โรงเรียน,,,"14.49459184340324,105.17034022881683",โรงเรียนบ้านทุ่งเงินโนนเจริญ,บ้านตูม,นาจะหลวย,อุบลราชธานี,2025-11-19T16:21:56.457534,,0,0,2025-11-19T16:21:56.457534
EXT-02126,พื้นที่เสี่ยงภัยดินถล่ม,กรมทรัพยากรธรณี,โรงเรียนบ้านโคกใหญ่ | รายละเอียด: โรงเรียน,,,"14.490683416222884,105.21739508808503",โรงเรียนบ้านโคกใหญ่,นาจะหลวย,นาจะหลวย,อุบลราชธานี,2025-11-19T16:21:56.457534,,0,0,2025-11-19T16:21:56.457534
EXT-02127,พื้นที่เสี่ยงภัยดินถล่ม,กรมทรัพยากรธรณี,โรงเรียนบ้านแก้งขี้เหล็ก | รายละเอียด: โรงเรียน,,,"14.472992859359875,105.17949007642862",โรงเรียนบ้านแก้งขี้เหล็ก,นาจะหลวย,นาจะหลวย,อุบลราชธานี,2025-11-19T16:21:56.457534,,0,0,2025-11-19T16:21:56.457534
EXT-02128,พื้นที่เสี่ยงภัยดินถล่ม,กรมทรัพยากรธรณี,อำเภอนาจะหลวย | รายละเอียด: สถานที่ราชการ,,,"14.52180025970177,105.24555010049048",อำเภอนาจะหลวย,นาจะหลวย,นาจะหลวย,อุบลราชธานี,2025-11-19T16:21:56.457534,,0,0,2025-11-19T16:21:56.457534
EXT-02129,พื้นที่เสี่ยงภัยดินถล่ม,กรมทรัพยากรธรณี,สถานีอนามัยบุเปือย | รายละเอียด: สถานีอนามัย,,,"14.540526556246823,105.0473771285466",สถานีอนามัยบุเปือย,บุเปือย,น้ำยืน,อุบลราชธานี,2025-11-19T16:21:56.457534,,0,0,2025-11-19T16:21:56.457534
EXT-02130,พื้นที่เสี่ยงภัยดินถล่ม,กรมทรัพยากรธรณี,วัดบ้านแก้งโตน | รายละเอียด: วัด,,,"14.539657305858858,105.0983254582058",วัดบ้านแก้งโตน,บุเปือย,น้ำยืน,อุบลราชธานี,2025-11-19T16:21:56.457534,,0,0,2025-11-19T16:21:56.457534
EXT-02131,พื้นที่เสี่ยงภัยดินถล่ม,กรมทรัพยากรธรณี,วัดป่าค้อเจริญธรรม | รายละเอียด: วัด,,,"14.518272898014475,105.03972547699635",วัดป่าค้อเจริญธรรม,สีวิเชียร,น้ำยืน,อุบลราชธานี,2025-11-19T16:21:56.457534,,0,0,2025-11-19T16:21:56.457534
EXT-02132,พื้นที่เสี่ยงภัยดินถล่ม,กรมทรัพยากรธรณี,สถานีอนามัยหนองครก-ตายอย | รายละเอียด: สถานีอนามัย,,,"14.446375109070056,105.06581027246898",สถานีอนามัยหนองครก-ตายอย,โดมประดิษฐ์,น้ำยืน,อุบลราชธานี,2025-11-19T16:21:56.457534,,0,0,2025-11-19T16:21:56.457534
EXT-02133,พื้นที่เสี่ยงภัยดินถล่ม,กรมทรัพยากรธรณี,สถานีอนามัยแข้ด่อน | รายละเอียด: สถานีอนามัย,,,"14.412249050410214,105.11118059669063",สถานีอนามัยแข้ด่อน,โดมประดิษฐ์,น้ำยืน,อุบลราชธานี,2025-11-19T16:21:56.457534,,0,0,2025-11-19T16:21:56.457534
EXT-02134,พื้นที่เสี่ยงภัยดินถล่ม,กรมทรัพยากรธรณี,วัดบ้านนาสามัคคี | รายละเอียด: วัด,,,"14.496427117235053,105.03507161510628",วัดบ้านนาสามัคคี,สีวิเชียร,น้ำยืน,อุบลราชธานี,2025-11-19T16:21:56.457534,,0,0,2025-11-19T16:21:56.457534
EXT-02135,พื้นที่เสี่ยงภัยดินถล่ม,กรมทรัพยากรธรณี,วัดบ้านแข้ด่อน | รายละเอียด: วัด,,,"14.414462435747096,105.11224629318168",วัดบ้านแข้ด่อน,โดมประดิษฐ์,น้ำยืน,อุบลราชธานี,2025-11-19T16:21:56.457534,,0,0,2025-11-19T16:21:56.457534
EXT-02136,พื้นที่เสี่ยงภัยดินถล่ม,กรมทรัพยากรธรณี,วัดบูรพาเจริญจิต(บ้านห้วยแก้ว) | รายละเอียด: วัด,,,"14.496037796624277,105.07417855156378",วัดบูรพาเจริญจิต(บ้านห้วยแก้ว),สีวิเชียร,น้ำยืน,อุบลราชธานี,2025-11-19T16:21:56.457534,,0,0,2025-11-19T16:21:56.457534
EXT-02137,พื้นที่เสี่ยงภัยดินถล่ม,กรมทรัพยากรธรณี,วัดบ้านซำหวาย | รายละเอียด: วัด,,,"14.474328750700542,105.05783825920837",วัดบ้านซำหวาย,สีวิเชียร,น้ำยืน,อุบลราชธานี,2025-11-19T16:21:56.457534,,0,0,2025-11-19T16:21:56.457534
EXT-02138,พื้นที่เสี่ยงภัยดินถล่ม,กรมทรัพยากรธรณี,วัดสันตินิมิตร | รายละเอียด: วัด,,,"14.449991577781136,105.06354951640807",วัดสันตินิมิตร,โดมประดิษฐ์,น้ำยืน,อุบลราชธานี,2025-11-19T16:21:56.457534,,0,0,2025-11-19T16:21:56.457534
EXT-02139,พื้นที่เสี่ยงภัยดินถล่ม,กรมทรัพยากรธรณี,วัดบ้านหนองครก | รายละเอียด: วัด,,,"14.448859769113865,105.07485190545638",วัดบ้านหนองครก,โดมประดิษฐ์,น้ำยืน,อุบลราชธานี,2025-11-19T16:21:56.457534,,0,0,2025-11-19T16:21:56.457534
EXT-02140,พื้นที่เสี่ยงภัยดินถล่ม,กรมทรัพยากรธรณี,วัดป่าพุทธจิตเจริญธรรม | รายละเอียด: วัด,,,"14.460897672094756,105.10335985384454",วัดป่าพุทธจิตเจริญธรรม,โดมประดิษฐ์,น้ำยืน,อุบลราชธานี,2025-11-19T16:21:56.457534,,0,0,2025-11-19T16:21:56.457534
EXT-02141,พื้นที่เสี่ยงภัยดินถล่ม,กรมทรัพยากรธรณี,วัดป่าโพนทอง | รายละเอียด: วัด,,,"14.476390226208386,105.0937521413563",วัดป่าโพนทอง,โดมประดิษฐ์,น้ำยืน,อุบลราชธานี,2025-11-19T16:21:56.457534,,0,0,2025-11-19T16:21:56.457534
EXT-02142,พื้นที่เสี่ยงภัยดินถล่ม,กรมทรัพยากรธรณี,โรงเรียนบ้านแก้งโตน | รายละเอียด: โรงเรียน,,,"14.538894883359728,105.10271026082762",โรงเรียนบ้านแก้งโตน,บุเปือย,น้ำยืน,อุบลราชธานี,2025-11-19T16:21:56.457534,,0,0,2025-11-19T16:21:56.457534
EXT-02143,พื้นที่เสี่ยงภัยดินถล่ม,กรมทรัพยากรธรณี,โรงเรียนบ้านห้วยแก้ว | รายละเอียด: โรงเรียน,,,"14.499018798891314,105.06821407103861",โรงเรียนบ้านห้วยแก้ว,สีวิเชียร,น้ำยืน,อุบลราชธานี,2025-11-19T16:21:56.457534,,0,0,2025-11-19T16:21:56.457534
EXT-02144,พื้นที่เสี่ยงภัยดินถล่ม,กรมทรัพยากรธรณี,โรงเรียนบ้านซำหวาย | รายละเอียด: โรงเรียน,,,"14.47299301659738,105.05350087077137",โรงเรียนบ้านซำหวาย,สีวิเชียร,น้ำยืน,อุบลราชธานี,2025-11-19T16:21:56.457534,,0,0,2025-11-19T16:21:56.457534
EXT-02145,พื้นที่เสี่ยงภัยดินถล่ม,กรมทรัพยากรธรณี,โรงเรียนบ้านโพนทอง | รายละเอียด: โรงเรียน,,,"14.476559683419579,105.09535163377531",โรงเรียนบ้านโพนทอง,โดมประดิษฐ์,น้ำยืน,อุบลราชธานี,2025-11-19T16:21:56.457534,,0,0,2025-11-19T16:21:56.457534
EXT-02146,พื้นที่เสี่ยงภัยดินถล่ม,กรมทรัพยากรธรณี,โรงเรียนบ้านหนองขอน | รายละเอียด: โรงเรียน,,,"14.453301442188968,105.1030408183155",โรงเรียนบ้านหนองขอน,โดมประดิษฐ์,น้ำยืน,อุบลราชธานี,2025-11-19T16:21:56.457534,,0,0,2025-11-19T16:21:56.457534
EXT-02147,พื้นที่เสี่ยงภัยดินถล่ม,กรมทรัพยากรธรณี,โรงเรียนโดมประดิษฐ์วิทยา | รายละเอียด: โรงเรียน,,,"14.46398147728375,105.10711702072884",โรงเรียนโดมประดิษฐ์วิทยา,โดมประดิษฐ์,น้ำยืน,อุบลราชธานี,2025-11-19T16:21:56.457534,,0,0,2025-11-19T16:21:56.457534
EXT-02148,พื้นที่เสี่ยงภัยดินถล่ม,กรมทรัพยากรธรณี,โรงเรียนบ้านตายอย | รายละเอียด: โรงเรียน,,,"14.445792469738745,105.06631064141258",โรงเรียนบ้านตายอย,โดมประดิษฐ์,น้ำยืน,อุบลราชธานี,2025-11-19T16:21:56.457534,,0,0,2025-11-19T16:21:56.457534
EXT-02149,พื้นที่เสี่ยงภัยดินถล่ม,กรมทรัพยากรธรณี,โรงเรียนบ้านนาสามัคคี | รายละเอียด: โรงเรียน,,,"14.496805203772768,105.0289489944172",โรงเรียนบ้านนาสามัคคี,สีวิเชียร,น้ำยืน,อุบลราชธานี,2025-11-19T16:21:56.457534,,0,0,2025-11-19T16:21:56.457534
EXT-02150,พื้นที่เสี่ยงภัยดินถล่ม,กรมทรัพยากรธรณี,โรงเรียนบ้านแข้ด่อน | รายละเอียด: โรงเรียน,,,"14.413148779605388,105.11023175213563",โรงเรียนบ้านแข้ด่อน,โดมประดิษฐ์,น้ำยืน,อุบลราชธานี,2025-11-19T16:21:56.457534,,0,0,2025-11-19T16:21:56.457534
EXT-02151,พื้นที่เสี่ยงภัยดินถล่ม,กรมทรัพยากรธรณี,วัดใหม่ซอยเก้า | รายละเอียด: วัด,,,"14.504760608443174,105.0036769325429",วัดใหม่ซอยเก้า,สีวิเชียร,น้ำยืน,อุบลราชธานี,2025-11-19T16:21:56.457534,,0,0,2025-11-19T16:21:56.457534
EXT-02152,พื้นที่เสี่ยงภัยดินถล่ม,กรมทรัพยากรธรณี,วัดป่าคีรีบรรพต | รายละเอียด: วัด,,,"14.537879457210307,105.01070269707223",วัดป่าคีรีบรรพต,บุเปือย,น้ำยืน,อุบลราชธานี,2025-11-19T16:21:56.457534,,0,0,2025-11-19T16:21:56.457534
EXT-02153,พื้นที่เสี่ยงภัยดินถล่ม,กรมทรัพยากรธรณี,ไม่มีข้อมูล | รายละเอียด: ไม่มีข้อมูล,,,"14.487203560493265,105.00041984106166",ไม่มีข้อมูล,สีวิเชียร,น้ำยืน,อุบลราชธานี,2025-11-19T16:21:56.457534,,0,0,2025-11-19T16:21:56.457534
EXT-02154,พื้นที่เสี่ยงภัยดินถล่ม,กรมทรัพยากรธรณี,ไม่มีข้อมูล | รายละเอียด: ไม่มีข้อมูล,,,"14.492244128447945,105.0162935816748",ไม่มีข้อมูล,สีวิเชียร,น้ำยืน,อุบลราชธานี,2025-11-19T16:21:56.457534,,0,0,2025-11-19T16:21:56.457534
EXT-02155,พื้นที่เสี่ยงภัยดินถล่ม,กรมทรัพยากรธรณี,วัดวารีอุดม | รายละเอียด: วัด,,,"14.484735442509638,105.00273830920902",วัดวารีอุดม,สีวิเชียร,น้ำยืน,อุบลราชธานี,2025-11-19T16:21:56.457534,,0,0,2025-11-19T16:21:56.457534
EXT-02156,พื้นที่เสี่ยงภัยดินถล่ม,กรมทรัพยากรธรณี,วัดศรีทองเจริญธรรม(โนนเจริญ) | รายละเอียด: วัด,,,"14.494465439209954,105.01418324239054",วัดศรีทองเจริญธรรม(โนนเจริญ),สีวิเชียร,น้ำยืน,อุบลราชธานี,2025-11-19T16:21:56.457534,,0,0,2025-11-19T16:21:56.457534
EXT-02157,พื้นที่เสี่ยงภัยดินถล่ม,กรมทรัพยากรธรณี,วัดบ้านน้ำยืน | รายละเอียด: วัด,,,"14.478296177079654,104.9814176627244",วัดบ้านน้ำยืน,โซง,น้ำยืน,อุบลราชธานี,2025-11-19T16:21:56.457534,,0,0,2025-11-19T16:21:56.457534
EXT-02158,พื้นที่เสี่ยงภัยดินถล่ม,กรมทรัพยากรธรณี,วัดบ้านโซง | รายละเอียด: วัด,,,"14.482842886214563,104.98114836592845",วัดบ้านโซง,โซง,น้ำยืน,อุบลราชธานี,2025-11-19T16:21:56.457534,,0,0,2025-11-19T16:21:56.457534
EXT-02159,พื้นที่เสี่ยงภัยดินถล่ม,กรมทรัพยากรธรณี,วัดป่าโนนสวรรค์ | รายละเอียด: วัด,,,"14.49556871176413,104.98620277092276",วัดป่าโนนสวรรค์,โซง,น้ำยืน,อุบลราชธานี,2025-11-19T16:21:56.457534,,0,0,2025-11-19T16:21:56.457534
EXT-02160,พื้นที่เสี่ยงภัยดินถล่ม,กรมทรัพยากรธรณี,โรงเรียนตำรวจตระเวนชายแดนบ้านเกษตรสมบูรณ์ | รายละเอียด: โรงเรียน,,,"14.533764528444435,105.00623586685579",โรงเรียนตำรวจตระเวนชายแดนบ้านเกษตรสมบูรณ์,บุเปือย,น้ำยืน,อุบลราชธานี,2025-11-19T16:21:56.457534,,0,0,2025-11-19T16:21:56.457534
EXT-02161,พื้นที่เสี่ยงภัยดินถล่ม,กรมทรัพยากรธรณี,โรงเรียนเจริญศึกษา | รายละเอียด: โรงเรียน,,,"14.499205063136516,105.01423196858009",โรงเรียนเจริญศึกษา,สีวิเชียร,น้ำยืน,อุบลราชธานี,2025-11-19T16:21:56.457534,,0,0,2025-11-19T16:21:56.457534
EXT-02162,พื้นที่เสี่ยงภัยดินถล่ม,กรมทรัพยากรธรณี,ไม่มีข้อมูล | รายละเอียด: ไม่มีข้อมูล,,,"14.488040884813735,105.00475343026827",ไม่มีข้อมูล,สีวิเชียร,น้ำยืน,อุบลราชธานี,2025-11-19T16:21:56.457534,,0,0,2025-11-19T16:21:56.457534
EXT-02163,พื้นที่เสี่ยงภัยดินถล่ม,กรมทรัพยากรธรณี,ไม่มีข้อมูล | รายละเอียด: ไม่มีข้อมูล,,,"14.488809665523698,105.00438619911218",ไม่มีข้อมูล,สีวิเชียร,น้ำยืน,อุบลราชธานี,2025-11-19T16:21:56.457534,,0,0,2025-11-19T16:21:56.457534
EXT-02164,พื้นที่เสี่ยงภัยดินถล่ม,กรมทรัพยากรธรณี,โรงเรียนบ้านโซง | รายละเอียด: โรงเรียน,,,"14.485892405594262,104.98085496691829",โรงเรียนบ้านโซง,โซง,น้ำยืน,อุบลราชธานี,2025-11-19T16:21:56.457534,,0,0,2025-11-19T16:21:56.457534
EXT-02165,พื้นที่เสี่ยงภัยดินถล่ม,กรมทรัพยากรธรณี,อำเภอน้ำยืน | รายละเอียด: สถานที่ราชการ,,,"14.489400784094991,105.00079989881642",อำเภอน้ำยืน,สีวิเชียร,น้ำยืน,อุบลราชธานี,2025-11-19T16:21:56.457534,,0,0,2025-11-19T16:21:56.457534
EXT-02166,พื้นที่เสี่ยงภัยดินถล่ม,กรมทรัพยากรธรณี,สำนักสงฆ์ศิลาราม | รายละเอียด: วัด,,,"14.68351473640794,105.31547184406489",สำนักสงฆ์ศิลาราม,โนนค้อ,บุณฑริก,อุบลราชธานี,2025-11-19T16:21:56.457534,,0,0,2025-11-19T16:21:56.457534
EXT-02167,พื้นที่เสี่ยงภัยดินถล่ม,กรมทรัพยากรธรณี,สถานีอนามัยหนองแสง | รายละเอียด: สถานีอนามัย,,,"14.734241590757547,105.45741936097393",สถานีอนามัยหนองแสง,โพนงาม,บุณฑริก,อุบลราชธานี,2025-11-19T16:21:56.457534,,0,0,2025-11-19T16:21:56.457534
EXT-02168,พื้นที่เสี่ยงภัยดินถล่ม,กรมทรัพยากรธรณี,สถานีอนามัยโนนค้อ | รายละเอียด: สถานีอนามัย,,,"14.691264319101315,105.30393754557787",สถานีอนามัยโนนค้อ,โนนค้อ,บุณฑริก,อุบลราชธานี,2025-11-19T16:21:56.457534,,0,0,2025-11-19T16:21:56.457534
EXT-02169,พื้นที่เสี่ยงภัยดินถล่ม,กรมทรัพยากรธรณี,สถานีอนามัยบ้านบก | รายละเอียด: สถานีอนามัย,,,"14.684598267588033,105.41672202448437",สถานีอนามัยบ้านบก,ห้วยข่า,บุณฑริก,อุบลราชธานี,2025-11-19T16:21:56.457534,,0,0,2025-11-19T16:21:56.457534
EXT-02170,พื้นที่เสี่ยงภัยดินถล่ม,กรมทรัพยากรธรณี,สถานีอนามัยหนองเม็ก | รายละเอียด: สถานีอนามัย,,,"14.601132944366535,105.37587939622827",สถานีอนามัยหนองเม็ก,ห้วยข่า,บุณฑริก,อุบลราชธานี,2025-11-19T16:21:56.457534,,0,0,2025-11-19T16:21:56.457534
EXT-02171,พื้นที่เสี่ยงภัยดินถล่ม,กรมทรัพยากรธรณี,วัดอัมพวัน | รายละเอียด: วัด,,,"14.73399516531374,105.34657637592073",วัดอัมพวัน,หนองสะโน,บุณฑริก,อุบลราชธานี,2025-11-19T16:21:56.457534,,0,0,2025-11-19T16:21:56.457534
EXT-02172,พื้นที่เสี่ยงภัยดินถล่ม,กรมทรัพยากรธรณี,วัดศรีสุนทร | รายละเอียด: วัด,,,"14.716530462101503,105.39236830663724",วัดศรีสุนทร,บัวงาม,บุณฑริก,อุบลราชธานี,2025-11-19T16:21:56.457534,,0,0,2025-11-19T16:21:56.457534
EXT-02173,พื้นที่เสี่ยงภัยดินถล่ม,กรมทรัพยากรธรณี,วัดบ้านห้วยปอ | รายละเอียด: วัด,,,"14.706491002867015,105.35466148539224",วัดบ้านห้วยปอ,บัวงาม,บุณฑริก,อุบลราชธานี,2025-11-19T16:21:56.457534,,0,0,2025-11-19T16:21:56.457534
EXT-02174,พื้นที่เสี่ยงภัยดินถล่ม,กรมทรัพยากรธรณี,วัดโนนนิวาส | รายละเอียด: วัด,,,"14.68974276863906,105.30365324498456",วัดโนนนิวาส,โนนค้อ,บุณฑริก,อุบลราชธานี,2025-11-19T16:21:56.457534,,0,0,2025-11-19T16:21:56.457534
EXT-02175,พื้นที่เสี่ยงภัยดินถล่ม,กรมทรัพยากรธรณี,วัดสุคันธาราม | รายละเอียด: วัด,,,"14.572967447196772,105.35991414182294",วัดสุคันธาราม,ห้วยข่า,บุณฑริก,อุบลราชธานี,2025-11-19T16:21:56.457534,,0,0,2025-11-19T16:21:56.457534
EXT-02176,พื้นที่เสี่ยงภัยดินถล่ม,กรมทรัพยากรธรณี,วัดโนนวินัย | รายละเอียด: วัด,,,"14.711942447365777,105.45461929708203",วัดโนนวินัย,โพนงาม,บุณฑริก,อุบลราชธานี,2025-11-19T16:21:56.457534,,0,0,2025-11-19T16:21:56.457534
EXT-02177,พื้นที่เสี่ยงภัยดินถล่ม,กรมทรัพยากรธรณี,วัดธรรมรังษี | รายละเอียด: วัด,,,"14.733280356807398,105.46020319536855",วัดธรรมรังษี,โพนงาม,บุณฑริก,อุบลราชธานี,2025-11-19T16:21:56.457534,,0,0,2025-11-19T16:21:56.457534
EXT-02178,พื้นที่เสี่ยงภัยดินถล่ม,กรมทรัพยากรธรณี,วัดสุธรรมาราม | รายละเอียด: วัด,,,"14.682184463884425,105.41720176987856",วัดสุธรรมาราม,ห้วยข่า,บุณฑริก,อุบลราชธานี,2025-11-19T16:21:56.457534,,0,0,2025-11-19T16:21:56.457534
EXT-02179,พื้นที่เสี่ยงภัยดินถล่ม,กรมทรัพยากรธรณี,วัดโอภาสโสภณ | รายละเอียด: วัด,,,"14.698315574299027,105.41900326501514",วัดโอภาสโสภณ,ห้วยข่า,บุณฑริก,อุบลราชธานี,2025-11-19T16:21:56.457534,,0,0,2025-11-19T16:21:56.457534
EXT-02180,พื้นที่เสี่ยงภัยดินถล่ม,กรมทรัพยากรธรณี,วัดบ้านหนองแปน | รายละเอียด: วัด,,,"14.635075067763177,105.42360392042875",วัดบ้านหนองแปน,ห้วยข่า,บุณฑริก,อุบลราชธานี,2025-11-19T16:21:56.457534,,0,0,2025-11-19T16:21:56.457534
EXT-02181,พื้นที่เสี่ยงภัยดินถล่ม,กรมทรัพยากรธรณี,วัดบ้านส้มเสี้ยว | รายละเอียด: วัด,,,"14.724128749425436,105.34055488204469",วัดบ้านส้มเสี้ยว,หนองสะโน,บุณฑริก,อุบลราชธานี,2025-11-19T16:21:56.457534,,0,0,2025-11-19T16:21:56.457534
EXT-02182,พื้นที่เสี่ยงภัยดินถล่ม,กรมทรัพยากรธรณี,วัดมุจรินทาราม | รายละเอียด: วัด,,,"14.73518561487212,105.30964698532932",วัดมุจรินทาราม,หนองสะโน,บุณฑริก,อุบลราชธานี,2025-11-19T16:21:56.457534,,0,0,2025-11-19T16:21:56.457534
EXT-02183,พื้นที่เสี่ยงภัยดินถล่ม,กรมทรัพยากรธรณี,วัดโนนหมากเดือย | รายละเอียด: วัด,,,"14.700960147209019,105.31246018729439",วัดโนนหมากเดือย,โนนค้อ,บุณฑริก,อุบลราชธานี,2025-11-19T16:21:56.457534,,0,0,2025-11-19T16:21:56.457534
EXT-02184,พื้นที่เสี่ยงภัยดินถล่ม,กรมทรัพยากรธรณี,วัดแก้งสมบูรณ์ | รายละเอียด: วัด,,,"14.667454217004703,105.37051834487865",วัดแก้งสมบูรณ์,ห้วยข่า,บุณฑริก,อุบลราชธานี,2025-11-19T16:21:56.457534,,0,0,2025-11-19T16:21:56.457534
EXT-02185,พื้นที่เสี่ยงภัยดินถล่ม,กรมทรัพยากรธรณี,วัดโป่งยอ | รายละเอียด: วัด,,,"14.586228989467186,105.35195958004985",วัดโป่งยอ,ห้วยข่า,บุณฑริก,อุบลราชธานี,2025-11-19T16:21:56.457534,,0,0,2025-11-19T16:21:56.457534
EXT-02186,พื้นที่เสี่ยงภัยดินถล่ม,กรมทรัพยากรธรณี,วัดสุวรรณาราม | รายละเอียด: วัด,,,"14.592203331020839,105.37718028136135",วัดสุวรรณาราม,ห้วยข่า,บุณฑริก,อุบลราชธานี,2025-11-19T16:21:56.457534,,0,0,2025-11-19T16:21:56.457534
EXT-02187,พื้นที่เสี่ยงภัยดินถล่ม,กรมทรัพยากรธรณี,วัดหนองแปก | รายละเอียด: วัด,,,"14.6131110095799,105.37529480057417",วัดหนองแปก,ห้วยข่า,บุณฑริก,อุบลราชธานี,2025-11-19T16:21:56.457534,,0,0,2025-11-19T16:21:56.457534
EXT-02188,พื้นที่เสี่ยงภัยดินถล่ม,กรมทรัพยากรธรณี,วัดธรรมิกาวาส | รายละเอียด: วัด,,,"14.635657529005591,105.36129365096474",วัดธรรมิกาวาส,ห้วยข่า,บุณฑริก,อุบลราชธานี,2025-11-19T16:21:56.457534,,0,0,2025-11-19T16:21:56.457534
EXT-02189,พื้นที่เสี่ยงภัยดินถล่ม,กรมทรัพยากรธรณี,โรงเรียนห้วยข่าพิทยาคม | รายละเอียด: โรงเรียน,,,"14.62359853407662,105.35348009671014",โรงเรียนห้วยข่าพิทยาคม,ห้วยข่า,บุณฑริก,อุบลราชธานี,2025-11-19T16:21:56.457534,,0,0,2025-11-19T16:21:56.457534
EXT-02190,พื้นที่เสี่ยงภัยดินถล่ม,กรมทรัพยากรธรณี,โรงเรียนบ้านโนนจิก | รายละเอียด: โรงเรียน,,,"14.740760641107487,105.30350227023504",โรงเรียนบ้านโนนจิก,หนองสะโน,บุณฑริก,อุบลราชธานี,2025-11-19T16:21:56.457534,,0,0,2025-11-19T16:21:56.457534
EXT-02191,พื้นที่เสี่ยงภัยดินถล่ม,กรมทรัพยากรธรณี,โรงเรียนบ้านสร้างม่วงส้มเสี้ยว | รายละเอียด: โรงเรียน,,,"14.731941494722834,105.34787464898706",โรงเรียนบ้านสร้างม่วงส้มเสี้ยว,หนองสะโน,บุณฑริก,อุบลราชธานี,2025-11-19T16:21:56.457534,,0,0,2025-11-19T16:21:56.457534
EXT-02192,พื้นที่เสี่ยงภัยดินถล่ม,กรมทรัพยากรธรณี,โรงเรียนบ้านห้วยปอ | รายละเอียด: โรงเรียน,,,"14.710754961885089,105.34827608374195",โรงเรียนบ้านห้วยปอ,บัวงาม,บุณฑริก,อุบลราชธานี,2025-11-19T16:21:56.457534,,0,0,2025-11-19T16:21:56.457534
EXT-02193,พื้นที่เสี่ยงภัยดินถล่ม,กรมทรัพยากรธรณี,โรงเรียนบ้านโนนน้อย | รายละเอียด: โรงเรียน,,,"14.715151818856441,105.45220882656488",โรงเรียนบ้านโนนน้อย,โพนงาม,บุณฑริก,อุบลราชธานี,2025-11-19T16:21:56.457534,,0,0,2025-11-19T16:21:56.457534
EXT-02194,พื้นที่เสี่ยงภัยดินถล่ม,กรมทรัพยากรธรณี,โรงเรียนบ้านหนองแสง | รายละเอียด: โรงเรียน,,,"14.731687082475682,105.45827541303308",โรงเรียนบ้านหนองแสง,โพนงาม,บุณฑริก,อุบลราชธานี,2025-11-19T16:21:56.457534,,0,0,2025-11-19T16:21:56.457534
EXT-02195,พื้นที่เสี่ยงภัยดินถล่ม,กรมทรัพยากรธรณี,โรงเรียนบ้านโนนค้อ | รายละเอียด: โรงเรียน,,,"14.689615823336437,105.30108181693217",โรงเรียนบ้านโนนค้อ,โนนค้อ,บุณฑริก,อุบลราชธานี,2025-11-19T16:21:56.457534,,0,0,2025-11-19T16:21:56.457534
EXT-02196,พื้นที่เสี่ยงภัยดินถล่ม,กรมทรัพยากรธรณี,โรงเรียนบ้านโนนหมากเดือย | รายละเอียด: โรงเรียน,,,"14.705335468139797,105.30753852230234",โรงเรียนบ้านโนนหมากเดือย,โนนค้อ,บุณฑริก,อุบลราชธานี,2025-11-19T16:21:56.457534,,0,0,2025-11-19T16:21:56.457534
EXT-02197,พื้นที่เสี่ยงภัยดินถล่ม,กรมทรัพยากรธรณี,โรงเรียนบ้านแก้งสมบูรณ์ | รายละเอียด: โรงเรียน,,,"14.66943183853033,105.3695389636643",โรงเรียนบ้านแก้งสมบูรณ์,ห้วยข่า,บุณฑริก,อุบลราชธานี,2025-11-19T16:21:56.457534,,0,0,2025-11-19T16:21:56.457534
EXT-02198,พื้นที่เสี่ยงภัยดินถล่ม,กรมทรัพยากรธรณี,โรงเรียนบ้านแก้งสว่าง | รายละเอียด: โรงเรียน,,,"14.700034454622674,105.41679370957975",โรงเรียนบ้านแก้งสว่าง,ห้วยข่า,บุณฑริก,อุบลราชธานี,2025-11-19T16:21:56.457534,,0,0,2025-11-19T16:21:56.457534
EXT-02199,พื้นที่เสี่ยงภัยดินถล่ม,กรมทรัพยากรธรณี,โรงเรียนบ้านบก | รายละเอียด: โรงเรียน,,,"14.683171464462978,105.41744721676906",โรงเรียนบ้านบก,ห้วยข่า,บุณฑริก,อุบลราชธานี,2025-11-19T16:21:56.457534,,0,0,2025-11-19T16:21:56.457534
EXT-02200,พื้นที่เสี่ยงภัยดินถล่ม,กรมทรัพยากรธรณี,โรงเรียนบ้านเก่ากลาง | รายละเอียด: โรงเรียน,,,"14.685655005649439,105.44205713891236",โรงเรียนบ้านเก่ากลาง,ห้วยข่า,บุณฑริก,อุบลราชธานี,2025-11-19T16:21:56.457534,,0,0,2025-11-19T16:21:56.457534
EXT-02201,พื้นที่เสี่ยงภัยดินถล่ม,กรมทรัพยากรธรณี,โรงเรียนบ้านหนองแปน | รายละเอียด: โรงเรียน,,,"14.635262954818845,105.42596319635958",โรงเรียนบ้านหนองแปน,ห้วยข่า,บุณฑริก,อุบลราชธานี,2025-11-19T16:21:56.457534,,0,0,2025-11-19T16:21:56.457534
EXT-02202,พื้นที่เสี่ยงภัยดินถล่ม,กรมทรัพยากรธรณี,โรงเรียนบ้านห้วยข่า | รายละเอียด: โรงเรียน,,,"14.633431164510094,105.36011028309525",โรงเรียนบ้านห้วยข่า,ห้วยข่า,บุณฑริก,อุบลราชธานี,2025-11-19T16:21:56.457534,,0,0,2025-11-19T16:21:56.457534
EXT-02203,พื้นที่เสี่ยงภัยดินถล่ม,กรมทรัพยากรธรณี,โรงเรียนบ้านหนองแปก | รายละเอียด: โรงเรียน,,,"14.613541796443984,105.37706473994258",โรงเรียนบ้านหนองแปก,ห้วยข่า,บุณฑริก,อุบลราชธานี,2025-11-19T16:21:56.457534,,0,0,2025-11-19T16:21:56.457534
EXT-02204,พื้นที่เสี่ยงภัยดินถล่ม,กรมทรัพยากรธรณี,โรงเรียนบ้านหนองเม็ก | รายละเอียด: โรงเรียน,,,"14.595592843667678,105.37832550564193",โรงเรียนบ้านหนองเม็ก,ห้วยข่า,บุณฑริก,อุบลราชธานี,2025-11-19T16:21:56.457534,,0,0,2025-11-19T16:21:56.457534
EXT-02205,พื้นที่เสี่ยงภัยดินถล่ม,กรมทรัพยากรธรณี,โรงเรียนบ้านสร้างหอม | รายละเอียด: โรงเรียน,,,"14.578454348126632,105.36095272715289",โรงเรียนบ้านสร้างหอม,ห้วยข่า,บุณฑริก,อุบลราชธานี,2025-11-19T16:21:56.457534,,0,0,2025-11-19T16:21:56.457534
EXT-02206,พื้นที่เสี่ยงภัยดินถล่ม,กรมทรัพยากรธรณี,โรงเรียนบ้านหนองยู | รายละเอียด: โรงเรียน,,,"14.63958819761256,105.29995658991483",โรงเรียนบ้านหนองยู,โนนค้อ,บุณฑริก,อุบลราชธานี,2025-11-19T16:21:56.457534,,0,0,2025-11-19T16:21:56.457534
EXT-02207,พื้นที่เสี่ยงภัยดินถล่ม,กรมทรัพยากรธรณี,โรงเรียนบ้านหัวแข้ | รายละเอียด: โรงเรียน,,,"14.713490158641596,105.38837307136656",โรงเรียนบ้านหัวแข้,บัวงาม,บุณฑริก,อุบลราชธานี,2025-11-19T16:21:56.457534,,0,0,2025-11-19T16:21:56.457534
EXT-02208,พื้นที่เสี่ยงภัยดินถล่ม,กรมทรัพยากรธรณี,สำนักสงฆ์ภูจองถ้ำเสือ | รายละเอียด: วัด,,,"14.538662416495555,105.31447609164346",สำนักสงฆ์ภูจองถ้ำเสือ,นาจะหลวย,นาจะหลวย,อุบลราชธานี,2025-11-19T16:21:56.457534,,0,0,2025-11-19T16:21:56.457534
EXT-02209,พื้นที่เสี่ยงภัยดินถล่ม,กรมทรัพยากรธรณี,สถานีอนามัยทุ่งเพียง | รายละเอียด: สถานีอนามัย,,,"14.603619061699684,105.30846264431472",สถานีอนามัยทุ่งเพียง,โสกแสง,นาจะหลวย,อุบลราชธานี,2025-11-19T16:21:56.457534,,0,0,2025-11-19T16:21:56.457534
EXT-02210,พื้นที่เสี่ยงภัยดินถล่ม,กรมทรัพยากรธรณี,วัดบ้านทุ่งเพียง | รายละเอียด: วัด,,,"14.599273280633453,105.30841582834944",วัดบ้านทุ่งเพียง,โสกแสง,นาจะหลวย,อุบลราชธานี,2025-11-19T16:21:56.457534,,0,0,2025-11-19T16:21:56.457534
EXT-02211,พื้นที่เสี่ยงภัยดินถล่ม,กรมทรัพยากรธรณี,วัดบ้านดงขวาง | รายละเอียด: วัด,,,"14.590462698127933,105.30898899582655",วัดบ้านดงขวาง,นาจะหลวย,นาจะหลวย,อุบลราชธานี,2025-11-19T16:21:56.457534,,0,0,2025-11-19T16:21:56.457534
EXT-02212,พื้นที่เสี่ยงภัยดินถล่ม,กรมทรัพยากรธรณี,วัดหนองเจือง(บ้านคำโทน) | รายละเอียด: วัด,,,"14.571810123882354,105.30303433219747",วัดหนองเจือง(บ้านคำโทน),นาจะหลวย,นาจะหลวย,อุบลราชธานี,2025-11-19T16:21:56.457534,,0,0,2025-11-19T16:21:56.457534
EXT-02213,พื้นที่เสี่ยงภัยดินถล่ม,กรมทรัพยากรธรณี,วัดบ้านทับไฮขีวารีวราราม | รายละเอียด: วัด,,,"14.61646938026224,105.29359222029773",วัดบ้านทับไฮขีวารีวราราม,โสกแสง,นาจะหลวย,อุบลราชธานี,2025-11-19T16:21:56.457534,,0,0,2025-11-19T16:21:56.457534
EXT-02214,พื้นที่เสี่ยงภัยดินถล่ม,กรมทรัพยากรธรณี,วัดบ้านคำบาก | รายละเอียด: วัด,,,"14.559199413096875,105.34169965329319",วัดบ้านคำบาก,ห้วยข่า,บุณฑริก,อุบลราชธานี,2025-11-19T16:21:56.457534,,0,0,2025-11-19T16:21:56.457534
EXT-02215,พื้นที่เสี่ยงภัยดินถล่ม,กรมทรัพยากรธรณี,โรงเรียนบ้านทุ่งเพียง | รายละเอียด: โรงเรียน,,,"14.601982313002189,105.30911021120073",โรงเรียนบ้านทุ่งเพียง,โสกแสง,นาจะหลวย,อุบลราชธานี,2025-11-19T16:21:56.457534,,0,0,2025-11-19T16:21:56.457534
EXT-02216,พื้นที่เสี่ยงภัยดินถล่ม,กรมทรัพยากรธรณี,โรงเรียนบ้านดงขวางคำโทน | รายละเอียด: โรงเรียน,,,"14.581190278842573,105.30517765061214",โรงเรียนบ้านดงขวางคำโทน,นาจะหลวย,นาจะหลวย,อุบลราชธานี,2025-11-19T16:21:56.457534,,0,0,2025-11-19T16:21:56.457534
EXT-02217,พื้นที่เสี่ยงภัยดินถล่ม,กรมทรัพยากรธรณี,โรงเรียนบ้านทับไฮ | รายละเอียด: โรงเรียน,,,"14.616106474928282,105.29620947145088",โรงเรียนบ้านทับไฮ,โสกแสง,นาจะหลวย,อุบลราชธานี,2025-11-19T16:21:56.457534,,0,0,2025-11-19T16:21:56.457534
EXT-02218,พื้นที่เสี่ยงภัยดินถล่ม,กรมทรัพยากรธรณี,โรงเรียนบ้านคำบาก | รายละเอียด: โรงเรียน,,,"14.557020210423735,105.34070746876563",โรงเรียนบ้านคำบาก,ห้วยข่า,บุณฑริก,อุบลราชธานี,2025-11-19T16:21:56.457534,,0,0,2025-11-19T16:21:56.457534
EXT-02219,พื้นที่เสี่ยงภัยดินถล่ม,กรมทรัพยากรธรณี,รพ.สต.แก่นมะกรูด | รายละเอียด: โรงพยาบาล,,,"15.160757189318213,99.29201438418771",รพ.สต.แก่นมะกรูด,แก่นมะกรูด,บ้านไร่,อุทัยธานี,2025-11-19T16:21:56.457534,,0,0,2025-11-19T16:21:56.457534
EXT-02220,พื้นที่เสี่ยงภัยดินถล่ม,กรมทรัพยากรธรณี,โรงเรียนบ้านใหม่คลองอังวะ | รายละเอียด: โรงเรียน,,,"15.158654246467334,99.29437264641243",โรงเรียนบ้านใหม่คลองอังวะ,แก่นมะกรูด,บ้านไร่,อุทัยธานี,2025-11-19T16:21:56.457534,,0,0,2025-11-19T16:21:56.457534
EXT-02221,พื้นที่เสี่ยงภัยดินถล่ม,กรมทรัพยากรธรณี,สำนักสงฆ์แก่นมะกรูด | รายละเอียด: วัด,,,"15.156215757116252,99.29630638894373",สำนักสงฆ์แก่นมะกรูด,แก่นมะกรูด,บ้านไร่,อุทัยธานี,2025-11-19T16:21:56.458649,,0,0,2025-11-19T16:21:56.458649
EXT-02222,พื้นที่เสี่ยงภัยดินถล่ม,กรมทรัพยากรธรณี,ศาลาอเนกประสงค์บ้านอีมาดอีทราย | รายละเอียด: ศาลาอเนกประสงค์,,,"15.127143015493669,99.38206629019042",ศาลาอเนกประสงค์บ้านอีมาดอีทราย,แก่นมะกรูด,บ้านไร่,อุทัยธานี,2025-11-19T16:21:56.458649,,0,0,2025-11-19T16:21:56.458649
EXT-02223,พื้นที่เสี่ยงภัยดินถล่ม,กรมทรัพยากรธรณี,รพ.สต.บ้านใหม่คลองอังวะ | รายละเอียด: โรงพยาบาล,,,"15.112362213289863,99.38779461807127",รพ.สต.บ้านใหม่คลองอังวะ,แก่นมะกรูด,บ้านไร่,อุทัยธานี,2025-11-19T16:21:56.458649,,0,0,2025-11-19T16:21:56.458649
EXT-02224,พื้นที่เสี่ยงภัยดินถล่ม,กรมทรัพยากรธรณี,โรงเรียนบ้านอีมาดอีทราย | รายละเอียด: โรงเรียน,,,"15.110563501918195,99.39038874924458",โรงเรียนบ้านอีมาดอีทราย,แก่นมะกรูด,บ้านไร่,อุทัยธานี,2025-11-19T16:21:56.458649,,0,0,2025-11-19T16:21:56.458649
EXT-02225,พื้นที่เสี่ยงภัยดินถล่ม,กรมทรัพยากรธรณี,ที่พักสงฆ์ป่าสันติธรรม | รายละเอียด: วัด,,,"15.108128142006974,99.3895753661823",ที่พักสงฆ์ป่าสันติธรรม,แก่นมะกรูด,บ้านไร่,อุทัยธานี,2025-11-19T16:21:56.458649,,0,0,2025-11-19T16:21:56.458649
EXT-02226,พื้นที่เสี่ยงภัยดินถล่ม,กรมทรัพยากรธรณี,สำนักสงฆ์คลองเสลา | รายละเอียด: วัด,,,"15.124183513883278,99.28191525678503",สำนักสงฆ์คลองเสลา,แก่นมะกรูด,บ้านไร่,อุทัยธานี,2025-11-19T16:21:56.458649,,0,0,2025-11-19T16:21:56.458649
EXT-02227,พื้นที่เสี่ยงภัยดินถล่ม,กรมทรัพยากรธรณี,โรงเรียนบ้านคลองเสลา | รายละเอียด: โรงเรียน,,,"15.124077513569498,99.28473832335166",โรงเรียนบ้านคลองเสลา,แก่นมะกรูด,บ้านไร่,อุทัยธานี,2025-11-19T16:21:56.458649,,0,0,2025-11-19T16:21:56.458649
EXT-02228,พื้นที่เสี่ยงภัยดินถล่ม,กรมทรัพยากรธรณี,วัดพุ่มบำเพ็ญธรรม | รายละเอียด: วัด,,,"15.170274550186152,99.48934559667983",วัดพุ่มบำเพ็ญธรรม,เจ้าวัด,บ้านไร่,อุทัยธานี,2025-11-19T16:21:56.458649,,0,0,2025-11-19T16:21:56.458649
EXT-02229,พื้นที่เสี่ยงภัยดินถล่ม,กรมทรัพยากรธรณี,สำนักสงฆ์เขาแดง | รายละเอียด: วัด,,,"15.139615286796024,99.46398411765313",สำนักสงฆ์เขาแดง,เจ้าวัด,บ้านไร่,อุทัยธานี,2025-11-19T16:21:56.458649,,0,0,2025-11-19T16:21:56.458649
EXT-02230,พื้นที่เสี่ยงภัยดินถล่ม,กรมทรัพยากรธรณี,วัดบ้านบุ่ง | รายละเอียด: วัด,,,"15.129946911901998,99.46650923183192",วัดบ้านบุ่ง,เจ้าวัด,บ้านไร่,อุทัยธานี,2025-11-19T16:21:56.458649,,0,0,2025-11-19T16:21:56.458649
EXT-02231,พื้นที่เสี่ยงภัยดินถล่ม,กรมทรัพยากรธรณี,สำนักสงฆ์บ้านใหม่ร่มเย็น | รายละเอียด: วัด,,,"15.119037906537255,99.41539093162183",สำนักสงฆ์บ้านใหม่ร่มเย็น,เจ้าวัด,บ้านไร่,อุทัยธานี,2025-11-19T16:21:56.458649,,0,0,2025-11-19T16:21:56.458649
EXT-02232,พื้นที่เสี่ยงภัยดินถล่ม,กรมทรัพยากรธรณี,สำนักสงฆ์ป่าอีเล่ห์ | รายละเอียด: วัด,,,"15.130272181571808,99.4358580208717",สำนักสงฆ์ป่าอีเล่ห์,เจ้าวัด,บ้านไร่,อุทัยธานี,2025-11-19T16:21:56.458649,,0,0,2025-11-19T16:21:56.458649
EXT-02233,พื้นที่เสี่ยงภัยดินถล่ม,กรมทรัพยากรธรณี,วัดเจ้าวัด | รายละเอียด: วัด,,,"15.174735624165157,99.5042126055206",วัดเจ้าวัด,เจ้าวัด,บ้านไร่,อุทัยธานี,2025-11-19T16:21:56.458649,,0,0,2025-11-19T16:21:56.458649
EXT-02234,พื้นที่เสี่ยงภัยดินถล่ม,กรมทรัพยากรธรณี,วัดเขาน้อยคีรีรัตนาราม | รายละเอียด: วัด,,,"15.193197610334765,99.51955276421963",วัดเขาน้อยคีรีรัตนาราม,เจ้าวัด,บ้านไร่,อุทัยธานี,2025-11-19T16:21:56.458649,,0,0,2025-11-19T16:21:56.458649
EXT-02235,พื้นที่เสี่ยงภัยดินถล่ม,กรมทรัพยากรธรณี,ศูนย์พัฒนาเด็กเล็กบ้านเจ้าวัด | รายละเอียด: โรงเรียน,,,"15.174575619529342,99.51388655934751",ศูนย์พัฒนาเด็กเล็กบ้านเจ้าวัด,เจ้าวัด,บ้านไร่,อุทัยธานี,2025-11-19T16:21:56.458649,,0,0,2025-11-19T16:21:56.458649
EXT-02236,พื้นที่เสี่ยงภัยดินถล่ม,กรมทรัพยากรธรณี,โรงเรียนบ้านเจ้าวัด | รายละเอียด: โรงเรียน,,,"15.174887140722438,99.5068198658088",โรงเรียนบ้านเจ้าวัด,เจ้าวัด,บ้านไร่,อุทัยธานี,2025-11-19T16:21:56.458649,,0,0,2025-11-19T16:21:56.458649
EXT-02237,พื้นที่เสี่ยงภัยดินถล่ม,กรมทรัพยากรธรณี,โรงเรียนบ้านบุ่ง | รายละเอียด: โรงเรียน,,,"15.116138818206435,99.47351102926378",โรงเรียนบ้านบุ่ง,เจ้าวัด,บ้านไร่,อุทัยธานี,2025-11-19T16:21:56.458649,,0,0,2025-11-19T16:21:56.458649
EXT-02238,พื้นที่เสี่ยงภัยดินถล่ม,กรมทรัพยากรธรณี,โรงเรียนวัดพุ่มบำเพ็ญธรรม | รายละเอียด: โรงเรียน,,,"15.170028296928749,99.48616142621707",โรงเรียนวัดพุ่มบำเพ็ญธรรม,เจ้าวัด,บ้านไร่,อุทัยธานี,2025-11-19T16:21:56.458649,,0,0,2025-11-19T16:21:56.458649
EXT-02239,พื้นที่เสี่ยงภัยดินถล่ม,กรมทรัพยากรธรณี,โรงเรียนบ้านใหม่ร่มเย็น | รายละเอียด: โรงเรียน,,,"15.120502313582827,99.41706650688187",โรงเรียนบ้านใหม่ร่มเย็น,เจ้าวัด,บ้านไร่,อุทัยธานี,2025-11-19T16:21:56.458649,,0,0,2025-11-19T16:21:56.458649
EXT-02240,พื้นที่เสี่ยงภัยดินถล่ม,กรมทรัพยากรธรณี,รพ.สต.บ้านเจ้าวัด | รายละเอียด: โรงพยาบาล,,,"15.173641837662082,99.51488090447263",รพ.สต.บ้านเจ้าวัด,เจ้าวัด,บ้านไร่,อุทัยธานี,2025-11-19T16:21:56.458649,,0,0,2025-11-19T16:21:56.458649
EXT-02241,พื้นที่เสี่ยงภัยดินถล่ม,กรมทรัพยากรธรณี,รพ.สต.บ้านบุ่ง | รายละเอียด: โรงพยาบาล,,,"15.118236989978646,99.47029213307584",รพ.สต.บ้านบุ่ง,เจ้าวัด,บ้านไร่,อุทัยธานี,2025-11-19T16:21:56.458649,,0,0,2025-11-19T16:21:56.458649
EXT-02242,พื้นที่เสี่ยงภัยดินถล่ม,กรมทรัพยากรธรณี,องค์การบริหารส่วนตำบลเจ้าวัด | รายละเอียด: สถานที่ราชการ,,,"15.173530309875355,99.51384650641353",องค์การบริหารส่วนตำบลเจ้าวัด,เจ้าวัด,บ้านไร่,อุทัยธานี,2025-11-19T16:21:56.458649,,0,0,2025-11-19T16:21:56.458649
EXT-02243,พื้นที่เสี่ยงภัยดินถล่ม,กรมทรัพยากรธรณี,ศาลาอเนกประสงค์บ้านเจ้าวัด | รายละเอียด: ศาลาอเนกประสงค์,,,"15.175377227231754,99.51298999955259",ศาลาอเนกประสงค์บ้านเจ้าวัด,เจ้าวัด,บ้านไร่,อุทัยธานี,2025-11-19T16:21:56.458649,,0,0,2025-11-19T16:21:56.458649
EXT-02244,พื้นที่เสี่ยงภัยดินถล่ม,กรมทรัพยากรธรณี,ศาลาอเนกประสงค์บ้านเขาน้อย | รายละเอียด: ศาลาอเนกประสงค์,,,"15.183875211499837,99.51966106328152",ศาลาอเนกประสงค์บ้านเขาน้อย,เจ้าวัด,บ้านไร่,อุทัยธานี,2025-11-19T16:21:56.458649,,0,0,2025-11-19T16:21:56.458649
EXT-02245,พื้นที่เสี่ยงภัยดินถล่ม,กรมทรัพยากรธรณี,ศาลาอเนกประสงค์บ้านอีพุ่งใหญ่ | รายละเอียด: ศาลาอเนกประสงค์,,,"15.172013791170798,99.48357809918755",ศาลาอเนกประสงค์บ้านอีพุ่งใหญ่,เจ้าวัด,บ้านไร่,อุทัยธานี,2025-11-19T16:21:56.458649,,0,0,2025-11-19T16:21:56.458649
EXT-02246,พื้นที่เสี่ยงภัยดินถล่ม,กรมทรัพยากรธรณี,ศาลาอเนกประสงค์บ้านใหม่ร่มเย็น | รายละเอียด: ศาลาอเนกประสงค์,,,"15.119768541257727,99.41793710717661",ศาลาอเนกประสงค์บ้านใหม่ร่มเย็น,เจ้าวัด,บ้านไร่,อุทัยธานี,2025-11-19T16:21:56.458649,,0,0,2025-11-19T16:21:56.458649
EXT-02247,พื้นที่เสี่ยงภัยดินถล่ม,กรมทรัพยากรธรณี,ศาลาอเนกประสงค์บ้านใหม่ลำปาง | รายละเอียด: ศาลาอเนกประสงค์,,,"15.175617859269419,99.4992184739842",ศาลาอเนกประสงค์บ้านใหม่ลำปาง,เจ้าวัด,บ้านไร่,อุทัยธานี,2025-11-19T16:21:56.458649,,0,0,2025-11-19T16:21:56.458649
EXT-02248,พื้นที่เสี่ยงภัยดินถล่ม,กรมทรัพยากรธรณี,ศาลาอเนกประสงค์บ้านบุ่ง | รายละเอียด: ศาลาอเนกประสงค์,,,"15.12803381530088,99.46614983025388",ศาลาอเนกประสงค์บ้านบุ่ง,เจ้าวัด,บ้านไร่,อุทัยธานี,2025-11-19T16:21:56.458649,,0,0,2025-11-19T16:21:56.458649
EXT-02249,พื้นที่เสี่ยงภัยดินถล่ม,กรมทรัพยากรธรณี,ศาลาอเนกประสงค์บ้านหนองใหม่พัฒนา | รายละเอียด: ศาลาอเนกประสงค์,,,"15.210256719056124,99.53149211584449",ศาลาอเนกประสงค์บ้านหนองใหม่พัฒนา,เจ้าวัด,บ้านไร่,อุทัยธานี,2025-11-19T16:21:56.458649,,0,0,2025-11-19T16:21:56.458649
EXT-02250,พื้นที่เสี่ยงภัยดินถล่ม,กรมทรัพยากรธรณี,สำนักงานขนส่งจังหวัดอุทัยธานี สาขาอำเภอบ้านไร่ | รายละเอียด: สถานที่ราชการ,,,"15.076549265716517,99.51004357357328",สำนักงานขนส่งจังหวัดอุทัยธานี สาขาอำเภอบ้านไร่,บ้านไร่,บ้านไร่,อุทัยธานี,2025-11-19T16:21:56.458649,,0,0,2025-11-19T16:21:56.458649
EXT-02251,พื้นที่เสี่ยงภัยดินถล่ม,กรมทรัพยากรธรณี,สำนักสงฆ์พุบอน | รายละเอียด: วัด,,,"15.07748203714048,99.42041696295449",สำนักสงฆ์พุบอน,บ้านไร่,บ้านไร่,อุทัยธานี,2025-11-19T16:21:56.458649,,0,0,2025-11-19T16:21:56.458649
EXT-02252,พื้นที่เสี่ยงภัยดินถล่ม,กรมทรัพยากรธรณี,วัดสันติวัน | รายละเอียด: วัด,,,"15.064009907853688,99.43537962060884",วัดสันติวัน,บ้านไร่,บ้านไร่,อุทัยธานี,2025-11-19T16:21:56.458649,,0,0,2025-11-19T16:21:56.458649
EXT-02253,พื้นที่เสี่ยงภัยดินถล่ม,กรมทรัพยากรธรณี,สำนักป่าสวนส้ม | รายละเอียด: วัด,,,"15.05867523632555,99.45201747354758",สำนักป่าสวนส้ม,บ้านไร่,บ้านไร่,อุทัยธานี,2025-11-19T16:21:56.458649,,0,0,2025-11-19T16:21:56.458649
EXT-02254,พื้นที่เสี่ยงภัยดินถล่ม,กรมทรัพยากรธรณี,ธรรมสถานสวนธรรมรังสีอาริยเมตไตรย | รายละเอียด: วัด,,,"15.04083070284084,99.46637658893205",ธรรมสถานสวนธรรมรังสีอาริยเมตไตรย,บ้านไร่,บ้านไร่,อุทัยธานี,2025-11-19T16:21:56.458649,,0,0,2025-11-19T16:21:56.458649
EXT-02255,พื้นที่เสี่ยงภัยดินถล่ม,กรมทรัพยากรธรณี,สำนักปฏิบัติธรรมพุทธสาวิกา สาขาบ้านไร่ | รายละเอียด: วัด,,,"15.02377503488699,99.4460379585155",สำนักปฏิบัติธรรมพุทธสาวิกา สาขาบ้านไร่,บ้านไร่,บ้านไร่,อุทัยธานี,2025-11-19T16:21:56.458649,,0,0,2025-11-19T16:21:56.458649
EXT-02256,พื้นที่เสี่ยงภัยดินถล่ม,กรมทรัพยากรธรณี,วัดพุหวาย | รายละเอียด: วัด,,,"15.013308418571985,99.44420510488538",วัดพุหวาย,บ้านไร่,บ้านไร่,อุทัยธานี,2025-11-19T16:21:56.458649,,0,0,2025-11-19T16:21:56.458649
EXT-02257,พื้นที่เสี่ยงภัยดินถล่ม,กรมทรัพยากรธรณี,วัดถ้ำเขาวง | รายละเอียด: วัด,,,"15.032192773091069,99.45664481590396",วัดถ้ำเขาวง,บ้านไร่,บ้านไร่,อุทัยธานี,2025-11-19T16:21:56.458649,,0,0,2025-11-19T16:21:56.458649
EXT-02258,พื้นที่เสี่ยงภัยดินถล่ม,กรมทรัพยากรธรณี,วัดห้วยป่าปก | รายละเอียด: วัด,,,"15.059393834573212,99.47406411133342",วัดห้วยป่าปก,บ้านไร่,บ้านไร่,อุทัยธานี,2025-11-19T16:21:56.458649,,0,0,2025-11-19T16:21:56.458649
EXT-02259,พื้นที่เสี่ยงภัยดินถล่ม,กรมทรัพยากรธรณี,สำนักสงฆ์ห้วยน้ำบ่อ | รายละเอียด: วัด,,,"15.072297927185923,99.49362286966394",สำนักสงฆ์ห้วยน้ำบ่อ,บ้านไร่,บ้านไร่,อุทัยธานี,2025-11-19T16:21:56.458649,,0,0,2025-11-19T16:21:56.458649
EXT-02260,พื้นที่เสี่ยงภัยดินถล่ม,กรมทรัพยากรธรณี,วัดเขาหินตั้ง | รายละเอียด: วัด,,,"15.06335935274506,99.45813631875264",วัดเขาหินตั้ง,บ้านไร่,บ้านไร่,อุทัยธานี,2025-11-19T16:21:56.458649,,0,0,2025-11-19T16:21:56.458649
EXT-02261,พื้นที่เสี่ยงภัยดินถล่ม,กรมทรัพยากรธรณี,ที่พักสงฆ์เขาธัมมสรณ์ | รายละเอียด: วัด,,,"15.069487361039009,99.46085333275707",ที่พักสงฆ์เขาธัมมสรณ์,บ้านไร่,บ้านไร่,อุทัยธานี,2025-11-19T16:21:56.458649,,0,0,2025-11-19T16:21:56.458649
EXT-02262,พื้นที่เสี่ยงภัยดินถล่ม,กรมทรัพยากรธรณี,วัดป่าเขาพระฉันทะธัมโม | รายละเอียด: วัด,,,"15.09583383539611,99.45837335302839",วัดป่าเขาพระฉันทะธัมโม,บ้านไร่,บ้านไร่,อุทัยธานี,2025-11-19T16:21:56.458649,,0,0,2025-11-19T16:21:56.458649
EXT-02263,พื้นที่เสี่ยงภัยดินถล่ม,กรมทรัพยากรธรณี,สำนักสงฆ์ป่าบ่อน้อยสหธรรมิการาม | รายละเอียด: วัด,,,"15.043447680371287,99.51864872397728",สำนักสงฆ์ป่าบ่อน้อยสหธรรมิการาม,บ้านไร่,บ้านไร่,อุทัยธานี,2025-11-19T16:21:56.458649,,0,0,2025-11-19T16:21:56.458649
EXT-02264,พื้นที่เสี่ยงภัยดินถล่ม,กรมทรัพยากรธรณี,สำนักสงฆ์เขาปลายฌาณ | รายละเอียด: วัด,,,"15.068011124628285,99.50999918664716",สำนักสงฆ์เขาปลายฌาณ,บ้านไร่,บ้านไร่,อุทัยธานี,2025-11-19T16:21:56.458649,,0,0,2025-11-19T16:21:56.458649
EXT-02265,พื้นที่เสี่ยงภัยดินถล่ม,กรมทรัพยากรธรณี,สำนักสงฆ์รัตนวิมล | รายละเอียด: วัด,,,"15.10719189164659,99.50792448457375",สำนักสงฆ์รัตนวิมล,ห้วยแห้ง,บ้านไร่,อุทัยธานี,2025-11-19T16:21:56.458649,,0,0,2025-11-19T16:21:56.458649
EXT-02266,พื้นที่เสี่ยงภัยดินถล่ม,กรมทรัพยากรธรณี,สำนักสงฆ์หนองใหญ่ | รายละเอียด: วัด,,,"15.02333492792132,99.49281395466531",สำนักสงฆ์หนองใหญ่,บ้านไร่,บ้านไร่,อุทัยธานี,2025-11-19T16:21:56.458649,,0,0,2025-11-19T16:21:56.458649
EXT-02267,พื้นที่เสี่ยงภัยดินถล่ม,กรมทรัพยากรธรณี,วัดสะนำ | รายละเอียด: วัด,,,"15.073255290179048,99.50669941768224",วัดสะนำ,บ้านไร่,บ้านไร่,อุทัยธานี,2025-11-19T16:21:56.458649,,0,0,2025-11-19T16:21:56.458649
EXT-02268,พื้นที่เสี่ยงภัยดินถล่ม,กรมทรัพยากรธรณี,วัดหนองปรือ | รายละเอียด: วัด,,,"15.103109551878166,99.49380711711258",วัดหนองปรือ,บ้านไร่,บ้านไร่,อุทัยธานี,2025-11-19T16:21:56.458649,,0,0,2025-11-19T16:21:56.458649
EXT-02269,พื้นที่เสี่ยงภัยดินถล่ม,กรมทรัพยากรธรณี,ศูนย์พัฒนาเด็กเล็กบ้านไร่ | รายละเอียด: โรงเรียน,,,"15.084209771067405,99.51658711425009",ศูนย์พัฒนาเด็กเล็กบ้านไร่,บ้านไร่,บ้านไร่,อุทัยธานี,2025-11-19T16:21:56.458649,,0,0,2025-11-19T16:21:56.458649
EXT-02270,พื้นที่เสี่ยงภัยดินถล่ม,กรมทรัพยากรธรณี,โรงเรียนอนุบาลสีฟ้า | รายละเอียด: โรงเรียน,,,"15.087512049326001,99.52081652263185",โรงเรียนอนุบาลสีฟ้า,บ้านไร่,บ้านไร่,อุทัยธานี,2025-11-19T16:21:56.458649,,0,0,2025-11-19T16:21:56.458649
EXT-02271,พื้นที่เสี่ยงภัยดินถล่ม,กรมทรัพยากรธรณี,โรงเรียนอนุบาลบ้านไร่ | รายละเอียด: โรงเรียน,,,"15.080199970549739,99.5155441309804",โรงเรียนอนุบาลบ้านไร่,บ้านไร่,บ้านไร่,อุทัยธานี,2025-11-19T16:21:56.458649,,0,0,2025-11-19T16:21:56.458649
EXT-02272,พื้นที่เสี่ยงภัยดินถล่ม,กรมทรัพยากรธรณี,โรงเรียนบ้านหินตุ้ม | รายละเอียด: โรงเรียน,,,"15.044480658444924,99.4763119046599",โรงเรียนบ้านหินตุ้ม,บ้านไร่,บ้านไร่,อุทัยธานี,2025-11-19T16:21:56.458649,,0,0,2025-11-19T16:21:56.458649
EXT-02273,พื้นที่เสี่ยงภัยดินถล่ม,กรมทรัพยากรธรณี,โรงเรียนบ้านพุบอน | รายละเอียด: โรงเรียน,,,"15.071622800403457,99.43042646686676",โรงเรียนบ้านพุบอน,บ้านไร่,บ้านไร่,อุทัยธานี,2025-11-19T16:21:56.458649,,0,0,2025-11-19T16:21:56.458649
EXT-02274,พื้นที่เสี่ยงภัยดินถล่ม,กรมทรัพยากรธรณี,โรงเรียนวัดสะนำ | รายละเอียด: โรงเรียน,,,"15.074006889995166,99.50725600684815",โรงเรียนวัดสะนำ,บ้านไร่,บ้านไร่,อุทัยธานี,2025-11-19T16:21:56.458649,,0,0,2025-11-19T16:21:56.458649
EXT-02275,พื้นที่เสี่ยงภัยดินถล่ม,กรมทรัพยากรธรณี,ที่ว่าการอำเภอบ้านไร่ | รายละเอียด: สถานที่ราชการ,,,"15.083480457608005,99.52121058607337",ที่ว่าการอำเภอบ้านไร่,บ้านไร่,บ้านไร่,อุทัยธานี,2025-11-19T16:21:56.458649,,0,0,2025-11-19T16:21:56.458649
EXT-02276,พื้นที่เสี่ยงภัยดินถล่ม,กรมทรัพยากรธรณี,โรงเรียนบ้านห้วยป่าปก | รายละเอียด: โรงเรียน,,,"15.071950087549352,99.48759420437959",โรงเรียนบ้านห้วยป่าปก,บ้านไร่,บ้านไร่,อุทัยธานี,2025-11-19T16:21:56.458649,,0,0,2025-11-19T16:21:56.458649
EXT-02277,พื้นที่เสี่ยงภัยดินถล่ม,กรมทรัพยากรธรณี,โรงเรียนบ้านศาลาคลอง | รายละเอียด: โรงเรียน,,,"15.027411710332181,99.51753088232245",โรงเรียนบ้านศาลาคลอง,บ้านไร่,บ้านไร่,อุทัยธานี,2025-11-19T16:21:56.458649,,0,0,2025-11-19T16:21:56.458649
EXT-02278,พื้นที่เสี่ยงภัยดินถล่ม,กรมทรัพยากรธรณี,โรงพยาบาลบ้านไร่ | รายละเอียด: โรงพยาบาล,,,"15.078936552151157,99.51353559720702",โรงพยาบาลบ้านไร่,บ้านไร่,บ้านไร่,อุทัยธานี,2025-11-19T16:21:56.458649,,0,0,2025-11-19T16:21:56.458649
EXT-02279,พื้นที่เสี่ยงภัยดินถล่ม,กรมทรัพยากรธรณี,สถานีตำรวจภูธรบ้านไร่ | รายละเอียด: สถานีตำรวจ,,,"15.083665094988037,99.5202604901617",สถานีตำรวจภูธรบ้านไร่,บ้านไร่,บ้านไร่,อุทัยธานี,2025-11-19T16:21:56.458649,,0,0,2025-11-19T16:21:56.458649
EXT-02280,พื้นที่เสี่ยงภัยดินถล่ม,กรมทรัพยากรธรณี,องค์การบริหารส่วนตำบลบ้านไร่ | รายละเอียด: สถานที่ราชการ,,,"15.077042799673464,99.51062670277402",องค์การบริหารส่วนตำบลบ้านไร่,บ้านไร่,บ้านไร่,อุทัยธานี,2025-11-19T16:21:56.458649,,0,0,2025-11-19T16:21:56.458649
EXT-02281,พื้นที่เสี่ยงภัยดินถล่ม,กรมทรัพยากรธรณี,เทศบาลตำบลบ้านไร่ | รายละเอียด: สถานที่ราชการ,,,"15.082644416297796,99.51939249220634",เทศบาลตำบลบ้านไร่,บ้านไร่,บ้านไร่,อุทัยธานี,2025-11-19T16:21:56.458649,,0,0,2025-11-19T16:21:56.458649
EXT-02282,พื้นที่เสี่ยงภัยดินถล่ม,กรมทรัพยากรธรณี,วัดพระแม่อุปถัมป์ | รายละเอียด: วัด,,,"15.092977335187074,99.51978747808128",วัดพระแม่อุปถัมป์,บ้านไร่,บ้านไร่,อุทัยธานี,2025-11-19T16:21:56.458649,,0,0,2025-11-19T16:21:56.458649
EXT-02283,พื้นที่เสี่ยงภัยดินถล่ม,กรมทรัพยากรธรณี,ศาลาอเนกประสงค์บ้านพุบอน | รายละเอียด: ศาลาอเนกประสงค์,,,"15.07103751608806,99.42937123396415",ศาลาอเนกประสงค์บ้านพุบอน,บ้านไร่,บ้านไร่,อุทัยธานี,2025-11-19T16:21:56.458649,,0,0,2025-11-19T16:21:56.458649
EXT-02284,พื้นที่เสี่ยงภัยดินถล่ม,กรมทรัพยากรธรณี,ศาลาอเนกประสงค์บ้านหินตุ้ม | รายละเอียด: ศาลาอเนกประสงค์,,,"15.046163438958178,99.47707847273948",ศาลาอเนกประสงค์บ้านหินตุ้ม,บ้านไร่,บ้านไร่,อุทัยธานี,2025-11-19T16:21:56.458649,,0,0,2025-11-19T16:21:56.458649
EXT-02285,พื้นที่เสี่ยงภัยดินถล่ม,กรมทรัพยากรธรณี,ศาลาอเนกประสงค์บ้านน้อยพัฒนา | รายละเอียด: ศาลาอเนกประสงค์,,,"15.076362582425464,99.50914366583952",ศาลาอเนกประสงค์บ้านน้อยพัฒนา,บ้านไร่,บ้านไร่,อุทัยธานี,2025-11-19T16:21:56.458649,,0,0,2025-11-19T16:21:56.458649
EXT-02286,พื้นที่เสี่ยงภัยดินถล่ม,กรมทรัพยากรธรณี,ศาลาอเนกประสงค์บ้านสะนำ | รายละเอียด: ศาลาอเนกประสงค์,,,"15.071794415533944,99.50420840841014",ศาลาอเนกประสงค์บ้านสะนำ,บ้านไร่,บ้านไร่,อุทัยธานี,2025-11-19T16:21:56.458649,,0,0,2025-11-19T16:21:56.458649
EXT-02287,พื้นที่เสี่ยงภัยดินถล่ม,กรมทรัพยากรธรณี,ศาลาอเนกประสงค์บ้านหนองใหญ่ | รายละเอียด: ศาลาอเนกประสงค์,,,"15.014069470447694,99.49212645042401",ศาลาอเนกประสงค์บ้านหนองใหญ่,บ้านไร่,บ้านไร่,อุทัยธานี,2025-11-19T16:21:56.458649,,0,0,2025-11-19T16:21:56.458649
EXT-02288,พื้นที่เสี่ยงภัยดินถล่ม,กรมทรัพยากรธรณี,ศาลาอเนกประสงค์บ้านศาลาคลอง | รายละเอียด: ศาลาอเนกประสงค์,,,"15.024510365415706,99.51134929370302",ศาลาอเนกประสงค์บ้านศาลาคลอง,บ้านไร่,บ้านไร่,อุทัยธานี,2025-11-19T16:21:56.458649,,0,0,2025-11-19T16:21:56.458649
EXT-02289,พื้นที่เสี่ยงภัยดินถล่ม,กรมทรัพยากรธรณี,ศาลาอเนกประสงค์บ้านหนองปรือ | รายละเอียด: ศาลาอเนกประสงค์,,,"15.103600730412916,99.48102227938706",ศาลาอเนกประสงค์บ้านหนองปรือ,บ้านไร่,บ้านไร่,อุทัยธานี,2025-11-19T16:21:56.458649,,0,0,2025-11-19T16:21:56.458649
EXT-02290,พื้นที่เสี่ยงภัยดินถล่ม,กรมทรัพยากรธรณี,ศาลาอเนกประสงค์บ้านห้วยหนามตะเข้ | รายละเอียด: ศาลาอเนกประสงค์,,,"15.062573797669435,99.45892490845081",ศาลาอเนกประสงค์บ้านห้วยหนามตะเข้,บ้านไร่,บ้านไร่,อุทัยธานี,2025-11-19T16:21:56.458649,,0,0,2025-11-19T16:21:56.458649
EXT-02291,พื้นที่เสี่ยงภัยดินถล่ม,กรมทรัพยากรธรณี,สำนักสงฆ์เขาวง (ถ้ำใหญ่) | รายละเอียด: วัด,,,"15.025899135793324,99.45392852979865",สำนักสงฆ์เขาวง (ถ้ำใหญ่),บ้านไร่,บ้านไร่,อุทัยธานี,2025-11-19T16:21:56.458649,,0,0,2025-11-19T16:21:56.458649
EXT-02292,พื้นที่เสี่ยงภัยดินถล่ม,กรมทรัพยากรธรณี,สำนักสงฆ์เขาเขียว | รายละเอียด: วัด,,,"15.654141194185744,99.35752049775849",สำนักสงฆ์เขาเขียว,ระบำ,ลานสัก,อุทัยธานี,2025-11-19T16:21:56.458649,,0,0,2025-11-19T16:21:56.458649
EXT-02293,พื้นที่เสี่ยงภัยดินถล่ม,กรมทรัพยากรธรณี,ศาลาอเนกประสงค์หมู่ 14 | รายละเอียด: ศาลาอเนกประสงค์,,,"15.65748675456285,99.35679277135645",ศาลาอเนกประสงค์หมู่ 14,ระบำ,ลานสัก,อุทัยธานี,2025-11-19T16:21:56.458649,,0,0,2025-11-19T16:21:56.458649
EXT-02294,พื้นที่เสี่ยงภัยดินถล่ม,กรมทรัพยากรธรณี,หน่วยพิทักษ์ป่าเขาเขียว | รายละเอียด: สถานที่ราชการ,,,"15.659407524716995,99.33832952077829",หน่วยพิทักษ์ป่าเขาเขียว,ระบำ,ลานสัก,อุทัยธานี,2025-11-19T16:21:56.458649,,0,0,2025-11-19T16:21:56.458649
EXT-02295,พื้นที่เสี่ยงภัยดินถล่ม,กรมทรัพยากรธรณี,วัดห้วยขาแข้ง | รายละเอียด: วัด,,,"15.600804393334537,99.41515002277698",วัดห้วยขาแข้ง,ระบำ,ลานสัก,อุทัยธานี,2025-11-19T16:21:56.458649,,0,0,2025-11-19T16:21:56.458649
EXT-02296,พื้นที่เสี่ยงภัยดินถล่ม,กรมทรัพยากรธรณี,โรงเรียนห้วยขาแข้งวิทยาคม | รายละเอียด: โรงเรียน,,,"15.599218185438277,99.41732254481292",โรงเรียนห้วยขาแข้งวิทยาคม,ระบำ,ลานสัก,อุทัยธานี,2025-11-19T16:21:56.458649,,0,0,2025-11-19T16:21:56.458649
EXT-02297,พื้นที่เสี่ยงภัยดินถล่ม,กรมทรัพยากรธรณี,สำนักสงฆ์ไผ่ศรีทอง | รายละเอียด: วัด,,,"15.602665768588135,99.40306670263077",สำนักสงฆ์ไผ่ศรีทอง,ระบำ,ลานสัก,อุทัยธานี,2025-11-19T16:21:56.458649,,0,0,2025-11-19T16:21:56.458649
EXT-02298,พื้นที่เสี่ยงภัยดินถล่ม,กรมทรัพยากรธรณี,ศาลาอเนกประสงค์หมู่ 10 | รายละเอียด: ศาลาอเนกประสงค์,,,"15.595760495285901,99.42072024792046",ศาลาอเนกประสงค์หมู่ 10,ระบำ,ลานสัก,อุทัยธานี,2025-11-19T16:21:56.458649,,0,0,2025-11-19T16:21:56.458649
EXT-02299,พื้นที่เสี่ยงภัยดินถล่ม,กรมทรัพยากรธรณี,วัดบึงเจริญ | รายละเอียด: วัด,,,"15.577663452931155,99.41943622380239",วัดบึงเจริญ,ระบำ,ลานสัก,อุทัยธานี,2025-11-19T16:21:56.458649,,0,0,2025-11-19T16:21:56.458649
EXT-02300,พื้นที่เสี่ยงภัยดินถล่ม,กรมทรัพยากรธรณี,สำนักสงฆ์ญาติธรรม | รายละเอียด: วัด,,,"15.58832111681962,99.4105824157707",สำนักสงฆ์ญาติธรรม,ระบำ,ลานสัก,อุทัยธานี,2025-11-19T16:21:56.458649,,0,0,2025-11-19T16:21:56.458649
EXT-02301,พื้นที่เสี่ยงภัยดินถล่ม,กรมทรัพยากรธรณี,สำนักสงฆ์คลองเตย | รายละเอียด: วัด,,,"15.58558065788295,99.4161916907868",สำนักสงฆ์คลองเตย,ระบำ,ลานสัก,อุทัยธานี,2025-11-19T16:21:56.458649,,0,0,2025-11-19T16:21:56.458649
EXT-02302,พื้นที่เสี่ยงภัยดินถล่ม,กรมทรัพยากรธรณี,โรงเรียนบ้านห้วยเปล้า | รายละเอียด: โรงเรียน,,,"15.555252442016037,99.46184949886354",โรงเรียนบ้านห้วยเปล้า,ระบำ,ลานสัก,อุทัยธานี,2025-11-19T16:21:56.458649,,0,0,2025-11-19T16:21:56.458649
EXT-02303,พื้นที่เสี่ยงภัยดินถล่ม,กรมทรัพยากรธรณี,สำนักสงฆ์ภูชัยทอง | รายละเอียด: วัด,,,"15.569064023495454,99.4345041769774",สำนักสงฆ์ภูชัยทอง,ระบำ,ลานสัก,อุทัยธานี,2025-11-19T16:21:56.458649,,0,0,2025-11-19T16:21:56.458649
EXT-02304,พื้นที่เสี่ยงภัยดินถล่ม,กรมทรัพยากรธรณี,วัดห้วยเปล้า | รายละเอียด: วัด,,,"15.555877933891596,99.46087289270139",วัดห้วยเปล้า,ระบำ,ลานสัก,อุทัยธานี,2025-11-19T16:21:56.458649,,0,0,2025-11-19T16:21:56.458649
EXT-02305,พื้นที่เสี่ยงภัยดินถล่ม,กรมทรัพยากรธรณี,ศาลาอเนกประสงค์หมู่ 17 | รายละเอียด: ศาลาอเนกประสงค์,,,"15.590287496223809,99.44691271820477",ศาลาอเนกประสงค์หมู่ 17,ระบำ,ลานสัก,อุทัยธานี,2025-11-19T16:21:56.458649,,0,0,2025-11-19T16:21:56.458649
EXT-02306,พื้นที่เสี่ยงภัยดินถล่ม,กรมทรัพยากรธรณี,วัดป่าศรัทธาธรรม | รายละเอียด: วัด,,,"15.584372043720965,99.44257081415348",วัดป่าศรัทธาธรรม,ระบำ,ลานสัก,อุทัยธานี,2025-11-19T16:21:56.458649,,0,0,2025-11-19T16:21:56.458649
EXT-02307,พื้นที่เสี่ยงภัยดินถล่ม,กรมทรัพยากรธรณี,อบต.ระบำ | รายละเอียด: สถานที่ราชการ,,,"15.559267374649636,99.45803792391915",อบต.ระบำ,ระบำ,ลานสัก,อุทัยธานี,2025-11-19T16:21:56.458649,,0,0,2025-11-19T16:21:56.458649
EXT-02308,พื้นที่เสี่ยงภัยดินถล่ม,กรมทรัพยากรธรณี,สำนักสงฆ์บูรพา | รายละเอียด: วัด,,,"15.561458019985999,99.46541974810673",สำนักสงฆ์บูรพา,ระบำ,ลานสัก,อุทัยธานี,2025-11-19T16:21:56.458649,,0,0,2025-11-19T16:21:56.458649
EXT-02309,พื้นที่เสี่ยงภัยดินถล่ม,กรมทรัพยากรธรณี,ศาลาอเนกประสงค์หมู่ 19 | รายละเอียด: ศาลาอเนกประสงค์,,,"15.564304906798071,99.46079587618634",ศาลาอเนกประสงค์หมู่ 19,ระบำ,ลานสัก,อุทัยธานี,2025-11-19T16:21:56.458649,,0,0,2025-11-19T16:21:56.458649
EXT-02310,พื้นที่เสี่ยงภัยดินถล่ม,กรมทรัพยากรธรณี,รพ.สต.ระบำ | รายละเอียด: โรงพยาบาล,,,"15.555975723175488,99.46592289604186",รพ.สต.ระบำ,ระบำ,ลานสัก,อุทัยธานี,2025-11-19T16:21:56.458649,,0,0,2025-11-19T16:21:56.458649
EXT-02311,พื้นที่เสี่ยงภัยดินถล่ม,กรมทรัพยากรธรณี,วัดหาดทรายงาม | รายละเอียด: วัด,,,"15.52902711540541,99.4725120668056",วัดหาดทรายงาม,ระบำ,ลานสัก,อุทัยธานี,2025-11-19T16:21:56.458649,,0,0,2025-11-19T16:21:56.458649
EXT-02312,พื้นที่เสี่ยงภัยดินถล่ม,กรมทรัพยากรธรณี,วัดเพชรเจริญ | รายละเอียด: วัด,,,"15.52015904755825,99.46856103962092",วัดเพชรเจริญ,ระบำ,ลานสัก,อุทัยธานี,2025-11-19T16:21:56.458649,,0,0,2025-11-19T16:21:56.458649
EXT-02313,พื้นที่เสี่ยงภัยดินถล่ม,กรมทรัพยากรธรณี,โรงเรียนบุ่งอ้ายเจี้ยม | รายละเอียด: โรงเรียน,,,"15.512724494529422,99.47948094420306",โรงเรียนบุ่งอ้ายเจี้ยม,ระบำ,ลานสัก,อุทัยธานี,2025-11-19T16:21:56.458649,,0,0,2025-11-19T16:21:56.458649
EXT-02314,พื้นที่เสี่ยงภัยดินถล่ม,กรมทรัพยากรธรณี,วัดบุ่งอ้ายเจี้ยม | รายละเอียด: วัด,,,"15.511059100854258,99.47705922833984",วัดบุ่งอ้ายเจี้ยม,ระบำ,ลานสัก,อุทัยธานี,2025-11-19T16:21:56.458649,,0,0,2025-11-19T16:21:56.458649
EXT-02315,พื้นที่เสี่ยงภัยดินถล่ม,กรมทรัพยากรธรณี,ศาลาอเนกประสงค์หมู่ 11 | รายละเอียด: ศาลาอเนกประสงค์,,,"15.505086839510676,99.45986142333011",ศาลาอเนกประสงค์หมู่ 11,ระบำ,ลานสัก,อุทัยธานี,2025-11-19T16:21:56.458649,,0,0,2025-11-19T16:21:56.458649
EXT-02316,พื้นที่เสี่ยงภัยดินถล่ม,กรมทรัพยากรธรณี,สำนักสงฆ์เขาหินเหล็กไฟ | รายละเอียด: วัด,,,"15.515863738561489,99.44637424012163",สำนักสงฆ์เขาหินเหล็กไฟ,ระบำ,ลานสัก,อุทัยธานี,2025-11-19T16:21:56.458649,,0,0,2025-11-19T16:21:56.458649
EXT-02317,พื้นที่เสี่ยงภัยดินถล่ม,กรมทรัพยากรธรณี,สำนักสงฆ์อ่างห้วยดง | รายละเอียด: วัด,,,"15.502519063311901,99.45755205513106",สำนักสงฆ์อ่างห้วยดง,ระบำ,ลานสัก,อุทัยธานี,2025-11-19T16:21:56.458649,,0,0,2025-11-19T16:21:56.458649
EXT-02318,พื้นที่เสี่ยงภัยดินถล่ม,กรมทรัพยากรธรณี,ศาลาอเนกประสงค์หมู่ 7 | รายละเอียด: ศาลาอเนกประสงค์,,,"15.48894753216227,99.44107327587383",ศาลาอเนกประสงค์หมู่ 7,ระบำ,ลานสัก,อุทัยธานี,2025-11-19T16:21:56.458649,,0,0,2025-11-19T16:21:56.458649
EXT-02319,พื้นที่เสี่ยงภัยดินถล่ม,กรมทรัพยากรธรณี,วัดโป่งมะค่า | รายละเอียด: วัด,,,"15.487333835904478,99.4390585676508",วัดโป่งมะค่า,ระบำ,ลานสัก,อุทัยธานี,2025-11-19T16:21:56.458649,,0,0,2025-11-19T16:21:56.458649
EXT-02320,พื้นที่เสี่ยงภัยดินถล่ม,กรมทรัพยากรธรณี,โรงเรียนบ้านโป่งสามสิบ | รายละเอียด: โรงเรียน,,,"15.449177952401271,99.45891762863266",โรงเรียนบ้านโป่งสามสิบ,ระบำ,ลานสัก,อุทัยธานี,2025-11-19T16:21:56.458649,,0,0,2025-11-19T16:21:56.458649
EXT-02321,พื้นที่เสี่ยงภัยดินถล่ม,กรมทรัพยากรธรณี,วัดป่าหลวงปู่มั่น (เสาธง) | รายละเอียด: วัด,,,"15.425522277973487,99.43658095876329",วัดป่าหลวงปู่มั่น (เสาธง),ระบำ,ลานสัก,อุทัยธานี,2025-11-19T16:21:56.458649,,0,0,2025-11-19T16:21:56.458649
EXT-02322,พื้นที่เสี่ยงภัยดินถล่ม,กรมทรัพยากรธรณี,วัดเขาหินเทิน | รายละเอียด: วัด,,,"15.471249778504806,99.46194775996145",วัดเขาหินเทิน,ระบำ,ลานสัก,อุทัยธานี,2025-11-19T16:21:56.458649,,0,0,2025-11-19T16:21:56.458649
EXT-02323,พื้นที่เสี่ยงภัยดินถล่ม,กรมทรัพยากรธรณี,วัดครีรีวงศ์ | รายละเอียด: วัด,,,"15.454463119761916,99.46248044391201",วัดครีรีวงศ์,ระบำ,ลานสัก,อุทัยธานี,2025-11-19T16:21:56.458649,,0,0,2025-11-19T16:21:56.458649
EXT-02324,พื้นที่เสี่ยงภัยดินถล่ม,กรมทรัพยากรธรณี,วัดโป่งสามสิบ | รายละเอียด: วัด,,,"15.445598680924775,99.4532769496004",วัดโป่งสามสิบ,ระบำ,ลานสัก,อุทัยธานี,2025-11-19T16:21:56.458649,,0,0,2025-11-19T16:21:56.458649
EXT-02325,พื้นที่เสี่ยงภัยดินถล่ม,กรมทรัพยากรธรณี,ศาลาอเนกประสงค์หมู่ 18 | รายละเอียด: ศาลาอเนกประสงค์,,,"15.450832936766135,99.43933758707284",ศาลาอเนกประสงค์หมู่ 18,ระบำ,ลานสัก,อุทัยธานี,2025-11-19T16:21:56.458649,,0,0,2025-11-19T16:21:56.458649
EXT-02326,พื้นที่เสี่ยงภัยดินถล่ม,กรมทรัพยากรธรณี,สำนักสงฆ์เขาไม้นวล | รายละเอียด: วัด,,,"15.46144741184701,99.43779337253163",สำนักสงฆ์เขาไม้นวล,ระบำ,ลานสัก,อุทัยธานี,2025-11-19T16:21:56.458649,,0,0,2025-11-19T16:21:56.458649
EXT-02327,พื้นที่เสี่ยงภัยดินถล่ม,กรมทรัพยากรธรณี,วัดทรัพย์สมบูรณ์ | รายละเอียด: วัด,,,"15.426046344556259,99.47207313376386",วัดทรัพย์สมบูรณ์,ระบำ,ลานสัก,อุทัยธานี,2025-11-19T16:21:56.458649,,0,0,2025-11-19T16:21:56.458649
EXT-02328,พื้นที่เสี่ยงภัยดินถล่ม,กรมทรัพยากรธรณี,ศาลาอเนกประสงค์หมู่ 12 | รายละเอียด: ศาลาอเนกประสงค์,,,"15.435661159142944,99.48140925455306",ศาลาอเนกประสงค์หมู่ 12,ระบำ,ลานสัก,อุทัยธานี,2025-11-19T16:21:56.458649,,0,0,2025-11-19T16:21:56.458649
EXT-02329,พื้นที่เสี่ยงภัยดินถล่ม,กรมทรัพยากรธรณี,ศาลาอเนกประสงค์หมู่ 15 | รายละเอียด: ศาลาอเนกประสงค์,,,"15.447639161976506,99.47230059551863",ศาลาอเนกประสงค์หมู่ 15,ระบำ,ลานสัก,อุทัยธานี,2025-11-19T16:21:56.458649,,0,0,2025-11-19T16:21:56.458649
EXT-02330,พื้นที่เสี่ยงภัยดินถล่ม,กรมทรัพยากรธรณี,วัดคลองไม้ลาย | รายละเอียด: วัด,,,"15.464533960611172,99.4838311444511",วัดคลองไม้ลาย,ระบำ,ลานสัก,อุทัยธานี,2025-11-19T16:21:56.458649,,0,0,2025-11-19T16:21:56.458649
EXT-02331,พื้นที่เสี่ยงภัยดินถล่ม,กรมทรัพยากรธรณี,รพ.สต.ท่ามะนาว | รายละเอียด: โรงพยาบาล,,,"15.472291280388559,99.49960140823985",รพ.สต.ท่ามะนาว,ระบำ,ลานสัก,อุทัยธานี,2025-11-19T16:21:56.458649,,0,0,2025-11-19T16:21:56.458649
EXT-02332,พื้นที่เสี่ยงภัยดินถล่ม,กรมทรัพยากรธรณี,วัดท่ามะนาว | รายละเอียด: วัด,,,"15.46991463446467,99.50793626181627",วัดท่ามะนาว,ระบำ,ลานสัก,อุทัยธานี,2025-11-19T16:21:56.458649,,0,0,2025-11-19T16:21:56.458649
EXT-02333,พื้นที่เสี่ยงภัยดินถล่ม,กรมทรัพยากรธรณี,วัดห้วยรัง | รายละเอียด: วัด,,,"15.485910994412398,99.48230676343357",วัดห้วยรัง,ระบำ,ลานสัก,อุทัยธานี,2025-11-19T16:21:56.458649,,0,0,2025-11-19T16:21:56.458649
EXT-02334,พื้นที่เสี่ยงภัยดินถล่ม,กรมทรัพยากรธรณี,คริสตจักรสัมพันธ์ดอยลำใย | รายละเอียด: คริสตจักร,,,"15.508830079849716,99.49722989188474",คริสตจักรสัมพันธ์ดอยลำใย,ระบำ,ลานสัก,อุทัยธานี,2025-11-19T16:21:56.458649,,0,0,2025-11-19T16:21:56.458649
EXT-02335,พื้นที่เสี่ยงภัยดินถล่ม,กรมทรัพยากรธรณี,ศาลาอเนกประสงค์หมู่ 4 | รายละเอียด: ศาลาอเนกประสงค์,,,"15.521165454051612,99.49885936548259",ศาลาอเนกประสงค์หมู่ 4,ระบำ,ลานสัก,อุทัยธานี,2025-11-19T16:21:56.458649,,0,0,2025-11-19T16:21:56.458649
EXT-02336,พื้นที่เสี่ยงภัยดินถล่ม,กรมทรัพยากรธรณี,โรงเรียนบ้านปางไม้ไผ่ | รายละเอียด: โรงเรียน,,,"15.516604011398076,99.5031660650386",โรงเรียนบ้านปางไม้ไผ่,ระบำ,ลานสัก,อุทัยธานี,2025-11-19T16:21:56.458649,,0,0,2025-11-19T16:21:56.458649
EXT-02337,พื้นที่เสี่ยงภัยดินถล่ม,กรมทรัพยากรธรณี,วัดปางไม้ไผ่ | รายละเอียด: วัด,,,"15.520939469763347,99.49485866775478",วัดปางไม้ไผ่,ระบำ,ลานสัก,อุทัยธานี,2025-11-19T16:21:56.458649,,0,0,2025-11-19T16:21:56.458649
EXT-02338,พื้นที่เสี่ยงภัยดินถล่ม,กรมทรัพยากรธรณี,นาขุม | รายละเอียด: สถานที่ราชการ,,,"17.98923630960221,101.03080585999629",นาขุม,นาขุม,บ้านโคก,อุตรดิตถ์,2025-11-19T16:21:56.458649,,0,0,2025-11-19T16:21:56.458649
EXT-02339,พื้นที่เสี่ยงภัยดินถล่ม,กรมทรัพยากรธรณี,ห้วยเหล่า | รายละเอียด: โรงเรียน,,,"18.00426036986826,101.03520928980544",ห้วยเหล่า,นาขุม,บ้านโคก,อุตรดิตถ์,2025-11-19T16:21:56.458649,,0,0,2025-11-19T16:21:56.458649
EXT-02340,พื้นที่เสี่ยงภัยดินถล่ม,กรมทรัพยากรธรณี,ม่วงชุม | รายละเอียด: หมู่บ้าน,,,"17.952564229637968,101.01283271029334",ม่วงชุม,นาขุม,บ้านโคก,อุตรดิตถ์,2025-11-19T16:21:56.458649,,0,0,2025-11-19T16:21:56.458649
EXT-02341,พื้นที่เสี่ยงภัยดินถล่ม,กรมทรัพยากรธรณี,สุมข้าม | รายละเอียด: สถานที่ราชการ,,,"17.923553540040263,100.99852304043496",สุมข้าม,นาขุม,บ้านโคก,อุตรดิตถ์,2025-11-19T16:21:56.458649,,0,0,2025-11-19T16:21:56.458649
EXT-02342,พื้นที่เสี่ยงภัยดินถล่ม,กรมทรัพยากรธรณี,นาบัว | รายละเอียด: หมู่บ้าน,,,"18.010801020041804,101.038248060024",นาบัว,นาขุม,บ้านโคก,อุตรดิตถ์,2025-11-19T16:21:56.458649,,0,0,2025-11-19T16:21:56.458649
EXT-02343,พื้นที่เสี่ยงภัยดินถล่ม,กรมทรัพยากรธรณี,ห้วยไคร้ | รายละเอียด: โรงเรียน,,,"17.9774092795557,101.02638607985138",ห้วยไคร้,นาขุม,บ้านโคก,อุตรดิตถ์,2025-11-19T16:21:56.458649,,0,0,2025-11-19T16:21:56.458649
EXT-02344,พื้นที่เสี่ยงภัยดินถล่ม,กรมทรัพยากรธรณี,โพนหญ้านาง-ปางควาย | รายละเอียด: สถานที่ราชการ,,,"17.90150695008361,100.9797045803513",โพนหญ้านาง-ปางควาย,นาขุม,บ้านโคก,อุตรดิตถ์,2025-11-19T16:21:56.458649,,0,0,2025-11-19T16:21:56.458649
EXT-02345,พื้นที่เสี่ยงภัยดินถล่ม,กรมทรัพยากรธรณี,ห้วยไคร้ | รายละเอียด: โรงเรียน,,,"17.98916128965271,101.017108740281",ห้วยไคร้,นาขุม,บ้านโคก,อุตรดิตถ์,2025-11-19T16:21:56.458649,,0,0,2025-11-19T16:21:56.458649
EXT-02346,พื้นที่เสี่ยงภัยดินถล่ม,กรมทรัพยากรธรณี,โรงเรียนปาปมดงยาง | รายละเอียด: โรงเรียน,,,"17.847780728647038,99.87457636333342",โรงเรียนปาปมดงยาง,นาพูน,วังชิ้น,อุตรดิตถ์,2025-11-19T16:21:56.458649,,0,0,2025-11-19T16:21:56.458649
EXT-02347,พื้นที่เสี่ยงภัยดินถล่ม,กรมทรัพยากรธรณี,วัดเปาทองสามัคคีธรรม | รายละเอียด: วัด,,,"17.846613711092175,99.87709333757276",วัดเปาทองสามัคคีธรรม,นาพูน,วังชิ้น,อุตรดิตถ์,2025-11-19T16:21:56.458649,,0,0,2025-11-19T16:21:56.458649
EXT-02348,พื้นที่เสี่ยงภัยดินถล่ม,กรมทรัพยากรธรณี,ไม่มีข้อมูล | รายละเอียด: ไม่มีข้อมูล,,,"17.803576989921016,99.85289801247941",ไม่มีข้อมูล,นาพูน,วังชิ้น,อุตรดิตถ์,2025-11-19T16:21:56.458649,,0,0,2025-11-19T16:21:56.458649
EXT-02349,พื้นที่เสี่ยงภัยดินถล่ม,กรมทรัพยากรธรณี,วัดอมรเดชรัตนวารี | รายละเอียด: วัด,,,"17.80169063374161,99.85204521944391",วัดอมรเดชรัตนวารี,นาพูน,วังชิ้น,อุตรดิตถ์,2025-11-19T16:21:56.458649,,0,0,2025-11-19T16:21:56.458649
EXT-02350,พื้นที่เสี่ยงภัยดินถล่ม,กรมทรัพยากรธรณี,โรงเรียนบ้านหนองน้ำเขียว | รายละเอียด: โรงเรียน,,,"17.842068349624896,100.05189144789878",โรงเรียนบ้านหนองน้ำเขียว,บ้านด่านนาขาม,เมืองอุตรดิตถ์,อุตรดิตถ์,2025-11-19T16:21:56.458649,,0,0,2025-11-19T16:21:56.458649
EXT-02351,พื้นที่เสี่ยงภัยดินถล่ม,กรมทรัพยากรธรณี,ศาลเจ้าพ่อเขาพลึง | รายละเอียด: ศาสนสถาน,,,"17.835606369643354,100.06027293591146",ศาลเจ้าพ่อเขาพลึง,ห้วยไร่,เด่นชัย,อุตรดิตถ์,2025-11-19T16:21:56.458649,,0,0,2025-11-19T16:21:56.458649
EXT-02352,พื้นที่เสี่ยงภัยดินถล่ม,กรมทรัพยากรธรณี,วัดปางต้นผึ้ง | รายละเอียด: วัด,,,"17.806569094170317,100.06851339791542",วัดปางต้นผึ้ง,บ้านด่านนาขาม,เมืองอุตรดิตถ์,อุตรดิตถ์,2025-11-19T16:21:56.458649,,0,0,2025-11-19T16:21:56.458649
EXT-02353,พื้นที่เสี่ยงภัยดินถล่ม,กรมทรัพยากรธรณี,โรงเรียนบ้านปางต้นผึ้ง | รายละเอียด: โรงเรียน,,,"17.803263071718803,100.0717102728333",โรงเรียนบ้านปางต้นผึ้ง,บ้านด่านนาขาม,เมืองอุตรดิตถ์,อุตรดิตถ์,2025-11-19T16:21:56.458649,,0,0,2025-11-19T16:21:56.458649
EXT-02354,พื้นที่เสี่ยงภัยดินถล่ม,กรมทรัพยากรธรณี,โรงเรียนวัดท้องลับแลธรรมเนตรโศภณ | รายละเอียด: โรงเรียน,,,"17.671615814762646,100.0293937053442",โรงเรียนวัดท้องลับแลธรรมเนตรโศภณ,ฝายหลวง,ลับแล,อุตรดิตถ์,2025-11-19T16:21:56.458649,,0,0,2025-11-19T16:21:56.458649
EXT-02355,พื้นที่เสี่ยงภัยดินถล่ม,กรมทรัพยากรธรณี,วัดท้องลับแล | รายละเอียด: วัด,,,"17.670802825261653,100.02823478599916",วัดท้องลับแล,ฝายหลวง,ลับแล,อุตรดิตถ์,2025-11-19T16:21:56.458649,,0,0,2025-11-19T16:21:56.458649
EXT-02356,พื้นที่เสี่ยงภัยดินถล่ม,กรมทรัพยากรธรณี,วัดโพธิ์บัลลังค์ | รายละเอียด: วัด,,,"17.670572101886222,100.03754381310618",วัดโพธิ์บัลลังค์,ฝายหลวง,ลับแล,อุตรดิตถ์,2025-11-19T16:21:56.458649,,0,0,2025-11-19T16:21:56.458649
EXT-02357,พื้นที่เสี่ยงภัยดินถล่ม,กรมทรัพยากรธรณี,สำนักสงฆ์จตุรมุข | รายละเอียด: วัด,,,"17.731792713967927,99.97624904759836",สำนักสงฆ์จตุรมุข,แม่พูล,ลับแล,อุตรดิตถ์,2025-11-19T16:21:56.458649,,0,0,2025-11-19T16:21:56.458649
EXT-02358,พื้นที่เสี่ยงภัยดินถล่ม,กรมทรัพยากรธรณี,วัดศรีอุทุมพรคณารักษ์ | รายละเอียด: วัด,,,"17.72631673297591,100.01352035185859",วัดศรีอุทุมพรคณารักษ์,แม่พูล,ลับแล,อุตรดิตถ์,2025-11-19T16:21:56.458649,,0,0,2025-11-19T16:21:56.458649
EXT-02359,พื้นที่เสี่ยงภัยดินถล่ม,กรมทรัพยากรธรณี,โรงเรียนบ้านห้วยใต้ | รายละเอียด: โรงเรียน,,,"17.725068776357112,100.01300880686506",โรงเรียนบ้านห้วยใต้,แม่พูล,ลับแล,อุตรดิตถ์,2025-11-19T16:21:56.458649,,0,0,2025-11-19T16:21:56.458649
EXT-02360,พื้นที่เสี่ยงภัยดินถล่ม,กรมทรัพยากรธรณี,โรงเรียนบ้านห้วยใต้ | รายละเอียด: โรงเรียน,,,"17.723517200862453,100.01725261347643",โรงเรียนบ้านห้วยใต้,แม่พูล,ลับแล,อุตรดิตถ์,2025-11-19T16:21:56.458649,,0,0,2025-11-19T16:21:56.458649
EXT-02361,พื้นที่เสี่ยงภัยดินถล่ม,กรมทรัพยากรธรณี,สถานีอนามัยบ้านผามูบ | รายละเอียด: สถานีอนามัย,,,"17.72235243666747,100.01725783202723",สถานีอนามัยบ้านผามูบ,แม่พูล,ลับแล,อุตรดิตถ์,2025-11-19T16:21:56.458649,,0,0,2025-11-19T16:21:56.458649
EXT-02362,พื้นที่เสี่ยงภัยดินถล่ม,กรมทรัพยากรธรณี,โรงเรียนดอนแก้ว | รายละเอียด: โรงเรียน,,,"17.713177066280718,99.99046824149188",โรงเรียนดอนแก้ว,แม่พูล,ลับแล,อุตรดิตถ์,2025-11-19T16:21:56.458649,,0,0,2025-11-19T16:21:56.458649
EXT-02363,พื้นที่เสี่ยงภัยดินถล่ม,กรมทรัพยากรธรณี,วัดผักราก | รายละเอียด: วัด,,,"17.702923055501785,100.02475011448402",วัดผักราก,แม่พูล,ลับแล,อุตรดิตถ์,2025-11-19T16:21:56.458649,,0,0,2025-11-19T16:21:56.458649
EXT-02364,พื้นที่เสี่ยงภัยดินถล่ม,กรมทรัพยากรธรณี,วัดหัวดงสุวรรณเจดีย์ | รายละเอียด: วัด,,,"17.70228727973836,100.01883317193239",วัดหัวดงสุวรรณเจดีย์,แม่พูล,ลับแล,อุตรดิตถ์,2025-11-19T16:21:56.458649,,0,0,2025-11-19T16:21:56.458649
EXT-02365,พื้นที่เสี่ยงภัยดินถล่ม,กรมทรัพยากรธรณี,วัดดอนแก้ว | รายละเอียด: วัด,,,"17.70224095227095,99.99924765670576",วัดดอนแก้ว,แม่พูล,ลับแล,อุตรดิตถ์,2025-11-19T16:21:56.458649,,0,0,2025-11-19T16:21:56.458649
EXT-02366,พื้นที่เสี่ยงภัยดินถล่ม,กรมทรัพยากรธรณี,วัดดอนค่า | รายละเอียด: วัด,,,"17.70192759551994,100.0110402053183",วัดดอนค่า,แม่พูล,ลับแล,อุตรดิตถ์,2025-11-19T16:21:56.458649,,0,0,2025-11-19T16:21:56.458649
EXT-02367,พื้นที่เสี่ยงภัยดินถล่ม,กรมทรัพยากรธรณี,สถานีอนามัยแม่พลู | รายละเอียด: สถานีอนามัย,,,"17.70101038156025,100.01889432999741",สถานีอนามัยแม่พลู,แม่พูล,ลับแล,อุตรดิตถ์,2025-11-19T16:21:56.458649,,0,0,2025-11-19T16:21:56.458649
EXT-02368,พื้นที่เสี่ยงภัยดินถล่ม,กรมทรัพยากรธรณี,โรงเรียนชุมชนหัวดง | รายละเอียด: โรงเรียน,,,"17.700190358061437,100.01799275353325",โรงเรียนชุมชนหัวดง,แม่พูล,ลับแล,อุตรดิตถ์,2025-11-19T16:21:56.458649,,0,0,2025-11-19T16:21:56.458649
EXT-02369,พื้นที่เสี่ยงภัยดินถล่ม,กรมทรัพยากรธรณี,วัดประทุมคงคา | รายละเอียด: วัด,,,"17.695654251153226,100.02066327595729",วัดประทุมคงคา,แม่พูล,ลับแล,อุตรดิตถ์,2025-11-19T16:21:56.458649,,0,0,2025-11-19T16:21:56.458649
EXT-02370,พื้นที่เสี่ยงภัยดินถล่ม,กรมทรัพยากรธรณี,วัดดอยมูล | รายละเอียด: วัด,,,"17.686067067669565,100.03049011237631",วัดดอยมูล,ฝายหลวง,ลับแล,อุตรดิตถ์,2025-11-19T16:21:56.458649,,0,0,2025-11-19T16:21:56.458649
EXT-02371,พื้นที่เสี่ยงภัยดินถล่ม,กรมทรัพยากรธรณี,วัดใหม่ | รายละเอียด: วัด,,,"17.6782925810507,100.0287198886534",วัดใหม่,ฝายหลวง,ลับแล,อุตรดิตถ์,2025-11-19T16:21:56.458649,,0,0,2025-11-19T16:21:56.458649
EXT-02372,พื้นที่เสี่ยงภัยดินถล่ม,กรมทรัพยากรธรณี,โรงเรียนวัดใหม่ | รายละเอียด: โรงเรียน,,,"17.677508794270256,100.02997052806425",โรงเรียนวัดใหม่,ฝายหลวง,ลับแล,อุตรดิตถ์,2025-11-19T16:21:56.458649,,0,0,2025-11-19T16:21:56.458649
EXT-02373,พื้นที่เสี่ยงภัยดินถล่ม,กรมทรัพยากรธรณี,โรงเรียนวัดเจดีย์ | รายละเอียด: โรงเรียน,,,"17.674235840052834,100.03345018914837",โรงเรียนวัดเจดีย์,ฝายหลวง,ลับแล,อุตรดิตถ์,2025-11-19T16:21:56.458649,,0,0,2025-11-19T16:21:56.458649
EXT-02374,พื้นที่เสี่ยงภัยดินถล่ม,กรมทรัพยากรธรณี,วัดเจดีย์คีรีวิหาร | รายละเอียด: วัด,,,"17.673032464860263,100.03349339916218",วัดเจดีย์คีรีวิหาร,ฝายหลวง,ลับแล,อุตรดิตถ์,2025-11-19T16:21:56.458649,,0,0,2025-11-19T16:21:56.458649
EXT-02375,พื้นที่เสี่ยงภัยดินถล่ม,กรมทรัพยากรธรณี,สำนักสงฆ์บ้านห้วยผึ้ง | รายละเอียด: วัด,,,"17.861243799613813,100.60208536806603",สำนักสงฆ์บ้านห้วยผึ้ง,ท่าแฝก,ท่าปลา,อุตรดิตถ์,2025-11-19T16:21:56.458649,,0,0,2025-11-19T16:21:56.458649
EXT-02376,พื้นที่เสี่ยงภัยดินถล่ม,กรมทรัพยากรธรณี,โรงเรียนบ้านห้วยผึ้ง | รายละเอียด: โรงเรียน,,,"17.85958490372728,100.6024591429751",โรงเรียนบ้านห้วยผึ้ง,ท่าแฝก,ท่าปลา,อุตรดิตถ์,2025-11-19T16:21:56.458649,,0,0,2025-11-19T16:21:56.458649
EXT-02377,พื้นที่เสี่ยงภัยดินถล่ม,กรมทรัพยากรธรณี,สถานีอนามัยบ้านห้วยผึ้ง | รายละเอียด: สถานีอนามัย,,,"17.857155238062347,100.60906235035718",สถานีอนามัยบ้านห้วยผึ้ง,ท่าแฝก,ท่าปลา,อุตรดิตถ์,2025-11-19T16:21:56.458649,,0,0,2025-11-19T16:21:56.458649
EXT-02378,พื้นที่เสี่ยงภัยดินถล่ม,กรมทรัพยากรธรณี,วัดปากปาด | รายละเอียด: วัด,,,"17.735972772071186,100.5565049278199",วัดปากปาด,แสนตอ,น้ำปาด,อุตรดิตถ์,2025-11-19T16:21:56.458649,,0,0,2025-11-19T16:21:56.458649
EXT-02379,พื้นที่เสี่ยงภัยดินถล่ม,กรมทรัพยากรธรณี,วัดย่านดู่ | รายละเอียด: วัด,,,"17.73245056385634,100.52286203180053",วัดย่านดู่,ผาเลือด,ท่าปลา,อุตรดิตถ์,2025-11-19T16:21:56.458649,,0,0,2025-11-19T16:21:56.458649
EXT-02380,พื้นที่เสี่ยงภัยดินถล่ม,กรมทรัพยากรธรณี,โรงเรียนบ้านย่านดู่ | รายละเอียด: โรงเรียน,,,"17.732402210297547,100.52006581980018",โรงเรียนบ้านย่านดู่,ผาเลือด,ท่าปลา,อุตรดิตถ์,2025-11-19T16:21:56.458649,,0,0,2025-11-19T16:21:56.458649
EXT-02381,พื้นที่เสี่ยงภัยดินถล่ม,กรมทรัพยากรธรณี,สถานีอนามัยบ้านย่านดู่ | รายละเอียด: สถานีอนามัย,,,"17.73170083574799,100.52311677128064",สถานีอนามัยบ้านย่านดู่,ผาเลือด,ท่าปลา,อุตรดิตถ์,2025-11-19T16:21:56.458649,,0,0,2025-11-19T16:21:56.458649
EXT-02382,พื้นที่เสี่ยงภัยดินถล่ม,กรมทรัพยากรธรณี,โรงเรียนบ้านปากปาด | รายละเอียด: โรงเรียน,,,"17.73023212897616,100.5647977441964",โรงเรียนบ้านปากปาด,แสนตอ,น้ำปาด,อุตรดิตถ์,2025-11-19T16:21:56.458649,,0,0,2025-11-19T16:21:56.458649
EXT-02383,พื้นที่เสี่ยงภัยดินถล่ม,กรมทรัพยากรธรณี,โรงเรียนบ้านห้วยสีเสียด | รายละเอียด: โรงเรียน,,,"17.690484028611284,100.55730274766053",โรงเรียนบ้านห้วยสีเสียด,ผาเลือด,ท่าปลา,อุตรดิตถ์,2025-11-19T16:21:56.458649,,0,0,2025-11-19T16:21:56.458649
EXT-02384,พื้นที่เสี่ยงภัยดินถล่ม,กรมทรัพยากรธรณี,โรงเรียนบ้านปางเกลือ | รายละเอียด: โรงเรียน,,,"17.64081167789725,100.55405153467328",โรงเรียนบ้านปางเกลือ,น้ำไคร้,น้ำปาด,อุตรดิตถ์,2025-11-19T16:21:56.458649,,0,0,2025-11-19T16:21:56.458649
EXT-02385,พื้นที่เสี่ยงภัยดินถล่ม,กรมทรัพยากรธรณี,วัดสักใหญ่เทพนิมิตร | รายละเอียด: วัด,,,"17.63755831078671,100.55050543473511",วัดสักใหญ่เทพนิมิตร,น้ำไคร้,น้ำปาด,อุตรดิตถ์,2025-11-19T16:21:56.458649,,0,0,2025-11-19T16:21:56.458649
EXT-02386,พื้นที่เสี่ยงภัยดินถล่ม,กรมทรัพยากรธรณี,โรงเรียนบ้านต้นขนุน | รายละเอียด: โรงเรียน,,,"17.62840432262439,100.71846999639399",โรงเรียนบ้านต้นขนุน,น้ำไฝ,น้ำปาด,อุตรดิตถ์,2025-11-19T16:21:56.458649,,0,0,2025-11-19T16:21:56.458649
EXT-02387,พื้นที่เสี่ยงภัยดินถล่ม,กรมทรัพยากรธรณี,วัดต้นขนุน | รายละเอียด: วัด,,,"17.622690897661368,100.71490878930871",วัดต้นขนุน,น้ำไฝ,น้ำปาด,อุตรดิตถ์,2025-11-19T16:21:56.458649,,0,0,2025-11-19T16:21:56.458649
EXT-02388,พื้นที่เสี่ยงภัยดินถล่ม,กรมทรัพยากรธรณี,คริสตจักรบ้านห้วยแมง | รายละเอียด: คริสตจักร,,,"17.611774170408356,100.52881713210463",คริสตจักรบ้านห้วยแมง,น้ำไคร้,น้ำปาด,อุตรดิตถ์,2025-11-19T16:21:56.458649,,0,0,2025-11-19T16:21:56.458649
EXT-02389,พื้นที่เสี่ยงภัยดินถล่ม,กรมทรัพยากรธรณี,โรงเรียน้านห้วยแมง | รายละเอียด: โรงเรียน,,,"17.608647012801388,100.53268008928227",โรงเรียน้านห้วยแมง,น้ำไคร้,น้ำปาด,อุตรดิตถ์,2025-11-19T16:21:56.458649,,0,0,2025-11-19T16:21:56.458649
EXT-02390,พื้นที่เสี่ยงภัยดินถล่ม,กรมทรัพยากรธรณี,สถานีอนามัยบ้านห้วยแมง | รายละเอียด: สถานีอนามัย,,,"17.608059581131158,100.53065040020034",สถานีอนามัยบ้านห้วยแมง,น้ำไคร้,น้ำปาด,อุตรดิตถ์,2025-11-19T16:21:56.458649,,0,0,2025-11-19T16:21:56.458649
EXT-02391,พื้นที่เสี่ยงภัยดินถล่ม,กรมทรัพยากรธรณี,วัดห้วยแมง | รายละเอียด: วัด,,,"17.602331202270154,100.53449480769127",วัดห้วยแมง,น้ำไคร้,น้ำปาด,อุตรดิตถ์,2025-11-19T16:21:56.458649,,0,0,2025-11-19T16:21:56.458649
EXT-02392,พื้นที่เสี่ยงภัยดินถล่ม,กรมทรัพยากรธรณี,วัดสองเปย | รายละเอียด: วัด,,,"17.591873864848814,100.68613587181993",วัดสองเปย,น้ำไฝ,น้ำปาด,อุตรดิตถ์,2025-11-19T16:21:56.458649,,0,0,2025-11-19T16:21:56.458649
EXT-02393,พื้นที่เสี่ยงภัยดินถล่ม,กรมทรัพยากรธรณี,อำเภอน้ำปาด | รายละเอียด: สถานที่ราชการ,,,"17.728495087275125,100.68472127296039",อำเภอน้ำปาด,แสนตอ,น้ำปาด,อุตรดิตถ์,2025-11-19T16:21:56.458649,,0,0,2025-11-19T16:21:56.458649
EXT-02394,พื้นที่เสี่ยงภัยดินถล่ม,กรมทรัพยากรธรณี,โรงเรียนชุมชนไกรลาสวิทยาคม | รายละเอียด: โรงเรียน,,,"17.727597172948755,100.68208645752235",โรงเรียนชุมชนไกรลาสวิทยาคม,แสนตอ,น้ำปาด,อุตรดิตถ์,2025-11-19T16:21:56.458649,,0,0,2025-11-19T16:21:56.458649
EXT-02395,พื้นที่เสี่ยงภัยดินถล่ม,กรมทรัพยากรธรณี,โรงเรียนสหคริสเตียน | รายละเอียด: โรงเรียน,,,"17.727302057600916,100.67101640965892",โรงเรียนสหคริสเตียน,แสนตอ,น้ำปาด,อุตรดิตถ์,2025-11-19T16:21:56.458649,,0,0,2025-11-19T16:21:56.458649
EXT-02396,พื้นที่เสี่ยงภัยดินถล่ม,กรมทรัพยากรธรณี,วัดไผ่ล้อม | รายละเอียด: วัด,,,"17.72702862099785,100.69304113040704",วัดไผ่ล้อม,แสนตอ,น้ำปาด,อุตรดิตถ์,2025-11-19T16:21:56.458649,,0,0,2025-11-19T16:21:56.458649
EXT-02397,พื้นที่เสี่ยงภัยดินถล่ม,กรมทรัพยากรธรณี,โรงพยาบาลน้ำปาด | รายละเอียด: โรงพยาบาล,,,"17.726466408199062,100.67920435711974",โรงพยาบาลน้ำปาด,แสนตอ,น้ำปาด,อุตรดิตถ์,2025-11-19T16:21:56.458649,,0,0,2025-11-19T16:21:56.458649
EXT-02398,พื้นที่เสี่ยงภัยดินถล่ม,กรมทรัพยากรธรณี,วัดชัยชนะพล | รายละเอียด: วัด,,,"17.725195660976603,100.68672578717643",วัดชัยชนะพล,แสนตอ,น้ำปาด,อุตรดิตถ์,2025-11-19T16:21:56.458649,,0,0,2025-11-19T16:21:56.458649
EXT-02399,พื้นที่เสี่ยงภัยดินถล่ม,กรมทรัพยากรธรณี,โรงเรียนบ้านน้ำปาดชนูปถัมภ์ | รายละเอียด: โรงเรียน,,,"17.724230822119285,100.67514997503478",โรงเรียนบ้านน้ำปาดชนูปถัมภ์,แสนตอ,น้ำปาด,อุตรดิตถ์,2025-11-19T16:21:56.458649,,0,0,2025-11-19T16:21:56.458649
EXT-02400,พื้นที่เสี่ยงภัยดินถล่ม,กรมทรัพยากรธรณี,วัดช่องลม | รายละเอียด: วัด,,,"17.719897174997893,100.64102682250108",วัดช่องลม,แสนตอ,น้ำปาด,อุตรดิตถ์,2025-11-19T16:21:56.458649,,0,0,2025-11-19T16:21:56.458649
EXT-02401,พื้นที่เสี่ยงภัยดินถล่ม,กรมทรัพยากรธรณี,สถานีอนามัยบ้านห้วยไคร้ | รายละเอียด: สถานีอนามัย,,,"17.7159539020772,100.63916308595444",สถานีอนามัยบ้านห้วยไคร้,แสนตอ,น้ำปาด,อุตรดิตถ์,2025-11-19T16:21:56.458649,,0,0,2025-11-19T16:21:56.458649
EXT-02402,พื้นที่เสี่ยงภัยดินถล่ม,กรมทรัพยากรธรณี,โรงเรียนบ้านห้วยไคร้ | รายละเอียด: โรงเรียน,,,"17.71228515248335,100.63891468266353",โรงเรียนบ้านห้วยไคร้,แสนตอ,น้ำปาด,อุตรดิตถ์,2025-11-19T16:21:56.458649,,0,0,2025-11-19T16:21:56.458649
EXT-02403,พื้นที่เสี่ยงภัยดินถล่ม,กรมทรัพยากรธรณี,โรงเรียนบ้านห้วยหูด | รายละเอียด: โรงเรียน,,,"17.70085485215586,100.63971710076868",โรงเรียนบ้านห้วยหูด,แสนตอ,น้ำปาด,อุตรดิตถ์,2025-11-19T16:21:56.458649,,0,0,2025-11-19T16:21:56.458649
EXT-02404,พื้นที่เสี่ยงภัยดินถล่ม,กรมทรัพยากรธรณี,วัดห้วยหูด | รายละเอียด: วัด,,,"17.697382930044633,100.6333264126339",วัดห้วยหูด,แสนตอ,น้ำปาด,อุตรดิตถ์,2025-11-19T16:21:56.458649,,0,0,2025-11-19T16:21:56.458649
EXT-02405,พื้นที่เสี่ยงภัยดินถล่ม,กรมทรัพยากรธรณี,วัดโพนทัน | รายละเอียด: วัด,,,"17.674318698203123,100.79503237730624",วัดโพนทัน,น้ำไฝ,น้ำปาด,อุตรดิตถ์,2025-11-19T16:21:56.458649,,0,0,2025-11-19T16:21:56.458649
EXT-02406,พื้นที่เสี่ยงภัยดินถล่ม,กรมทรัพยากรธรณี,โรงเรียนบ้านนาผักฮาด | รายละเอียด: โรงเรียน,,,"17.67302393231921,100.79334832364204",โรงเรียนบ้านนาผักฮาด,น้ำไฝ,น้ำปาด,อุตรดิตถ์,2025-11-19T16:21:56.458649,,0,0,2025-11-19T16:21:56.458649
EXT-02407,พื้นที่เสี่ยงภัยดินถล่ม,กรมทรัพยากรธรณี,โรงเรียนบ้านห้วยเดือ | รายละเอียด: โรงเรียน,,,"17.662336460287065,100.75902129553371",โรงเรียนบ้านห้วยเดือ,น้ำไฝ,น้ำปาด,อุตรดิตถ์,2025-11-19T16:21:56.458649,,0,0,2025-11-19T16:21:56.458649
EXT-02408,พื้นที่เสี่ยงภัยดินถล่ม,กรมทรัพยากรธรณี,สถานีอนามัยบ้านห้วยเดือ | รายละเอียด: สถานีอนามัย,,,"17.658652751496874,100.757067593718",สถานีอนามัยบ้านห้วยเดือ,น้ำไฝ,น้ำปาด,อุตรดิตถ์,2025-11-19T16:21:56.458649,,0,0,2025-11-19T16:21:56.458649
EXT-02409,พื้นที่เสี่ยงภัยดินถล่ม,กรมทรัพยากรธรณี,วัดบ้านห้วยเดือ | รายละเอียด: วัด,,,"17.657473069462057,100.7564965623718",วัดบ้านห้วยเดือ,น้ำไฝ,น้ำปาด,อุตรดิตถ์,2025-11-19T16:21:56.458649,,0,0,2025-11-19T16:21:56.458649
EXT-02410,พื้นที่เสี่ยงภัยดินถล่ม,กรมทรัพยากรธรณี,วัดลานชุม | รายละเอียด: วัด,,,"17.799854870687987,100.7555365368731",วัดลานชุม,เด่นเหล็ก,น้ำปาด,อุตรดิตถ์,2025-11-19T16:21:56.458649,,0,0,2025-11-19T16:21:56.458649
EXT-02411,พื้นที่เสี่ยงภัยดินถล่ม,กรมทรัพยากรธรณี,โรงเรียนบ้านท่าโพธิ์ | รายละเอียด: โรงเรียน,,,"17.797960191340625,100.75648890200759",โรงเรียนบ้านท่าโพธิ์,เด่นเหล็ก,น้ำปาด,อุตรดิตถ์,2025-11-19T16:21:56.458649,,0,0,2025-11-19T16:21:56.458649
EXT-02412,พื้นที่เสี่ยงภัยดินถล่ม,กรมทรัพยากรธรณี,โรงเรียนบ้านหนองแก้ว | รายละเอียด: โรงเรียน,,,"17.790401140920356,100.74941147349773",โรงเรียนบ้านหนองแก้ว,บ้านฝาย,น้ำปาด,อุตรดิตถ์,2025-11-19T16:21:56.458649,,0,0,2025-11-19T16:21:56.458649
EXT-02413,พื้นที่เสี่ยงภัยดินถล่ม,กรมทรัพยากรธรณี,สำนักสงฆ์บ้านหนองแก้ว | รายละเอียด: วัด,,,"17.78987860813807,100.74823039404421",สำนักสงฆ์บ้านหนองแก้ว,บ้านฝาย,น้ำปาด,อุตรดิตถ์,2025-11-19T16:21:56.458649,,0,0,2025-11-19T16:21:56.458649
EXT-02414,พื้นที่เสี่ยงภัยดินถล่ม,กรมทรัพยากรธรณี,วัดบ้านโคกทรายขาว | รายละเอียด: วัด,,,"17.787530613589986,100.72966302597924",วัดบ้านโคกทรายขาว,บ้านฝาย,น้ำปาด,อุตรดิตถ์,2025-11-19T16:21:56.458649,,0,0,2025-11-19T16:21:56.458649
EXT-02415,พื้นที่เสี่ยงภัยดินถล่ม,กรมทรัพยากรธรณี,โรงเรียนบ้านทรายขาว | รายละเอียด: โรงเรียน,,,"17.78740898370367,100.71975469155016",โรงเรียนบ้านทรายขาว,บ้านฝาย,น้ำปาด,อุตรดิตถ์,2025-11-19T16:21:56.458649,,0,0,2025-11-19T16:21:56.458649
EXT-02416,พื้นที่เสี่ยงภัยดินถล่ม,กรมทรัพยากรธรณี,วัดศรีสว่าง | รายละเอียด: วัด,,,"17.778267090227136,100.71488625854708",วัดศรีสว่าง,บ้านฝาย,น้ำปาด,อุตรดิตถ์,2025-11-19T16:21:56.458649,,0,0,2025-11-19T16:21:56.458649
EXT-02417,พื้นที่เสี่ยงภัยดินถล่ม,กรมทรัพยากรธรณี,โรงเรียนบ้านม่วง | รายละเอียด: โรงเรียน,,,"17.77719814874359,100.7289417146415",โรงเรียนบ้านม่วง,บ้านฝาย,น้ำปาด,อุตรดิตถ์,2025-11-19T16:21:56.458649,,0,0,2025-11-19T16:21:56.458649
EXT-02418,พื้นที่เสี่ยงภัยดินถล่ม,กรมทรัพยากรธรณี,วัดต้นตาล | รายละเอียด: วัด,,,"17.776990837745377,100.73169648849085",วัดต้นตาล,บ้านฝาย,น้ำปาด,อุตรดิตถ์,2025-11-19T16:21:56.458649,,0,0,2025-11-19T16:21:56.458649
EXT-02419,พื้นที่เสี่ยงภัยดินถล่ม,กรมทรัพยากรธรณี,สถานีอนามัยบ้านม่วง | รายละเอียด: สถานีอนามัย,,,"17.776242008477393,100.72696618242955",สถานีอนามัยบ้านม่วง,บ้านฝาย,น้ำปาด,อุตรดิตถ์,2025-11-19T16:21:56.458649,,0,0,2025-11-19T16:21:56.458649
EXT-02420,พื้นที่เสี่ยงภัยดินถล่ม,กรมทรัพยากรธรณี,โรงเรียนบ้านชำบุ่น | รายละเอียด: โรงเรียน,,,"17.75373350662156,100.75355204690725",โรงเรียนบ้านชำบุ่น,บ้านฝาย,น้ำปาด,อุตรดิตถ์,2025-11-19T16:21:56.458649,,0,0,2025-11-19T16:21:56.458649
EXT-02421,พื้นที่เสี่ยงภัยดินถล่ม,กรมทรัพยากรธรณี,สำนักสงฆ์ | รายละเอียด: วัด,,,"17.75182848168729,100.75364310588982",สำนักสงฆ์,บ้านฝาย,น้ำปาด,อุตรดิตถ์,2025-11-19T16:21:56.458649,,0,0,2025-11-19T16:21:56.458649
EXT-02422,พื้นที่เสี่ยงภัยดินถล่ม,กรมทรัพยากรธรณี,โรงเรียนสมพงษ์วิทยา | รายละเอียด: โรงเรียน,,,"17.74418546019281,100.67906774777806",โรงเรียนสมพงษ์วิทยา,แสนตอ,น้ำปาด,อุตรดิตถ์,2025-11-19T16:21:56.458649,,0,0,2025-11-19T16:21:56.458649
EXT-02423,พื้นที่เสี่ยงภัยดินถล่ม,กรมทรัพยากรธรณี,โรงเรียนบ้านใหม่ | รายละเอียด: โรงเรียน,,,"17.74349503861513,100.70697553262879",โรงเรียนบ้านใหม่,บ้านฝาย,น้ำปาด,อุตรดิตถ์,2025-11-19T16:21:56.458649,,0,0,2025-11-19T16:21:56.458649
EXT-02424,พื้นที่เสี่ยงภัยดินถล่ม,กรมทรัพยากรธรณี,วัดทรายมูล | รายละเอียด: วัด,,,"17.743496356054187,100.67921513943173",วัดทรายมูล,แสนตอ,น้ำปาด,อุตรดิตถ์,2025-11-19T16:21:56.458649,,0,0,2025-11-19T16:21:56.458649
EXT-02425,พื้นที่เสี่ยงภัยดินถล่ม,กรมทรัพยากรธรณี,วัดสองแดด | รายละเอียด: วัด,,,"17.738903568934262,100.70635626442683",วัดสองแดด,บ้านฝาย,น้ำปาด,อุตรดิตถ์,2025-11-19T16:21:56.458649,,0,0,2025-11-19T16:21:56.458649
EXT-02426,พื้นที่เสี่ยงภัยดินถล่ม,กรมทรัพยากรธรณี,วัดศรีสะอาดโพธิ์ชัย | รายละเอียด: วัด,,,"17.73817706132427,100.6957058384573",วัดศรีสะอาดโพธิ์ชัย,บ้านฝาย,น้ำปาด,อุตรดิตถ์,2025-11-19T16:21:56.458649,,0,0,2025-11-19T16:21:56.458649
EXT-02427,พื้นที่เสี่ยงภัยดินถล่ม,กรมทรัพยากรธรณี,โรงเรียนบ้านนากวาง | รายละเอียด: โรงเรียน,,,"17.736744556592587,100.71187468662357",โรงเรียนบ้านนากวาง,บ้านฝาย,น้ำปาด,อุตรดิตถ์,2025-11-19T16:21:56.458649,,0,0,2025-11-19T16:21:56.458649
EXT-02428,พื้นที่เสี่ยงภัยดินถล่ม,กรมทรัพยากรธรณี,โรงเรียนวัดศรีสะอาดโพธิ์ชัย | รายละเอียด: โรงเรียน,,,"17.736597834457942,100.69730214032997",โรงเรียนวัดศรีสะอาดโพธิ์ชัย,บ้านฝาย,น้ำปาด,อุตรดิตถ์,2025-11-19T16:21:56.458649,,0,0,2025-11-19T16:21:56.458649
EXT-02429,พื้นที่เสี่ยงภัยดินถล่ม,กรมทรัพยากรธรณี,สำนักสงฆ์นาล้อม | รายละเอียด: วัด,,,"17.735615800935616,100.68649270010351",สำนักสงฆ์นาล้อม,แสนตอ,น้ำปาด,อุตรดิตถ์,2025-11-19T16:21:56.458649,,0,0,2025-11-19T16:21:56.458649
EXT-02430,พื้นที่เสี่ยงภัยดินถล่ม,กรมทรัพยากรธรณี,วัดต้นตะกร้อ | รายละเอียด: วัด,,,"17.73377231589762,100.68401806407194",วัดต้นตะกร้อ,แสนตอ,น้ำปาด,อุตรดิตถ์,2025-11-19T16:21:56.458649,,0,0,2025-11-19T16:21:56.458649
EXT-02431,พื้นที่เสี่ยงภัยดินถล่ม,กรมทรัพยากรธรณี,สำนักสงฆ์ดอยภูเงิน | รายละเอียด: วัด,,,"17.733511886230303,100.69929200248379",สำนักสงฆ์ดอยภูเงิน,บ้านฝาย,น้ำปาด,อุตรดิตถ์,2025-11-19T16:21:56.458649,,0,0,2025-11-19T16:21:56.458649
EXT-02432,พื้นที่เสี่ยงภัยดินถล่ม,กรมทรัพยากรธรณี,วัดโพธิ์หย่อน | รายละเอียด: วัด,,,"17.73254745553495,100.7140829542701",วัดโพธิ์หย่อน,บ้านฝาย,น้ำปาด,อุตรดิตถ์,2025-11-19T16:21:56.458649,,0,0,2025-11-19T16:21:56.458649
EXT-02433,พื้นที่เสี่ยงภัยดินถล่ม,กรมทรัพยากรธรณี,วัดชุมพล | รายละเอียด: วัด,,,"17.730469135976726,100.68645985924078",วัดชุมพล,แสนตอ,น้ำปาด,อุตรดิตถ์,2025-11-19T16:21:56.458649,,0,0,2025-11-19T16:21:56.458649
EXT-02434,พื้นที่เสี่ยงภัยดินถล่ม,กรมทรัพยากรธรณี,สำนักสงฆ์ | รายละเอียด: วัด,,,"17.84894978402338,100.78870630054884",สำนักสงฆ์,เด่นเหล็ก,น้ำปาด,อุตรดิตถ์,2025-11-19T16:21:56.458649,,0,0,2025-11-19T16:21:56.458649
EXT-02435,พื้นที่เสี่ยงภัยดินถล่ม,กรมทรัพยากรธรณี,โรงเรียนบ้านต้นม่วง | รายละเอียด: โรงเรียน,,,"17.842923010596095,100.7886165933031",โรงเรียนบ้านต้นม่วง,เด่นเหล็ก,น้ำปาด,อุตรดิตถ์,2025-11-19T16:21:56.458649,,0,0,2025-11-19T16:21:56.458649
EXT-02436,พื้นที่เสี่ยงภัยดินถล่ม,กรมทรัพยากรธรณี,สถานีอนามัย | รายละเอียด: สถานีอนามัย,,,"17.833946305209825,100.78197289609737",สถานีอนามัย,เด่นเหล็ก,น้ำปาด,อุตรดิตถ์,2025-11-19T16:21:56.458649,,0,0,2025-11-19T16:21:56.458649
EXT-02437,พื้นที่เสี่ยงภัยดินถล่ม,กรมทรัพยากรธรณี,วัดโพนร้อง | รายละเอียด: วัด,,,"17.832197604693583,100.78399433322619",วัดโพนร้อง,เด่นเหล็ก,น้ำปาด,อุตรดิตถ์,2025-11-19T16:21:56.458649,,0,0,2025-11-19T16:21:56.458649
EXT-02438,พื้นที่เสี่ยงภัยดินถล่ม,กรมทรัพยากรธรณี,โรงเรียนบ้านเด่นเหล็ก | รายละเอียด: โรงเรียน,,,"17.831471246670887,100.78277430013894",โรงเรียนบ้านเด่นเหล็ก,เด่นเหล็ก,น้ำปาด,อุตรดิตถ์,2025-11-19T16:21:56.458649,,0,0,2025-11-19T16:21:56.458649
EXT-02439,พื้นที่เสี่ยงภัยดินถล่ม,กรมทรัพยากรธรณี,สำนักสงฆ์ | รายละเอียด: วัด,,,"17.826676771717004,100.77919972122301",สำนักสงฆ์,เด่นเหล็ก,น้ำปาด,อุตรดิตถ์,2025-11-19T16:21:56.458649,,0,0,2025-11-19T16:21:56.458649
EXT-02440,พื้นที่เสี่ยงภัยดินถล่ม,กรมทรัพยากรธรณี,โรงเรียนบ้านนาน้ำพาย | รายละเอียด: โรงเรียน,,,"17.825849737227088,100.78739902361866",โรงเรียนบ้านนาน้ำพาย,เด่นเหล็ก,น้ำปาด,อุตรดิตถ์,2025-11-19T16:21:56.458649,,0,0,2025-11-19T16:21:56.458649
EXT-02441,พื้นที่เสี่ยงภัยดินถล่ม,กรมทรัพยากรธรณี,วัดนาน้ำพาย | รายละเอียด: วัด,,,"17.82369874596027,100.78388259951087",วัดนาน้ำพาย,เด่นเหล็ก,น้ำปาด,อุตรดิตถ์,2025-11-19T16:21:56.458649,,0,0,2025-11-19T16:21:56.458649
EXT-02442,พื้นที่เสี่ยงภัยดินถล่ม,กรมทรัพยากรธรณี,รพ.สต.ขุนฝาง | รายละเอียด: โรงพยาบาล,,,"17.715868354553933,100.21925326165054",รพ.สต.ขุนฝาง,ขุนฝาง,เมืองอุตรดิตถ์,อุตรดิตถ์,2025-11-19T16:21:56.458649,,0,0,2025-11-19T16:21:56.458649
EXT-02443,พื้นที่เสี่ยงภัยดินถล่ม,กรมทรัพยากรธรณี,บ้านเหล่าป่าสา | รายละเอียด: หมู่บ้าน,,,"17.720817894535188,100.22293475757655",บ้านเหล่าป่าสา,ขุนฝาง,เมืองอุตรดิตถ์,อุตรดิตถ์,2025-11-19T16:21:56.458649,,0,0,2025-11-19T16:21:56.458649
EXT-02444,พื้นที่เสี่ยงภัยดินถล่ม,กรมทรัพยากรธรณี,ขุนฝาง | รายละเอียด: สถานที่ราชการ,,,"17.717660527352685,100.21088735747227",ขุนฝาง,ขุนฝาง,เมืองอุตรดิตถ์,อุตรดิตถ์,2025-11-19T16:21:56.458649,,0,0,2025-11-19T16:21:56.458649
EXT-02445,พื้นที่เสี่ยงภัยดินถล่ม,กรมทรัพยากรธรณี,ห้วยยิงเห็น | รายละเอียด: โรงเรียน,,,"17.716090353938284,100.20757649258817",ห้วยยิงเห็น,ขุนฝาง,เมืองอุตรดิตถ์,อุตรดิตถ์,2025-11-19T16:21:56.458649,,0,0,2025-11-19T16:21:56.458649
EXT-02446,พื้นที่เสี่ยงภัยดินถล่ม,กรมทรัพยากรธรณี,ห้วยภูนก | รายละเอียด: โรงเรียน,,,"17.739746902430586,100.2153738424989",ห้วยภูนก,ขุนฝาง,เมืองอุตรดิตถ์,อุตรดิตถ์,2025-11-19T16:21:56.458649,,0,0,2025-11-19T16:21:56.458649
EXT-02447,พื้นที่เสี่ยงภัยดินถล่ม,กรมทรัพยากรธรณี,ฝาง 1 | รายละเอียด: หมู่บ้าน,,,"17.780262572580114,100.21214792472324",ฝาง 1,ขุนฝาง,เมืองอุตรดิตถ์,อุตรดิตถ์,2025-11-19T16:21:56.458649,,0,0,2025-11-19T16:21:56.458649
EXT-02448,พื้นที่เสี่ยงภัยดินถล่ม,กรมทรัพยากรธรณี,ฝาง 2 | รายละเอียด: หมู่บ้าน,,,"17.756454150180087,100.21724088391561",ฝาง 2,ขุนฝาง,เมืองอุตรดิตถ์,อุตรดิตถ์,2025-11-19T16:21:56.458649,,0,0,2025-11-19T16:21:56.458649
EXT-02449,พื้นที่เสี่ยงภัยดินถล่ม,กรมทรัพยากรธรณี,บ้านขุนฝาง | รายละเอียด: หมู่บ้าน,,,"17.78705728190664,100.20649943367064",บ้านขุนฝาง,ขุนฝาง,เมืองอุตรดิตถ์,อุตรดิตถ์,2025-11-19T16:21:56.458649,,0,0,2025-11-19T16:21:56.458649
EXT-02450,พื้นที่เสี่ยงภัยดินถล่ม,กรมทรัพยากรธรณี,ฝาง 1 | รายละเอียด: หมู่บ้าน,,,"17.790055088338246,100.19364905748155",ฝาง 1,ขุนฝาง,เมืองอุตรดิตถ์,อุตรดิตถ์,2025-11-19T16:21:56.458649,,0,0,2025-11-19T16:21:56.458649
EXT-02451,พื้นที่เสี่ยงภัยดินถล่ม,กรมทรัพยากรธรณี,ฝาง 2 | รายละเอียด: หมู่บ้าน,,,"17.7883211497425,100.20524995129482",ฝาง 2,ขุนฝาง,เมืองอุตรดิตถ์,อุตรดิตถ์,2025-11-19T16:21:56.458649,,0,0,2025-11-19T16:21:56.458649
EXT-02452,พื้นที่เสี่ยงภัยดินถล่ม,กรมทรัพยากรธรณี,วัดศรีธาราม | รายละเอียด: วัด,,,"17.66535875221193,100.14937329478468",วัดศรีธาราม,งิ้วงาม,เมืองอุตรดิตถ์,อุตรดิตถ์,2025-11-19T16:21:56.458649,,0,0,2025-11-19T16:21:56.458649
EXT-02453,พื้นที่เสี่ยงภัยดินถล่ม,กรมทรัพยากรธรณี,โรงเรียนมิตรภาพที่ 39 | รายละเอียด: โรงเรียน,,,"17.67179251957027,100.15426128983265",โรงเรียนมิตรภาพที่ 39,งิ้วงาม,เมืองอุตรดิตถ์,อุตรดิตถ์,2025-11-19T16:21:56.458649,,0,0,2025-11-19T16:21:56.458649
EXT-02454,พื้นที่เสี่ยงภัยดินถล่ม,กรมทรัพยากรธรณี,ศูนย์เรียนรู้ชุมชน หมู่ 3 | รายละเอียด: ศาลาอเนกประสงค์,,,"17.67337678017922,100.16588639987333",ศูนย์เรียนรู้ชุมชน หมู่ 3,งิ้วงาม,เมืองอุตรดิตถ์,อุตรดิตถ์,2025-11-19T16:21:56.458649,,0,0,2025-11-19T16:21:56.458649
EXT-02455,พื้นที่เสี่ยงภัยดินถล่ม,กรมทรัพยากรธรณี,สำนักงานเทศบาลตำบลงิ้วงาม (ชั้น 2) | รายละเอียด: สถานที่ราชการ,,,"17.667104520205775,100.17546490973227",สำนักงานเทศบาลตำบลงิ้วงาม (ชั้น 2),งิ้วงาม,เมืองอุตรดิตถ์,อุตรดิตถ์,2025-11-19T16:21:56.458649,,0,0,2025-11-19T16:21:56.458649
EXT-02456,พื้นที่เสี่ยงภัยดินถล่ม,กรมทรัพยากรธรณี,วัดวังขอน | รายละเอียด: วัด,,,"17.667766129608676,100.1913510374132",วัดวังขอน,งิ้วงาม,เมืองอุตรดิตถ์,อุตรดิตถ์,2025-11-19T16:21:56.458649,,0,0,2025-11-19T16:21:56.458649
EXT-02457,พื้นที่เสี่ยงภัยดินถล่ม,กรมทรัพยากรธรณี,รพ.สต.งิ้วงาม | รายละเอียด: โรงพยาบาล,,,"17.666238749946455,100.19958039995811",รพ.สต.งิ้วงาม,งิ้วงาม,เมืองอุตรดิตถ์,อุตรดิตถ์,2025-11-19T16:21:56.458649,,0,0,2025-11-19T16:21:56.458649
EXT-02458,พื้นที่เสี่ยงภัยดินถล่ม,กรมทรัพยากรธรณี,วัดปากฝาง | รายละเอียด: วัด,,,"17.667246127654135,100.20566954926083",วัดปากฝาง,งิ้วงาม,เมืองอุตรดิตถ์,อุตรดิตถ์,2025-11-19T16:21:56.458649,,0,0,2025-11-19T16:21:56.458649
EXT-02459,พื้นที่เสี่ยงภัยดินถล่ม,กรมทรัพยากรธรณี,โรงเรียนบ้านน้ำไผ่ | รายละเอียด: โรงเรียน,,,"17.704689059899835,100.17423837997151",โรงเรียนบ้านน้ำไผ่,งิ้วงาม,เมืองอุตรดิตถ์,อุตรดิตถ์,2025-11-19T16:21:56.458649,,0,0,2025-11-19T16:21:56.458649
EXT-02460,พื้นที่เสี่ยงภัยดินถล่ม,กรมทรัพยากรธรณี,เขตพุทธาวาสวัดดอยแก้ว | รายละเอียด: วัด,,,"17.672660433657637,100.17648939217314",เขตพุทธาวาสวัดดอยแก้ว,งิ้วงาม,เมืองอุตรดิตถ์,อุตรดิตถ์,2025-11-19T16:21:56.458649,,0,0,2025-11-19T16:21:56.458649
EXT-02461,พื้นที่เสี่ยงภัยดินถล่ม,กรมทรัพยากรธรณี,โรงเรียนบ้านน้ำใส | รายละเอียด: โรงเรียน,,,"17.638271538436285,100.0489016752154",โรงเรียนบ้านน้ำใส,ชัยจุมพล,ลับแล,อุตรดิตถ์,2025-11-19T16:21:56.458649,,0,0,2025-11-19T16:21:56.458649
EXT-02462,พื้นที่เสี่ยงภัยดินถล่ม,กรมทรัพยากรธรณี,วัดน้ำใส | รายละเอียด: วัด,,,"17.635553461637805,100.04858560559224",วัดน้ำใส,ชัยจุมพล,ลับแล,อุตรดิตถ์,2025-11-19T16:21:56.458649,,0,0,2025-11-19T16:21:56.458649
EXT-02463,พื้นที่เสี่ยงภัยดินถล่ม,กรมทรัพยากรธรณี,สำนักงานสาธารณสุขจังหวัดอุตรดิตถ์ | รายละเอียด: สถานที่ราชการ,,,"17.639580258694775,100.05270225098482",สำนักงานสาธารณสุขจังหวัดอุตรดิตถ์,ชัยจุมพล,ลับแล,อุตรดิตถ์,2025-11-19T16:21:56.458649,,0,0,2025-11-19T16:21:56.458649
EXT-02464,พื้นที่เสี่ยงภัยดินถล่ม,กรมทรัพยากรธรณี,วัดร่องเสี้ยว | รายละเอียด: วัด,,,"17.628298502692523,100.06135911630093",วัดร่องเสี้ยว,ชัยจุมพล,ลับแล,อุตรดิตถ์,2025-11-19T16:21:56.458649,,0,0,2025-11-19T16:21:56.458649
EXT-02465,พื้นที่เสี่ยงภัยดินถล่ม,กรมทรัพยากรธรณี,โรงพยาบาลลับแล | รายละเอียด: โรงพยาบาล,,,"17.650153694596746,100.05082795561114",โรงพยาบาลลับแล,ชัยจุมพล,ลับแล,อุตรดิตถ์,2025-11-19T16:21:56.458649,,0,0,2025-11-19T16:21:56.458649
EXT-02466,พื้นที่เสี่ยงภัยดินถล่ม,กรมทรัพยากรธรณี,วัดไชยจุมพล | รายละเอียด: วัด,,,"17.645904839319655,100.0417486935275",วัดไชยจุมพล,ศรีพนมมาศ,ลับแล,อุตรดิตถ์,2025-11-19T16:21:56.458649,,0,0,2025-11-19T16:21:56.458649
EXT-02467,พื้นที่เสี่ยงภัยดินถล่ม,กรมทรัพยากรธรณี,โรงเรียนวัดห้องสูง | รายละเอียด: โรงเรียน,,,"17.622264205545726,100.0693049164404",โรงเรียนวัดห้องสูง,ชัยจุมพล,ลับแล,อุตรดิตถ์,2025-11-19T16:21:56.458649,,0,0,2025-11-19T16:21:56.458649
EXT-02468,พื้นที่เสี่ยงภัยดินถล่ม,กรมทรัพยากรธรณี,วัดห้องสูง | รายละเอียด: วัด,,,"17.621872981516503,100.06828519022677",วัดห้องสูง,ชัยจุมพล,ลับแล,อุตรดิตถ์,2025-11-19T16:21:56.458649,,0,0,2025-11-19T16:21:56.458649
EXT-02469,พื้นที่เสี่ยงภัยดินถล่ม,กรมทรัพยากรธรณี,โรงพยาบาลส่งเสริมสุขภาพตำบลบ้านคุ้ม | รายละเอียด: โรงพยาบาล,,,"17.647716969363966,100.03454560655346",โรงพยาบาลส่งเสริมสุขภาพตำบลบ้านคุ้ม,ศรีพนมมาศ,ลับแล,อุตรดิตถ์,2025-11-19T16:21:56.458649,,0,0,2025-11-19T16:21:56.458649
EXT-02470,พื้นที่เสี่ยงภัยดินถล่ม,กรมทรัพยากรธรณี,วัดดอนไชย | รายละเอียด: วัด,,,"17.6465795736935,100.03695052957343",วัดดอนไชย,ศรีพนมมาศ,ลับแล,อุตรดิตถ์,2025-11-19T16:21:56.458649,,0,0,2025-11-19T16:21:56.458649
EXT-02471,พื้นที่เสี่ยงภัยดินถล่ม,กรมทรัพยากรธรณี,โรงเรียนวัดนาทะเล | รายละเอียด: โรงเรียน,,,"17.63797867089423,100.03485245450425",โรงเรียนวัดนาทะเล,ชัยจุมพล,ลับแล,อุตรดิตถ์,2025-11-19T16:21:56.458649,,0,0,2025-11-19T16:21:56.458649
EXT-02472,พื้นที่เสี่ยงภัยดินถล่ม,กรมทรัพยากรธรณี,วัดนาทะเล | รายละเอียด: วัด,,,"17.6375266396091,100.03548265625074",วัดนาทะเล,ชัยจุมพล,ลับแล,อุตรดิตถ์,2025-11-19T16:21:56.458649,,0,0,2025-11-19T16:21:56.458649
EXT-02473,พื้นที่เสี่ยงภัยดินถล่ม,กรมทรัพยากรธรณี,โรงพยาบาลส่งเสริมสุขภาพตำบลชัยจุมพล | รายละเอียด: โรงพยาบาล,,,"17.59321885513764,99.99957334746811",โรงพยาบาลส่งเสริมสุขภาพตำบลชัยจุมพล,ทุ่งยั้ง,ลับแล,อุตรดิตถ์,2025-11-19T16:21:56.458649,,0,0,2025-11-19T16:21:56.458649
EXT-02474,พื้นที่เสี่ยงภัยดินถล่ม,กรมทรัพยากรธรณี,วัดร่มโพธิญาณ | รายละเอียด: วัด,,,"17.572596893877517,99.94307256273333",วัดร่มโพธิญาณ,ชัยจุมพล,ลับแล,อุตรดิตถ์,2025-11-19T16:21:56.458649,,0,0,2025-11-19T16:21:56.458649
EXT-02475,พื้นที่เสี่ยงภัยดินถล่ม,กรมทรัพยากรธรณี,วัดม่อนนางเหลียว | รายละเอียด: วัด,,,"17.639115040470053,100.04706193085723",วัดม่อนนางเหลียว,ชัยจุมพล,ลับแล,อุตรดิตถ์,2025-11-19T16:21:56.458649,,0,0,2025-11-19T16:21:56.458649
EXT-02476,พื้นที่เสี่ยงภัยดินถล่ม,กรมทรัพยากรธรณี,วัดโพธิล้อม | รายละเอียด: วัด,,,"17.627708955102733,100.04225432689987",วัดโพธิล้อม,ชัยจุมพล,ลับแล,อุตรดิตถ์,2025-11-19T16:21:56.458649,,0,0,2025-11-19T16:21:56.458649
EXT-02477,พื้นที่เสี่ยงภัยดินถล่ม,กรมทรัพยากรธรณี,อบต.ชัยจุมพล | รายละเอียด: สถานที่ราชการ,,,"17.629164515585583,100.03345934233896",อบต.ชัยจุมพล,ชัยจุมพล,ลับแล,อุตรดิตถ์,2025-11-19T16:21:56.458649,,0,0,2025-11-19T16:21:56.458649
EXT-02478,พื้นที่เสี่ยงภัยดินถล่ม,กรมทรัพยากรธรณี,โรงเรียนบ้านห้วยมุ่น | รายละเอียด: โรงเรียน,,,"17.81119661359636,100.93327370297476",โรงเรียนบ้านห้วยมุ่น,ห้วยมุ่น,น้ำปาด,อุตรดิตถ์,2025-11-19T16:21:56.458649,,0,0,2025-11-19T16:21:56.458649
EXT-02479,พื้นที่เสี่ยงภัยดินถล่ม,กรมทรัพยากรธรณี,ไม่มีข้อมูล | รายละเอียด: ไม่มีข้อมูล,,,"17.804085120124693,100.93328666492748",ไม่มีข้อมูล,ห้วยมุ่น,น้ำปาด,อุตรดิตถ์,2025-11-19T16:21:56.458649,,0,0,2025-11-19T16:21:56.458649
EXT-02480,พื้นที่เสี่ยงภัยดินถล่ม,กรมทรัพยากรธรณี,โรงเรียนกุญชรวิทยา | รายละเอียด: โรงเรียน,,,"17.75885449998289,100.9275421617557",โรงเรียนกุญชรวิทยา,ห้วยมุ่น,น้ำปาด,อุตรดิตถ์,2025-11-19T16:21:56.458649,,0,0,2025-11-19T16:21:56.458649
EXT-02481,พื้นที่เสี่ยงภัยดินถล่ม,กรมทรัพยากรธรณี,โรงเรียนบ้านห้วยโป่ง | รายละเอียด: โรงเรียน,,,"17.770929707038214,100.88303962252223",โรงเรียนบ้านห้วยโป่ง,ห้วยมุ่น,น้ำปาด,อุตรดิตถ์,2025-11-19T16:21:56.458649,,0,0,2025-11-19T16:21:56.458649
EXT-02482,พื้นที่เสี่ยงภัยดินถล่ม,กรมทรัพยากรธรณี,สำนักสงฆ์ | รายละเอียด: วัด,,,"17.76812498382621,100.88156690448749",สำนักสงฆ์,ห้วยมุ่น,น้ำปาด,อุตรดิตถ์,2025-11-19T16:21:56.458649,,0,0,2025-11-19T16:21:56.458649
EXT-02483,พื้นที่เสี่ยงภัยดินถล่ม,กรมทรัพยากรธรณี,วัดลานชุม | รายละเอียด: วัด,,,"17.799854870687987,100.7555365368731",วัดลานชุม,เด่นเหล็ก,น้ำปาด,อุตรดิตถ์,2025-11-19T16:21:56.458649,,0,0,2025-11-19T16:21:56.458649
EXT-02484,พื้นที่เสี่ยงภัยดินถล่ม,กรมทรัพยากรธรณี,โรงเรียนบ้านท่าโพธิ์ | รายละเอียด: โรงเรียน,,,"17.797960191340625,100.75648890200759",โรงเรียนบ้านท่าโพธิ์,เด่นเหล็ก,น้ำปาด,อุตรดิตถ์,2025-11-19T16:21:56.458649,,0,0,2025-11-19T16:21:56.458649
EXT-02485,พื้นที่เสี่ยงภัยดินถล่ม,กรมทรัพยากรธรณี,โรงเรียนบ้านหนองแก้ว | รายละเอียด: โรงเรียน,,,"17.790401140920356,100.74941147349773",โรงเรียนบ้านหนองแก้ว,บ้านฝาย,น้ำปาด,อุตรดิตถ์,2025-11-19T16:21:56.458649,,0,0,2025-11-19T16:21:56.458649
EXT-02486,พื้นที่เสี่ยงภัยดินถล่ม,กรมทรัพยากรธรณี,สำนักสงฆ์บ้านหนองแก้ว | รายละเอียด: วัด,,,"17.78987860813807,100.74823039404421",สำนักสงฆ์บ้านหนองแก้ว,บ้านฝาย,น้ำปาด,อุตรดิตถ์,2025-11-19T16:21:56.459650,,0,0,2025-11-19T16:21:56.459650
EXT-02487,พื้นที่เสี่ยงภัยดินถล่ม,กรมทรัพยากรธรณี,วัดบ้านโคกทรายขาว | รายละเอียด: วัด,,,"17.787530613589986,100.72966302597924",วัดบ้านโคกทรายขาว,บ้านฝาย,น้ำปาด,อุตรดิตถ์,2025-11-19T16:21:56.459650,,0,0,2025-11-19T16:21:56.459650
EXT-02488,พื้นที่เสี่ยงภัยดินถล่ม,กรมทรัพยากรธรณี,โรงเรียนบ้านทรายขาว | รายละเอียด: โรงเรียน,,,"17.78740898370367,100.71975469155016",โรงเรียนบ้านทรายขาว,บ้านฝาย,น้ำปาด,อุตรดิตถ์,2025-11-19T16:21:56.459650,,0,0,2025-11-19T16:21:56.459650
EXT-02489,พื้นที่เสี่ยงภัยดินถล่ม,กรมทรัพยากรธรณี,วัดศรีสว่าง | รายละเอียด: วัด,,,"17.778267090227136,100.71488625854708",วัดศรีสว่าง,บ้านฝาย,น้ำปาด,อุตรดิตถ์,2025-11-19T16:21:56.459650,,0,0,2025-11-19T16:21:56.459650
EXT-02490,พื้นที่เสี่ยงภัยดินถล่ม,กรมทรัพยากรธรณี,โรงเรียนบ้านม่วง | รายละเอียด: โรงเรียน,,,"17.77719814874359,100.7289417146415",โรงเรียนบ้านม่วง,บ้านฝาย,น้ำปาด,อุตรดิตถ์,2025-11-19T16:21:56.459650,,0,0,2025-11-19T16:21:56.459650
EXT-02491,พื้นที่เสี่ยงภัยดินถล่ม,กรมทรัพยากรธรณี,วัดต้นตาล | รายละเอียด: วัด,,,"17.776990837745377,100.73169648849085",วัดต้นตาล,บ้านฝาย,น้ำปาด,อุตรดิตถ์,2025-11-19T16:21:56.459650,,0,0,2025-11-19T16:21:56.459650
EXT-02492,พื้นที่เสี่ยงภัยดินถล่ม,กรมทรัพยากรธรณี,สถานีอนามัยบ้านม่วง | รายละเอียด: สถานีอนามัย,,,"17.776242008477393,100.72696618242955",สถานีอนามัยบ้านม่วง,บ้านฝาย,น้ำปาด,อุตรดิตถ์,2025-11-19T16:21:56.459650,,0,0,2025-11-19T16:21:56.459650
EXT-02493,พื้นที่เสี่ยงภัยดินถล่ม,กรมทรัพยากรธรณี,โรงเรียนบ้านชำบุ่น | รายละเอียด: โรงเรียน,,,"17.75373350662156,100.75355204690725",โรงเรียนบ้านชำบุ่น,บ้านฝาย,น้ำปาด,อุตรดิตถ์,2025-11-19T16:21:56.459650,,0,0,2025-11-19T16:21:56.459650
EXT-02494,พื้นที่เสี่ยงภัยดินถล่ม,กรมทรัพยากรธรณี,สำนักสงฆ์ | รายละเอียด: วัด,,,"17.75182848168729,100.75364310588982",สำนักสงฆ์,บ้านฝาย,น้ำปาด,อุตรดิตถ์,2025-11-19T16:21:56.459650,,0,0,2025-11-19T16:21:56.459650
EXT-02495,พื้นที่เสี่ยงภัยดินถล่ม,กรมทรัพยากรธรณี,โรงเรียนสมพงษ์วิทยา | รายละเอียด: โรงเรียน,,,"17.74418546019281,100.67906774777806",โรงเรียนสมพงษ์วิทยา,แสนตอ,น้ำปาด,อุตรดิตถ์,2025-11-19T16:21:56.459650,,0,0,2025-11-19T16:21:56.459650
EXT-02496,พื้นที่เสี่ยงภัยดินถล่ม,กรมทรัพยากรธรณี,โรงเรียนบ้านใหม่ | รายละเอียด: โรงเรียน,,,"17.74349503861513,100.70697553262879",โรงเรียนบ้านใหม่,บ้านฝาย,น้ำปาด,อุตรดิตถ์,2025-11-19T16:21:56.459650,,0,0,2025-11-19T16:21:56.459650
EXT-02497,พื้นที่เสี่ยงภัยดินถล่ม,กรมทรัพยากรธรณี,วัดทรายมูล | รายละเอียด: วัด,,,"17.743496356054187,100.67921513943173",วัดทรายมูล,แสนตอ,น้ำปาด,อุตรดิตถ์,2025-11-19T16:21:56.459650,,0,0,2025-11-19T16:21:56.459650
EXT-02498,พื้นที่เสี่ยงภัยดินถล่ม,กรมทรัพยากรธรณี,วัดสองแดด | รายละเอียด: วัด,,,"17.738903568934262,100.70635626442683",วัดสองแดด,บ้านฝาย,น้ำปาด,อุตรดิตถ์,2025-11-19T16:21:56.459650,,0,0,2025-11-19T16:21:56.459650
EXT-02499,พื้นที่เสี่ยงภัยดินถล่ม,กรมทรัพยากรธรณี,วัดศรีสะอาดโพธิ์ชัย | รายละเอียด: วัด,,,"17.73817706132427,100.6957058384573",วัดศรีสะอาดโพธิ์ชัย,บ้านฝาย,น้ำปาด,อุตรดิตถ์,2025-11-19T16:21:56.459650,,0,0,2025-11-19T16:21:56.459650
EXT-02500,พื้นที่เสี่ยงภัยดินถล่ม,กรมทรัพยากรธรณี,โรงเรียนบ้านนากวาง | รายละเอียด: โรงเรียน,,,"17.736744556592587,100.71187468662357",โรงเรียนบ้านนากวาง,บ้านฝาย,น้ำปาด,อุตรดิตถ์,2025-11-19T16:21:56.459650,,0,0,2025-11-19T16:21:56.459650
EXT-02501,พื้นที่เสี่ยงภัยดินถล่ม,กรมทรัพยากรธรณี,โรงเรียนวัดศรีสะอาดโพธิ์ชัย | รายละเอียด: โรงเรียน,,,"17.736597834457942,100.69730214032997",โรงเรียนวัดศรีสะอาดโพธิ์ชัย,บ้านฝาย,น้ำปาด,อุตรดิตถ์,2025-11-19T16:21:56.459650,,0,0,2025-11-19T16:21:56.459650
EXT-02502,พื้นที่เสี่ยงภัยดินถล่ม,กรมทรัพยากรธรณี,สำนักสงฆ์นาล้อม | รายละเอียด: วัด,,,"17.735615800935616,100.68649270010351",สำนักสงฆ์นาล้อม,แสนตอ,น้ำปาด,อุตรดิตถ์,2025-11-19T16:21:56.459650,,0,0,2025-11-19T16:21:56.459650
EXT-02503,พื้นที่เสี่ยงภัยดินถล่ม,กรมทรัพยากรธรณี,วัดต้นตะกร้อ | รายละเอียด: วัด,,,"17.73377231589762,100.68401806407194",วัดต้นตะกร้อ,แสนตอ,น้ำปาด,อุตรดิตถ์,2025-11-19T16:21:56.459650,,0,0,2025-11-19T16:21:56.459650
EXT-02504,พื้นที่เสี่ยงภัยดินถล่ม,กรมทรัพยากรธรณี,สำนักสงฆ์ดอยภูเงิน | รายละเอียด: วัด,,,"17.733511886230303,100.69929200248379",สำนักสงฆ์ดอยภูเงิน,บ้านฝาย,น้ำปาด,อุตรดิตถ์,2025-11-19T16:21:56.459650,,0,0,2025-11-19T16:21:56.459650
EXT-02505,พื้นที่เสี่ยงภัยดินถล่ม,กรมทรัพยากรธรณี,วัดโพธิ์หย่อน | รายละเอียด: วัด,,,"17.73254745553495,100.7140829542701",วัดโพธิ์หย่อน,บ้านฝาย,น้ำปาด,อุตรดิตถ์,2025-11-19T16:21:56.459650,,0,0,2025-11-19T16:21:56.459650
EXT-02506,พื้นที่เสี่ยงภัยดินถล่ม,กรมทรัพยากรธรณี,วัดชุมพล | รายละเอียด: วัด,,,"17.730469135976726,100.68645985924078",วัดชุมพล,แสนตอ,น้ำปาด,อุตรดิตถ์,2025-11-19T16:21:56.459650,,0,0,2025-11-19T16:21:56.459650
EXT-02507,พื้นที่เสี่ยงภัยดินถล่ม,กรมทรัพยากรธรณี,สำนักสงฆ์ | รายละเอียด: วัด,,,"17.943263801924207,100.85556645961366",สำนักสงฆ์,บ้านเสี้ยว,ฟากท่า,อุตรดิตถ์,2025-11-19T16:21:56.459650,,0,0,2025-11-19T16:21:56.459650
EXT-02508,พื้นที่เสี่ยงภัยดินถล่ม,กรมทรัพยากรธรณี,โรงเรียนบ้านห้วยลึก | รายละเอียด: โรงเรียน,,,"17.936746706192665,100.8469900081391",โรงเรียนบ้านห้วยลึก,บ้านเสี้ยว,ฟากท่า,อุตรดิตถ์,2025-11-19T16:21:56.459650,,0,0,2025-11-19T16:21:56.459650
EXT-02509,พื้นที่เสี่ยงภัยดินถล่ม,กรมทรัพยากรธรณี,วัดบ้านห้วยลึก | รายละเอียด: วัด,,,"17.935759072403773,100.84681281299483",วัดบ้านห้วยลึก,บ้านเสี้ยว,ฟากท่า,อุตรดิตถ์,2025-11-19T16:21:56.459650,,0,0,2025-11-19T16:21:56.459650
EXT-02510,พื้นที่เสี่ยงภัยดินถล่ม,กรมทรัพยากรธรณี,วัดวังอ้อ | รายละเอียด: วัด,,,"17.922730129363075,100.83698712393755",วัดวังอ้อ,บ้านเสี้ยว,ฟากท่า,อุตรดิตถ์,2025-11-19T16:21:56.459650,,0,0,2025-11-19T16:21:56.459650
EXT-02511,พื้นที่เสี่ยงภัยดินถล่ม,กรมทรัพยากรธรณี,โรงเรียนวัดวังอ้อ | รายละเอียด: โรงเรียน,,,"17.922045466395527,100.83701545788685",โรงเรียนวัดวังอ้อ,บ้านเสี้ยว,ฟากท่า,อุตรดิตถ์,2025-11-19T16:21:56.459650,,0,0,2025-11-19T16:21:56.459650
EXT-02512,พื้นที่เสี่ยงภัยดินถล่ม,กรมทรัพยากรธรณี,โรงเรียนบ้านหัวทุ่ง | รายละเอียด: โรงเรียน,,,"17.91567837442857,100.83195783175663",โรงเรียนบ้านหัวทุ่ง,บ้านเสี้ยว,ฟากท่า,อุตรดิตถ์,2025-11-19T16:21:56.459650,,0,0,2025-11-19T16:21:56.459650
EXT-02513,พื้นที่เสี่ยงภัยดินถล่ม,กรมทรัพยากรธรณี,วัดหัวทุ่ง | รายละเอียด: วัด,,,"17.910930454561328,100.83316246389677",วัดหัวทุ่ง,บ้านเสี้ยว,ฟากท่า,อุตรดิตถ์,2025-11-19T16:21:56.459650,,0,0,2025-11-19T16:21:56.459650
EXT-02514,พื้นที่เสี่ยงภัยดินถล่ม,กรมทรัพยากรธรณี,โรงเรียนบ้านนาไร่เดียว | รายละเอียด: โรงเรียน,,,"17.907937366438357,100.80820744967053",โรงเรียนบ้านนาไร่เดียว,สองห้อง,ฟากท่า,อุตรดิตถ์,2025-11-19T16:21:56.459650,,0,0,2025-11-19T16:21:56.459650
EXT-02515,พื้นที่เสี่ยงภัยดินถล่ม,กรมทรัพยากรธรณี,วัดนาไร่เดียว | รายละเอียด: วัด,,,"17.907452613256442,100.80373212599602",วัดนาไร่เดียว,สองห้อง,ฟากท่า,อุตรดิตถ์,2025-11-19T16:21:56.459650,,0,0,2025-11-19T16:21:56.459650
EXT-02516,พื้นที่เสี่ยงภัยดินถล่ม,กรมทรัพยากรธรณี,สถานีอนามัย | รายละเอียด: สถานีอนามัย,,,"17.906203492355488,100.82336513739591",สถานีอนามัย,บ้านเสี้ยว,ฟากท่า,อุตรดิตถ์,2025-11-19T16:21:56.459650,,0,0,2025-11-19T16:21:56.459650
EXT-02517,พื้นที่เสี่ยงภัยดินถล่ม,กรมทรัพยากรธรณี,โรงเรียนชุมชนวัดมหาธาตุ | รายละเอียด: โรงเรียน,,,"17.905005572895078,100.82296655281591",โรงเรียนชุมชนวัดมหาธาตุ,บ้านเสี้ยว,ฟากท่า,อุตรดิตถ์,2025-11-19T16:21:56.459650,,0,0,2025-11-19T16:21:56.459650
EXT-02518,พื้นที่เสี่ยงภัยดินถล่ม,กรมทรัพยากรธรณี,วัดมหาธษตุ | รายละเอียด: วัด,,,"17.90413121737459,100.82455663404654",วัดมหาธษตุ,บ้านเสี้ยว,ฟากท่า,อุตรดิตถ์,2025-11-19T16:21:56.459650,,0,0,2025-11-19T16:21:56.459650
EXT-02519,พื้นที่เสี่ยงภัยดินถล่ม,กรมทรัพยากรธรณี,วัดบ้านลุ่ม | รายละเอียด: วัด,,,"17.903272761162278,100.82986332855212",วัดบ้านลุ่ม,บ้านเสี้ยว,ฟากท่า,อุตรดิตถ์,2025-11-19T16:21:56.459650,,0,0,2025-11-19T16:21:56.459650
EXT-02520,พื้นที่เสี่ยงภัยดินถล่ม,กรมทรัพยากรธรณี,วัดน้อย | รายละเอียด: วัด,,,"17.90016226715276,100.82471244784388",วัดน้อย,บ้านเสี้ยว,ฟากท่า,อุตรดิตถ์,2025-11-19T16:21:56.459650,,0,0,2025-11-19T16:21:56.459650
EXT-02521,พื้นที่เสี่ยงภัยดินถล่ม,กรมทรัพยากรธรณี,วัดโพธิ์ชัย | รายละเอียด: วัด,,,"17.876971586773575,100.81298618233738",วัดโพธิ์ชัย,สองห้อง,ฟากท่า,อุตรดิตถ์,2025-11-19T16:21:56.459650,,0,0,2025-11-19T16:21:56.459650
EXT-02522,พื้นที่เสี่ยงภัยดินถล่ม,กรมทรัพยากรธรณี,โรงเรียนวัดหนองหิน | รายละเอียด: โรงเรียน,,,"17.868285501692633,100.80702631236736",โรงเรียนวัดหนองหิน,สองห้อง,ฟากท่า,อุตรดิตถ์,2025-11-19T16:21:56.459650,,0,0,2025-11-19T16:21:56.459650
EXT-02523,พื้นที่เสี่ยงภัยดินถล่ม,กรมทรัพยากรธรณี,สถานีอนามัย | รายละเอียด: สถานีอนามัย,,,"17.867643521715372,100.80720086346258",สถานีอนามัย,สองห้อง,ฟากท่า,อุตรดิตถ์,2025-11-19T16:21:56.459650,,0,0,2025-11-19T16:21:56.459650
EXT-02524,พื้นที่เสี่ยงภัยดินถล่ม,กรมทรัพยากรธรณี,วัดสองห้อง | รายละเอียด: วัด,,,"17.86421739370144,100.80642321042858",วัดสองห้อง,สองห้อง,ฟากท่า,อุตรดิตถ์,2025-11-19T16:21:56.459650,,0,0,2025-11-19T16:21:56.459650
EXT-02525,พื้นที่เสี่ยงภัยดินถล่ม,กรมทรัพยากรธรณี,โรงเรียนบ้านเดิน | รายละเอียด: โรงเรียน,,,"17.889477418537957,100.82312758311971",โรงเรียนบ้านเดิน,สองห้อง,ฟากท่า,อุตรดิตถ์,2025-11-19T16:21:56.459650,,0,0,2025-11-19T16:21:56.459650
EXT-02526,พื้นที่เสี่ยงภัยดินถล่ม,กรมทรัพยากรธรณี,วัดบ้านเดิน | รายละเอียด: วัด,,,"17.88833220085695,100.8234927536836",วัดบ้านเดิน,สองห้อง,ฟากท่า,อุตรดิตถ์,2025-11-19T16:21:56.459650,,0,0,2025-11-19T16:21:56.459650
EXT-02527,พื้นที่เสี่ยงภัยดินถล่ม,กรมทรัพยากรธรณี,วัดโพนลาน | รายละเอียด: วัด,,,"17.887191789905756,100.79477092973275",วัดโพนลาน,สองห้อง,ฟากท่า,อุตรดิตถ์,2025-11-19T16:21:56.459650,,0,0,2025-11-19T16:21:56.459650
EXT-02528,พื้นที่เสี่ยงภัยดินถล่ม,กรมทรัพยากรธรณี,โรงเรียนบ้านซำบอน | รายละเอียด: โรงเรียน,,,"17.886744685545143,100.79610404686295",โรงเรียนบ้านซำบอน,สองห้อง,ฟากท่า,อุตรดิตถ์,2025-11-19T16:21:56.459650,,0,0,2025-11-19T16:21:56.459650
EXT-02529,พื้นที่เสี่ยงภัยดินถล่ม,กรมทรัพยากรธรณี,โรงเรียนบ้านนาแซง | รายละเอียด: โรงเรียน,,,"17.883175711181455,100.81706128146072",โรงเรียนบ้านนาแซง,สองห้อง,ฟากท่า,อุตรดิตถ์,2025-11-19T16:21:56.459650,,0,0,2025-11-19T16:21:56.459650
EXT-02530,พื้นที่เสี่ยงภัยดินถล่ม,กรมทรัพยากรธรณี,สำนักสงฆ์ | รายละเอียด: วัด,,,"17.84894978402338,100.78870630054884",สำนักสงฆ์,เด่นเหล็ก,น้ำปาด,อุตรดิตถ์,2025-11-19T16:21:56.459650,,0,0,2025-11-19T16:21:56.459650
EXT-02531,พื้นที่เสี่ยงภัยดินถล่ม,กรมทรัพยากรธรณี,โรงเรียนบ้านต้นม่วง | รายละเอียด: โรงเรียน,,,"17.842923010596095,100.7886165933031",โรงเรียนบ้านต้นม่วง,เด่นเหล็ก,น้ำปาด,อุตรดิตถ์,2025-11-19T16:21:56.459650,,0,0,2025-11-19T16:21:56.459650
EXT-02532,พื้นที่เสี่ยงภัยดินถล่ม,กรมทรัพยากรธรณี,สถานีอนามัย | รายละเอียด: สถานีอนามัย,,,"17.833946305209825,100.78197289609737",สถานีอนามัย,เด่นเหล็ก,น้ำปาด,อุตรดิตถ์,2025-11-19T16:21:56.459650,,0,0,2025-11-19T16:21:56.459650
EXT-02533,พื้นที่เสี่ยงภัยดินถล่ม,กรมทรัพยากรธรณี,วัดโพนร้อง | รายละเอียด: วัด,,,"17.832197604693583,100.78399433322619",วัดโพนร้อง,เด่นเหล็ก,น้ำปาด,อุตรดิตถ์,2025-11-19T16:21:56.459650,,0,0,2025-11-19T16:21:56.459650
EXT-02534,พื้นที่เสี่ยงภัยดินถล่ม,กรมทรัพยากรธรณี,โรงเรียนบ้านเด่นเหล็ก | รายละเอียด: โรงเรียน,,,"17.831471246670887,100.78277430013894",โรงเรียนบ้านเด่นเหล็ก,เด่นเหล็ก,น้ำปาด,อุตรดิตถ์,2025-11-19T16:21:56.459650,,0,0,2025-11-19T16:21:56.459650
EXT-02535,พื้นที่เสี่ยงภัยดินถล่ม,กรมทรัพยากรธรณี,สำนักสงฆ์ | รายละเอียด: วัด,,,"17.826676771717004,100.77919972122301",สำนักสงฆ์,เด่นเหล็ก,น้ำปาด,อุตรดิตถ์,2025-11-19T16:21:56.459650,,0,0,2025-11-19T16:21:56.459650
EXT-02536,พื้นที่เสี่ยงภัยดินถล่ม,กรมทรัพยากรธรณี,โรงเรียนบ้านนาน้ำพาย | รายละเอียด: โรงเรียน,,,"17.825849737227088,100.78739902361866",โรงเรียนบ้านนาน้ำพาย,เด่นเหล็ก,น้ำปาด,อุตรดิตถ์,2025-11-19T16:21:56.459650,,0,0,2025-11-19T16:21:56.459650
EXT-02537,พื้นที่เสี่ยงภัยดินถล่ม,กรมทรัพยากรธรณี,วัดนาน้ำพาย | รายละเอียด: วัด,,,"17.82369874596027,100.78388259951087",วัดนาน้ำพาย,เด่นเหล็ก,น้ำปาด,อุตรดิตถ์,2025-11-19T16:21:56.459650,,0,0,2025-11-19T16:21:56.459650
EXT-02538,พื้นที่เสี่ยงภัยดินถล่ม,กรมทรัพยากรธรณี,โรงพยาบาลส่งเสริมสุขภาพตำบลถ้ำฉลอง | รายละเอียด: โรงพยาบาล,,,"17.60706690289961,100.35972114983386",โรงพยาบาลส่งเสริมสุขภาพตำบลถ้ำฉลอง,น้ำพี้,ทองแสนขัน,อุตรดิตถ์,2025-11-19T16:21:56.459650,,0,0,2025-11-19T16:21:56.459650
EXT-02539,พื้นที่เสี่ยงภัยดินถล่ม,กรมทรัพยากรธรณี,วัดวังถ้ำ | รายละเอียด: วัด,,,"17.601556272061107,100.35018268979546",วัดวังถ้ำ,น้ำพี้,ทองแสนขัน,อุตรดิตถ์,2025-11-19T16:21:56.459650,,0,0,2025-11-19T16:21:56.459650
EXT-02540,พื้นที่เสี่ยงภัยดินถล่ม,กรมทรัพยากรธรณี,โรงเรียนบ้านวังถ้ำ | รายละเอียด: โรงเรียน,,,"17.60130404015885,100.35109781544008",โรงเรียนบ้านวังถ้ำ,น้ำพี้,ทองแสนขัน,อุตรดิตถ์,2025-11-19T16:21:56.459650,,0,0,2025-11-19T16:21:56.459650
EXT-02541,พื้นที่เสี่ยงภัยดินถล่ม,กรมทรัพยากรธรณี,โรงเรียนบ้านห้วยฉลอง | รายละเอียด: โรงเรียน,,,"17.643301323183582,100.37689359496035",โรงเรียนบ้านห้วยฉลอง,ถ้ำฉลอง,เมืองอุตรดิตถ์,อุตรดิตถ์,2025-11-19T16:21:56.459650,,0,0,2025-11-19T16:21:56.459650
EXT-02542,พื้นที่เสี่ยงภัยดินถล่ม,กรมทรัพยากรธรณี,วัดฉลองราษฎร์บำรุง | รายละเอียด: วัด,,,"17.646377508934524,100.37974649879767",วัดฉลองราษฎร์บำรุง,ถ้ำฉลอง,เมืองอุตรดิตถ์,อุตรดิตถ์,2025-11-19T16:21:56.459650,,0,0,2025-11-19T16:21:56.459650
EXT-02543,พื้นที่เสี่ยงภัยดินถล่ม,กรมทรัพยากรธรณี,วัดม่อนปรางค์ | รายละเอียด: วัด,,,"17.658969927063158,100.0366706460396",วัดม่อนปรางค์,ศรีพนมมาศ,ลับแล,อุตรดิตถ์,2025-11-19T16:21:56.459650,,0,0,2025-11-19T16:21:56.459650
EXT-02544,พื้นที่เสี่ยงภัยดินถล่ม,กรมทรัพยากรธรณี,โรงเรียนเทศบาลศรีพนมมาศพิทยากร | รายละเอียด: โรงเรียน,,,"17.652086660265116,100.0391069303564",โรงเรียนเทศบาลศรีพนมมาศพิทยากร,ศรีพนมมาศ,ลับแล,อุตรดิตถ์,2025-11-19T16:21:56.459650,,0,0,2025-11-19T16:21:56.459650
EXT-02545,พื้นที่เสี่ยงภัยดินถล่ม,กรมทรัพยากรธรณี,ห้วยชายเขา | รายละเอียด: โรงเรียน,,,"17.75762833583768,100.05686919230372",ห้วยชายเขา,นานกกก,ลับแล,อุตรดิตถ์,2025-11-19T16:21:56.459650,,0,0,2025-11-19T16:21:56.459650
EXT-02546,พื้นที่เสี่ยงภัยดินถล่ม,กรมทรัพยากรธรณี,นานกกก หมู่ 3 | รายละเอียด: หมู่บ้าน,,,"17.73926709169699,100.07458622231529",นานกกก หมู่ 3,นานกกก,ลับแล,อุตรดิตถ์,2025-11-19T16:21:56.459650,,0,0,2025-11-19T16:21:56.459650
EXT-02547,พื้นที่เสี่ยงภัยดินถล่ม,กรมทรัพยากรธรณี,ที่พักสายตรวจนานกกก | รายละเอียด: สถานที่ราชการ,,,"17.73101472441135,100.08463722932693",ที่พักสายตรวจนานกกก,นานกกก,ลับแล,อุตรดิตถ์,2025-11-19T16:21:56.459650,,0,0,2025-11-19T16:21:56.459650
EXT-02548,พื้นที่เสี่ยงภัยดินถล่ม,กรมทรัพยากรธรณี,นานกกก | รายละเอียด: หมู่บ้าน,,,"17.723365484487214,100.07375587651754",นานกกก,นานกกก,ลับแล,อุตรดิตถ์,2025-11-19T16:21:56.459650,,0,0,2025-11-19T16:21:56.459650
EXT-02549,พื้นที่เสี่ยงภัยดินถล่ม,กรมทรัพยากรธรณี,ห้วยชายเขา | รายละเอียด: โรงเรียน,,,"17.72890979227745,100.07956980747493",ห้วยชายเขา,นานกกก,ลับแล,อุตรดิตถ์,2025-11-19T16:21:56.459650,,0,0,2025-11-19T16:21:56.459650
EXT-02550,พื้นที่เสี่ยงภัยดินถล่ม,กรมทรัพยากรธรณี,ข้ามห้วยทางถนน | รายละเอียด: สะพาน,,,"17.729088725061075,100.09134016697614",ข้ามห้วยทางถนน,นานกกก,ลับแล,อุตรดิตถ์,2025-11-19T16:21:56.459650,,0,0,2025-11-19T16:21:56.459650
EXT-02551,พื้นที่เสี่ยงภัยดินถล่ม,กรมทรัพยากรธรณี,โรงเรียนบ้านนาอิซาง | รายละเอียด: โรงเรียน,,,"17.343946852605505,100.22109482713745",โรงเรียนบ้านนาอิซาง,นายาง,พิชัย,อุตรดิตถ์,2025-11-19T16:21:56.459650,,0,0,2025-11-19T16:21:56.459650
EXT-02552,พื้นที่เสี่ยงภัยดินถล่ม,กรมทรัพยากรธรณี,โรงเรียนนายาง | รายละเอียด: โรงเรียน,,,"17.309111851841212,100.19024930665864",โรงเรียนนายาง,นายาง,พิชัย,อุตรดิตถ์,2025-11-19T16:21:56.459650,,0,0,2025-11-19T16:21:56.459650
EXT-02553,พื้นที่เสี่ยงภัยดินถล่ม,กรมทรัพยากรธรณี,โรงเรียนบ้านนาคะนึง | รายละเอียด: โรงเรียน,,,"17.338031469604584,100.16145159038528",โรงเรียนบ้านนาคะนึง,นายาง,พิชัย,อุตรดิตถ์,2025-11-19T16:21:56.459650,,0,0,2025-11-19T16:21:56.459650
EXT-02554,พื้นที่เสี่ยงภัยดินถล่ม,กรมทรัพยากรธรณี,โรงเรียนวัดหลักร้อย | รายละเอียด: โรงเรียน,,,"17.296500780578448,100.199942996248",โรงเรียนวัดหลักร้อย,นายาง,พิชัย,อุตรดิตถ์,2025-11-19T16:21:56.459650,,0,0,2025-11-19T16:21:56.459650
EXT-02555,พื้นที่เสี่ยงภัยดินถล่ม,กรมทรัพยากรธรณี,วัดเขาดินสุวรรณบาท | รายละเอียด: วัด,,,"17.31486426621022,100.19862922907582",วัดเขาดินสุวรรณบาท,นายาง,พิชัย,อุตรดิตถ์,2025-11-19T16:21:56.459650,,0,0,2025-11-19T16:21:56.459650
EXT-02556,พื้นที่เสี่ยงภัยดินถล่ม,กรมทรัพยากรธรณี,วัดนายาง | รายละเอียด: วัด,,,"17.304630248636148,100.20086754908456",วัดนายาง,นายาง,พิชัย,อุตรดิตถ์,2025-11-19T16:21:56.459650,,0,0,2025-11-19T16:21:56.459650
EXT-02557,พื้นที่เสี่ยงภัยดินถล่ม,กรมทรัพยากรธรณี,วัดนาคะนึง | รายละเอียด: วัด,,,"17.338161750251643,100.15999266484786",วัดนาคะนึง,นายาง,พิชัย,อุตรดิตถ์,2025-11-19T16:21:56.459650,,0,0,2025-11-19T16:21:56.459650
EXT-02558,พื้นที่เสี่ยงภัยดินถล่ม,กรมทรัพยากรธรณี,วัดหลักร้อย | รายละเอียด: วัด,,,"17.297207012826348,100.199978149496",วัดหลักร้อย,นายาง,พิชัย,อุตรดิตถ์,2025-11-19T16:21:56.459650,,0,0,2025-11-19T16:21:56.459650
EXT-02559,พื้นที่เสี่ยงภัยดินถล่ม,กรมทรัพยากรธรณี,อนามัยตำบลนายาง | รายละเอียด: โรงพยาบาล,,,"17.305090385681478,100.19558011239663",อนามัยตำบลนายาง,นายาง,พิชัย,อุตรดิตถ์,2025-11-19T16:21:56.459650,,0,0,2025-11-19T16:21:56.459650
EXT-02560,พื้นที่เสี่ยงภัยดินถล่ม,กรมทรัพยากรธรณี,โรงเรียนบ้านหนองกวาง | รายละเอียด: โรงเรียน,,,"17.361101473678584,100.21883961066821",โรงเรียนบ้านหนองกวาง,นายาง,พิชัย,อุตรดิตถ์,2025-11-19T16:21:56.459650,,0,0,2025-11-19T16:21:56.459650
EXT-02561,พื้นที่เสี่ยงภัยดินถล่ม,กรมทรัพยากรธรณี,วัดคีรีวงกต | รายละเอียด: วัด,,,"17.36011277368626,100.22020258558783",วัดคีรีวงกต,นายาง,พิชัย,อุตรดิตถ์,2025-11-19T16:21:56.459650,,0,0,2025-11-19T16:21:56.459650
EXT-02562,พื้นที่เสี่ยงภัยดินถล่ม,กรมทรัพยากรธรณี,วัดนาอิซาง | รายละเอียด: วัด,,,"17.342959846741604,100.22153320726223",วัดนาอิซาง,นายาง,พิชัย,อุตรดิตถ์,2025-11-19T16:21:56.459650,,0,0,2025-11-19T16:21:56.459650
EXT-02563,พื้นที่เสี่ยงภัยดินถล่ม,กรมทรัพยากรธรณี,โรงเรียนบ้านฟากบึง | รายละเอียด: โรงเรียน,,,"17.22344773385114,100.16968356104563",โรงเรียนบ้านฟากบึง,นาอิน,พิชัย,อุตรดิตถ์,2025-11-19T16:21:56.459650,,0,0,2025-11-19T16:21:56.459650
EXT-02564,พื้นที่เสี่ยงภัยดินถล่ม,กรมทรัพยากรธรณี,โรงเรียนแหลมนกแก้ววิทยา | รายละเอียด: โรงเรียน,,,"17.219179919357433,100.1872498904221",โรงเรียนแหลมนกแก้ววิทยา,นาอิน,พิชัย,อุตรดิตถ์,2025-11-19T16:21:56.459650,,0,0,2025-11-19T16:21:56.459650
EXT-02565,พื้นที่เสี่ยงภัยดินถล่ม,กรมทรัพยากรธรณี,สำนักสงฆ์เขาสองพี่น้อง | รายละเอียด: วัด,,,"17.24153191277986,100.21529378255583",สำนักสงฆ์เขาสองพี่น้อง,นาอิน,พิชัย,อุตรดิตถ์,2025-11-19T16:21:56.459650,,0,0,2025-11-19T16:21:56.459650
EXT-02566,พื้นที่เสี่ยงภัยดินถล่ม,กรมทรัพยากรธรณี,สำนักสงฆ์พิชัยปัญญาวณาราม | รายละเอียด: วัด,,,"17.26605519052098,100.20258654095105",สำนักสงฆ์พิชัยปัญญาวณาราม,นาอิน,พิชัย,อุตรดิตถ์,2025-11-19T16:21:56.459650,,0,0,2025-11-19T16:21:56.459650
EXT-02567,พื้นที่เสี่ยงภัยดินถล่ม,กรมทรัพยากรธรณี,สำนักสงฆ์เขาประตูชัย | รายละเอียด: วัด,,,"17.234977162431584,100.19752294967824",สำนักสงฆ์เขาประตูชัย,นาอิน,พิชัย,อุตรดิตถ์,2025-11-19T16:21:56.459650,,0,0,2025-11-19T16:21:56.459650
EXT-02568,พื้นที่เสี่ยงภัยดินถล่ม,กรมทรัพยากรธรณี,วัดเขาพระสุธน | รายละเอียด: วัด,,,"17.245900516551213,100.16898224963604",วัดเขาพระสุธน,นาอิน,พิชัย,อุตรดิตถ์,2025-11-19T16:21:56.459650,,0,0,2025-11-19T16:21:56.459650
EXT-02569,พื้นที่เสี่ยงภัยดินถล่ม,กรมทรัพยากรธรณี,วัดบึงฟาก | รายละเอียด: วัด,,,"17.22789659692172,100.17031255855626",วัดบึงฟาก,นาอิน,พิชัย,อุตรดิตถ์,2025-11-19T16:21:56.459650,,0,0,2025-11-19T16:21:56.459650
EXT-02570,พื้นที่เสี่ยงภัยดินถล่ม,กรมทรัพยากรธรณี,วัดเขาสาก | รายละเอียด: วัด,,,"17.213386168344837,100.2036655461639",วัดเขาสาก,นาอิน,พิชัย,อุตรดิตถ์,2025-11-19T16:21:56.459650,,0,0,2025-11-19T16:21:56.459650
EXT-02571,พื้นที่เสี่ยงภัยดินถล่ม,กรมทรัพยากรธรณี,วัดนาอิน | รายละเอียด: วัด,,,"17.2235948610225,100.20053595557556",วัดนาอิน,นาอิน,พิชัย,อุตรดิตถ์,2025-11-19T16:21:56.459650,,0,0,2025-11-19T16:21:56.459650
EXT-02572,พื้นที่เสี่ยงภัยดินถล่ม,กรมทรัพยากรธรณี,สถานีตำรวจนาอิน | รายละเอียด: สถานีตำรวจ,,,"17.223119834263326,100.19920601878019",สถานีตำรวจนาอิน,นาอิน,พิชัย,อุตรดิตถ์,2025-11-19T16:21:56.459650,,0,0,2025-11-19T16:21:56.459650
EXT-02573,พื้นที่เสี่ยงภัยดินถล่ม,กรมทรัพยากรธรณี,โรงพยาบาลส่งเริมสุขภาพตำบลนาอิน | รายละเอียด: โรงพยาบาล,,,"17.227299924979476,100.18698287174624",โรงพยาบาลส่งเริมสุขภาพตำบลนาอิน,นาอิน,พิชัย,อุตรดิตถ์,2025-11-19T16:21:56.459650,,0,0,2025-11-19T16:21:56.459650
EXT-02574,พื้นที่เสี่ยงภัยดินถล่ม,กรมทรัพยากรธรณี,โรงเรียนบ้านนาอิน | รายละเอียด: โรงเรียน,,,"17.2254501081944,100.20124183503766",โรงเรียนบ้านนาอิน,นาอิน,พิชัย,อุตรดิตถ์,2025-11-19T16:21:56.459650,,0,0,2025-11-19T16:21:56.459650
EXT-02575,พื้นที่เสี่ยงภัยดินถล่ม,กรมทรัพยากรธรณี,โรงเรียนบ้านนาผักฮาด | รายละเอียด: โรงเรียน,,,"17.672618220060322,100.79387694994918",โรงเรียนบ้านนาผักฮาด,น้ำไฝ,น้ำปาด,อุตรดิตถ์,2025-11-19T16:21:56.459650,,0,0,2025-11-19T16:21:56.459650
EXT-02576,พื้นที่เสี่ยงภัยดินถล่ม,กรมทรัพยากรธรณี,โรงเรียนบ้านห้วยเดื่อ | รายละเอียด: โรงเรียน,,,"17.66254408993882,100.75853993043819",โรงเรียนบ้านห้วยเดื่อ,น้ำไฝ,น้ำปาด,อุตรดิตถ์,2025-11-19T16:21:56.459650,,0,0,2025-11-19T16:21:56.459650
EXT-02577,พื้นที่เสี่ยงภัยดินถล่ม,กรมทรัพยากรธรณี,โรงเรียนบ้านต้นขนุน | รายละเอียด: โรงเรียน,,,"17.627822559844173,100.71815273999303",โรงเรียนบ้านต้นขนุน,น้ำไฝ,น้ำปาด,อุตรดิตถ์,2025-11-19T16:21:56.459650,,0,0,2025-11-19T16:21:56.459650
EXT-02578,พื้นที่เสี่ยงภัยดินถล่ม,กรมทรัพยากรธรณี,วัดป่าต้นขนุน | รายละเอียด: วัด,,,"17.623565979901713,100.71353841960767",วัดป่าต้นขนุน,น้ำไฝ,น้ำปาด,อุตรดิตถ์,2025-11-19T16:21:56.459650,,0,0,2025-11-19T16:21:56.459650
EXT-02579,พื้นที่เสี่ยงภัยดินถล่ม,กรมทรัพยากรธรณี,โรงเรียนบ้านห้วยเนียม | รายละเอียด: โรงเรียน,,,"17.564957449709343,100.65823645955966",โรงเรียนบ้านห้วยเนียม,น้ำไฝ,น้ำปาด,อุตรดิตถ์,2025-11-19T16:21:56.459650,,0,0,2025-11-19T16:21:56.459650
EXT-02580,พื้นที่เสี่ยงภัยดินถล่ม,กรมทรัพยากรธรณี,โรงเรียนบ้านเพีย | รายละเอียด: โรงเรียน,,,"17.545161659872825,100.62645278996605",โรงเรียนบ้านเพีย,น้ำไฝ,น้ำปาด,อุตรดิตถ์,2025-11-19T16:21:56.459650,,0,0,2025-11-19T16:21:56.459650
EXT-02581,พื้นที่เสี่ยงภัยดินถล่ม,กรมทรัพยากรธรณี,ศูนย์พัฒนาเด็กเล็กน้ำไผ่ | รายละเอียด: โรงเรียน,,,"17.573276240423976,100.67797340961626",ศูนย์พัฒนาเด็กเล็กน้ำไผ่,น้ำไฝ,น้ำปาด,อุตรดิตถ์,2025-11-19T16:21:56.459650,,0,0,2025-11-19T16:21:56.459650
EXT-02582,พื้นที่เสี่ยงภัยดินถล่ม,กรมทรัพยากรธรณี,วัดปางขามป้อม | รายละเอียด: วัด,,,"17.591636480827187,100.68639583876994",วัดปางขามป้อม,น้ำไฝ,น้ำปาด,อุตรดิตถ์,2025-11-19T16:21:56.459650,,0,0,2025-11-19T16:21:56.459650
EXT-02583,พื้นที่เสี่ยงภัยดินถล่ม,กรมทรัพยากรธรณี,หน่วยพิทักษ์ป่านาผักฮาด | รายละเอียด: สถานที่ราชการ,,,"17.673517509767503,100.80165988026043",หน่วยพิทักษ์ป่านาผักฮาด,น้ำไฝ,น้ำปาด,อุตรดิตถ์,2025-11-19T16:21:56.459650,,0,0,2025-11-19T16:21:56.459650
EXT-02584,พื้นที่เสี่ยงภัยดินถล่ม,กรมทรัพยากรธรณี,หน่วยพิทักษ์อุทยานแห่งชาติ ที่ คต.1 (ต้นขนุน) | รายละเอียด: สถานที่ราชการ,,,"17.613764939831608,100.72766107969278",หน่วยพิทักษ์อุทยานแห่งชาติ ที่ คต.1 (ต้นขนุน),น้ำไฝ,น้ำปาด,อุตรดิตถ์,2025-11-19T16:21:56.459650,,0,0,2025-11-19T16:21:56.459650
EXT-02585,พื้นที่เสี่ยงภัยดินถล่ม,กรมทรัพยากรธรณี,หน่วยพิทักษ์ป่าบ้านเพีย | รายละเอียด: สถานที่ราชการ,,,"17.536881340033954,100.6293503299253",หน่วยพิทักษ์ป่าบ้านเพีย,น้ำไฝ,น้ำปาด,อุตรดิตถ์,2025-11-19T16:21:56.459650,,0,0,2025-11-19T16:21:56.459650
EXT-02586,พื้นที่เสี่ยงภัยดินถล่ม,กรมทรัพยากรธรณี,องค์การบริหารส่วนตำบลน้ำไผ่ | รายละเอียด: สถานที่ราชการ,,,"17.580914159695837,100.6798932895475",องค์การบริหารส่วนตำบลน้ำไผ่,น้ำไฝ,น้ำปาด,อุตรดิตถ์,2025-11-19T16:21:56.459650,,0,0,2025-11-19T16:21:56.459650
EXT-02587,พื้นที่เสี่ยงภัยดินถล่ม,กรมทรัพยากรธรณี,โรงเรียนบ้านห้วยตาด | รายละเอียด: โรงเรียน,,,"17.692534538920334,100.81179708337814",โรงเรียนบ้านห้วยตาด,น้ำไฝ,น้ำปาด,อุตรดิตถ์,2025-11-19T16:21:56.459650,,0,0,2025-11-19T16:21:56.459650
EXT-02588,พื้นที่เสี่ยงภัยดินถล่ม,กรมทรัพยากรธรณี,วัดโพนทัน | รายละเอียด: วัด,,,"17.674340521796623,100.79503121783131",วัดโพนทัน,น้ำไฝ,น้ำปาด,อุตรดิตถ์,2025-11-19T16:21:56.459650,,0,0,2025-11-19T16:21:56.459650
EXT-02589,พื้นที่เสี่ยงภัยดินถล่ม,กรมทรัพยากรธรณี,สถานีอนามัยบ้านห้วยเดื่อ | รายละเอียด: สถานีอนามัย,,,"17.658667967923204,100.75708473206521",สถานีอนามัยบ้านห้วยเดื่อ,น้ำไฝ,น้ำปาด,อุตรดิตถ์,2025-11-19T16:21:56.459650,,0,0,2025-11-19T16:21:56.459650
EXT-02590,พื้นที่เสี่ยงภัยดินถล่ม,กรมทรัพยากรธรณี,วัดบ้านห้วยเดื่อ | รายละเอียด: วัด,,,"17.65750791487579,100.7564812481946",วัดบ้านห้วยเดื่อ,น้ำไฝ,น้ำปาด,อุตรดิตถ์,2025-11-19T16:21:56.459650,,0,0,2025-11-19T16:21:56.459650
EXT-02591,พื้นที่เสี่ยงภัยดินถล่ม,กรมทรัพยากรธรณี,โรงเรียนบ้านห้วยคอม | รายละเอียด: โรงเรียน,,,"17.58287755068925,100.68146096069138",โรงเรียนบ้านห้วยคอม,น้ำไฝ,น้ำปาด,อุตรดิตถ์,2025-11-19T16:21:56.459650,,0,0,2025-11-19T16:21:56.459650
EXT-02592,พื้นที่เสี่ยงภัยดินถล่ม,กรมทรัพยากรธรณี,วัดห้วยคอม | รายละเอียด: วัด,,,"17.584311347077733,100.6815365343537",วัดห้วยคอม,น้ำไฝ,น้ำปาด,อุตรดิตถ์,2025-11-19T16:21:56.459650,,0,0,2025-11-19T16:21:56.459650
EXT-02593,พื้นที่เสี่ยงภัยดินถล่ม,กรมทรัพยากรธรณี,สถานีอนามัยตำบลน้ำไผ่ | รายละเอียด: สถานีอนามัย,,,"17.584724656073615,100.68213236287104",สถานีอนามัยตำบลน้ำไผ่,น้ำไฝ,น้ำปาด,อุตรดิตถ์,2025-11-19T16:21:56.459650,,0,0,2025-11-19T16:21:56.459650
EXT-02594,พื้นที่เสี่ยงภัยดินถล่ม,กรมทรัพยากรธรณี,วัดห้วยเนียม | รายละเอียด: วัด,,,"17.56467411407563,100.66069934780597",วัดห้วยเนียม,น้ำไฝ,น้ำปาด,อุตรดิตถ์,2025-11-19T16:21:56.459650,,0,0,2025-11-19T16:21:56.459650
EXT-02595,พื้นที่เสี่ยงภัยดินถล่ม,กรมทรัพยากรธรณี,วัดหนองหินราฎร์นิมิต | รายละเอียด: วัด,,,"17.569850717334123,100.24202292732356",วัดหนองหินราฎร์นิมิต,น้ำพี้,ทองแสนขัน,อุตรดิตถ์,2025-11-19T16:21:56.459650,,0,0,2025-11-19T16:21:56.459650
EXT-02596,พื้นที่เสี่ยงภัยดินถล่ม,กรมทรัพยากรธรณี,โรงเรียนบ้านหนองหิน | รายละเอียด: โรงเรียน,,,"17.569245682795987,100.24322039079011",โรงเรียนบ้านหนองหิน,น้ำพี้,ทองแสนขัน,อุตรดิตถ์,2025-11-19T16:21:56.459650,,0,0,2025-11-19T16:21:56.459650
EXT-02597,พื้นที่เสี่ยงภัยดินถล่ม,กรมทรัพยากรธรณี,โรงเรียนบ้านห้วยปลาดุก | รายละเอียด: โรงเรียน,,,"17.571360443655188,100.33207524938325",โรงเรียนบ้านห้วยปลาดุก,น้ำพี้,ทองแสนขัน,อุตรดิตถ์,2025-11-19T16:21:56.459650,,0,0,2025-11-19T16:21:56.459650
EXT-02598,พื้นที่เสี่ยงภัยดินถล่ม,กรมทรัพยากรธรณี,วัดห้วยปลาดุก | รายละเอียด: วัด,,,"17.57125308812432,100.32840020900039",วัดห้วยปลาดุก,น้ำพี้,ทองแสนขัน,อุตรดิตถ์,2025-11-19T16:21:56.459650,,0,0,2025-11-19T16:21:56.459650
EXT-02599,พื้นที่เสี่ยงภัยดินถล่ม,กรมทรัพยากรธรณี,โรงเรียนบ้านน้ำพี้มิตรภาพที่214 | รายละเอียด: โรงเรียน,,,"17.560349065695025,100.29709019438299",โรงเรียนบ้านน้ำพี้มิตรภาพที่214,น้ำพี้,ทองแสนขัน,อุตรดิตถ์,2025-11-19T16:21:56.459650,,0,0,2025-11-19T16:21:56.459650
EXT-02600,พื้นที่เสี่ยงภัยดินถล่ม,กรมทรัพยากรธรณี,ที่พักสงฆ์ | รายละเอียด: วัด,,,"17.56754900260088,100.31997631598617",ที่พักสงฆ์,น้ำพี้,ทองแสนขัน,อุตรดิตถ์,2025-11-19T16:21:56.459650,,0,0,2025-11-19T16:21:56.459650
EXT-02601,พื้นที่เสี่ยงภัยดินถล่ม,กรมทรัพยากรธรณี,โรงพยาบาลส่งเสริมสุขภาพตำบลบ้านพี้ | รายละเอียด: โรงพยาบาล,,,"17.55971824613812,100.29276690160152",โรงพยาบาลส่งเสริมสุขภาพตำบลบ้านพี้,น้ำพี้,ทองแสนขัน,อุตรดิตถ์,2025-11-19T16:21:56.459650,,0,0,2025-11-19T16:21:56.459650
EXT-02602,พื้นที่เสี่ยงภัยดินถล่ม,กรมทรัพยากรธรณี,วัดน้ำพี้ | รายละเอียด: วัด,,,"17.555841003033485,100.28469576329488",วัดน้ำพี้,น้ำพี้,ทองแสนขัน,อุตรดิตถ์,2025-11-19T16:21:56.459650,,0,0,2025-11-19T16:21:56.459650
EXT-02603,พื้นที่เสี่ยงภัยดินถล่ม,กรมทรัพยากรธรณี,ศาลาประชาคม | รายละเอียด: ศาลาอเนกประสงค์,,,"17.555801488401464,100.28744142004071",ศาลาประชาคม,น้ำพี้,ทองแสนขัน,อุตรดิตถ์,2025-11-19T16:21:56.459650,,0,0,2025-11-19T16:21:56.459650
EXT-02604,พื้นที่เสี่ยงภัยดินถล่ม,กรมทรัพยากรธรณี,วัดน้ำแต้ม | รายละเอียด: วัด,,,"17.558773673281884,100.273373936107",วัดน้ำแต้ม,น้ำพี้,ทองแสนขัน,อุตรดิตถ์,2025-11-19T16:21:56.459650,,0,0,2025-11-19T16:21:56.459650
EXT-02605,พื้นที่เสี่ยงภัยดินถล่ม,กรมทรัพยากรธรณี,โรงพยาบาลค่ายพระยาพิชัย | รายละเอียด: โรงพยาบาล,,,"17.663906454692096,100.1397832171921",โรงพยาบาลค่ายพระยาพิชัย,ท่าเสา,เมืองอุตรดิตถ์,อุตรดิตถ์,2025-11-19T16:21:56.459650,,0,0,2025-11-19T16:21:56.459650
EXT-02606,พื้นที่เสี่ยงภัยดินถล่ม,กรมทรัพยากรธรณี,โรงเรียนพระยาพิชัย 1 | รายละเอียด: โรงเรียน,,,"17.663129014263813,100.13806261956601",โรงเรียนพระยาพิชัย 1,ท่าเสา,เมืองอุตรดิตถ์,อุตรดิตถ์,2025-11-19T16:21:56.459650,,0,0,2025-11-19T16:21:56.459650
EXT-02607,พื้นที่เสี่ยงภัยดินถล่ม,กรมทรัพยากรธรณี,วัดคุ้งตะเภา | รายละเอียด: วัด,,,"17.653764356296392,100.1403309125798",วัดคุ้งตะเภา,คุ้งตะเภา,เมืองอุตรดิตถ์,อุตรดิตถ์,2025-11-19T16:21:56.459650,,0,0,2025-11-19T16:21:56.459650
EXT-02608,พื้นที่เสี่ยงภัยดินถล่ม,กรมทรัพยากรธรณี,โรงเรียนบ้านคุ้งตะเภา | รายละเอียด: โรงเรียน,,,"17.652758224324767,100.14103921600147",โรงเรียนบ้านคุ้งตะเภา,คุ้งตะเภา,เมืองอุตรดิตถ์,อุตรดิตถ์,2025-11-19T16:21:56.459650,,0,0,2025-11-19T16:21:56.459650
EXT-02609,พื้นที่เสี่ยงภัยดินถล่ม,กรมทรัพยากรธรณี,สถานีอนามัยตำบลคุ้งตะเภา | รายละเอียด: สถานีอนามัย,,,"17.652722251283706,100.14490380577772",สถานีอนามัยตำบลคุ้งตะเภา,คุ้งตะเภา,เมืองอุตรดิตถ์,อุตรดิตถ์,2025-11-19T16:21:56.459650,,0,0,2025-11-19T16:21:56.459650
EXT-02610,พื้นที่เสี่ยงภัยดินถล่ม,กรมทรัพยากรธรณี,วัดห้วยลึกประชานิมิตร | รายละเอียด: วัด,,,"17.780079195896356,100.09726797285967",วัดห้วยลึกประชานิมิตร,บ้านด่านนาขาม,เมืองอุตรดิตถ์,อุตรดิตถ์,2025-11-19T16:21:56.459650,,0,0,2025-11-19T16:21:56.459650
EXT-02611,พื้นที่เสี่ยงภัยดินถล่ม,กรมทรัพยากรธรณี,โบสถ์คริสตเตียนไทย | รายละเอียด: โบสถ์,,,"17.707631676140586,100.17247363672759",โบสถ์คริสตเตียนไทย,งิ้วงาม,เมืองอุตรดิตถ์,อุตรดิตถ์,2025-11-19T16:21:56.459650,,0,0,2025-11-19T16:21:56.459650
EXT-02612,พื้นที่เสี่ยงภัยดินถล่ม,กรมทรัพยากรธรณี,วัดน้ำไผ่ | รายละเอียด: วัด,,,"17.705582233946437,100.17610288781907",วัดน้ำไผ่,งิ้วงาม,เมืองอุตรดิตถ์,อุตรดิตถ์,2025-11-19T16:21:56.459650,,0,0,2025-11-19T16:21:56.459650
EXT-02613,พื้นที่เสี่ยงภัยดินถล่ม,กรมทรัพยากรธรณี,โรงเรียนบ้านน้ำไผ่ | รายละเอียด: โรงเรียน,,,"17.704811083535393,100.17433346086766",โรงเรียนบ้านน้ำไผ่,งิ้วงาม,เมืองอุตรดิตถ์,อุตรดิตถ์,2025-11-19T16:21:56.459650,,0,0,2025-11-19T16:21:56.459650
EXT-02614,พื้นที่เสี่ยงภัยดินถล่ม,กรมทรัพยากรธรณี,วัดดอยแก้ว | รายละเอียด: วัด,,,"17.67351093997299,100.17685047692169",วัดดอยแก้ว,งิ้วงาม,เมืองอุตรดิตถ์,อุตรดิตถ์,2025-11-19T16:21:56.459650,,0,0,2025-11-19T16:21:56.459650
EXT-02615,พื้นที่เสี่ยงภัยดินถล่ม,กรมทรัพยากรธรณี,สถานีอนามัยบ้านวังสีสูบ | รายละเอียด: สถานีอนามัย,,,"17.67325693601417,100.15584931802222",สถานีอนามัยบ้านวังสีสูบ,งิ้วงาม,เมืองอุตรดิตถ์,อุตรดิตถ์,2025-11-19T16:21:56.459650,,0,0,2025-11-19T16:21:56.459650
EXT-02616,พื้นที่เสี่ยงภัยดินถล่ม,กรมทรัพยากรธรณี,โรงเรียนมิตรภาพที่ 39 | รายละเอียด: โรงเรียน,,,"17.672675905295254,100.15456583762605",โรงเรียนมิตรภาพที่ 39,งิ้วงาม,เมืองอุตรดิตถ์,อุตรดิตถ์,2025-11-19T16:21:56.459650,,0,0,2025-11-19T16:21:56.459650
EXT-02617,พื้นที่เสี่ยงภัยดินถล่ม,กรมทรัพยากรธรณี,วัดวังขอน | รายละเอียด: วัด,,,"17.668222271966464,100.19123891358028",วัดวังขอน,งิ้วงาม,เมืองอุตรดิตถ์,อุตรดิตถ์,2025-11-19T16:21:56.459650,,0,0,2025-11-19T16:21:56.459650
EXT-02618,พื้นที่เสี่ยงภัยดินถล่ม,กรมทรัพยากรธรณี,โรงเรียนบ้านงิ้วงาม | รายละเอียด: โรงเรียน,,,"17.667374778630776,100.178136243372",โรงเรียนบ้านงิ้วงาม,งิ้วงาม,เมืองอุตรดิตถ์,อุตรดิตถ์,2025-11-19T16:21:56.459650,,0,0,2025-11-19T16:21:56.459650
EXT-02619,พื้นที่เสี่ยงภัยดินถล่ม,กรมทรัพยากรธรณี,วัดเขาแก้ว | รายละเอียด: วัด,,,"17.667196524910175,100.17677464297472",วัดเขาแก้ว,งิ้วงาม,เมืองอุตรดิตถ์,อุตรดิตถ์,2025-11-19T16:21:56.459650,,0,0,2025-11-19T16:21:56.459650
EXT-02620,พื้นที่เสี่ยงภัยดินถล่ม,กรมทรัพยากรธรณี,วัดศรีธาราม | รายละเอียด: วัด,,,"17.66653568263325,100.1488421293929",วัดศรีธาราม,งิ้วงาม,เมืองอุตรดิตถ์,อุตรดิตถ์,2025-11-19T16:21:56.459650,,0,0,2025-11-19T16:21:56.459650
EXT-02621,พื้นที่เสี่ยงภัยดินถล่ม,กรมทรัพยากรธรณี,โรงเรียนวัดศรีธาราม | รายละเอียด: โรงเรียน,,,"17.666261799542845,100.14950853432576",โรงเรียนวัดศรีธาราม,งิ้วงาม,เมืองอุตรดิตถ์,อุตรดิตถ์,2025-11-19T16:21:56.459650,,0,0,2025-11-19T16:21:56.459650
EXT-02622,พื้นที่เสี่ยงภัยดินถล่ม,กรมทรัพยากรธรณี,วัดงิ้วงาม | รายละเอียด: วัด,,,"17.663184920602376,100.18076085328097",วัดงิ้วงาม,งิ้วงาม,เมืองอุตรดิตถ์,อุตรดิตถ์,2025-11-19T16:21:56.459650,,0,0,2025-11-19T16:21:56.459650
EXT-02623,พื้นที่เสี่ยงภัยดินถล่ม,กรมทรัพยากรธรณี,วัดแนวคีรี | รายละเอียด: วัด,,,"17.66238920947397,100.09702479998847",วัดแนวคีรี,ท่าเสา,เมืองอุตรดิตถ์,อุตรดิตถ์,2025-11-19T16:21:56.459650,,0,0,2025-11-19T16:21:56.459650
EXT-02624,พื้นที่เสี่ยงภัยดินถล่ม,กรมทรัพยากรธรณี,วัดหาดเสือเต้น | รายละเอียด: วัด,,,"17.65957498082767,100.18256194972639",วัดหาดเสือเต้น,คุ้งตะเภา,เมืองอุตรดิตถ์,อุตรดิตถ์,2025-11-19T16:21:56.459650,,0,0,2025-11-19T16:21:56.459650
EXT-02625,พื้นที่เสี่ยงภัยดินถล่ม,กรมทรัพยากรธรณี,วัดป่าสักเรไร | รายละเอียด: วัด,,,"17.659392046781722,100.1587896812489",วัดป่าสักเรไร,คุ้งตะเภา,เมืองอุตรดิตถ์,อุตรดิตถ์,2025-11-19T16:21:56.459650,,0,0,2025-11-19T16:21:56.459650
EXT-02626,พื้นที่เสี่ยงภัยดินถล่ม,กรมทรัพยากรธรณี,โรงเรียนม่อนดินแดงวิทยาคม | รายละเอียด: โรงเรียน,,,"17.659358009496742,100.09828023447699",โรงเรียนม่อนดินแดงวิทยาคม,ท่าเสา,เมืองอุตรดิตถ์,อุตรดิตถ์,2025-11-19T16:21:56.459650,,0,0,2025-11-19T16:21:56.459650
EXT-02627,พื้นที่เสี่ยงภัยดินถล่ม,กรมทรัพยากรธรณี,โรงเรียนบ้านหัวหาด | รายละเอียด: โรงเรียน,,,"17.65900069362723,100.15695015450346",โรงเรียนบ้านหัวหาด,คุ้งตะเภา,เมืองอุตรดิตถ์,อุตรดิตถ์,2025-11-19T16:21:56.459650,,0,0,2025-11-19T16:21:56.459650
EXT-02628,พื้นที่เสี่ยงภัยดินถล่ม,กรมทรัพยากรธรณี,โรงเรียนบ้านหาดเสือเต้น | รายละเอียด: โรงเรียน,,,"17.65851256764078,100.1865937060074",โรงเรียนบ้านหาดเสือเต้น,คุ้งตะเภา,เมืองอุตรดิตถ์,อุตรดิตถ์,2025-11-19T16:21:56.459650,,0,0,2025-11-19T16:21:56.459650
EXT-02629,พื้นที่เสี่ยงภัยดินถล่ม,กรมทรัพยากรธรณี,สถานีอนามัยตำบลท่าเสา | รายละเอียด: สถานีอนามัย,,,"17.65758810568552,100.09232769346772",สถานีอนามัยตำบลท่าเสา,ท่าเสา,เมืองอุตรดิตถ์,อุตรดิตถ์,2025-11-19T16:21:56.459650,,0,0,2025-11-19T16:21:56.459650
EXT-02630,พื้นที่เสี่ยงภัยดินถล่ม,กรมทรัพยากรธรณี,วัดดอยท่าเสา | รายละเอียด: วัด,,,"17.654463854379912,100.12179397259563",วัดดอยท่าเสา,ท่าอิฐ,เมืองอุตรดิตถ์,อุตรดิตถ์,2025-11-19T16:21:56.459650,,0,0,2025-11-19T16:21:56.459650
EXT-02631,พื้นที่เสี่ยงภัยดินถล่ม,กรมทรัพยากรธรณี,โรงเรียนวัดดอย | รายละเอียด: โรงเรียน,,,"17.65371844587064,100.12136398510262",โรงเรียนวัดดอย,ท่าอิฐ,เมืองอุตรดิตถ์,อุตรดิตถ์,2025-11-19T16:21:56.459650,,0,0,2025-11-19T16:21:56.459650
EXT-02632,พื้นที่เสี่ยงภัยดินถล่ม,กรมทรัพยากรธรณี,วัดใหญ่ท่าเสา | รายละเอียด: วัด,,,"17.649177509491544,100.11930156964588",วัดใหญ่ท่าเสา,ท่าอิฐ,เมืองอุตรดิตถ์,อุตรดิตถ์,2025-11-19T16:21:56.459650,,0,0,2025-11-19T16:21:56.459650
EXT-02633,พื้นที่เสี่ยงภัยดินถล่ม,กรมทรัพยากรธรณี,โรงเรียนป่าขนุนเจริญวิทยา | รายละเอียด: โรงเรียน,,,"17.646838502621495,100.1318592090515",โรงเรียนป่าขนุนเจริญวิทยา,คุ้งตะเภา,เมืองอุตรดิตถ์,อุตรดิตถ์,2025-11-19T16:21:56.459650,,0,0,2025-11-19T16:21:56.459650
EXT-02634,พื้นที่เสี่ยงภัยดินถล่ม,กรมทรัพยากรธรณี,วัดป่าเจริญธรรม | รายละเอียด: วัด,,,"17.64629881900979,100.13259224992515",วัดป่าเจริญธรรม,คุ้งตะเภา,เมืองอุตรดิตถ์,อุตรดิตถ์,2025-11-19T16:21:56.459650,,0,0,2025-11-19T16:21:56.459650
EXT-02635,พื้นที่เสี่ยงภัยดินถล่ม,กรมทรัพยากรธรณี,โรงเรียนเทศบาลวัดท้ายตลาด | รายละเอียด: โรงเรียน,,,"17.64472797295883,100.11585655622359",โรงเรียนเทศบาลวัดท้ายตลาด,ท่าอิฐ,เมืองอุตรดิตถ์,อุตรดิตถ์,2025-11-19T16:21:56.459650,,0,0,2025-11-19T16:21:56.459650
EXT-02636,พื้นที่เสี่ยงภัยดินถล่ม,กรมทรัพยากรธรณี,ไม่มีข้อมูล | รายละเอียด: ไม่มีข้อมูล,,,"17.64247790463004,100.11300844420285",ไม่มีข้อมูล,ท่าอิฐ,เมืองอุตรดิตถ์,อุตรดิตถ์,2025-11-19T16:21:56.459650,,0,0,2025-11-19T16:21:56.459650
EXT-02637,พื้นที่เสี่ยงภัยดินถล่ม,กรมทรัพยากรธรณี,วัดท้ายตลาด | รายละเอียด: วัด,,,"17.64173436664917,100.11244303761507",วัดท้ายตลาด,ท่าอิฐ,เมืองอุตรดิตถ์,อุตรดิตถ์,2025-11-19T16:21:56.459650,,0,0,2025-11-19T16:21:56.459650
EXT-02638,พื้นที่เสี่ยงภัยดินถล่ม,กรมทรัพยากรธรณี,สถานีอนามัยตำบลท่าอิฐ | รายละเอียด: สถานีอนามัย,,,"17.64064114975031,100.11278508369782",สถานีอนามัยตำบลท่าอิฐ,ท่าอิฐ,เมืองอุตรดิตถ์,อุตรดิตถ์,2025-11-19T16:21:56.459650,,0,0,2025-11-19T16:21:56.459650
EXT-02639,พื้นที่เสี่ยงภัยดินถล่ม,กรมทรัพยากรธรณี,ไม่มีข้อมูล | รายละเอียด: ไม่มีข้อมูล,,,"17.64004114027795,100.08750190064683",ไม่มีข้อมูล,ท่าเสา,เมืองอุตรดิตถ์,อุตรดิตถ์,2025-11-19T16:21:56.459650,,0,0,2025-11-19T16:21:56.459650
EXT-02640,พื้นที่เสี่ยงภัยดินถล่ม,กรมทรัพยากรธรณี,วัดอรัญญิการาม | รายละเอียด: วัด,,,"17.638813822239317,100.08512453630888",วัดอรัญญิการาม,ท่าเสา,เมืองอุตรดิตถ์,อุตรดิตถ์,2025-11-19T16:21:56.459650,,0,0,2025-11-19T16:21:56.459650
EXT-02641,พื้นที่เสี่ยงภัยดินถล่ม,กรมทรัพยากรธรณี,โรงเรียนภราดานุสรณ์ | รายละเอียด: โรงเรียน,,,"17.63835126438725,100.10333469627574",โรงเรียนภราดานุสรณ์,ท่าอิฐ,เมืองอุตรดิตถ์,อุตรดิตถ์,2025-11-19T16:21:56.459650,,0,0,2025-11-19T16:21:56.459650
EXT-02642,พื้นที่เสี่ยงภัยดินถล่ม,กรมทรัพยากรธรณี,โรงเรียนอุตรดิตถ์เทคโนโลยี | รายละเอียด: โรงเรียน,,,"17.635183900583772,100.10509449728477",โรงเรียนอุตรดิตถ์เทคโนโลยี,ท่าอิฐ,เมืองอุตรดิตถ์,อุตรดิตถ์,2025-11-19T16:21:56.459650,,0,0,2025-11-19T16:21:56.459650
EXT-02643,พื้นที่เสี่ยงภัยดินถล่ม,กรมทรัพยากรธรณี,โรงเรียนพิศาลศึกษาวิทยา | รายละเอียด: โรงเรียน,,,"17.634358773930657,100.10557723933101",โรงเรียนพิศาลศึกษาวิทยา,ท่าอิฐ,เมืองอุตรดิตถ์,อุตรดิตถ์,2025-11-19T16:21:56.459650,,0,0,2025-11-19T16:21:56.459650
EXT-02644,พื้นที่เสี่ยงภัยดินถล่ม,กรมทรัพยากรธรณี,โรงเรียนอุตรดิตถ์ | รายละเอียด: โรงเรียน,,,"17.633952926244575,100.09652214611629",โรงเรียนอุตรดิตถ์,ท่าอิฐ,เมืองอุตรดิตถ์,อุตรดิตถ์,2025-11-19T16:21:56.459650,,0,0,2025-11-19T16:21:56.459650
EXT-02645,พื้นที่เสี่ยงภัยดินถล่ม,กรมทรัพยากรธรณี,สถาบันราชภัฎอุตรดิตถ์ | รายละเอียด: โรงเรียน,,,"17.6334234774667,100.09380852320774",สถาบันราชภัฎอุตรดิตถ์,ท่าอิฐ,เมืองอุตรดิตถ์,อุตรดิตถ์,2025-11-19T16:21:56.459650,,0,0,2025-11-19T16:21:56.459650
EXT-02646,พื้นที่เสี่ยงภัยดินถล่ม,กรมทรัพยากรธรณี,วัดธรรมาธิปไตย | รายละเอียด: วัด,,,"17.630987327409223,100.10403920350873",วัดธรรมาธิปไตย,ท่าอิฐ,เมืองอุตรดิตถ์,อุตรดิตถ์,2025-11-19T16:21:56.459650,,0,0,2025-11-19T16:21:56.459650
EXT-02647,พื้นที่เสี่ยงภัยดินถล่ม,กรมทรัพยากรธรณี,วัดป่ากล้วย | รายละเอียด: วัด,,,"17.630554075853485,100.12275522506643",วัดป่ากล้วย,คุ้งตะเภา,เมืองอุตรดิตถ์,อุตรดิตถ์,2025-11-19T16:21:56.459650,,0,0,2025-11-19T16:21:56.459650
EXT-02648,พื้นที่เสี่ยงภัยดินถล่ม,กรมทรัพยากรธรณี,โรงเรียนป่ากล้วยเสริมวิทยา | รายละเอียด: โรงเรียน,,,"17.630029288894644,100.12425059157133",โรงเรียนป่ากล้วยเสริมวิทยา,คุ้งตะเภา,เมืองอุตรดิตถ์,อุตรดิตถ์,2025-11-19T16:21:56.459650,,0,0,2025-11-19T16:21:56.459650
EXT-02649,พื้นที่เสี่ยงภัยดินถล่ม,กรมทรัพยากรธรณี,ไม่มีข้อมูล | รายละเอียด: ไม่มีข้อมูล,,,"17.629806051484326,100.10538159655073",ไม่มีข้อมูล,ท่าอิฐ,เมืองอุตรดิตถ์,อุตรดิตถ์,2025-11-19T16:21:56.459650,,0,0,2025-11-19T16:21:56.459650
EXT-02650,พื้นที่เสี่ยงภัยดินถล่ม,กรมทรัพยากรธรณี,ไม่มีข้อมูล | รายละเอียด: ไม่มีข้อมูล,,,"17.62785213810288,100.09618659991624",ไม่มีข้อมูล,ท่าอิฐ,เมืองอุตรดิตถ์,อุตรดิตถ์,2025-11-19T16:21:56.459650,,0,0,2025-11-19T16:21:56.459650
EXT-02651,พื้นที่เสี่ยงภัยดินถล่ม,กรมทรัพยากรธรณี,โรงเรียนเทศบาลวัดไผ่ล้อม | รายละเอียด: โรงเรียน,,,"17.626554573602668,100.11124953232522",โรงเรียนเทศบาลวัดไผ่ล้อม,ท่าอิฐ,เมืองอุตรดิตถ์,อุตรดิตถ์,2025-11-19T16:21:56.459650,,0,0,2025-11-19T16:21:56.459650
EXT-02652,พื้นที่เสี่ยงภัยดินถล่ม,กรมทรัพยากรธรณี,โรงเรียนเทศบาลท่าอิฐ | รายละเอียด: โรงเรียน,,,"17.626440929067595,100.0952072829956",โรงเรียนเทศบาลท่าอิฐ,ท่าอิฐ,เมืองอุตรดิตถ์,อุตรดิตถ์,2025-11-19T16:21:56.459650,,0,0,2025-11-19T16:21:56.459650
EXT-02653,พื้นที่เสี่ยงภัยดินถล่ม,กรมทรัพยากรธรณี,วัดม่อนถ้ำ | รายละเอียด: วัด,,,"17.62636938676462,100.07556010142397",วัดม่อนถ้ำ,ท่าเสา,เมืองอุตรดิตถ์,อุตรดิตถ์,2025-11-19T16:21:56.459650,,0,0,2025-11-19T16:21:56.459650
EXT-02654,พื้นที่เสี่ยงภัยดินถล่ม,กรมทรัพยากรธรณี,จังหวัดอุตริตถ์ | รายละเอียด: สถานที่ราชการ,,,"17.626250912377664,100.0966717433208",จังหวัดอุตริตถ์,ท่าอิฐ,เมืองอุตรดิตถ์,อุตรดิตถ์,2025-11-19T16:21:56.459650,,0,0,2025-11-19T16:21:56.459650
EXT-02655,พื้นที่เสี่ยงภัยดินถล่ม,กรมทรัพยากรธรณี,วัดบ้านน้ำไคร้ | รายละเอียด: วัด,,,"17.777748490905832,100.13846233354309",วัดบ้านน้ำไคร้,บ้านด่านนาขาม,เมืองอุตรดิตถ์,อุตรดิตถ์,2025-11-19T16:21:56.459650,,0,0,2025-11-19T16:21:56.459650
EXT-02656,พื้นที่เสี่ยงภัยดินถล่ม,กรมทรัพยากรธรณี,โรงเรียนบ้านน้ำไคร้ | รายละเอียด: โรงเรียน,,,"17.777055530751507,100.13757125277624",โรงเรียนบ้านน้ำไคร้,บ้านด่านนาขาม,เมืองอุตรดิตถ์,อุตรดิตถ์,2025-11-19T16:21:56.459650,,0,0,2025-11-19T16:21:56.459650
EXT-02657,พื้นที่เสี่ยงภัยดินถล่ม,กรมทรัพยากรธรณี,ไม่มีข้อมูล | รายละเอียด: ไม่มีข้อมูล,,,"17.771038728815178,100.1104273807067",ไม่มีข้อมูล,บ้านด่านนาขาม,เมืองอุตรดิตถ์,อุตรดิตถ์,2025-11-19T16:21:56.459650,,0,0,2025-11-19T16:21:56.459650
EXT-02658,พื้นที่เสี่ยงภัยดินถล่ม,กรมทรัพยากรธรณี,วัดห้วยกั้งราษฎร์ศรัทธาธรรม | รายละเอียด: วัด,,,"17.76970554267482,100.11045570032525",วัดห้วยกั้งราษฎร์ศรัทธาธรรม,บ้านด่านนาขาม,เมืองอุตรดิตถ์,อุตรดิตถ์,2025-11-19T16:21:56.459650,,0,0,2025-11-19T16:21:56.459650
EXT-02659,พื้นที่เสี่ยงภัยดินถล่ม,กรมทรัพยากรธรณี,โรงเรียนประชาชนอุทิศ | รายละเอียด: โรงเรียน,,,"17.76862118530745,100.11043131937942",โรงเรียนประชาชนอุทิศ,บ้านด่านนาขาม,เมืองอุตรดิตถ์,อุตรดิตถ์,2025-11-19T16:21:56.459650,,0,0,2025-11-19T16:21:56.459650
EXT-02660,พื้นที่เสี่ยงภัยดินถล่ม,กรมทรัพยากรธรณี,โรงเรียนวัดแม่เฉย | รายละเอียด: โรงเรียน,,,"17.74526815886125,100.141752886041",โรงเรียนวัดแม่เฉย,บ้านด่านนาขาม,เมืองอุตรดิตถ์,อุตรดิตถ์,2025-11-19T16:21:56.459650,,0,0,2025-11-19T16:21:56.459650
EXT-02661,พื้นที่เสี่ยงภัยดินถล่ม,กรมทรัพยากรธรณี,วัดแม่เฉย | รายละเอียด: วัด,,,"17.744062231238175,100.14165564588667",วัดแม่เฉย,บ้านด่านนาขาม,เมืองอุตรดิตถ์,อุตรดิตถ์,2025-11-19T16:21:56.459650,,0,0,2025-11-19T16:21:56.459650
EXT-02662,พื้นที่เสี่ยงภัยดินถล่ม,กรมทรัพยากรธรณี,โรงเรียนราษฎร์อำนวย | รายละเอียด: โรงเรียน,,,"17.73545719646021,100.12901346534748",โรงเรียนราษฎร์อำนวย,บ้านด่านนาขาม,เมืองอุตรดิตถ์,อุตรดิตถ์,2025-11-19T16:21:56.459650,,0,0,2025-11-19T16:21:56.459650
EXT-02663,พื้นที่เสี่ยงภัยดินถล่ม,กรมทรัพยากรธรณี,คริสตจักรที่ 4 ด่านดำรงธรรม | รายละเอียด: คริสตจักร,,,"17.727166629515942,100.12544344715158",คริสตจักรที่ 4 ด่านดำรงธรรม,บ้านด่านนาขาม,เมืองอุตรดิตถ์,อุตรดิตถ์,2025-11-19T16:21:56.459650,,0,0,2025-11-19T16:21:56.459650
EXT-02664,พื้นที่เสี่ยงภัยดินถล่ม,กรมทรัพยากรธรณี,วัดด่านนาขาม | รายละเอียด: วัด,,,"17.71671913733043,100.12646032516413",วัดด่านนาขาม,บ้านด่านนาขาม,เมืองอุตรดิตถ์,อุตรดิตถ์,2025-11-19T16:21:56.459650,,0,0,2025-11-19T16:21:56.459650
EXT-02665,พื้นที่เสี่ยงภัยดินถล่ม,กรมทรัพยากรธรณี,สถานีอนามัยชายเขา | รายละเอียด: สถานีอนามัย,,,"17.715864659394192,100.10646215865195",สถานีอนามัยชายเขา,น้ำริด,เมืองอุตรดิตถ์,อุตรดิตถ์,2025-11-19T16:21:56.459650,,0,0,2025-11-19T16:21:56.459650
EXT-02666,พื้นที่เสี่ยงภัยดินถล่ม,กรมทรัพยากรธรณี,โรงเรียนชุมชนด่านวิทยา | รายละเอียด: โรงเรียน,,,"17.715737387469616,100.12686379907274",โรงเรียนชุมชนด่านวิทยา,บ้านด่านนาขาม,เมืองอุตรดิตถ์,อุตรดิตถ์,2025-11-19T16:21:56.459650,,0,0,2025-11-19T16:21:56.459650
EXT-02667,พื้นที่เสี่ยงภัยดินถล่ม,กรมทรัพยากรธรณี,โรงเรียนชายเขาวิทยา | รายละเอียด: โรงเรียน,,,"17.714203310881476,100.11079080330097",โรงเรียนชายเขาวิทยา,น้ำริด,เมืองอุตรดิตถ์,อุตรดิตถ์,2025-11-19T16:21:56.459650,,0,0,2025-11-19T16:21:56.459650
EXT-02668,พื้นที่เสี่ยงภัยดินถล่ม,กรมทรัพยากรธรณี,วัดชายเขาเหนือ | รายละเอียด: วัด,,,"17.714077931251772,100.10938854675831",วัดชายเขาเหนือ,น้ำริด,เมืองอุตรดิตถ์,อุตรดิตถ์,2025-11-19T16:21:56.459650,,0,0,2025-11-19T16:21:56.459650
EXT-02669,พื้นที่เสี่ยงภัยดินถล่ม,กรมทรัพยากรธรณี,สถานีอนามัยบ้านด่านนาขาม | รายละเอียด: สถานีอนามัย,,,"17.711223765859483,100.12695701895065",สถานีอนามัยบ้านด่านนาขาม,บ้านด่านนาขาม,เมืองอุตรดิตถ์,อุตรดิตถ์,2025-11-19T16:21:56.459650,,0,0,2025-11-19T16:21:56.459650
EXT-02670,พื้นที่เสี่ยงภัยดินถล่ม,กรมทรัพยากรธรณี,วัดจอมคีรี | รายละเอียด: วัด,,,"17.708776583906893,100.10773587256867",วัดจอมคีรี,น้ำริด,เมืองอุตรดิตถ์,อุตรดิตถ์,2025-11-19T16:21:56.459650,,0,0,2025-11-19T16:21:56.459650
EXT-02671,พื้นที่เสี่ยงภัยดินถล่ม,กรมทรัพยากรธรณี,โรงเรียนน้ำริดวิทยา | รายละเอียด: โรงเรียน,,,"17.6998233120652,100.12176479538324",โรงเรียนน้ำริดวิทยา,บ้านด่านนาขาม,เมืองอุตรดิตถ์,อุตรดิตถ์,2025-11-19T16:21:56.459650,,0,0,2025-11-19T16:21:56.459650
EXT-02672,พื้นที่เสี่ยงภัยดินถล่ม,กรมทรัพยากรธรณี,สถานีอนามัยบ้านน้ำริด | รายละเอียด: สถานีอนามัย,,,"17.69037405096483,100.11670081772037",สถานีอนามัยบ้านน้ำริด,น้ำริด,เมืองอุตรดิตถ์,อุตรดิตถ์,2025-11-19T16:21:56.459650,,0,0,2025-11-19T16:21:56.459650
EXT-02673,พื้นที่เสี่ยงภัยดินถล่ม,กรมทรัพยากรธรณี,วัดน้ำริดเหนือ | รายละเอียด: วัด,,,"17.68704980218803,100.12712380744871",วัดน้ำริดเหนือ,น้ำริด,เมืองอุตรดิตถ์,อุตรดิตถ์,2025-11-19T16:21:56.459650,,0,0,2025-11-19T16:21:56.459650
EXT-02674,พื้นที่เสี่ยงภัยดินถล่ม,กรมทรัพยากรธรณี,โรงเรียนน้ำริดราษฎร์บำรุง | รายละเอียด: โรงเรียน,,,"17.683564058153653,100.12407979843502",โรงเรียนน้ำริดราษฎร์บำรุง,น้ำริด,เมืองอุตรดิตถ์,อุตรดิตถ์,2025-11-19T16:21:56.459650,,0,0,2025-11-19T16:21:56.459650
EXT-02675,พื้นที่เสี่ยงภัยดินถล่ม,กรมทรัพยากรธรณี,วัดน้ำริดใต้ | รายละเอียด: วัด,,,"17.676842182765633,100.12293261592741",วัดน้ำริดใต้,น้ำริด,เมืองอุตรดิตถ์,อุตรดิตถ์,2025-11-19T16:21:56.459650,,0,0,2025-11-19T16:21:56.459650
EXT-02676,พื้นที่เสี่ยงภัยดินถล่ม,กรมทรัพยากรธรณี,โรงเรียนหนองนาเกลือวิทยา | รายละเอียด: โรงเรียน,,,"17.658845250575098,100.04786274369246",โรงเรียนหนองนาเกลือวิทยา,ฝายหลวง,ลับแล,อุตรดิตถ์,2025-11-19T16:21:56.459650,,0,0,2025-11-19T16:21:56.459650
EXT-02677,พื้นที่เสี่ยงภัยดินถล่ม,กรมทรัพยากรธรณี,สถานีอนามัยศรีพนมมาศ | รายละเอียด: สถานีอนามัย,,,"17.65744898609227,100.04145970264577",สถานีอนามัยศรีพนมมาศ,ศรีพนมมาศ,ลับแล,อุตรดิตถ์,2025-11-19T16:21:56.459650,,0,0,2025-11-19T16:21:56.459650
EXT-02678,พื้นที่เสี่ยงภัยดินถล่ม,กรมทรัพยากรธรณี,วัดป่ายาง | รายละเอียด: วัด,,,"17.65732782037407,100.04471422488034",วัดป่ายาง,ฝายหลวง,ลับแล,อุตรดิตถ์,2025-11-19T16:21:56.459650,,0,0,2025-11-19T16:21:56.459650
EXT-02679,พื้นที่เสี่ยงภัยดินถล่ม,กรมทรัพยากรธรณี,โรงเรียนลับแลพิทยาคม | รายละเอียด: โรงเรียน,,,"17.65159204660193,100.05493193733248",โรงเรียนลับแลพิทยาคม,ฝายหลวง,ลับแล,อุตรดิตถ์,2025-11-19T16:21:56.459650,,0,0,2025-11-19T16:21:56.459650
EXT-02680,พื้นที่เสี่ยงภัยดินถล่ม,กรมทรัพยากรธรณี,โรงพยาบาลลับแล | รายละเอียด: โรงพยาบาล,,,"17.65053611653115,100.0506367298122",โรงพยาบาลลับแล,ชัยจุมพล,ลับแล,อุตรดิตถ์,2025-11-19T16:21:56.459650,,0,0,2025-11-19T16:21:56.459650
EXT-02681,พื้นที่เสี่ยงภัยดินถล่ม,กรมทรัพยากรธรณี,โรงเรียนวัดอรัญญิการาม | รายละเอียด: โรงเรียน,,,"17.639494630712875,100.08376009660722",โรงเรียนวัดอรัญญิการาม,ท่าเสา,เมืองอุตรดิตถ์,อุตรดิตถ์,2025-11-19T16:21:56.459650,,0,0,2025-11-19T16:21:56.459650
EXT-02682,พื้นที่เสี่ยงภัยดินถล่ม,กรมทรัพยากรธรณี,วัดนานกกก | รายละเอียด: วัด,,,"17.73864124403078,100.07602838700483",วัดนานกกก,นานกกก,ลับแล,อุตรดิตถ์,2025-11-19T16:21:56.459650,,0,0,2025-11-19T16:21:56.459650
EXT-02683,พื้นที่เสี่ยงภัยดินถล่ม,กรมทรัพยากรธรณี,โรงเรียนนานกกก | รายละเอียด: โรงเรียน,,,"17.731966198209776,100.08069680535026",โรงเรียนนานกกก,นานกกก,ลับแล,อุตรดิตถ์,2025-11-19T16:21:56.459650,,0,0,2025-11-19T16:21:56.459650
EXT-02684,พื้นที่เสี่ยงภัยดินถล่ม,กรมทรัพยากรธรณี,วัดห้วยผึ้งโพธิ์บังลังค์ | รายละเอียด: วัด,,,"17.695684835314925,100.07326711166772",วัดห้วยผึ้งโพธิ์บังลังค์,ฝายหลวง,ลับแล,อุตรดิตถ์,2025-11-19T16:21:56.459650,,0,0,2025-11-19T16:21:56.459650
EXT-02685,พื้นที่เสี่ยงภัยดินถล่ม,กรมทรัพยากรธรณี,สำนักงานเทศบาลตำบลบ้านโคก | รายละเอียด: สถานที่ราชการ,,,"18.021371369621097,101.06485369431182",สำนักงานเทศบาลตำบลบ้านโคก,บ้านโคก,บ้านโคก,อุตรดิตถ์,2025-11-19T16:21:56.459650,,0,0,2025-11-19T16:21:56.459650
EXT-02686,พื้นที่เสี่ยงภัยดินถล่ม,กรมทรัพยากรธรณี,โรงเรียนบ้านน้ำแพ | รายละเอียด: โรงเรียน,,,"18.035945286633183,101.12188615556279",โรงเรียนบ้านน้ำแพ,บ้านโคก,บ้านโคก,อุตรดิตถ์,2025-11-19T16:21:56.459650,,0,0,2025-11-19T16:21:56.459650
EXT-02687,พื้นที่เสี่ยงภัยดินถล่ม,กรมทรัพยากรธรณี,ที่พักสงฆ์บ้านน้ำแพ | รายละเอียด: วัด,,,"18.03704418458997,101.1224974488124",ที่พักสงฆ์บ้านน้ำแพ,บ้านโคก,บ้านโคก,อุตรดิตถ์,2025-11-19T16:21:56.459650,,0,0,2025-11-19T16:21:56.459650
EXT-02688,พื้นที่เสี่ยงภัยดินถล่ม,กรมทรัพยากรธรณี,วัดห้วยครั่ง | รายละเอียด: วัด,,,"18.009915214057493,101.10023967840385",วัดห้วยครั่ง,บ้านโคก,บ้านโคก,อุตรดิตถ์,2025-11-19T16:21:56.459650,,0,0,2025-11-19T16:21:56.459650
EXT-02689,พื้นที่เสี่ยงภัยดินถล่ม,กรมทรัพยากรธรณี,ศูนย์พัฒนาเด็กเล็กบ้านห้วยครั่ง | รายละเอียด: โรงเรียน,,,"18.010994945899846,101.10452708224135",ศูนย์พัฒนาเด็กเล็กบ้านห้วยครั่ง,บ้านโคก,บ้านโคก,อุตรดิตถ์,2025-11-19T16:21:56.459650,,0,0,2025-11-19T16:21:56.459650
EXT-02690,พื้นที่เสี่ยงภัยดินถล่ม,กรมทรัพยากรธรณี,โรงเรียนบ้านห้วยครั่ง | รายละเอียด: โรงเรียน,,,"18.012678571379254,101.10258168696463",โรงเรียนบ้านห้วยครั่ง,บ้านโคก,บ้านโคก,อุตรดิตถ์,2025-11-19T16:21:56.459650,,0,0,2025-11-19T16:21:56.459650
EXT-02691,พื้นที่เสี่ยงภัยดินถล่ม,กรมทรัพยากรธรณี,ที่พักสงฆ์บ้านป่ากะบาก | รายละเอียด: วัด,,,"18.06100172835801,101.11668410188081",ที่พักสงฆ์บ้านป่ากะบาก,ม่วงเจ็ดต้น,บ้านโคก,อุตรดิตถ์,2025-11-19T16:21:56.459650,,0,0,2025-11-19T16:21:56.459650
EXT-02692,พื้นที่เสี่ยงภัยดินถล่ม,กรมทรัพยากรธรณี,กศน.บ้านน้ำแพ | รายละเอียด: โรงเรียน,,,"18.039033212401943,101.1019912152899",กศน.บ้านน้ำแพ,บ้านโคก,บ้านโคก,อุตรดิตถ์,2025-11-19T16:21:56.459650,,0,0,2025-11-19T16:21:56.459650
EXT-02693,พื้นที่เสี่ยงภัยดินถล่ม,กรมทรัพยากรธรณี,โรงเรียนอนุบาลบ้านโคก | รายละเอียด: โรงเรียน,,,"18.02229877886365,101.06898698621367",โรงเรียนอนุบาลบ้านโคก,บ้านโคก,บ้านโคก,อุตรดิตถ์,2025-11-19T16:21:56.459650,,0,0,2025-11-19T16:21:56.459650
EXT-02694,พื้นที่เสี่ยงภัยดินถล่ม,กรมทรัพยากรธรณี,สำนักงานสาธารณะสุข อำเภอบ้านโคก | รายละเอียด: สถานที่ราชการ,,,"18.022409769330366,101.06820582622468",สำนักงานสาธารณะสุข อำเภอบ้านโคก,บ้านโคก,บ้านโคก,อุตรดิตถ์,2025-11-19T16:21:56.459650,,0,0,2025-11-19T16:21:56.459650
EXT-02695,พื้นที่เสี่ยงภัยดินถล่ม,กรมทรัพยากรธรณี,สำนักงานเกษตร อำเภอบ้านโคก | รายละเอียด: สถานที่ราชการ,,,"18.023913828354292,101.06786716145182",สำนักงานเกษตร อำเภอบ้านโคก,บ้านโคก,บ้านโคก,อุตรดิตถ์,2025-11-19T16:21:56.459650,,0,0,2025-11-19T16:21:56.459650
EXT-02696,พื้นที่เสี่ยงภัยดินถล่ม,กรมทรัพยากรธรณี,สถานีตำรวจภูธรบ้านโคก | รายละเอียด: สถานีตำรวจ,,,"18.024295414825396,101.06716340022119",สถานีตำรวจภูธรบ้านโคก,บ้านโคก,บ้านโคก,อุตรดิตถ์,2025-11-19T16:21:56.459650,,0,0,2025-11-19T16:21:56.459650
EXT-02697,พื้นที่เสี่ยงภัยดินถล่ม,กรมทรัพยากรธรณี,กศน. อำเภอบ้านโคก | รายละเอียด: โรงเรียน,,,"18.02280165210349,101.06711680897318",กศน. อำเภอบ้านโคก,บ้านโคก,บ้านโคก,อุตรดิตถ์,2025-11-19T16:21:56.459650,,0,0,2025-11-19T16:21:56.459650
EXT-02698,พื้นที่เสี่ยงภัยดินถล่ม,กรมทรัพยากรธรณี,กองร้อย อศ. อำเภอบ้านโคก 7 | รายละเอียด: สถานที่ราชการ,,,"18.024928338078492,101.06726564477599",กองร้อย อศ. อำเภอบ้านโคก 7,บ้านโคก,บ้านโคก,อุตรดิตถ์,2025-11-19T16:21:56.459650,,0,0,2025-11-19T16:21:56.459650
EXT-02699,พื้นที่เสี่ยงภัยดินถล่ม,กรมทรัพยากรธรณี,ศูนย์พัฒนาเด็กเล็กบ้านโคก | รายละเอียด: โรงเรียน,,,"18.025777159229992,101.06926150830427",ศูนย์พัฒนาเด็กเล็กบ้านโคก,บ้านโคก,บ้านโคก,อุตรดิตถ์,2025-11-19T16:21:56.459650,,0,0,2025-11-19T16:21:56.459650
EXT-02700,พื้นที่เสี่ยงภัยดินถล่ม,กรมทรัพยากรธรณี,โรงพยาบาลบ้านโคก | รายละเอียด: โรงพยาบาล,,,"18.027550333196068,101.07255283365267",โรงพยาบาลบ้านโคก,บ้านโคก,บ้านโคก,อุตรดิตถ์,2025-11-19T16:21:56.459650,,0,0,2025-11-19T16:21:56.459650
EXT-02701,พื้นที่เสี่ยงภัยดินถล่ม,กรมทรัพยากรธรณี,หมวดการทางบ้านโคก 1 | รายละเอียด: สถานที่ราชการ,,,"18.02632728815101,101.07379480976776",หมวดการทางบ้านโคก 1,บ้านโคก,บ้านโคก,อุตรดิตถ์,2025-11-19T16:21:56.459650,,0,0,2025-11-19T16:21:56.459650
EXT-02702,พื้นที่เสี่ยงภัยดินถล่ม,กรมทรัพยากรธรณี,ไปรษณีย์บ้านโคก | รายละเอียด: สถานที่ราชการ,,,"18.02541093980399,101.07400814456831",ไปรษณีย์บ้านโคก,บ้านโคก,บ้านโคก,อุตรดิตถ์,2025-11-19T16:21:56.459650,,0,0,2025-11-19T16:21:56.459650
EXT-02703,พื้นที่เสี่ยงภัยดินถล่ม,กรมทรัพยากรธรณี,วัดโพธิ์ชัยศรี | รายละเอียด: วัด,,,"18.019574621535945,101.06695251778689",วัดโพธิ์ชัยศรี,บ้านโคก,บ้านโคก,อุตรดิตถ์,2025-11-19T16:21:56.459650,,0,0,2025-11-19T16:21:56.459650
EXT-02704,พื้นที่เสี่ยงภัยดินถล่ม,กรมทรัพยากรธรณี,พระธาตุ | รายละเอียด: วัด,,,"18.017832924629356,101.072196201891",พระธาตุ,บ้านโคก,บ้านโคก,อุตรดิตถ์,2025-11-19T16:21:56.459650,,0,0,2025-11-19T16:21:56.459650
EXT-02705,พื้นที่เสี่ยงภัยดินถล่ม,กรมทรัพยากรธรณี,สำนักสงฆ์บ้านหน่องไผ่ | รายละเอียด: วัด,,,"17.985199360415084,101.07673330683497",สำนักสงฆ์บ้านหน่องไผ่,บ้านโคก,บ้านโคก,อุตรดิตถ์,2025-11-19T16:21:56.459650,,0,0,2025-11-19T16:21:56.459650
EXT-02706,พื้นที่เสี่ยงภัยดินถล่ม,กรมทรัพยากรธรณี,วัดฟากนา | รายละเอียด: วัด,,,"18.021905971465845,101.05622013165402",วัดฟากนา,บ้านโคก,บ้านโคก,อุตรดิตถ์,2025-11-19T16:21:56.459650,,0,0,2025-11-19T16:21:56.459650
EXT-02707,พื้นที่เสี่ยงภัยดินถล่ม,กรมทรัพยากรธรณี,โรงเรียนบ้านโคกวิทยาคม | รายละเอียด: โรงเรียน,,,"18.021953939073008,101.05850575355552",โรงเรียนบ้านโคกวิทยาคม,บ้านโคก,บ้านโคก,อุตรดิตถ์,2025-11-19T16:21:56.459650,,0,0,2025-11-19T16:21:56.459650
EXT-02708,พื้นที่เสี่ยงภัยดินถล่ม,กรมทรัพยากรธรณี,การไฟฟ้าส่วนภูมิภาค สาขาย่อยอำเภอบ้านโคก | รายละเอียด: สถานที่ราชการ,,,"18.021304074228226,101.05930080214964",การไฟฟ้าส่วนภูมิภาค สาขาย่อยอำเภอบ้านโคก,บ้านโคก,บ้านโคก,อุตรดิตถ์,2025-11-19T16:21:56.459650,,0,0,2025-11-19T16:21:56.459650
EXT-02709,พื้นที่เสี่ยงภัยดินถล่ม,กรมทรัพยากรธรณี,ที่ว่าการอำเภอบ้านโคก | รายละเอียด: สถานที่ราชการ,,,"18.02573393534151,101.06800095710084",ที่ว่าการอำเภอบ้านโคก,บ้านโคก,บ้านโคก,อุตรดิตถ์,2025-11-19T16:21:56.459650,,0,0,2025-11-19T16:21:56.459650
EXT-02710,พื้นที่เสี่ยงภัยดินถล่ม,กรมทรัพยากรธรณี,วัดบ้านโคกเหนือ | รายละเอียด: วัด,,,"18.0277072072248,101.06709939354394",วัดบ้านโคกเหนือ,บ้านโคก,บ้านโคก,อุตรดิตถ์,2025-11-19T16:21:56.459650,,0,0,2025-11-19T16:21:56.459650
EXT-02711,พื้นที่เสี่ยงภัยดินถล่ม,กรมทรัพยากรธรณี,วัดโคกใหม่ | รายละเอียด: วัด,,,"18.029987514068676,101.08358474940715",วัดโคกใหม่,บ้านโคก,บ้านโคก,อุตรดิตถ์,2025-11-19T16:21:56.459650,,0,0,2025-11-19T16:21:56.459650
EXT-02712,พื้นที่เสี่ยงภัยดินถล่ม,กรมทรัพยากรธรณี,อบต. | รายละเอียด: สถานที่ราชการ,,,"17.40746352964953,100.32581148385158",อบต.,บ่อทอง,ทองแสนขัน,อุตรดิตถ์,2025-11-19T16:21:56.459650,,0,0,2025-11-19T16:21:56.459650
EXT-02713,พื้นที่เสี่ยงภัยดินถล่ม,กรมทรัพยากรธรณี,บ้านวังเบน | รายละเอียด: วัด,,,"17.446370623534445,100.43432493067859",บ้านวังเบน,บ่อทอง,ทองแสนขัน,อุตรดิตถ์,2025-11-19T16:21:56.459650,,0,0,2025-11-19T16:21:56.459650
EXT-02714,พื้นที่เสี่ยงภัยดินถล่ม,กรมทรัพยากรธรณี,บ้านวังเบน | รายละเอียด: โรงเรียน,,,"17.444600470681358,100.43441307210308",บ้านวังเบน,บ่อทอง,ทองแสนขัน,อุตรดิตถ์,2025-11-19T16:21:56.459650,,0,0,2025-11-19T16:21:56.459650
EXT-02715,พื้นที่เสี่ยงภัยดินถล่ม,กรมทรัพยากรธรณี,บ้านถ้ำดิน | รายละเอียด: สำนักสงฆ์,,,"17.49229327064735,100.34249314823418",บ้านถ้ำดิน,บ่อทอง,ทองแสนขัน,อุตรดิตถ์,2025-11-19T16:21:56.459650,,0,0,2025-11-19T16:21:56.459650
EXT-02716,พื้นที่เสี่ยงภัยดินถล่ม,กรมทรัพยากรธรณี,บ้านบ่อทอง | รายละเอียด: วัด,,,"17.46869412118564,100.32781634437195",บ้านบ่อทอง,บ่อทอง,ทองแสนขัน,อุตรดิตถ์,2025-11-19T16:21:56.459650,,0,0,2025-11-19T16:21:56.459650
EXT-02717,พื้นที่เสี่ยงภัยดินถล่ม,กรมทรัพยากรธรณี,บ้านบ่อทอง | รายละเอียด: โรงเรียน,,,"17.469274670109094,100.32946476454727",บ้านบ่อทอง,บ่อทอง,ทองแสนขัน,อุตรดิตถ์,2025-11-19T16:21:56.459650,,0,0,2025-11-19T16:21:56.459650
EXT-02718,พื้นที่เสี่ยงภัยดินถล่ม,กรมทรัพยากรธรณี,บ้านบ่อทอง | รายละเอียด: โรงเรียน,,,"17.468369564824364,100.33009985355379",บ้านบ่อทอง,บ่อทอง,ทองแสนขัน,อุตรดิตถ์,2025-11-19T16:21:56.459650,,0,0,2025-11-19T16:21:56.459650
EXT-02719,พื้นที่เสี่ยงภัยดินถล่ม,กรมทรัพยากรธรณี,บ้านบ่อทอง | รายละเอียด: สถานที่ราชการ,,,"17.46797414693762,100.3323460283296",บ้านบ่อทอง,บ่อทอง,ทองแสนขัน,อุตรดิตถ์,2025-11-19T16:21:56.459650,,0,0,2025-11-19T16:21:56.459650
EXT-02720,พื้นที่เสี่ยงภัยดินถล่ม,กรมทรัพยากรธรณี,ไม่มีข้อมูล | รายละเอียด: สถานที่ราชการ,,,"17.469204799276266,100.33586449211096",ไม่มีข้อมูล,บ่อทอง,ทองแสนขัน,อุตรดิตถ์,2025-11-19T16:21:56.459650,,0,0,2025-11-19T16:21:56.459650
EXT-02721,พื้นที่เสี่ยงภัยดินถล่ม,กรมทรัพยากรธรณี,ไม่มีข้อมูล | รายละเอียด: สถานที่ราชการ,,,"17.469166042254088,100.33640277735158",ไม่มีข้อมูล,บ่อทอง,ทองแสนขัน,อุตรดิตถ์,2025-11-19T16:21:56.459650,,0,0,2025-11-19T16:21:56.459650
EXT-02722,พื้นที่เสี่ยงภัยดินถล่ม,กรมทรัพยากรธรณี,บ้านบ่อทอง | รายละเอียด: สถานีตำรวจ,,,"17.475823936359475,100.3325975185415",บ้านบ่อทอง,บ่อทอง,ทองแสนขัน,อุตรดิตถ์,2025-11-19T16:21:56.459650,,0,0,2025-11-19T16:21:56.459650
EXT-02723,พื้นที่เสี่ยงภัยดินถล่ม,กรมทรัพยากรธรณี,ไม่มีข้อมูล | รายละเอียด: สถานที่ราชการ,,,"17.475264461140856,100.33344619603697",ไม่มีข้อมูล,บ่อทอง,ทองแสนขัน,อุตรดิตถ์,2025-11-19T16:21:56.459650,,0,0,2025-11-19T16:21:56.459650
EXT-02724,พื้นที่เสี่ยงภัยดินถล่ม,กรมทรัพยากรธรณี,บ้านบ่อทอง | รายละเอียด: โรงเรียน,,,"17.469178077551557,100.3380127916049",บ้านบ่อทอง,บ่อทอง,ทองแสนขัน,อุตรดิตถ์,2025-11-19T16:21:56.459650,,0,0,2025-11-19T16:21:56.459650
EXT-02725,พื้นที่เสี่ยงภัยดินถล่ม,กรมทรัพยากรธรณี,ไม่มีข้อมูล | รายละเอียด: สถานที่ราชการ,,,"17.468624341808628,100.34090790901523",ไม่มีข้อมูล,บ่อทอง,ทองแสนขัน,อุตรดิตถ์,2025-11-19T16:21:56.459650,,0,0,2025-11-19T16:21:56.459650
EXT-02726,พื้นที่เสี่ยงภัยดินถล่ม,กรมทรัพยากรธรณี,บ้านแสนขัน | รายละเอียด: โรงเรียน,,,"17.46072051055498,100.3563689357488",บ้านแสนขัน,บ่อทอง,ทองแสนขัน,อุตรดิตถ์,2025-11-19T16:21:56.459650,,0,0,2025-11-19T16:21:56.459650
EXT-02727,พื้นที่เสี่ยงภัยดินถล่ม,กรมทรัพยากรธรณี,ไม่มีข้อมูล | รายละเอียด: สถานที่ราชการ,,,"17.460504597653742,100.35499011585682",ไม่มีข้อมูล,บ่อทอง,ทองแสนขัน,อุตรดิตถ์,2025-11-19T16:21:56.459650,,0,0,2025-11-19T16:21:56.459650
EXT-02728,พื้นที่เสี่ยงภัยดินถล่ม,กรมทรัพยากรธรณี,บ้านแสนขัน | รายละเอียด: โรงเรียน,,,"17.460242869671923,100.35007004138768",บ้านแสนขัน,บ่อทอง,ทองแสนขัน,อุตรดิตถ์,2025-11-19T16:21:56.459650,,0,0,2025-11-19T16:21:56.459650
EXT-02729,พื้นที่เสี่ยงภัยดินถล่ม,กรมทรัพยากรธรณี,บ้านแสนขัน | รายละเอียด: วัด,,,"17.462899296120654,100.3495685993542",บ้านแสนขัน,บ่อทอง,ทองแสนขัน,อุตรดิตถ์,2025-11-19T16:21:56.459650,,0,0,2025-11-19T16:21:56.459650
EXT-02730,พื้นที่เสี่ยงภัยดินถล่ม,กรมทรัพยากรธรณี,บ้านแสนขัน | รายละเอียด: โรงพยาบาล,,,"17.467941700217416,100.3379734097075",บ้านแสนขัน,บ่อทอง,ทองแสนขัน,อุตรดิตถ์,2025-11-19T16:21:56.459650,,0,0,2025-11-19T16:21:56.459650
EXT-02731,พื้นที่เสี่ยงภัยดินถล่ม,กรมทรัพยากรธรณี,วัด | รายละเอียด: วัด,,,"17.46036716566814,100.30454030270316",วัด,บ่อทอง,ทองแสนขัน,อุตรดิตถ์,2025-11-19T16:21:56.459650,,0,0,2025-11-19T16:21:56.459650
EXT-02732,พื้นที่เสี่ยงภัยดินถล่ม,กรมทรัพยากรธรณี,บ้านท่าช้าง | รายละเอียด: โรงเรียน,,,"17.461649454857643,100.3039760759542",บ้านท่าช้าง,บ่อทอง,ทองแสนขัน,อุตรดิตถ์,2025-11-19T16:21:56.459650,,0,0,2025-11-19T16:21:56.459650
EXT-02733,พื้นที่เสี่ยงภัยดินถล่ม,กรมทรัพยากรธรณี,บ้านเนินชัย | รายละเอียด: วัด,,,"17.45518154101614,100.30886589203428",บ้านเนินชัย,บ่อทอง,ทองแสนขัน,อุตรดิตถ์,2025-11-19T16:21:56.459650,,0,0,2025-11-19T16:21:56.459650
EXT-02734,พื้นที่เสี่ยงภัยดินถล่ม,กรมทรัพยากรธรณี,บ้านปางหมิ่น | รายละเอียด: วัด,,,"17.40332482280239,100.35193571543655",บ้านปางหมิ่น,บ่อทอง,ทองแสนขัน,อุตรดิตถ์,2025-11-19T16:21:56.459650,,0,0,2025-11-19T16:21:56.459650
EXT-02735,พื้นที่เสี่ยงภัยดินถล่ม,กรมทรัพยากรธรณี,บ้านปางหมิ่น | รายละเอียด: โรงเรียน,,,"17.401144136313164,100.34800325485598",บ้านปางหมิ่น,บ่อทอง,ทองแสนขัน,อุตรดิตถ์,2025-11-19T16:21:56.459650,,0,0,2025-11-19T16:21:56.459650
EXT-02736,พื้นที่เสี่ยงภัยดินถล่ม,กรมทรัพยากรธรณี,บ้านแพะ | รายละเอียด: โรงเรียน,,,"17.407676264555068,100.32289544595861",บ้านแพะ,บ่อทอง,ทองแสนขัน,อุตรดิตถ์,2025-11-19T16:21:56.459650,,0,0,2025-11-19T16:21:56.459650
EXT-02737,พื้นที่เสี่ยงภัยดินถล่ม,กรมทรัพยากรธรณี,บ้านแพะ | รายละเอียด: วัด,,,"17.414616555479153,100.32565740021178",บ้านแพะ,บ่อทอง,ทองแสนขัน,อุตรดิตถ์,2025-11-19T16:21:56.459650,,0,0,2025-11-19T16:21:56.459650
EXT-02738,พื้นที่เสี่ยงภัยดินถล่ม,กรมทรัพยากรธรณี,บ้านแพะ | รายละเอียด: โรงพยาบาล,,,"17.42110232019217,100.33250804595141",บ้านแพะ,บ่อทอง,ทองแสนขัน,อุตรดิตถ์,2025-11-19T16:21:56.459650,,0,0,2025-11-19T16:21:56.459650
EXT-02739,พื้นที่เสี่ยงภัยดินถล่ม,กรมทรัพยากรธรณี,บ้านแพะ | รายละเอียด: วัด,,,"17.426221725573924,100.32613218001035",บ้านแพะ,บ่อทอง,ทองแสนขัน,อุตรดิตถ์,2025-11-19T16:21:56.459650,,0,0,2025-11-19T16:21:56.459650
EXT-02740,พื้นที่เสี่ยงภัยดินถล่ม,กรมทรัพยากรธรณี,บ้านปางค้อ | รายละเอียด: วัด,,,"17.406917916939875,100.3138102304558",บ้านปางค้อ,บ่อทอง,ทองแสนขัน,อุตรดิตถ์,2025-11-19T16:21:56.459650,,0,0,2025-11-19T16:21:56.459650
EXT-02741,พื้นที่เสี่ยงภัยดินถล่ม,กรมทรัพยากรธรณี,วัด | รายละเอียด: วัด,,,"17.404071975219825,100.30321376544805",วัด,บ่อทอง,ทองแสนขัน,อุตรดิตถ์,2025-11-19T16:21:56.459650,,0,0,2025-11-19T16:21:56.459650
EXT-02742,พื้นที่เสี่ยงภัยดินถล่ม,กรมทรัพยากรธรณี,บ้านน้ำลอก | รายละเอียด: โรงเรียน,,,"17.40314621856117,100.30757160100721",บ้านน้ำลอก,บ่อทอง,ทองแสนขัน,อุตรดิตถ์,2025-11-19T16:21:56.459650,,0,0,2025-11-19T16:21:56.459650
EXT-02743,พื้นที่เสี่ยงภัยดินถล่ม,กรมทรัพยากรธรณี,บ้านน้ำลอก | รายละเอียด: โรงเรียน,,,"17.39706537767001,100.30607894164898",บ้านน้ำลอก,บ่อทอง,ทองแสนขัน,อุตรดิตถ์,2025-11-19T16:21:56.459650,,0,0,2025-11-19T16:21:56.459650
EXT-02744,พื้นที่เสี่ยงภัยดินถล่ม,กรมทรัพยากรธรณี,องค์การบริหารส่วนตำบลบ่อเบี้ย | รายละเอียด: สถานที่ราชการ,,,"18.186044972845785,101.06598050268525",องค์การบริหารส่วนตำบลบ่อเบี้ย,บ่อเบี้ย,บ้านโคก,อุตรดิตถ์,2025-11-19T16:21:56.459650,,0,0,2025-11-19T16:21:56.459650
EXT-02745,พื้นที่เสี่ยงภัยดินถล่ม,กรมทรัพยากรธรณี,จุดตรวจ ตชด. ตลาดไทยลาว | รายละเอียด: ป้อมตำรวจ,,,"18.33660822785827,101.13976190601652",จุดตรวจ ตชด. ตลาดไทยลาว,บ่อเบี้ย,บ้านโคก,อุตรดิตถ์,2025-11-19T16:21:56.459650,,0,0,2025-11-19T16:21:56.459650
EXT-02746,พื้นที่เสี่ยงภัยดินถล่ม,กรมทรัพยากรธรณี,วัดบ่อเบี้ยวนาราม | รายละเอียด: วัด,,,"18.32249031452159,101.13720870860513",วัดบ่อเบี้ยวนาราม,บ่อเบี้ย,บ้านโคก,อุตรดิตถ์,2025-11-19T16:21:56.459650,,0,0,2025-11-19T16:21:56.459650
EXT-02747,พื้นที่เสี่ยงภัยดินถล่ม,กรมทรัพยากรธรณี,โรงเรียนบ้านบ่อเบี้ย | รายละเอียด: โรงเรียน,,,"18.32399079459425,101.13712309941705",โรงเรียนบ้านบ่อเบี้ย,บ่อเบี้ย,บ้านโคก,อุตรดิตถ์,2025-11-19T16:21:56.459650,,0,0,2025-11-19T16:21:56.459650
EXT-02748,พื้นที่เสี่ยงภัยดินถล่ม,กรมทรัพยากรธรณี,ที่พักสงฆ์พระธาตุน้ำนมบ้านห้วยยาง | รายละเอียด: วัด,,,"18.332916132085785,101.10868587989265",ที่พักสงฆ์พระธาตุน้ำนมบ้านห้วยยาง,บ่อเบี้ย,บ้านโคก,อุตรดิตถ์,2025-11-19T16:21:56.459650,,0,0,2025-11-19T16:21:56.459650
EXT-02749,พื้นที่เสี่ยงภัยดินถล่ม,กรมทรัพยากรธรณี,ศูนย์พัฒนาเด็กเล็กบ้านห้วยยาง | รายละเอียด: โรงเรียน,,,"18.33507013192997,101.10801077711733",ศูนย์พัฒนาเด็กเล็กบ้านห้วยยาง,บ่อเบี้ย,บ้านโคก,อุตรดิตถ์,2025-11-19T16:21:56.460658,,0,0,2025-11-19T16:21:56.460658
EXT-02750,พื้นที่เสี่ยงภัยดินถล่ม,กรมทรัพยากรธรณี,โรงเรียนบ้านห้วยยาง | รายละเอียด: โรงเรียน,,,"18.336102635472187,101.1072583622434",โรงเรียนบ้านห้วยยาง,บ่อเบี้ย,บ้านโคก,อุตรดิตถ์,2025-11-19T16:21:56.460658,,0,0,2025-11-19T16:21:56.460658
EXT-02751,พื้นที่เสี่ยงภัยดินถล่ม,กรมทรัพยากรธรณี,สถานบริการสุขภาพชุมชนบ้านห้วยยาง | รายละเอียด: โรงพยาบาล,,,"18.32755530673224,101.10823307535176",สถานบริการสุขภาพชุมชนบ้านห้วยยาง,บ่อเบี้ย,บ้านโคก,อุตรดิตถ์,2025-11-19T16:21:56.460658,,0,0,2025-11-19T16:21:56.460658
EXT-02752,พื้นที่เสี่ยงภัยดินถล่ม,กรมทรัพยากรธรณี,ฐานปฏิบัติการพิทักษ์ไทย 314 | รายละเอียด: สถานที่ราชการ,,,"18.32157261207343,101.10764982540927",ฐานปฏิบัติการพิทักษ์ไทย 314,บ่อเบี้ย,บ้านโคก,อุตรดิตถ์,2025-11-19T16:21:56.460658,,0,0,2025-11-19T16:21:56.460658
EXT-02753,พื้นที่เสี่ยงภัยดินถล่ม,กรมทรัพยากรธรณี,หน่วยพิทักษ์ป่าภูแลลาว | รายละเอียด: สถานที่ราชการ,,,"18.317774840623084,101.073365101729",หน่วยพิทักษ์ป่าภูแลลาว,บ่อเบี้ย,บ้านโคก,อุตรดิตถ์,2025-11-19T16:21:56.460658,,0,0,2025-11-19T16:21:56.460658
EXT-02754,พื้นที่เสี่ยงภัยดินถล่ม,กรมทรัพยากรธรณี,จุดตรวจตำรวจตระเวณชายแดน 314 | รายละเอียด: ป้อมตำรวจ,,,"18.309725516121038,101.10060408637291",จุดตรวจตำรวจตระเวณชายแดน 314,บ่อเบี้ย,บ้านโคก,อุตรดิตถ์,2025-11-19T16:21:56.460658,,0,0,2025-11-19T16:21:56.460658
EXT-02755,พื้นที่เสี่ยงภัยดินถล่ม,กรมทรัพยากรธรณี,สำนักสงฆ์บ้านห้วยไผ่ | รายละเอียด: วัด,,,"18.291040774573705,101.10427313101772",สำนักสงฆ์บ้านห้วยไผ่,บ่อเบี้ย,บ้านโคก,อุตรดิตถ์,2025-11-19T16:21:56.460658,,0,0,2025-11-19T16:21:56.460658
EXT-02756,พื้นที่เสี่ยงภัยดินถล่ม,กรมทรัพยากรธรณี,ศูนย์การศึกษานอกโรงเรียนตำบลบ่อเบี้ย | รายละเอียด: โรงเรียน,,,"18.292330853528316,101.10478000298977",ศูนย์การศึกษานอกโรงเรียนตำบลบ่อเบี้ย,บ่อเบี้ย,บ้านโคก,อุตรดิตถ์,2025-11-19T16:21:56.460658,,0,0,2025-11-19T16:21:56.460658
EXT-02757,พื้นที่เสี่ยงภัยดินถล่ม,กรมทรัพยากรธรณี,โรงพยาบาลส่งเสริมสุขภาพตำบลบ้านไผ่ | รายละเอียด: โรงพยาบาล,,,"18.29273125995906,101.10433543409292",โรงพยาบาลส่งเสริมสุขภาพตำบลบ้านไผ่,บ่อเบี้ย,บ้านโคก,อุตรดิตถ์,2025-11-19T16:21:56.460658,,0,0,2025-11-19T16:21:56.460658
EXT-02758,พื้นที่เสี่ยงภัยดินถล่ม,กรมทรัพยากรธรณี,โรงเรียนตำรวจตะเวณชายแดนบุญธรรม-บุญพริ้ง | รายละเอียด: โรงเรียน,,,"18.29118626834958,101.10558339325746",โรงเรียนตำรวจตะเวณชายแดนบุญธรรม-บุญพริ้ง,บ่อเบี้ย,บ้านโคก,อุตรดิตถ์,2025-11-19T16:21:56.460658,,0,0,2025-11-19T16:21:56.460658
EXT-02759,พื้นที่เสี่ยงภัยดินถล่ม,กรมทรัพยากรธรณี,โรงเรียนตำรวจตระเวณชายแดนยอดภูทอง 1 | รายละเอียด: โรงเรียน,,,"18.27192231782896,101.08978329907222",โรงเรียนตำรวจตระเวณชายแดนยอดภูทอง 1,บ่อเบี้ย,บ้านโคก,อุตรดิตถ์,2025-11-19T16:21:56.460658,,0,0,2025-11-19T16:21:56.460658
EXT-02760,พื้นที่เสี่ยงภัยดินถล่ม,กรมทรัพยากรธรณี,สำนักสงฆ์บ้านภูต่าง | รายละเอียด: วัด,,,"18.270120911897987,101.08929840225068",สำนักสงฆ์บ้านภูต่าง,บ่อเบี้ย,บ้านโคก,อุตรดิตถ์,2025-11-19T16:21:56.460658,,0,0,2025-11-19T16:21:56.460658
EXT-02761,พื้นที่เสี่ยงภัยดินถล่ม,กรมทรัพยากรธรณี,ศูนย์พัฒนาเด็กเล็กบ้านปางคอม | รายละเอียด: โรงเรียน,,,"18.22713026662427,101.08593139758604",ศูนย์พัฒนาเด็กเล็กบ้านปางคอม,บ่อเบี้ย,บ้านโคก,อุตรดิตถ์,2025-11-19T16:21:56.460658,,0,0,2025-11-19T16:21:56.460658
EXT-02762,พื้นที่เสี่ยงภัยดินถล่ม,กรมทรัพยากรธรณี,โรงเรียนบ้านปางคอม | รายละเอียด: โรงเรียน,,,"18.229606109621233,101.08771422278457",โรงเรียนบ้านปางคอม,บ่อเบี้ย,บ้านโคก,อุตรดิตถ์,2025-11-19T16:21:56.460658,,0,0,2025-11-19T16:21:56.460658
EXT-02763,พื้นที่เสี่ยงภัยดินถล่ม,กรมทรัพยากรธรณี,สถานบริการสุขภาพชุมชนบ้านปางคอม | รายละเอียด: โรงพยาบาล,,,"18.228037719103618,101.08636159014937",สถานบริการสุขภาพชุมชนบ้านปางคอม,บ่อเบี้ย,บ้านโคก,อุตรดิตถ์,2025-11-19T16:21:56.460658,,0,0,2025-11-19T16:21:56.460658
EXT-02764,พื้นที่เสี่ยงภัยดินถล่ม,กรมทรัพยากรธรณี,สำนักสงฆ์บ้านปางคอม | รายละเอียด: วัด,,,"18.23294166603506,101.08572470378448",สำนักสงฆ์บ้านปางคอม,บ่อเบี้ย,บ้านโคก,อุตรดิตถ์,2025-11-19T16:21:56.460658,,0,0,2025-11-19T16:21:56.460658
EXT-02765,พื้นที่เสี่ยงภัยดินถล่ม,กรมทรัพยากรธรณี,สำนักสงฆ์บ้านปางไฮ | รายละเอียด: วัด,,,"18.185025409262433,101.06351403645473",สำนักสงฆ์บ้านปางไฮ,บ่อเบี้ย,บ้านโคก,อุตรดิตถ์,2025-11-19T16:21:56.460658,,0,0,2025-11-19T16:21:56.460658
EXT-02766,พื้นที่เสี่ยงภัยดินถล่ม,กรมทรัพยากรธรณี,โรงเรียนบ้านเด่นชาติ | รายละเอียด: โรงเรียน,,,"18.23021598907474,101.02110565420912",โรงเรียนบ้านเด่นชาติ,บ่อเบี้ย,บ้านโคก,อุตรดิตถ์,2025-11-19T16:21:56.460658,,0,0,2025-11-19T16:21:56.460658
EXT-02767,พื้นที่เสี่ยงภัยดินถล่ม,กรมทรัพยากรธรณี,สำนักสงฆ์ราชประสิทธิคุณ | รายละเอียด: วัด,,,"18.2301212758596,101.02303082448451",สำนักสงฆ์ราชประสิทธิคุณ,บ่อเบี้ย,บ้านโคก,อุตรดิตถ์,2025-11-19T16:21:56.460658,,0,0,2025-11-19T16:21:56.460658
EXT-02768,พื้นที่เสี่ยงภัยดินถล่ม,กรมทรัพยากรธรณี,โรงพยาบาลส่งเสริมสุขภาพตำบลบ้านฝาย | รายละเอียด: โรงพยาบาล,,,"17.770421220937756,100.72560943979187",โรงพยาบาลส่งเสริมสุขภาพตำบลบ้านฝาย,บ้านฝาย,น้ำปาด,อุตรดิตถ์,2025-11-19T16:21:56.460658,,0,0,2025-11-19T16:21:56.460658
EXT-02769,พื้นที่เสี่ยงภัยดินถล่ม,กรมทรัพยากรธรณี,หน่วยบริการประชาชนตำบลบ้านฝาย | รายละเอียด: สถานที่ราชการ,,,"17.769313924241246,100.72551276020796",หน่วยบริการประชาชนตำบลบ้านฝาย,บ้านฝาย,น้ำปาด,อุตรดิตถ์,2025-11-19T16:21:56.460658,,0,0,2025-11-19T16:21:56.460658
EXT-02770,พื้นที่เสี่ยงภัยดินถล่ม,กรมทรัพยากรธรณี,กองร้อยรักษาการ | รายละเอียด: สถานที่ราชการ,,,"17.74790837164733,100.71273809659677",กองร้อยรักษาการ,บ้านฝาย,น้ำปาด,อุตรดิตถ์,2025-11-19T16:21:56.460658,,0,0,2025-11-19T16:21:56.460658
EXT-02771,พื้นที่เสี่ยงภัยดินถล่ม,กรมทรัพยากรธรณี,โรงเรียนบ้านม่วง | รายละเอียด: โรงเรียน,,,"17.77668327222606,100.72895090828698",โรงเรียนบ้านม่วง,บ้านฝาย,น้ำปาด,อุตรดิตถ์,2025-11-19T16:21:56.460658,,0,0,2025-11-19T16:21:56.460658
EXT-02772,พื้นที่เสี่ยงภัยดินถล่ม,กรมทรัพยากรธรณี,โรงเรียนทรายขาว | รายละเอียด: โรงเรียน,,,"17.7857553386375,100.71925726957467",โรงเรียนทรายขาว,บ้านฝาย,น้ำปาด,อุตรดิตถ์,2025-11-19T16:21:56.460658,,0,0,2025-11-19T16:21:56.460658
EXT-02773,พื้นที่เสี่ยงภัยดินถล่ม,กรมทรัพยากรธรณี,โรงเรียนบ้านหนองแห้ว | รายละเอียด: โรงเรียน,,,"17.780889241784017,100.74939960007988",โรงเรียนบ้านหนองแห้ว,บ้านฝาย,น้ำปาด,อุตรดิตถ์,2025-11-19T16:21:56.460658,,0,0,2025-11-19T16:21:56.460658
EXT-02774,พื้นที่เสี่ยงภัยดินถล่ม,กรมทรัพยากรธรณี,โรงเรียนบ้านใหม่ | รายละเอียด: โรงเรียน,,,"17.73867939512053,100.70589919279867",โรงเรียนบ้านใหม่,บ้านฝาย,น้ำปาด,อุตรดิตถ์,2025-11-19T16:21:56.460658,,0,0,2025-11-19T16:21:56.460658
EXT-02775,พื้นที่เสี่ยงภัยดินถล่ม,กรมทรัพยากรธรณี,องค์การบริหารส่วนตำบลบ้านฝาย | รายละเอียด: สถานที่ราชการ,,,"17.769915360040628,100.72622305318902",องค์การบริหารส่วนตำบลบ้านฝาย,บ้านฝาย,น้ำปาด,อุตรดิตถ์,2025-11-19T16:21:56.460658,,0,0,2025-11-19T16:21:56.460658
EXT-02776,พื้นที่เสี่ยงภัยดินถล่ม,กรมทรัพยากรธรณี,สะพานข้ามน้ำปาด | รายละเอียด: สะพาน,,,"17.791320735951704,100.7488787057686",สะพานข้ามน้ำปาด,เด่นเหล็ก,น้ำปาด,อุตรดิตถ์,2025-11-19T16:21:56.460658,,0,0,2025-11-19T16:21:56.460658
EXT-02777,พื้นที่เสี่ยงภัยดินถล่ม,กรมทรัพยากรธรณี,สะพานแม่น้ำปาด | รายละเอียด: สะพาน,,,"17.744692176273773,100.70646532150289",สะพานแม่น้ำปาด,บ้านฝาย,น้ำปาด,อุตรดิตถ์,2025-11-19T16:21:56.460658,,0,0,2025-11-19T16:21:56.460658
EXT-02778,พื้นที่เสี่ยงภัยดินถล่ม,กรมทรัพยากรธรณี,สำนักสงฆ์ | รายละเอียด: วัด,,,"17.878372405654577,100.97701887720923",สำนักสงฆ์,ห้วยมุ่น,น้ำปาด,อุตรดิตถ์,2025-11-19T16:21:56.460658,,0,0,2025-11-19T16:21:56.460658
EXT-02779,พื้นที่เสี่ยงภัยดินถล่ม,กรมทรัพยากรธรณี,สำนักสงฆ์ | รายละเอียด: วัด,,,"17.8563366269568,100.96302624954443",สำนักสงฆ์,ห้วยมุ่น,น้ำปาด,อุตรดิตถ์,2025-11-19T16:21:56.460658,,0,0,2025-11-19T16:21:56.460658
EXT-02780,พื้นที่เสี่ยงภัยดินถล่ม,กรมทรัพยากรธรณี,โรงเรียนบ้านโป่งปุ้น | รายละเอียด: โรงเรียน,,,"17.855253026620545,100.9614017317514",โรงเรียนบ้านโป่งปุ้น,ห้วยมุ่น,น้ำปาด,อุตรดิตถ์,2025-11-19T16:21:56.460658,,0,0,2025-11-19T16:21:56.460658
EXT-02781,พื้นที่เสี่ยงภัยดินถล่ม,กรมทรัพยากรธรณี,วัดนาไพร | รายละเอียด: วัด,,,"18.046453162331908,100.90882417471846",วัดนาไพร,ฟากท่า,ฟากท่า,อุตรดิตถ์,2025-11-19T16:21:56.460658,,0,0,2025-11-19T16:21:56.460658
EXT-02782,พื้นที่เสี่ยงภัยดินถล่ม,กรมทรัพยากรธรณี,โรงเรียนบ้านนาไพร | รายละเอียด: โรงเรียน,,,"18.043536469271565,100.90604441622645",โรงเรียนบ้านนาไพร,ฟากท่า,ฟากท่า,อุตรดิตถ์,2025-11-19T16:21:56.460658,,0,0,2025-11-19T16:21:56.460658
EXT-02783,พื้นที่เสี่ยงภัยดินถล่ม,กรมทรัพยากรธรณี,วัดกกต้อง | รายละเอียด: วัด,,,"18.03944462687416,100.89516443129347",วัดกกต้อง,ฟากท่า,ฟากท่า,อุตรดิตถ์,2025-11-19T16:21:56.460658,,0,0,2025-11-19T16:21:56.460658
EXT-02784,พื้นที่เสี่ยงภัยดินถล่ม,กรมทรัพยากรธรณี,โรงเรียนบ้านกกต้อง | รายละเอียด: โรงเรียน,,,"18.037479727676573,100.89987010172081",โรงเรียนบ้านกกต้อง,ฟากท่า,ฟากท่า,อุตรดิตถ์,2025-11-19T16:21:56.460658,,0,0,2025-11-19T16:21:56.460658
EXT-02785,พื้นที่เสี่ยงภัยดินถล่ม,กรมทรัพยากรธรณี,วัดฟากนา | รายละเอียด: วัด,,,"18.0373763828741,100.90738460912083",วัดฟากนา,ฟากท่า,ฟากท่า,อุตรดิตถ์,2025-11-19T16:21:56.460658,,0,0,2025-11-19T16:21:56.460658
EXT-02786,พื้นที่เสี่ยงภัยดินถล่ม,กรมทรัพยากรธรณี,สำนักสงฆ์ | รายละเอียด: วัด,,,"17.90234761543299,100.97943239818349",สำนักสงฆ์,นาขุม,บ้านโคก,อุตรดิตถ์,2025-11-19T16:21:56.460658,,0,0,2025-11-19T16:21:56.460658
EXT-02787,พื้นที่เสี่ยงภัยดินถล่ม,กรมทรัพยากรธรณี,โรงเรียนบ้านโป่งพาน | รายละเอียด: โรงเรียน,,,"17.889707832147696,100.9777282165589",โรงเรียนบ้านโป่งพาน,ห้วยมุ่น,น้ำปาด,อุตรดิตถ์,2025-11-19T16:21:56.460658,,0,0,2025-11-19T16:21:56.460658
EXT-02788,พื้นที่เสี่ยงภัยดินถล่ม,กรมทรัพยากรธรณี,สถานีอนามัย | รายละเอียด: สถานีอนามัย,,,"17.8878159185581,100.97765123310784",สถานีอนามัย,ห้วยมุ่น,น้ำปาด,อุตรดิตถ์,2025-11-19T16:21:56.460658,,0,0,2025-11-19T16:21:56.460658
EXT-02789,พื้นที่เสี่ยงภัยดินถล่ม,กรมทรัพยากรธรณี,โรงเรียนบ้านนาหน๋า | รายละเอียด: โรงเรียน,,,"18.023523704365104,100.8955971744672",โรงเรียนบ้านนาหน๋า,ฟากท่า,ฟากท่า,อุตรดิตถ์,2025-11-19T16:21:56.460658,,0,0,2025-11-19T16:21:56.460658
EXT-02790,พื้นที่เสี่ยงภัยดินถล่ม,กรมทรัพยากรธรณี,วัดนาหน๋า | รายละเอียด: วัด,,,"18.022108472273086,100.89515531365515",วัดนาหน๋า,ฟากท่า,ฟากท่า,อุตรดิตถ์,2025-11-19T16:21:56.460658,,0,0,2025-11-19T16:21:56.460658
EXT-02791,พื้นที่เสี่ยงภัยดินถล่ม,กรมทรัพยากรธรณี,โรงเรียนบ้านห้วยใส | รายละเอียด: โรงเรียน,,,"18.015473776151016,100.86186600014621",โรงเรียนบ้านห้วยใส,สองคอน,ฟากท่า,อุตรดิตถ์,2025-11-19T16:21:56.460658,,0,0,2025-11-19T16:21:56.460658
EXT-02792,พื้นที่เสี่ยงภัยดินถล่ม,กรมทรัพยากรธรณี,วัดห้วยใส | รายละเอียด: วัด,,,"18.01538552737706,100.85612079227892",วัดห้วยใส,สองคอน,ฟากท่า,อุตรดิตถ์,2025-11-19T16:21:56.460658,,0,0,2025-11-19T16:21:56.460658
EXT-02793,พื้นที่เสี่ยงภัยดินถล่ม,กรมทรัพยากรธรณี,สถานีอนามัยห้วยใส | รายละเอียด: สถานีอนามัย,,,"18.013954793768395,100.85563424992937",สถานีอนามัยห้วยใส,สองคอน,ฟากท่า,อุตรดิตถ์,2025-11-19T16:21:56.460658,,0,0,2025-11-19T16:21:56.460658
EXT-02794,พื้นที่เสี่ยงภัยดินถล่ม,กรมทรัพยากรธรณี,โรงพยาบาลฟากท่า | รายละเอียด: โรงพยาบาล,,,"18.002875812847797,100.88313984693316",โรงพยาบาลฟากท่า,ฟากท่า,ฟากท่า,อุตรดิตถ์,2025-11-19T16:21:56.460658,,0,0,2025-11-19T16:21:56.460658
EXT-02795,พื้นที่เสี่ยงภัยดินถล่ม,กรมทรัพยากรธรณี,วัดโพธิ์ชัย | รายละเอียด: วัด,,,"18.00176336416533,100.88407460771381",วัดโพธิ์ชัย,ฟากท่า,ฟากท่า,อุตรดิตถ์,2025-11-19T16:21:56.460658,,0,0,2025-11-19T16:21:56.460658
EXT-02796,พื้นที่เสี่ยงภัยดินถล่ม,กรมทรัพยากรธรณี,โรงเรียนวัดโพธิ์ชัย | รายละเอียด: โรงเรียน,,,"18.00111021948874,100.88283724375901",โรงเรียนวัดโพธิ์ชัย,ฟากท่า,ฟากท่า,อุตรดิตถ์,2025-11-19T16:21:56.460658,,0,0,2025-11-19T16:21:56.460658
EXT-02797,พื้นที่เสี่ยงภัยดินถล่ม,กรมทรัพยากรธรณี,วัดวังขวัญ | รายละเอียด: วัด,,,"17.996137879943344,100.87852087192041",วัดวังขวัญ,ฟากท่า,ฟากท่า,อุตรดิตถ์,2025-11-19T16:21:56.460658,,0,0,2025-11-19T16:21:56.460658
EXT-02798,พื้นที่เสี่ยงภัยดินถล่ม,กรมทรัพยากรธรณี,วัดโพธิ์เตีย | รายละเอียด: วัด,,,"17.995976764126628,100.87486752501133",วัดโพธิ์เตีย,ฟากท่า,ฟากท่า,อุตรดิตถ์,2025-11-19T16:21:56.460658,,0,0,2025-11-19T16:21:56.460658
EXT-02799,พื้นที่เสี่ยงภัยดินถล่ม,กรมทรัพยากรธรณี,โรงเรียนวัดวังขวัญ | รายละเอียด: โรงเรียน,,,"17.994884291787383,100.87642567986752",โรงเรียนวัดวังขวัญ,ฟากท่า,ฟากท่า,อุตรดิตถ์,2025-11-19T16:21:56.460658,,0,0,2025-11-19T16:21:56.460658
EXT-02800,พื้นที่เสี่ยงภัยดินถล่ม,กรมทรัพยากรธรณี,อำเภอฟากท่า | รายละเอียด: สถานที่ราชการ,,,"17.99227057931021,100.87926653106123",อำเภอฟากท่า,ฟากท่า,ฟากท่า,อุตรดิตถ์,2025-11-19T16:21:56.460658,,0,0,2025-11-19T16:21:56.460658
EXT-02801,พื้นที่เสี่ยงภัยดินถล่ม,กรมทรัพยากรธรณี,โรงเรียนวัดโพนดู่ | รายละเอียด: โรงเรียน,,,"17.98138056284311,100.87353083206935",โรงเรียนวัดโพนดู่,สองคอน,ฟากท่า,อุตรดิตถ์,2025-11-19T16:21:56.460658,,0,0,2025-11-19T16:21:56.460658
EXT-02802,พื้นที่เสี่ยงภัยดินถล่ม,กรมทรัพยากรธรณี,สถานีอนามัย | รายละเอียด: สถานีอนามัย,,,"17.98101158939076,100.87303010166553",สถานีอนามัย,สองคอน,ฟากท่า,อุตรดิตถ์,2025-11-19T16:21:56.460658,,0,0,2025-11-19T16:21:56.460658
EXT-02803,พื้นที่เสี่ยงภัยดินถล่ม,กรมทรัพยากรธรณี,วัดโพนดู่ | รายละเอียด: วัด,,,"17.98006152942698,100.87235802701568",วัดโพนดู่,สองคอน,ฟากท่า,อุตรดิตถ์,2025-11-19T16:21:56.460658,,0,0,2025-11-19T16:21:56.460658
EXT-02804,พื้นที่เสี่ยงภัยดินถล่ม,กรมทรัพยากรธรณี,โรงเรียนบ้านไร่ตีนตก | รายละเอียด: โรงเรียน,,,"17.97753985681613,100.85365253595461",โรงเรียนบ้านไร่ตีนตก,สองคอน,ฟากท่า,อุตรดิตถ์,2025-11-19T16:21:56.460658,,0,0,2025-11-19T16:21:56.460658
EXT-02805,พื้นที่เสี่ยงภัยดินถล่ม,กรมทรัพยากรธรณี,วัดสว่างหนองบัว | รายละเอียด: วัด,,,"17.969550953321214,100.86671215541631",วัดสว่างหนองบัว,สองคอน,ฟากท่า,อุตรดิตถ์,2025-11-19T16:21:56.460658,,0,0,2025-11-19T16:21:56.460658
EXT-02806,พื้นที่เสี่ยงภัยดินถล่ม,กรมทรัพยากรธรณี,โรงเรียนวัดวังกอก | รายละเอียด: โรงเรียน,,,"17.961138935699015,100.86513580941333",โรงเรียนวัดวังกอก,สองคอน,ฟากท่า,อุตรดิตถ์,2025-11-19T16:21:56.460658,,0,0,2025-11-19T16:21:56.460658
EXT-02807,พื้นที่เสี่ยงภัยดินถล่ม,กรมทรัพยากรธรณี,วัดวังกอง | รายละเอียด: วัด,,,"17.95648090979984,100.86284616637973",วัดวังกอง,สองคอน,ฟากท่า,อุตรดิตถ์,2025-11-19T16:21:56.460658,,0,0,2025-11-19T16:21:56.460658
EXT-02808,พื้นที่เสี่ยงภัยดินถล่ม,กรมทรัพยากรธรณี,สำนักสงฆ์ | รายละเอียด: วัด,,,"17.943263801924207,100.85556645961366",สำนักสงฆ์,บ้านเสี้ยว,ฟากท่า,อุตรดิตถ์,2025-11-19T16:21:56.460658,,0,0,2025-11-19T16:21:56.460658
EXT-02809,พื้นที่เสี่ยงภัยดินถล่ม,กรมทรัพยากรธรณี,โรงเรียนบ้านห้วยลึก | รายละเอียด: โรงเรียน,,,"17.936746706192665,100.8469900081391",โรงเรียนบ้านห้วยลึก,บ้านเสี้ยว,ฟากท่า,อุตรดิตถ์,2025-11-19T16:21:56.460658,,0,0,2025-11-19T16:21:56.460658
EXT-02810,พื้นที่เสี่ยงภัยดินถล่ม,กรมทรัพยากรธรณี,วัดบ้านห้วยลึก | รายละเอียด: วัด,,,"17.935759072403773,100.84681281299483",วัดบ้านห้วยลึก,บ้านเสี้ยว,ฟากท่า,อุตรดิตถ์,2025-11-19T16:21:56.460658,,0,0,2025-11-19T16:21:56.460658
EXT-02811,พื้นที่เสี่ยงภัยดินถล่ม,กรมทรัพยากรธรณี,วัดวังอ้อ | รายละเอียด: วัด,,,"17.922730129363075,100.83698712393755",วัดวังอ้อ,บ้านเสี้ยว,ฟากท่า,อุตรดิตถ์,2025-11-19T16:21:56.460658,,0,0,2025-11-19T16:21:56.460658
EXT-02812,พื้นที่เสี่ยงภัยดินถล่ม,กรมทรัพยากรธรณี,โรงเรียนวัดวังอ้อ | รายละเอียด: โรงเรียน,,,"17.922045466395527,100.83701545788685",โรงเรียนวัดวังอ้อ,บ้านเสี้ยว,ฟากท่า,อุตรดิตถ์,2025-11-19T16:21:56.460658,,0,0,2025-11-19T16:21:56.460658
EXT-02813,พื้นที่เสี่ยงภัยดินถล่ม,กรมทรัพยากรธรณี,โรงเรียนบ้านหัวทุ่ง | รายละเอียด: โรงเรียน,,,"17.91567837442857,100.83195783175663",โรงเรียนบ้านหัวทุ่ง,บ้านเสี้ยว,ฟากท่า,อุตรดิตถ์,2025-11-19T16:21:56.460658,,0,0,2025-11-19T16:21:56.460658
EXT-02814,พื้นที่เสี่ยงภัยดินถล่ม,กรมทรัพยากรธรณี,วัดหัวทุ่ง | รายละเอียด: วัด,,,"17.910930454561328,100.83316246389677",วัดหัวทุ่ง,บ้านเสี้ยว,ฟากท่า,อุตรดิตถ์,2025-11-19T16:21:56.460658,,0,0,2025-11-19T16:21:56.460658
EXT-02815,พื้นที่เสี่ยงภัยดินถล่ม,กรมทรัพยากรธรณี,โรงเรียนบ้านนาไร่เดียว | รายละเอียด: โรงเรียน,,,"17.907937366438357,100.80820744967053",โรงเรียนบ้านนาไร่เดียว,สองห้อง,ฟากท่า,อุตรดิตถ์,2025-11-19T16:21:56.460658,,0,0,2025-11-19T16:21:56.460658
EXT-02816,พื้นที่เสี่ยงภัยดินถล่ม,กรมทรัพยากรธรณี,วัดนาไร่เดียว | รายละเอียด: วัด,,,"17.907452613256442,100.80373212599602",วัดนาไร่เดียว,สองห้อง,ฟากท่า,อุตรดิตถ์,2025-11-19T16:21:56.460658,,0,0,2025-11-19T16:21:56.460658
EXT-02817,พื้นที่เสี่ยงภัยดินถล่ม,กรมทรัพยากรธรณี,สถานีอนามัย | รายละเอียด: สถานีอนามัย,,,"17.906203492355488,100.82336513739591",สถานีอนามัย,บ้านเสี้ยว,ฟากท่า,อุตรดิตถ์,2025-11-19T16:21:56.460658,,0,0,2025-11-19T16:21:56.460658
EXT-02818,พื้นที่เสี่ยงภัยดินถล่ม,กรมทรัพยากรธรณี,โรงเรียนชุมชนวัดมหาธาตุ | รายละเอียด: โรงเรียน,,,"17.905005572895078,100.82296655281591",โรงเรียนชุมชนวัดมหาธาตุ,บ้านเสี้ยว,ฟากท่า,อุตรดิตถ์,2025-11-19T16:21:56.460658,,0,0,2025-11-19T16:21:56.460658
EXT-02819,พื้นที่เสี่ยงภัยดินถล่ม,กรมทรัพยากรธรณี,วัดมหาธษตุ | รายละเอียด: วัด,,,"17.90413121737459,100.82455663404654",วัดมหาธษตุ,บ้านเสี้ยว,ฟากท่า,อุตรดิตถ์,2025-11-19T16:21:56.460658,,0,0,2025-11-19T16:21:56.460658
EXT-02820,พื้นที่เสี่ยงภัยดินถล่ม,กรมทรัพยากรธรณี,วัดบ้านลุ่ม | รายละเอียด: วัด,,,"17.903272761162278,100.82986332855212",วัดบ้านลุ่ม,บ้านเสี้ยว,ฟากท่า,อุตรดิตถ์,2025-11-19T16:21:56.460658,,0,0,2025-11-19T16:21:56.460658
EXT-02821,พื้นที่เสี่ยงภัยดินถล่ม,กรมทรัพยากรธรณี,วัดน้อย | รายละเอียด: วัด,,,"17.90016226715276,100.82471244784388",วัดน้อย,บ้านเสี้ยว,ฟากท่า,อุตรดิตถ์,2025-11-19T16:21:56.460658,,0,0,2025-11-19T16:21:56.460658
EXT-02822,พื้นที่เสี่ยงภัยดินถล่ม,กรมทรัพยากรธรณี,วัดโพธิ์ชัย | รายละเอียด: วัด,,,"17.876971586773575,100.81298618233738",วัดโพธิ์ชัย,สองห้อง,ฟากท่า,อุตรดิตถ์,2025-11-19T16:21:56.460658,,0,0,2025-11-19T16:21:56.460658
EXT-02823,พื้นที่เสี่ยงภัยดินถล่ม,กรมทรัพยากรธรณี,โรงเรียนวัดหนองหิน | รายละเอียด: โรงเรียน,,,"17.868285501692633,100.80702631236736",โรงเรียนวัดหนองหิน,สองห้อง,ฟากท่า,อุตรดิตถ์,2025-11-19T16:21:56.460658,,0,0,2025-11-19T16:21:56.460658
EXT-02824,พื้นที่เสี่ยงภัยดินถล่ม,กรมทรัพยากรธรณี,สถานีอนามัย | รายละเอียด: สถานีอนามัย,,,"17.867643521715372,100.80720086346258",สถานีอนามัย,สองห้อง,ฟากท่า,อุตรดิตถ์,2025-11-19T16:21:56.460658,,0,0,2025-11-19T16:21:56.460658
EXT-02825,พื้นที่เสี่ยงภัยดินถล่ม,กรมทรัพยากรธรณี,วัดสองห้อง | รายละเอียด: วัด,,,"17.86421739370144,100.80642321042858",วัดสองห้อง,สองห้อง,ฟากท่า,อุตรดิตถ์,2025-11-19T16:21:56.460658,,0,0,2025-11-19T16:21:56.460658
EXT-02826,พื้นที่เสี่ยงภัยดินถล่ม,กรมทรัพยากรธรณี,โรงเรียนบ้านเดิน | รายละเอียด: โรงเรียน,,,"17.889477418537957,100.82312758311971",โรงเรียนบ้านเดิน,สองห้อง,ฟากท่า,อุตรดิตถ์,2025-11-19T16:21:56.460658,,0,0,2025-11-19T16:21:56.460658
EXT-02827,พื้นที่เสี่ยงภัยดินถล่ม,กรมทรัพยากรธรณี,วัดบ้านเดิน | รายละเอียด: วัด,,,"17.88833220085695,100.8234927536836",วัดบ้านเดิน,สองห้อง,ฟากท่า,อุตรดิตถ์,2025-11-19T16:21:56.460658,,0,0,2025-11-19T16:21:56.460658
EXT-02828,พื้นที่เสี่ยงภัยดินถล่ม,กรมทรัพยากรธรณี,วัดโพนลาน | รายละเอียด: วัด,,,"17.887191789905756,100.79477092973275",วัดโพนลาน,สองห้อง,ฟากท่า,อุตรดิตถ์,2025-11-19T16:21:56.460658,,0,0,2025-11-19T16:21:56.460658
EXT-02829,พื้นที่เสี่ยงภัยดินถล่ม,กรมทรัพยากรธรณี,โรงเรียนบ้านซำบอน | รายละเอียด: โรงเรียน,,,"17.886744685545143,100.79610404686295",โรงเรียนบ้านซำบอน,สองห้อง,ฟากท่า,อุตรดิตถ์,2025-11-19T16:21:56.460658,,0,0,2025-11-19T16:21:56.460658
EXT-02830,พื้นที่เสี่ยงภัยดินถล่ม,กรมทรัพยากรธรณี,โรงเรียนบ้านนาแซง | รายละเอียด: โรงเรียน,,,"17.883175711181455,100.81706128146072",โรงเรียนบ้านนาแซง,สองห้อง,ฟากท่า,อุตรดิตถ์,2025-11-19T16:21:56.460658,,0,0,2025-11-19T16:21:56.460658
EXT-02831,พื้นที่เสี่ยงภัยดินถล่ม,กรมทรัพยากรธรณี,สำนักสงฆ์ | รายละเอียด: วัด,,,"17.84894978402338,100.78870630054884",สำนักสงฆ์,เด่นเหล็ก,น้ำปาด,อุตรดิตถ์,2025-11-19T16:21:56.460658,,0,0,2025-11-19T16:21:56.460658
EXT-02832,พื้นที่เสี่ยงภัยดินถล่ม,กรมทรัพยากรธรณี,โรงเรียนบ้านต้นม่วง | รายละเอียด: โรงเรียน,,,"17.842923010596095,100.7886165933031",โรงเรียนบ้านต้นม่วง,เด่นเหล็ก,น้ำปาด,อุตรดิตถ์,2025-11-19T16:21:56.460658,,0,0,2025-11-19T16:21:56.460658
EXT-02833,พื้นที่เสี่ยงภัยดินถล่ม,กรมทรัพยากรธรณี,สถานีอนามัย | รายละเอียด: สถานีอนามัย,,,"17.833946305209825,100.78197289609737",สถานีอนามัย,เด่นเหล็ก,น้ำปาด,อุตรดิตถ์,2025-11-19T16:21:56.460658,,0,0,2025-11-19T16:21:56.460658
EXT-02834,พื้นที่เสี่ยงภัยดินถล่ม,กรมทรัพยากรธรณี,วัดโพนร้อง | รายละเอียด: วัด,,,"17.832197604693583,100.78399433322619",วัดโพนร้อง,เด่นเหล็ก,น้ำปาด,อุตรดิตถ์,2025-11-19T16:21:56.460658,,0,0,2025-11-19T16:21:56.460658
EXT-02835,พื้นที่เสี่ยงภัยดินถล่ม,กรมทรัพยากรธรณี,โรงเรียนบ้านเด่นเหล็ก | รายละเอียด: โรงเรียน,,,"17.831471246670887,100.78277430013894",โรงเรียนบ้านเด่นเหล็ก,เด่นเหล็ก,น้ำปาด,อุตรดิตถ์,2025-11-19T16:21:56.460658,,0,0,2025-11-19T16:21:56.460658
EXT-02836,พื้นที่เสี่ยงภัยดินถล่ม,กรมทรัพยากรธรณี,สำนักสงฆ์ | รายละเอียด: วัด,,,"17.826676771717004,100.77919972122301",สำนักสงฆ์,เด่นเหล็ก,น้ำปาด,อุตรดิตถ์,2025-11-19T16:21:56.460658,,0,0,2025-11-19T16:21:56.460658
EXT-02837,พื้นที่เสี่ยงภัยดินถล่ม,กรมทรัพยากรธรณี,โรงเรียนบ้านนาน้ำพาย | รายละเอียด: โรงเรียน,,,"17.825849737227088,100.78739902361866",โรงเรียนบ้านนาน้ำพาย,เด่นเหล็ก,น้ำปาด,อุตรดิตถ์,2025-11-19T16:21:56.460658,,0,0,2025-11-19T16:21:56.460658
EXT-02838,พื้นที่เสี่ยงภัยดินถล่ม,กรมทรัพยากรธรณี,วัดนาน้ำพาย | รายละเอียด: วัด,,,"17.82369874596027,100.78388259951087",วัดนาน้ำพาย,เด่นเหล็ก,น้ำปาด,อุตรดิตถ์,2025-11-19T16:21:56.460658,,0,0,2025-11-19T16:21:56.460658
EXT-02839,พื้นที่เสี่ยงภัยดินถล่ม,กรมทรัพยากรธรณี,อำเภอทองแสนขัน | รายละเอียด: สถานที่ราชการ,,,"17.47553752339036,100.33388409575146",อำเภอทองแสนขัน,บ่อทอง,ทองแสนขัน,อุตรดิตถ์,2025-11-19T16:21:56.460658,,0,0,2025-11-19T16:21:56.460658
EXT-02840,พื้นที่เสี่ยงภัยดินถล่ม,กรมทรัพยากรธรณี,วัดวังตะเคียน | รายละเอียด: วัด,,,"17.474637217427958,100.38102608676475",วัดวังตะเคียน,ผักขวง,ทองแสนขัน,อุตรดิตถ์,2025-11-19T16:21:56.460658,,0,0,2025-11-19T16:21:56.460658
EXT-02841,พื้นที่เสี่ยงภัยดินถล่ม,กรมทรัพยากรธรณี,โรงเรียนเลอเดชประชานุสรณ์ | รายละเอียด: โรงเรียน,,,"17.474668137728735,100.33499716007047",โรงเรียนเลอเดชประชานุสรณ์,บ่อทอง,ทองแสนขัน,อุตรดิตถ์,2025-11-19T16:21:56.460658,,0,0,2025-11-19T16:21:56.460658
EXT-02842,พื้นที่เสี่ยงภัยดินถล่ม,กรมทรัพยากรธรณี,โรงเรียนบ้านวังตะเคียน | รายละเอียด: โรงเรียน,,,"17.474241558754127,100.38399163039013",โรงเรียนบ้านวังตะเคียน,ผักขวง,ทองแสนขัน,อุตรดิตถ์,2025-11-19T16:21:56.460658,,0,0,2025-11-19T16:21:56.460658
EXT-02843,พื้นที่เสี่ยงภัยดินถล่ม,กรมทรัพยากรธรณี,โรงเรียนทองแสนขันวิทยา | รายละเอียด: โรงเรียน,,,"17.47300904865948,100.33662647879757",โรงเรียนทองแสนขันวิทยา,บ่อทอง,ทองแสนขัน,อุตรดิตถ์,2025-11-19T16:21:56.460658,,0,0,2025-11-19T16:21:56.460658
EXT-02844,พื้นที่เสี่ยงภัยดินถล่ม,กรมทรัพยากรธรณี,วัดบ่อทอง | รายละเอียด: วัด,,,"17.468692820453914,100.32885654194678",วัดบ่อทอง,บ่อทอง,ทองแสนขัน,อุตรดิตถ์,2025-11-19T16:21:56.460658,,0,0,2025-11-19T16:21:56.460658
EXT-02845,พื้นที่เสี่ยงภัยดินถล่ม,กรมทรัพยากรธรณี,โรงพยาบาลทองแสนขัน | รายละเอียด: โรงพยาบาล,,,"17.468234577414695,100.33789519462088",โรงพยาบาลทองแสนขัน,บ่อทอง,ทองแสนขัน,อุตรดิตถ์,2025-11-19T16:21:56.460658,,0,0,2025-11-19T16:21:56.460658
EXT-02846,พื้นที่เสี่ยงภัยดินถล่ม,กรมทรัพยากรธรณี,วัดแสนขัน | รายละเอียด: วัด,,,"17.463157411078956,100.34918494997774",วัดแสนขัน,บ่อทอง,ทองแสนขัน,อุตรดิตถ์,2025-11-19T16:21:56.460658,,0,0,2025-11-19T16:21:56.460658
EXT-02847,พื้นที่เสี่ยงภัยดินถล่ม,กรมทรัพยากรธรณี,โรงเรียนบ้านท่าช้าง | รายละเอียด: โรงเรียน,,,"17.462534210289594,100.30356276885843",โรงเรียนบ้านท่าช้าง,บ่อทอง,ทองแสนขัน,อุตรดิตถ์,2025-11-19T16:21:56.460658,,0,0,2025-11-19T16:21:56.460658
EXT-02848,พื้นที่เสี่ยงภัยดินถล่ม,กรมทรัพยากรธรณี,โรงเรียนบ้านแสนขัน | รายละเอียด: โรงเรียน,,,"17.461388432343735,100.35067905133909",โรงเรียนบ้านแสนขัน,บ่อทอง,ทองแสนขัน,อุตรดิตถ์,2025-11-19T16:21:56.460658,,0,0,2025-11-19T16:21:56.460658
EXT-02849,พื้นที่เสี่ยงภัยดินถล่ม,กรมทรัพยากรธรณี,วัดท่าช้าง | รายละเอียด: วัด,,,"17.46068130764823,100.30446646748818",วัดท่าช้าง,บ่อทอง,ทองแสนขัน,อุตรดิตถ์,2025-11-19T16:21:56.460658,,0,0,2025-11-19T16:21:56.460658
EXT-02850,พื้นที่เสี่ยงภัยดินถล่ม,กรมทรัพยากรธรณี,วัดเนินชัย | รายละเอียด: วัด,,,"17.455580910954858,100.30877080543522",วัดเนินชัย,บ่อทอง,ทองแสนขัน,อุตรดิตถ์,2025-11-19T16:21:56.460658,,0,0,2025-11-19T16:21:56.460658
EXT-02851,พื้นที่เสี่ยงภัยดินถล่ม,กรมทรัพยากรธรณี,วัดวังเบน | รายละเอียด: วัด,,,"17.44620936215537,100.43419492661738",วัดวังเบน,บ่อทอง,ทองแสนขัน,อุตรดิตถ์,2025-11-19T16:21:56.460658,,0,0,2025-11-19T16:21:56.460658
EXT-02852,พื้นที่เสี่ยงภัยดินถล่ม,กรมทรัพยากรธรณี,โรงเรียนบ้านวังเบน | รายละเอียด: โรงเรียน,,,"17.444000968665478,100.43466839878388",โรงเรียนบ้านวังเบน,บ่อทอง,ทองแสนขัน,อุตรดิตถ์,2025-11-19T16:21:56.460658,,0,0,2025-11-19T16:21:56.460658
EXT-02853,พื้นที่เสี่ยงภัยดินถล่ม,กรมทรัพยากรธรณี,สถานีอนามัยบ้านแพะ | รายละเอียด: สถานีอนามัย,,,"17.420909267509476,100.33252834344646",สถานีอนามัยบ้านแพะ,บ่อทอง,ทองแสนขัน,อุตรดิตถ์,2025-11-19T16:21:56.460658,,0,0,2025-11-19T16:21:56.460658
EXT-02854,พื้นที่เสี่ยงภัยดินถล่ม,กรมทรัพยากรธรณี,โรงเรียนบ้านหาดงิ้ว | รายละเอียด: โรงเรียน,,,"17.670712622686004,100.33199187939039",โรงเรียนบ้านหาดงิ้ว,หาดงิ้ว,เมืองอุตรดิตถ์,อุตรดิตถ์,2025-11-19T16:21:56.460658,,0,0,2025-11-19T16:21:56.460658
EXT-02855,พื้นที่เสี่ยงภัยดินถล่ม,กรมทรัพยากรธรณี,โรงเรียนวัดดอยแก้ว | รายละเอียด: โรงเรียน,,,"17.660790145963155,100.30855520858302",โรงเรียนวัดดอยแก้ว,แสนตอ,เมืองอุตรดิตถ์,อุตรดิตถ์,2025-11-19T16:21:56.460658,,0,0,2025-11-19T16:21:56.460658
EXT-02856,พื้นที่เสี่ยงภัยดินถล่ม,กรมทรัพยากรธรณี,วัดดอยแก้ว | รายละเอียด: วัด,,,"17.65746628748779,100.30913976023831",วัดดอยแก้ว,แสนตอ,เมืองอุตรดิตถ์,อุตรดิตถ์,2025-11-19T16:21:56.460658,,0,0,2025-11-19T16:21:56.460658
EXT-02857,พื้นที่เสี่ยงภัยดินถล่ม,กรมทรัพยากรธรณี,คริสตจักรบ้านห้วยแมง | รายละเอียด: คริสตจักร,,,"17.611774170408356,100.52881713210463",คริสตจักรบ้านห้วยแมง,น้ำไคร้,น้ำปาด,อุตรดิตถ์,2025-11-19T16:21:56.460658,,0,0,2025-11-19T16:21:56.460658
EXT-02858,พื้นที่เสี่ยงภัยดินถล่ม,กรมทรัพยากรธรณี,โรงเรียน้านห้วยแมง | รายละเอียด: โรงเรียน,,,"17.608647012801388,100.53268008928227",โรงเรียน้านห้วยแมง,น้ำไคร้,น้ำปาด,อุตรดิตถ์,2025-11-19T16:21:56.460658,,0,0,2025-11-19T16:21:56.460658
EXT-02859,พื้นที่เสี่ยงภัยดินถล่ม,กรมทรัพยากรธรณี,สถานีอนามัยบ้านห้วยแมง | รายละเอียด: สถานีอนามัย,,,"17.608059581131158,100.53065040020034",สถานีอนามัยบ้านห้วยแมง,น้ำไคร้,น้ำปาด,อุตรดิตถ์,2025-11-19T16:21:56.460658,,0,0,2025-11-19T16:21:56.460658
EXT-02860,พื้นที่เสี่ยงภัยดินถล่ม,กรมทรัพยากรธรณี,วัดห้วยแมง | รายละเอียด: วัด,,,"17.602331202270154,100.53449480769127",วัดห้วยแมง,น้ำไคร้,น้ำปาด,อุตรดิตถ์,2025-11-19T16:21:56.460658,,0,0,2025-11-19T16:21:56.460658
EXT-02861,พื้นที่เสี่ยงภัยดินถล่ม,กรมทรัพยากรธรณี,วัดผาชัน | รายละเอียด: วัด,,,"17.59198325851644,100.50870176300333",วัดผาชัน,น้ำไคร้,น้ำปาด,อุตรดิตถ์,2025-11-19T16:21:56.460658,,0,0,2025-11-19T16:21:56.460658
EXT-02862,พื้นที่เสี่ยงภัยดินถล่ม,กรมทรัพยากรธรณี,โรงเรียนบ้านวังผาชัน | รายละเอียด: โรงเรียน,,,"17.591636028672237,100.51275095320243",โรงเรียนบ้านวังผาชัน,น้ำไคร้,น้ำปาด,อุตรดิตถ์,2025-11-19T16:21:56.460658,,0,0,2025-11-19T16:21:56.460658
EXT-02863,พื้นที่เสี่ยงภัยดินถล่ม,กรมทรัพยากรธรณี,วัดบ้านนากล๋า | รายละเอียด: วัด,,,"17.587280479143722,100.49104561148876",วัดบ้านนากล๋า,น้ำไคร้,น้ำปาด,อุตรดิตถ์,2025-11-19T16:21:56.460658,,0,0,2025-11-19T16:21:56.460658
EXT-02864,พื้นที่เสี่ยงภัยดินถล่ม,กรมทรัพยากรธรณี,สถานีอนามัยตำบลน้ำไคร้ | รายละเอียด: สถานีอนามัย,,,"17.586828974214367,100.49145234935641",สถานีอนามัยตำบลน้ำไคร้,น้ำไคร้,น้ำปาด,อุตรดิตถ์,2025-11-19T16:21:56.460658,,0,0,2025-11-19T16:21:56.460658
EXT-02865,พื้นที่เสี่ยงภัยดินถล่ม,กรมทรัพยากรธรณี,โรงเรียนชุมชนบ้านนากล๋า | รายละเอียด: โรงเรียน,,,"17.584214597961942,100.49017958192336",โรงเรียนชุมชนบ้านนากล๋า,น้ำไคร้,น้ำปาด,อุตรดิตถ์,2025-11-19T16:21:56.460658,,0,0,2025-11-19T16:21:56.460658
EXT-02866,พื้นที่เสี่ยงภัยดินถล่ม,กรมทรัพยากรธรณี,โรงเรียนบ้านน้ำไคร้ | รายละเอียด: โรงเรียน,,,"17.580927183507765,100.47894743073432",โรงเรียนบ้านน้ำไคร้,น้ำไคร้,น้ำปาด,อุตรดิตถ์,2025-11-19T16:21:56.460658,,0,0,2025-11-19T16:21:56.460658
EXT-02867,พื้นที่เสี่ยงภัยดินถล่ม,กรมทรัพยากรธรณี,วัดน้ำหมีน้อยสามัคคี | รายละเอียด: วัด,,,"17.55539954834713,100.44768411852287",วัดน้ำหมีน้อยสามัคคี,ผักขวง,ทองแสนขัน,อุตรดิตถ์,2025-11-19T16:21:56.460658,,0,0,2025-11-19T16:21:56.460658
EXT-02868,พื้นที่เสี่ยงภัยดินถล่ม,กรมทรัพยากรธรณี,โรงเรียนบ้านน้ำหมีน้อย | รายละเอียด: โรงเรียน,,,"17.555345123468587,100.44863867829174",โรงเรียนบ้านน้ำหมีน้อย,ผักขวง,ทองแสนขัน,อุตรดิตถ์,2025-11-19T16:21:56.460658,,0,0,2025-11-19T16:21:56.460658
EXT-02869,พื้นที่เสี่ยงภัยดินถล่ม,กรมทรัพยากรธรณี,สำนักสงฆ์สามัคคีธรรม | รายละเอียด: วัด,,,"17.51960460302068,100.3703369867192",สำนักสงฆ์สามัคคีธรรม,ผักขวง,ทองแสนขัน,อุตรดิตถ์,2025-11-19T16:21:56.460658,,0,0,2025-11-19T16:21:56.460658
EXT-02870,พื้นที่เสี่ยงภัยดินถล่ม,กรมทรัพยากรธรณี,โรงเรียนบ้านเขาสัก | รายละเอียด: โรงเรียน,,,"17.51940449458126,100.37101481523422",โรงเรียนบ้านเขาสัก,ผักขวง,ทองแสนขัน,อุตรดิตถ์,2025-11-19T16:21:56.460658,,0,0,2025-11-19T16:21:56.460658
EXT-02871,พื้นที่เสี่ยงภัยดินถล่ม,กรมทรัพยากรธรณี,โรงเรียนบ้านร้องลึก | รายละเอียด: โรงเรียน,,,"17.490473375809394,100.38798959650187",โรงเรียนบ้านร้องลึก,ผักขวง,ทองแสนขัน,อุตรดิตถ์,2025-11-19T16:21:56.460658,,0,0,2025-11-19T16:21:56.460658
EXT-02872,พื้นที่เสี่ยงภัยดินถล่ม,กรมทรัพยากรธรณี,วัดร้องลึกศรีชุมภรณ์ | รายละเอียด: วัด,,,"17.48974603468438,100.38700056744331",วัดร้องลึกศรีชุมภรณ์,ผักขวง,ทองแสนขัน,อุตรดิตถ์,2025-11-19T16:21:56.460658,,0,0,2025-11-19T16:21:56.460658
EXT-02873,พื้นที่เสี่ยงภัยดินถล่ม,กรมทรัพยากรธรณี,วัดช่องลม | รายละเอียด: วัด,,,"17.668104179083272,100.33451727660018",วัดช่องลม,หาดงิ้ว,เมืองอุตรดิตถ์,อุตรดิตถ์,2025-11-19T16:21:56.460658,,0,0,2025-11-19T16:21:56.460658
EXT-02874,พื้นที่เสี่ยงภัยดินถล่ม,กรมทรัพยากรธรณี,โรงเรียนวัดช่องลม | รายละเอียด: โรงเรียน,,,"17.66384056374255,100.3342489972889",โรงเรียนวัดช่องลม,หาดงิ้ว,เมืองอุตรดิตถ์,อุตรดิตถ์,2025-11-19T16:21:56.460658,,0,0,2025-11-19T16:21:56.460658
EXT-02875,พื้นที่เสี่ยงภัยดินถล่ม,กรมทรัพยากรธรณี,วัดห็วยโปร่ง | รายละเอียด: วัด,,,"17.66149764786311,100.32925052302141",วัดห็วยโปร่ง,หาดงิ้ว,เมืองอุตรดิตถ์,อุตรดิตถ์,2025-11-19T16:21:56.460658,,0,0,2025-11-19T16:21:56.460658
EXT-02876,พื้นที่เสี่ยงภัยดินถล่ม,กรมทรัพยากรธรณี,โรงเรียนแสนเตอวิทยา | รายละเอียด: โรงเรียน,,,"17.659192823778614,100.3225975646764",โรงเรียนแสนเตอวิทยา,แสนตอ,เมืองอุตรดิตถ์,อุตรดิตถ์,2025-11-19T16:21:56.460658,,0,0,2025-11-19T16:21:56.460658
EXT-02877,พื้นที่เสี่ยงภัยดินถล่ม,กรมทรัพยากรธรณี,วัดเกาะเรไรย์ | รายละเอียด: วัด,,,"17.658955101278504,100.31491112198465",วัดเกาะเรไรย์,แสนตอ,เมืองอุตรดิตถ์,อุตรดิตถ์,2025-11-19T16:21:56.460658,,0,0,2025-11-19T16:21:56.460658
EXT-02878,พื้นที่เสี่ยงภัยดินถล่ม,กรมทรัพยากรธรณี,วัดห้วยฉลอง | รายละเอียด: วัด,,,"17.646590291001836,100.38064641125456",วัดห้วยฉลอง,ถ้ำฉลอง,เมืองอุตรดิตถ์,อุตรดิตถ์,2025-11-19T16:21:56.460658,,0,0,2025-11-19T16:21:56.460658
EXT-02879,พื้นที่เสี่ยงภัยดินถล่ม,กรมทรัพยากรธรณี,โรงเรียนบ้านห้วยฉลอง | รายละเอียด: โรงเรียน,,,"17.643828429286632,100.37693009258659",โรงเรียนบ้านห้วยฉลอง,ถ้ำฉลอง,เมืองอุตรดิตถ์,อุตรดิตถ์,2025-11-19T16:21:56.460658,,0,0,2025-11-19T16:21:56.460658
EXT-02880,พื้นที่เสี่ยงภัยดินถล่ม,กรมทรัพยากรธรณี,วัดสายธารฤดีศรีสุภัททาราม | รายละเอียด: วัด,,,"17.60879725026274,100.3270872741852",วัดสายธารฤดีศรีสุภัททาราม,น้ำพี้,ทองแสนขัน,อุตรดิตถ์,2025-11-19T16:21:56.460658,,0,0,2025-11-19T16:21:56.460658
EXT-02881,พื้นที่เสี่ยงภัยดินถล่ม,กรมทรัพยากรธรณี,โรงเรียนบ้านหนองหมู | รายละเอียด: โรงเรียน,,,"17.60872975858477,100.3221612015275",โรงเรียนบ้านหนองหมู,น้ำพี้,ทองแสนขัน,อุตรดิตถ์,2025-11-19T16:21:56.460658,,0,0,2025-11-19T16:21:56.460658
EXT-02882,พื้นที่เสี่ยงภัยดินถล่ม,กรมทรัพยากรธรณี,สถานีอนามัยตำบลถ้ำฉลอง | รายละเอียด: สถานีอนามัย,,,"17.607477548412955,100.35869268919302",สถานีอนามัยตำบลถ้ำฉลอง,น้ำพี้,ทองแสนขัน,อุตรดิตถ์,2025-11-19T16:21:56.460658,,0,0,2025-11-19T16:21:56.460658
EXT-02883,พื้นที่เสี่ยงภัยดินถล่ม,กรมทรัพยากรธรณี,โรงเรียนบ้านวังถ้ำ | รายละเอียด: โรงเรียน,,,"17.601975051893028,100.35146875864555",โรงเรียนบ้านวังถ้ำ,น้ำพี้,ทองแสนขัน,อุตรดิตถ์,2025-11-19T16:21:56.460658,,0,0,2025-11-19T16:21:56.460658
EXT-02884,พื้นที่เสี่ยงภัยดินถล่ม,กรมทรัพยากรธรณี,วัดวังถ้ำ | รายละเอียด: วัด,,,"17.601844481046953,100.35024454799373",วัดวังถ้ำ,น้ำพี้,ทองแสนขัน,อุตรดิตถ์,2025-11-19T16:21:56.460658,,0,0,2025-11-19T16:21:56.460658
EXT-02885,พื้นที่เสี่ยงภัยดินถล่ม,กรมทรัพยากรธรณี,วัดบำรุงน้ำไคร้ | รายละเอียด: วัด,,,"17.576700499170972,100.47801921450063",วัดบำรุงน้ำไคร้,น้ำไคร้,น้ำปาด,อุตรดิตถ์,2025-11-19T16:21:56.460658,,0,0,2025-11-19T16:21:56.460658
EXT-02886,พื้นที่เสี่ยงภัยดินถล่ม,กรมทรัพยากรธรณี,วัดห้วยปลาดุก | รายละเอียด: วัด,,,"17.571683956007654,100.32817192267598",วัดห้วยปลาดุก,น้ำพี้,ทองแสนขัน,อุตรดิตถ์,2025-11-19T16:21:56.460658,,0,0,2025-11-19T16:21:56.460658
EXT-02887,พื้นที่เสี่ยงภัยดินถล่ม,กรมทรัพยากรธรณี,โรงเรียนบ้านห้วยน้ำไหล | รายละเอียด: โรงเรียน,,,"17.566728267475263,100.45628719872674",โรงเรียนบ้านห้วยน้ำไหล,น้ำไคร้,น้ำปาด,อุตรดิตถ์,2025-11-19T16:21:56.460658,,0,0,2025-11-19T16:21:56.460658
EXT-02888,พื้นที่เสี่ยงภัยดินถล่ม,กรมทรัพยากรธรณี,วัดห้วยน้ำไหล | รายละเอียด: วัด,,,"17.56641529429885,100.45553043128427",วัดห้วยน้ำไหล,น้ำไคร้,น้ำปาด,อุตรดิตถ์,2025-11-19T16:21:56.460658,,0,0,2025-11-19T16:21:56.460658
EXT-02889,พื้นที่เสี่ยงภัยดินถล่ม,กรมทรัพยากรธรณี,โรงเรียนบ้านน้ำพี้ | รายละเอียด: โรงเรียน,,,"17.560569196755356,100.29376915057306",โรงเรียนบ้านน้ำพี้,น้ำพี้,ทองแสนขัน,อุตรดิตถ์,2025-11-19T16:21:56.460658,,0,0,2025-11-19T16:21:56.460658
EXT-02890,พื้นที่เสี่ยงภัยดินถล่ม,กรมทรัพยากรธรณี,วัดสว่างคลองตรอน | รายละเอียด: วัด,,,"17.559062773961283,100.43543288181486",วัดสว่างคลองตรอน,ผักขวง,ทองแสนขัน,อุตรดิตถ์,2025-11-19T16:21:56.460658,,0,0,2025-11-19T16:21:56.460658
EXT-02891,พื้นที่เสี่ยงภัยดินถล่ม,กรมทรัพยากรธรณี,สถานีอนามัยตำบลบ้านน้ำพี้ | รายละเอียด: สถานีอนามัย,,,"17.559796804912384,100.2930341156703",สถานีอนามัยตำบลบ้านน้ำพี้,น้ำพี้,ทองแสนขัน,อุตรดิตถ์,2025-11-19T16:21:56.460658,,0,0,2025-11-19T16:21:56.460658
EXT-02892,พื้นที่เสี่ยงภัยดินถล่ม,กรมทรัพยากรธรณี,โรงเรียนบ้านผักขวง | รายละเอียด: โรงเรียน,,,"17.537732283598018,100.41523655792808",โรงเรียนบ้านผักขวง,ผักขวง,ทองแสนขัน,อุตรดิตถ์,2025-11-19T16:21:56.460658,,0,0,2025-11-19T16:21:56.460658
EXT-02893,พื้นที่เสี่ยงภัยดินถล่ม,กรมทรัพยากรธรณี,วัดผักขวง | รายละเอียด: วัด,,,"17.535714218519406,100.41278772617267",วัดผักขวง,ผักขวง,ทองแสนขัน,อุตรดิตถ์,2025-11-19T16:21:56.460658,,0,0,2025-11-19T16:21:56.460658
EXT-02894,พื้นที่เสี่ยงภัยดินถล่ม,กรมทรัพยากรธรณี,สถานีอนามัยตำบลผักขวง | รายละเอียด: สถานีอนามัย,,,"17.528779503953064,100.41153249579395",สถานีอนามัยตำบลผักขวง,ผักขวง,ทองแสนขัน,อุตรดิตถ์,2025-11-19T16:21:56.460658,,0,0,2025-11-19T16:21:56.460658
EXT-02895,พื้นที่เสี่ยงภัยดินถล่ม,กรมทรัพยากรธรณี,โรงเรียนวังโป่งดำรงวิทย์ | รายละเอียด: โรงเรียน,,,"17.527632983317183,100.41121162011284",โรงเรียนวังโป่งดำรงวิทย์,ผักขวง,ทองแสนขัน,อุตรดิตถ์,2025-11-19T16:21:56.460658,,0,0,2025-11-19T16:21:56.460658
EXT-02896,พื้นที่เสี่ยงภัยดินถล่ม,กรมทรัพยากรธรณี,วัดวังโป่งเจริญ | รายละเอียด: วัด,,,"17.52179390110811,100.40534978130826",วัดวังโป่งเจริญ,ผักขวง,ทองแสนขัน,อุตรดิตถ์,2025-11-19T16:21:56.460658,,0,0,2025-11-19T16:21:56.460658
EXT-02897,พื้นที่เสี่ยงภัยดินถล่ม,กรมทรัพยากรธรณี,โรงเรียนบ้านห้วยปลาดุก | รายละเอียด: โรงเรียน,,,"17.57171013843354,100.33234177241096",โรงเรียนบ้านห้วยปลาดุก,น้ำพี้,ทองแสนขัน,อุตรดิตถ์,2025-11-19T16:21:56.460658,,0,0,2025-11-19T16:21:56.460658
EXT-02898,พื้นที่เสี่ยงภัยดินถล่ม,กรมทรัพยากรธรณี,สถานีอนามัยน้ำหมีใหญ่ | รายละเอียด: สถานีอนามัย,,,"17.561497275239766,100.43726791940001",สถานีอนามัยน้ำหมีใหญ่,ผักขวง,ทองแสนขัน,อุตรดิตถ์,2025-11-19T16:21:56.460658,,0,0,2025-11-19T16:21:56.460658
EXT-02899,พื้นที่เสี่ยงภัยดินถล่ม,กรมทรัพยากรธรณี,โรงเรียนบ้านน้ำหมีใหญ่ | รายละเอียด: โรงเรียน,,,"17.5609478841404,100.43779114378445",โรงเรียนบ้านน้ำหมีใหญ่,ผักขวง,ทองแสนขัน,อุตรดิตถ์,2025-11-19T16:21:56.460658,,0,0,2025-11-19T16:21:56.460658
EXT-02900,พื้นที่เสี่ยงภัยดินถล่ม,กรมทรัพยากรธรณี,วัดปางวุ้น | รายละเอียด: วัด,,,"17.556227991622848,100.39394893177163",วัดปางวุ้น,ผักขวง,ทองแสนขัน,อุตรดิตถ์,2025-11-19T16:21:56.460658,,0,0,2025-11-19T16:21:56.460658
EXT-02901,พื้นที่เสี่ยงภัยดินถล่ม,กรมทรัพยากรธรณี,โบสถ์คริสตเตียนผัดขวง | รายละเอียด: โบสถ์,,,"17.543381080513896,100.42064796360597",โบสถ์คริสตเตียนผัดขวง,ผักขวง,ทองแสนขัน,อุตรดิตถ์,2025-11-19T16:21:56.460658,,0,0,2025-11-19T16:21:56.460658
EXT-02902,พื้นที่เสี่ยงภัยดินถล่ม,กรมทรัพยากรธรณี,โรงเรียนบ้านปางวุ้น | รายละเอียด: โรงเรียน,,,"17.564665402905888,100.39485551824619",โรงเรียนบ้านปางวุ้น,ผักขวง,ทองแสนขัน,อุตรดิตถ์,2025-11-19T16:21:56.460658,,0,0,2025-11-19T16:21:56.460658
EXT-02903,พื้นที่เสี่ยงภัยดินถล่ม,กรมทรัพยากรธรณี,บ้านท้ายเขื่อน | รายละเอียด: สำนักสงฆ์,,,"17.739003687977785,100.52495304815663",บ้านท้ายเขื่อน,ผาเลือด,ท่าปลา,อุตรดิตถ์,2025-11-19T16:21:56.460658,,0,0,2025-11-19T16:21:56.460658
EXT-02904,พื้นที่เสี่ยงภัยดินถล่ม,กรมทรัพยากรธรณี,ไม่มีข้อมูล | รายละเอียด: สถานที่ราชการ,,,"17.737418748816673,100.53154034805607",ไม่มีข้อมูล,ผาเลือด,ท่าปลา,อุตรดิตถ์,2025-11-19T16:21:56.460658,,0,0,2025-11-19T16:21:56.460658
EXT-02905,พื้นที่เสี่ยงภัยดินถล่ม,กรมทรัพยากรธรณี,บ้านห้วยเจริญ | รายละเอียด: โรงเรียน,,,"17.745972183260953,100.45510404989705",บ้านห้วยเจริญ,ผาเลือด,ท่าปลา,อุตรดิตถ์,2025-11-19T16:21:56.460658,,0,0,2025-11-19T16:21:56.460658
EXT-02906,พื้นที่เสี่ยงภัยดินถล่ม,กรมทรัพยากรธรณี,ไม่มีข้อมูล | รายละเอียด: สำนักสงฆ์,,,"17.741570272176304,100.44954414391422",ไม่มีข้อมูล,ผาเลือด,ท่าปลา,อุตรดิตถ์,2025-11-19T16:21:56.460658,,0,0,2025-11-19T16:21:56.460658
EXT-02907,พื้นที่เสี่ยงภัยดินถล่ม,กรมทรัพยากรธรณี,ไม่มีข้อมูล | รายละเอียด: สถานที่ราชการ,,,"17.732464892663167,100.41844773081733",ไม่มีข้อมูล,ผาเลือด,ท่าปลา,อุตรดิตถ์,2025-11-19T16:21:56.460658,,0,0,2025-11-19T16:21:56.460658
EXT-02908,พื้นที่เสี่ยงภัยดินถล่ม,กรมทรัพยากรธรณี,อบต. | รายละเอียด: สถานที่ราชการ,,,"17.726681195038985,100.39579040447543",อบต.,ผาเลือด,ท่าปลา,อุตรดิตถ์,2025-11-19T16:21:56.460658,,0,0,2025-11-19T16:21:56.460658
EXT-02909,พื้นที่เสี่ยงภัยดินถล่ม,กรมทรัพยากรธรณี,บ้านหาดหุ่ง | รายละเอียด: โรงเรียน,,,"17.726042290846728,100.39668125646662",บ้านหาดหุ่ง,ผาเลือด,ท่าปลา,อุตรดิตถ์,2025-11-19T16:21:56.460658,,0,0,2025-11-19T16:21:56.460658
EXT-02910,พื้นที่เสี่ยงภัยดินถล่ม,กรมทรัพยากรธรณี,วัด | รายละเอียด: วัด,,,"17.70708092660595,100.37394379809076",วัด,ผาเลือด,ท่าปลา,อุตรดิตถ์,2025-11-19T16:21:56.460658,,0,0,2025-11-19T16:21:56.460658
EXT-02911,พื้นที่เสี่ยงภัยดินถล่ม,กรมทรัพยากรธรณี,ไม่มีข้อมูล | รายละเอียด: สำนักสงฆ์,,,"17.692659238231936,100.55918748142132",ไม่มีข้อมูล,ผาเลือด,ท่าปลา,อุตรดิตถ์,2025-11-19T16:21:56.460658,,0,0,2025-11-19T16:21:56.460658
EXT-02912,พื้นที่เสี่ยงภัยดินถล่ม,กรมทรัพยากรธรณี,บ้านผาเลือด อาคารชั้น 2 | รายละเอียด: โรงเรียน,,,"17.713235743623837,100.40323880967753",บ้านผาเลือด อาคารชั้น 2,ผาเลือด,ท่าปลา,อุตรดิตถ์,2025-11-19T16:21:56.460658,,0,0,2025-11-19T16:21:56.460658
EXT-02913,พื้นที่เสี่ยงภัยดินถล่ม,กรมทรัพยากรธรณี,บ้านผาเลือด อาคารชั้น 2 | รายละเอียด: โรงพยาบาล,,,"17.713984466750595,100.40342377932483",บ้านผาเลือด อาคารชั้น 2,ผาเลือด,ท่าปลา,อุตรดิตถ์,2025-11-19T16:21:56.460658,,0,0,2025-11-19T16:21:56.460658
EXT-02914,พื้นที่เสี่ยงภัยดินถล่ม,กรมทรัพยากรธรณี,ไม่มีข้อมูล | รายละเอียด: สถานที่ราชการ,,,"17.70598318884259,100.38613586419497",ไม่มีข้อมูล,ผาเลือด,ท่าปลา,อุตรดิตถ์,2025-11-19T16:21:56.460658,,0,0,2025-11-19T16:21:56.460658
EXT-02915,พื้นที่เสี่ยงภัยดินถล่ม,กรมทรัพยากรธรณี,วัด | รายละเอียด: วัด,,,"17.711988144698882,100.40331396650011",วัด,ผาเลือด,ท่าปลา,อุตรดิตถ์,2025-11-19T16:21:56.460658,,0,0,2025-11-19T16:21:56.460658
EXT-02916,พื้นที่เสี่ยงภัยดินถล่ม,กรมทรัพยากรธรณี,บ้านย่านดู่ | รายละเอียด: โรงพยาบาล,,,"17.734157522903942,100.52762771056264",บ้านย่านดู่,ผาเลือด,ท่าปลา,อุตรดิตถ์,2025-11-19T16:21:56.460658,,0,0,2025-11-19T16:21:56.460658
EXT-02917,พื้นที่เสี่ยงภัยดินถล่ม,กรมทรัพยากรธรณี,วัด | รายละเอียด: วัด,,,"17.732350448901254,100.52295430068529",วัด,ผาเลือด,ท่าปลา,อุตรดิตถ์,2025-11-19T16:21:56.460658,,0,0,2025-11-19T16:21:56.460658
EXT-02918,พื้นที่เสี่ยงภัยดินถล่ม,กรมทรัพยากรธรณี,บ้านย่านดู่ | รายละเอียด: โรงเรียน,,,"17.731890146453953,100.51938612520506",บ้านย่านดู่,ผาเลือด,ท่าปลา,อุตรดิตถ์,2025-11-19T16:21:56.460658,,0,0,2025-11-19T16:21:56.460658
EXT-02919,พื้นที่เสี่ยงภัยดินถล่ม,กรมทรัพยากรธรณี,บ้านซำบ้อ | รายละเอียด: วัด,,,"17.714701583101785,100.48412958504922",บ้านซำบ้อ,ผาเลือด,ท่าปลา,อุตรดิตถ์,2025-11-19T16:21:56.460658,,0,0,2025-11-19T16:21:56.460658
EXT-02920,พื้นที่เสี่ยงภัยดินถล่ม,กรมทรัพยากรธรณี,บ้านซำบ้อ | รายละเอียด: โรงเรียน,,,"17.71364729649289,100.48493176449233",บ้านซำบ้อ,ผาเลือด,ท่าปลา,อุตรดิตถ์,2025-11-19T16:21:56.460658,,0,0,2025-11-19T16:21:56.460658
EXT-02921,พื้นที่เสี่ยงภัยดินถล่ม,กรมทรัพยากรธรณี,วัด | รายละเอียด: วัด,,,"17.695742746027033,100.41304921402201",วัด,ผาเลือด,ท่าปลา,อุตรดิตถ์,2025-11-19T16:21:56.460658,,0,0,2025-11-19T16:21:56.460658
EXT-02922,พื้นที่เสี่ยงภัยดินถล่ม,กรมทรัพยากรธรณี,บ้านปากห้วยฉลอง | รายละเอียด: โรงเรียน,,,"17.693823692700896,100.41350558865705",บ้านปากห้วยฉลอง,ผาเลือด,ท่าปลา,อุตรดิตถ์,2025-11-19T16:21:56.460658,,0,0,2025-11-19T16:21:56.460658
EXT-02923,พื้นที่เสี่ยงภัยดินถล่ม,กรมทรัพยากรธรณี,บ้านผาเต่าพัฒนา | รายละเอียด: โรงเรียน,,,"17.697096969494776,100.37443499161024",บ้านผาเต่าพัฒนา,ผาเลือด,ท่าปลา,อุตรดิตถ์,2025-11-19T16:21:56.460658,,0,0,2025-11-19T16:21:56.460658
EXT-02924,พื้นที่เสี่ยงภัยดินถล่ม,กรมทรัพยากรธรณี,บ้านผาเต่าพัฒนา | รายละเอียด: วัด,,,"17.700178576361477,100.37369328358064",บ้านผาเต่าพัฒนา,ผาเลือด,ท่าปลา,อุตรดิตถ์,2025-11-19T16:21:56.460658,,0,0,2025-11-19T16:21:56.460658
EXT-02925,พื้นที่เสี่ยงภัยดินถล่ม,กรมทรัพยากรธรณี,รพ.สต.ท้องลับแล | รายละเอียด: โรงพยาบาล,,,"17.67102351695336,100.02765029028264",รพ.สต.ท้องลับแล,ฝายหลวง,ลับแล,อุตรดิตถ์,2025-11-19T16:21:56.460658,,0,0,2025-11-19T16:21:56.460658
EXT-02926,พื้นที่เสี่ยงภัยดินถล่ม,กรมทรัพยากรธรณี,วัดท้องลับแลธรรมเนศโสภณ | รายละเอียด: วัด,,,"17.670952556267032,100.02876711927293",วัดท้องลับแลธรรมเนศโสภณ,ฝายหลวง,ลับแล,อุตรดิตถ์,2025-11-19T16:21:56.460658,,0,0,2025-11-19T16:21:56.460658
EXT-02927,พื้นที่เสี่ยงภัยดินถล่ม,กรมทรัพยากรธรณี,อบต.ฝายหลวง | รายละเอียด: สถานที่ราชการ,,,"17.674425429268243,100.02484604417897",อบต.ฝายหลวง,ฝายหลวง,ลับแล,อุตรดิตถ์,2025-11-19T16:21:56.460658,,0,0,2025-11-19T16:21:56.460658
EXT-02928,พื้นที่เสี่ยงภัยดินถล่ม,กรมทรัพยากรธรณี,สะพานฝายหลวง | รายละเอียด: สะพาน,,,"17.67793958101877,100.02687411927953",สะพานฝายหลวง,ฝายหลวง,ลับแล,อุตรดิตถ์,2025-11-19T16:21:56.460658,,0,0,2025-11-19T16:21:56.460658
EXT-02929,พื้นที่เสี่ยงภัยดินถล่ม,กรมทรัพยากรธรณี,โรงเรียนวัดใหม่ | รายละเอียด: โรงเรียน,,,"17.676940261685832,100.02959311921282",โรงเรียนวัดใหม่,ฝายหลวง,ลับแล,อุตรดิตถ์,2025-11-19T16:21:56.460658,,0,0,2025-11-19T16:21:56.460658
EXT-02930,พื้นที่เสี่ยงภัยดินถล่ม,กรมทรัพยากรธรณี,โรงเรียนวัดดอนสัก | รายละเอียด: โรงเรียน,,,"17.65593118683133,100.0177355207004",โรงเรียนวัดดอนสัก,ฝายหลวง,ลับแล,อุตรดิตถ์,2025-11-19T16:21:56.460658,,0,0,2025-11-19T16:21:56.460658
EXT-02931,พื้นที่เสี่ยงภัยดินถล่ม,กรมทรัพยากรธรณี,สะพานนารี | รายละเอียด: สะพาน,,,"17.658095863634426,100.02043288236278",สะพานนารี,ฝายหลวง,ลับแล,อุตรดิตถ์,2025-11-19T16:21:56.460658,,0,0,2025-11-19T16:21:56.460658
EXT-02932,พื้นที่เสี่ยงภัยดินถล่ม,กรมทรัพยากรธรณี,สะพานนารี | รายละเอียด: สะพาน,,,"17.66044171657266,100.0287545097104",สะพานนารี,ฝายหลวง,ลับแล,อุตรดิตถ์,2025-11-19T16:21:56.460658,,0,0,2025-11-19T16:21:56.460658
EXT-02933,พื้นที่เสี่ยงภัยดินถล่ม,กรมทรัพยากรธรณี,โรงเรียนวัดเจดีย์ | รายละเอียด: โรงเรียน,,,"17.673326754665077,100.03274027223863",โรงเรียนวัดเจดีย์,ฝายหลวง,ลับแล,อุตรดิตถ์,2025-11-19T16:21:56.460658,,0,0,2025-11-19T16:21:56.460658
EXT-02934,พื้นที่เสี่ยงภัยดินถล่ม,กรมทรัพยากรธรณี,สะพานข้ามคลองนาโป่ง | รายละเอียด: สะพาน,,,"17.66913780681364,100.03359312056953",สะพานข้ามคลองนาโป่ง,ฝายหลวง,ลับแล,อุตรดิตถ์,2025-11-19T16:21:56.460658,,0,0,2025-11-19T16:21:56.460658
EXT-02935,พื้นที่เสี่ยงภัยดินถล่ม,กรมทรัพยากรธรณี,สภอ.ลับแล | รายละเอียด: สถานที่ราชการ,,,"17.653018522714145,100.03969441618504",สภอ.ลับแล,ศรีพนมมาศ,ลับแล,อุตรดิตถ์,2025-11-19T16:21:56.460658,,0,0,2025-11-19T16:21:56.460658
EXT-02936,พื้นที่เสี่ยงภัยดินถล่ม,กรมทรัพยากรธรณี,สะพาน | รายละเอียด: สะพาน,,,"17.68419126275258,100.02560851559656",สะพาน,ฝายหลวง,ลับแล,อุตรดิตถ์,2025-11-19T16:21:56.460658,,0,0,2025-11-19T16:21:56.460658
EXT-02937,พื้นที่เสี่ยงภัยดินถล่ม,กรมทรัพยากรธรณี,สถานีอนามัย รพ.สต.ท้องลับแล | รายละเอียด: สถานีอนามัย,,,"17.67564794707001,100.02611601208775",สถานีอนามัย รพ.สต.ท้องลับแล,ฝายหลวง,ลับแล,อุตรดิตถ์,2025-11-19T16:21:56.460658,,0,0,2025-11-19T16:21:56.460658
EXT-02938,พื้นที่เสี่ยงภัยดินถล่ม,กรมทรัพยากรธรณี,สะพานหม้อ | รายละเอียด: สะพาน,,,"17.669838998691937,100.04287382803716",สะพานหม้อ,ฝายหลวง,ลับแล,อุตรดิตถ์,2025-11-19T16:21:56.460658,,0,0,2025-11-19T16:21:56.460658
EXT-02939,พื้นที่เสี่ยงภัยดินถล่ม,กรมทรัพยากรธรณี,สถานีอนามัยฝายหลวง | รายละเอียด: สถานีอนามัย,,,"17.66344593238153,100.0332306610806",สถานีอนามัยฝายหลวง,ฝายหลวง,ลับแล,อุตรดิตถ์,2025-11-19T16:21:56.460658,,0,0,2025-11-19T16:21:56.460658
EXT-02940,พื้นที่เสี่ยงภัยดินถล่ม,กรมทรัพยากรธรณี,สถานีตำรวจภูธรอำเภอลับแล | รายละเอียด: สถานีตำรวจ,,,"17.650922527044536,100.03955041365809",สถานีตำรวจภูธรอำเภอลับแล,ศรีพนมมาศ,ลับแล,อุตรดิตถ์,2025-11-19T16:21:56.460658,,0,0,2025-11-19T16:21:56.460658
EXT-02941,พื้นที่เสี่ยงภัยดินถล่ม,กรมทรัพยากรธรณี,ห้วยก้านเหลือง | รายละเอียด: โรงเรียน,,,"18.08585809773722,100.984494578407",ห้วยก้านเหลือง,ฟากท่า,ฟากท่า,อุตรดิตถ์,2025-11-19T16:21:56.460658,,0,0,2025-11-19T16:21:56.460658
EXT-02942,พื้นที่เสี่ยงภัยดินถล่ม,กรมทรัพยากรธรณี,บ้านดงต้นผึ้ง | รายละเอียด: วัด,,,"18.046870787072315,100.90900878763831",บ้านดงต้นผึ้ง,ฟากท่า,ฟากท่า,อุตรดิตถ์,2025-11-19T16:21:56.460658,,0,0,2025-11-19T16:21:56.460658
EXT-02943,พื้นที่เสี่ยงภัยดินถล่ม,กรมทรัพยากรธรณี,บ้านกกต้อง | รายละเอียด: โรงเรียน,,,"18.037416477130463,100.89975401821424",บ้านกกต้อง,ฟากท่า,ฟากท่า,อุตรดิตถ์,2025-11-19T16:21:56.460658,,0,0,2025-11-19T16:21:56.460658
EXT-02944,พื้นที่เสี่ยงภัยดินถล่ม,กรมทรัพยากรธรณี,บ้านกกต้อง | รายละเอียด: วัด,,,"18.039601017883104,100.89537698304167",บ้านกกต้อง,ฟากท่า,ฟากท่า,อุตรดิตถ์,2025-11-19T16:21:56.460658,,0,0,2025-11-19T16:21:56.460658
EXT-02945,พื้นที่เสี่ยงภัยดินถล่ม,กรมทรัพยากรธรณี,บ้านนาหน่ำ | รายละเอียด: โรงเรียน,,,"18.02353729052185,100.8946712909177",บ้านนาหน่ำ,ฟากท่า,ฟากท่า,อุตรดิตถ์,2025-11-19T16:21:56.460658,,0,0,2025-11-19T16:21:56.460658
EXT-02946,พื้นที่เสี่ยงภัยดินถล่ม,กรมทรัพยากรธรณี,ไม่มีข้อมูล | รายละเอียด: สถานที่ราชการ,,,"18.02779452900142,100.89723825078929",ไม่มีข้อมูล,ฟากท่า,ฟากท่า,อุตรดิตถ์,2025-11-19T16:21:56.460658,,0,0,2025-11-19T16:21:56.460658
EXT-02947,พื้นที่เสี่ยงภัยดินถล่ม,กรมทรัพยากรธรณี,บ้านช้างโทน | รายละเอียด: วัด,,,"18.021039744728974,100.88833128499273",บ้านช้างโทน,ฟากท่า,ฟากท่า,อุตรดิตถ์,2025-11-19T16:21:56.460658,,0,0,2025-11-19T16:21:56.460658
EXT-02948,พื้นที่เสี่ยงภัยดินถล่ม,กรมทรัพยากรธรณี,ไม่มีข้อมูล | รายละเอียด: สถานที่ราชการ,,,"18.016632099788364,100.89679762483786",ไม่มีข้อมูล,ฟากท่า,ฟากท่า,อุตรดิตถ์,2025-11-19T16:21:56.460658,,0,0,2025-11-19T16:21:56.460658
EXT-02949,พื้นที่เสี่ยงภัยดินถล่ม,กรมทรัพยากรธรณี,บ้านช้างโทน | รายละเอียด: โรงเรียน,,,"18.023017591522763,100.89423134260831",บ้านช้างโทน,ฟากท่า,ฟากท่า,อุตรดิตถ์,2025-11-19T16:21:56.460658,,0,0,2025-11-19T16:21:56.460658
EXT-02950,พื้นที่เสี่ยงภัยดินถล่ม,กรมทรัพยากรธรณี,บ้านฟากท่า | รายละเอียด: โรงเรียน,,,"18.00199632256068,100.88236055557681",บ้านฟากท่า,ฟากท่า,ฟากท่า,อุตรดิตถ์,2025-11-19T16:21:56.460658,,0,0,2025-11-19T16:21:56.460658
EXT-02951,พื้นที่เสี่ยงภัยดินถล่ม,กรมทรัพยากรธรณี,บ้านฟากท่า | รายละเอียด: โรงพยาบาล,,,"18.00276058280216,100.8834649615315",บ้านฟากท่า,ฟากท่า,ฟากท่า,อุตรดิตถ์,2025-11-19T16:21:56.460658,,0,0,2025-11-19T16:21:56.460658
EXT-02952,พื้นที่เสี่ยงภัยดินถล่ม,กรมทรัพยากรธรณี,บ้านฟากท่า | รายละเอียด: โรงเรียน,,,"18.001907261936186,100.88288409632797",บ้านฟากท่า,ฟากท่า,ฟากท่า,อุตรดิตถ์,2025-11-19T16:21:56.460658,,0,0,2025-11-19T16:21:56.460658
EXT-02953,พื้นที่เสี่ยงภัยดินถล่ม,กรมทรัพยากรธรณี,องค์การบริหารส่วนตำบลฟากท่า | รายละเอียด: สถานที่ราชการ,,,"18.01168643225644,100.88608430460225",องค์การบริหารส่วนตำบลฟากท่า,ฟากท่า,ฟากท่า,อุตรดิตถ์,2025-11-19T16:21:56.460658,,0,0,2025-11-19T16:21:56.460658
EXT-02954,พื้นที่เสี่ยงภัยดินถล่ม,กรมทรัพยากรธรณี,เทศบาลตำบลฟากท่า | รายละเอียด: สถานที่ราชการ,,,"17.99381057788364,100.87734129145326",เทศบาลตำบลฟากท่า,ฟากท่า,ฟากท่า,อุตรดิตถ์,2025-11-19T16:21:56.460658,,0,0,2025-11-19T16:21:56.460658
EXT-02955,พื้นที่เสี่ยงภัยดินถล่ม,กรมทรัพยากรธรณี,ไม่มีข้อมูล | รายละเอียด: สถานที่ราชการ,,,"17.994208100495793,100.87759493054313",ไม่มีข้อมูล,ฟากท่า,ฟากท่า,อุตรดิตถ์,2025-11-19T16:21:56.460658,,0,0,2025-11-19T16:21:56.460658
EXT-02956,พื้นที่เสี่ยงภัยดินถล่ม,กรมทรัพยากรธรณี,ไม่มีข้อมูล | รายละเอียด: สถานที่ราชการ,,,"17.993048592059562,100.8786031742706",ไม่มีข้อมูล,ฟากท่า,ฟากท่า,อุตรดิตถ์,2025-11-19T16:21:56.460658,,0,0,2025-11-19T16:21:56.460658
EXT-02957,พื้นที่เสี่ยงภัยดินถล่ม,กรมทรัพยากรธรณี,ไม่มีข้อมูล | รายละเอียด: สถานีตำรวจ,,,"17.99227938081608,100.87879901304287",ไม่มีข้อมูล,ฟากท่า,ฟากท่า,อุตรดิตถ์,2025-11-19T16:21:56.460658,,0,0,2025-11-19T16:21:56.460658
EXT-02958,พื้นที่เสี่ยงภัยดินถล่ม,กรมทรัพยากรธรณี,บ้านวังขวัญ | รายละเอียด: วัด,,,"17.99614310587934,100.8786618168695",บ้านวังขวัญ,ฟากท่า,ฟากท่า,อุตรดิตถ์,2025-11-19T16:21:56.460658,,0,0,2025-11-19T16:21:56.460658
EXT-02959,พื้นที่เสี่ยงภัยดินถล่ม,กรมทรัพยากรธรณี,บ้านวังขวัญ | รายละเอียด: วัด,,,"17.9935602403021,100.88450322816546",บ้านวังขวัญ,ฟากท่า,ฟากท่า,อุตรดิตถ์,2025-11-19T16:21:56.460658,,0,0,2025-11-19T16:21:56.460658
EXT-02960,พื้นที่เสี่ยงภัยดินถล่ม,กรมทรัพยากรธรณี,ห้วยก้านเหลือง | รายละเอียด: โรงเรียน,,,"18.082767038632465,100.98197530935084",ห้วยก้านเหลือง,ฟากท่า,ฟากท่า,อุตรดิตถ์,2025-11-19T16:21:56.460658,,0,0,2025-11-19T16:21:56.460658
EXT-02961,พื้นที่เสี่ยงภัยดินถล่ม,กรมทรัพยากรธรณี,ศาลาอเนกประสงค์ | รายละเอียด: ศาลาอเนกประสงค์,,,"18.068400430771522,100.95235893257002",ศาลาอเนกประสงค์,ฟากท่า,ฟากท่า,อุตรดิตถ์,2025-11-19T16:21:56.460658,,0,0,2025-11-19T16:21:56.460658
EXT-02962,พื้นที่เสี่ยงภัยดินถล่ม,กรมทรัพยากรธรณี,ไม่มีข้อมูล | รายละเอียด: สถานที่ราชการ,,,"18.053796271011613,100.91399220551632",ไม่มีข้อมูล,ฟากท่า,ฟากท่า,อุตรดิตถ์,2025-11-19T16:21:56.460658,,0,0,2025-11-19T16:21:56.460658
EXT-02963,พื้นที่เสี่ยงภัยดินถล่ม,กรมทรัพยากรธรณี,ที่พักสงฆ์ | รายละเอียด: ศาสนสถาน,,,"18.046387633798652,100.91556145517991",ที่พักสงฆ์,ฟากท่า,ฟากท่า,อุตรดิตถ์,2025-11-19T16:21:56.460658,,0,0,2025-11-19T16:21:56.460658
EXT-02964,พื้นที่เสี่ยงภัยดินถล่ม,กรมทรัพยากรธรณี,บ้านนาไพร | รายละเอียด: โรงเรียน,,,"18.04419140796509,100.90559283433856",บ้านนาไพร,ฟากท่า,ฟากท่า,อุตรดิตถ์,2025-11-19T16:21:56.460658,,0,0,2025-11-19T16:21:56.460658
EXT-02965,พื้นที่เสี่ยงภัยดินถล่ม,กรมทรัพยากรธรณี,วัด | รายละเอียด: วัด,,,"18.036320066494227,100.91039998521427",วัด,ฟากท่า,ฟากท่า,อุตรดิตถ์,2025-11-19T16:21:56.460658,,0,0,2025-11-19T16:21:56.460658
EXT-02966,พื้นที่เสี่ยงภัยดินถล่ม,กรมทรัพยากรธรณี,วัด | รายละเอียด: วัด,,,"18.02214195380733,100.89503241766064",วัด,ฟากท่า,ฟากท่า,อุตรดิตถ์,2025-11-19T16:21:56.460658,,0,0,2025-11-19T16:21:56.460658
EXT-02967,พื้นที่เสี่ยงภัยดินถล่ม,กรมทรัพยากรธรณี,วัด | รายละเอียด: วัด,,,"18.009172445524918,100.87095464209557",วัด,ฟากท่า,ฟากท่า,อุตรดิตถ์,2025-11-19T16:21:56.460658,,0,0,2025-11-19T16:21:56.460658
EXT-02968,พื้นที่เสี่ยงภัยดินถล่ม,กรมทรัพยากรธรณี,จุดเฝ้าระวังต้นน้ำ | รายละเอียด: สถานที่ราชการ,,,"18.002344769331756,100.88464639369172",จุดเฝ้าระวังต้นน้ำ,ฟากท่า,ฟากท่า,อุตรดิตถ์,2025-11-19T16:21:56.460658,,0,0,2025-11-19T16:21:56.460658
EXT-02969,พื้นที่เสี่ยงภัยดินถล่ม,กรมทรัพยากรธรณี,บ้านฟากท่า | รายละเอียด: โรงเรียน,,,"17.99959737947151,100.88333453024222",บ้านฟากท่า,ฟากท่า,ฟากท่า,อุตรดิตถ์,2025-11-19T16:21:56.460658,,0,0,2025-11-19T16:21:56.460658
EXT-02970,พื้นที่เสี่ยงภัยดินถล่ม,กรมทรัพยากรธรณี,บ้านวังขวัญ | รายละเอียด: โรงเรียน,,,"17.9945648717329,100.87685142117678",บ้านวังขวัญ,ฟากท่า,ฟากท่า,อุตรดิตถ์,2025-11-19T16:21:56.460658,,0,0,2025-11-19T16:21:56.460658
EXT-02971,พื้นที่เสี่ยงภัยดินถล่ม,กรมทรัพยากรธรณี,องค์การบริหารส่วนตำบลม่วงเจ็ดต้น | รายละเอียด: สถานที่ราชการ,,,"18.08532135493346,101.12711313195123",องค์การบริหารส่วนตำบลม่วงเจ็ดต้น,ม่วงเจ็ดต้น,บ้านโคก,อุตรดิตถ์,2025-11-19T16:21:56.460658,,0,0,2025-11-19T16:21:56.460658
EXT-02972,พื้นที่เสี่ยงภัยดินถล่ม,กรมทรัพยากรธรณี,ไม่มีข้อมูล | รายละเอียด: สำนักสงฆ์,,,"18.127342412257924,101.10012749324831",ไม่มีข้อมูล,ม่วงเจ็ดต้น,บ้านโคก,อุตรดิตถ์,2025-11-19T16:21:56.460658,,0,0,2025-11-19T16:21:56.460658
EXT-02973,พื้นที่เสี่ยงภัยดินถล่ม,กรมทรัพยากรธรณี,ศูนย์พัฒนาเด็กเล็ก | รายละเอียด: โรงเรียน,,,"18.1277962432341,101.10081032085792",ศูนย์พัฒนาเด็กเล็ก,ม่วงเจ็ดต้น,บ้านโคก,อุตรดิตถ์,2025-11-19T16:21:56.460658,,0,0,2025-11-19T16:21:56.460658
EXT-02974,พื้นที่เสี่ยงภัยดินถล่ม,กรมทรัพยากรธรณี,สถานบริการสุขภาพชุมชน | รายละเอียด: โรงพยาบาล,,,"18.12728915486185,101.10106093110966",สถานบริการสุขภาพชุมชน,ม่วงเจ็ดต้น,บ้านโคก,อุตรดิตถ์,2025-11-19T16:21:56.460658,,0,0,2025-11-19T16:21:56.460658
EXT-02975,พื้นที่เสี่ยงภัยดินถล่ม,กรมทรัพยากรธรณี,บ้านวังสัมพันธ์ | รายละเอียด: โรงเรียน,,,"18.124960747308425,101.10113229271552",บ้านวังสัมพันธ์,ม่วงเจ็ดต้น,บ้านโคก,อุตรดิตถ์,2025-11-19T16:21:56.460658,,0,0,2025-11-19T16:21:56.460658
EXT-02976,พื้นที่เสี่ยงภัยดินถล่ม,กรมทรัพยากรธรณี,ไม่มีข้อมูล | รายละเอียด: สถานที่ราชการ,,,"18.103696908296243,101.1571829118564",ไม่มีข้อมูล,ม่วงเจ็ดต้น,บ้านโคก,อุตรดิตถ์,2025-11-19T16:21:56.460658,,0,0,2025-11-19T16:21:56.460658
EXT-02977,พื้นที่เสี่ยงภัยดินถล่ม,กรมทรัพยากรธรณี,ไม่มีข้อมูล | รายละเอียด: สถานที่ราชการ,,,"18.104234860506022,101.1607696530987",ไม่มีข้อมูล,ม่วงเจ็ดต้น,บ้านโคก,อุตรดิตถ์,2025-11-19T16:21:56.460658,,0,0,2025-11-19T16:21:56.460658
EXT-02978,พื้นที่เสี่ยงภัยดินถล่ม,กรมทรัพยากรธรณี,ไม่มีข้อมูล | รายละเอียด: สถานที่ราชการ,,,"18.10363391223689,101.1595814995231",ไม่มีข้อมูล,ม่วงเจ็ดต้น,บ้านโคก,อุตรดิตถ์,2025-11-19T16:21:56.460658,,0,0,2025-11-19T16:21:56.460658
EXT-02979,พื้นที่เสี่ยงภัยดินถล่ม,กรมทรัพยากรธรณี,โรงพยาบาลส่งเสริมสุขภาพตำบล | รายละเอียด: โรงพยาบาล,,,"18.09317530204649,101.12664529767396",โรงพยาบาลส่งเสริมสุขภาพตำบล,ม่วงเจ็ดต้น,บ้านโคก,อุตรดิตถ์,2025-11-19T16:21:56.460658,,0,0,2025-11-19T16:21:56.460658
EXT-02980,พื้นที่เสี่ยงภัยดินถล่ม,กรมทรัพยากรธรณี,ไม่มีข้อมูล | รายละเอียด: สถานที่ราชการ,,,"18.09862295609273,101.12603367059474",ไม่มีข้อมูล,ม่วงเจ็ดต้น,บ้านโคก,อุตรดิตถ์,2025-11-19T16:21:56.460658,,0,0,2025-11-19T16:21:56.460658
EXT-02981,พื้นที่เสี่ยงภัยดินถล่ม,กรมทรัพยากรธรณี,โรงเรียนวัดจอมแจ้ง | รายละเอียด: โรงเรียน,,,"18.08766106640734,101.12695943009456",โรงเรียนวัดจอมแจ้ง,ม่วงเจ็ดต้น,บ้านโคก,อุตรดิตถ์,2025-11-19T16:21:56.460658,,0,0,2025-11-19T16:21:56.460658
EXT-02982,พื้นที่เสี่ยงภัยดินถล่ม,กรมทรัพยากรธรณี,บ้านม่วงเจ็ดต้น | รายละเอียด: วัด,,,"18.09033449396378,101.12594655066721",บ้านม่วงเจ็ดต้น,ม่วงเจ็ดต้น,บ้านโคก,อุตรดิตถ์,2025-11-19T16:21:56.460658,,0,0,2025-11-19T16:21:56.460658
EXT-02983,พื้นที่เสี่ยงภัยดินถล่ม,กรมทรัพยากรธรณี,บ้านหัวยยศ | รายละเอียด: โรงเรียน,,,"18.10728587631913,101.09495380517875",บ้านหัวยยศ,ม่วงเจ็ดต้น,บ้านโคก,อุตรดิตถ์,2025-11-19T16:21:56.460658,,0,0,2025-11-19T16:21:56.460658
EXT-02984,พื้นที่เสี่ยงภัยดินถล่ม,กรมทรัพยากรธรณี,บ้านหัวยยศ | รายละเอียด: สำนักสงฆ์,,,"18.106784251920345,101.09514693605355",บ้านหัวยยศ,ม่วงเจ็ดต้น,บ้านโคก,อุตรดิตถ์,2025-11-19T16:21:56.460658,,0,0,2025-11-19T16:21:56.460658
EXT-02985,พื้นที่เสี่ยงภัยดินถล่ม,กรมทรัพยากรธรณี,บ้านหัวยยศ | รายละเอียด: โรงเรียน,,,"18.10814408217315,101.09550743881937",บ้านหัวยยศ,ม่วงเจ็ดต้น,บ้านโคก,อุตรดิตถ์,2025-11-19T16:21:56.460658,,0,0,2025-11-19T16:21:56.460658
EXT-02986,พื้นที่เสี่ยงภัยดินถล่ม,กรมทรัพยากรธรณี,บ้านหัวยยศ | รายละเอียด: ศูนย์ปฏิบัติธรรม,,,"18.107915491523876,101.0883019697996",บ้านหัวยยศ,ม่วงเจ็ดต้น,บ้านโคก,อุตรดิตถ์,2025-11-19T16:21:56.460658,,0,0,2025-11-19T16:21:56.460658
EXT-02987,พื้นที่เสี่ยงภัยดินถล่ม,กรมทรัพยากรธรณี,ศาลาอเนกประสงค์ | รายละเอียด: ศาลาอเนกประสงค์,,,"18.10432956550238,101.05795764889847",ศาลาอเนกประสงค์,ม่วงเจ็ดต้น,บ้านโคก,อุตรดิตถ์,2025-11-19T16:21:56.460658,,0,0,2025-11-19T16:21:56.460658
EXT-02988,พื้นที่เสี่ยงภัยดินถล่ม,กรมทรัพยากรธรณี,ไม่มีข้อมูล | รายละเอียด: สถานที่ราชการ,,,"18.11176738373337,101.03820188807606",ไม่มีข้อมูล,ม่วงเจ็ดต้น,บ้านโคก,อุตรดิตถ์,2025-11-19T16:21:56.460658,,0,0,2025-11-19T16:21:56.460658
EXT-02989,พื้นที่เสี่ยงภัยดินถล่ม,กรมทรัพยากรธรณี,โรงพยาบาลส่งเสริมสุขภาพ | รายละเอียด: โรงพยาบาล,,,"18.109844345977102,101.04117209615244",โรงพยาบาลส่งเสริมสุขภาพ,ม่วงเจ็ดต้น,บ้านโคก,อุตรดิตถ์,2025-11-19T16:21:56.460658,,0,0,2025-11-19T16:21:56.460658
EXT-02990,พื้นที่เสี่ยงภัยดินถล่ม,กรมทรัพยากรธรณี,ไม่มีข้อมูล | รายละเอียด: สำนักสงฆ์,,,"18.107910222472,101.03902640135125",ไม่มีข้อมูล,ม่วงเจ็ดต้น,บ้านโคก,อุตรดิตถ์,2025-11-19T16:21:56.460658,,0,0,2025-11-19T16:21:56.460658
EXT-02991,พื้นที่เสี่ยงภัยดินถล่ม,กรมทรัพยากรธรณี,บ้านน้ำลัด | รายละเอียด: โรงเรียน,,,"18.162456851214266,101.04510103698618",บ้านน้ำลัด,บ่อเบี้ย,บ้านโคก,อุตรดิตถ์,2025-11-19T16:21:56.460658,,0,0,2025-11-19T16:21:56.460658
EXT-02992,พื้นที่เสี่ยงภัยดินถล่ม,กรมทรัพยากรธรณี,ไม่มีข้อมูล | รายละเอียด: สำนักสงฆ์,,,"18.163695712285886,101.04400125505614",ไม่มีข้อมูล,บ่อเบี้ย,บ้านโคก,อุตรดิตถ์,2025-11-19T16:21:56.460658,,0,0,2025-11-19T16:21:56.460658
EXT-02993,พื้นที่เสี่ยงภัยดินถล่ม,กรมทรัพยากรธรณี,บ้านห้วยน้อยกา | รายละเอียด: โรงเรียน,,,"18.10983273624463,101.04029419635218",บ้านห้วยน้อยกา,ม่วงเจ็ดต้น,บ้านโคก,อุตรดิตถ์,2025-11-19T16:21:56.460658,,0,0,2025-11-19T16:21:56.460658
EXT-02994,พื้นที่เสี่ยงภัยดินถล่ม,กรมทรัพยากรธรณี,วัดม่อนปรางค์ | รายละเอียด: วัด,,,"17.658969927063158,100.0366706460396",วัดม่อนปรางค์,ศรีพนมมาศ,ลับแล,อุตรดิตถ์,2025-11-19T16:21:56.460658,,0,0,2025-11-19T16:21:56.460658
EXT-02995,พื้นที่เสี่ยงภัยดินถล่ม,กรมทรัพยากรธรณี,โรงเรียนเทศบาลศรีพนมมาศพิทยากร | รายละเอียด: โรงเรียน,,,"17.652086660265116,100.0391069303564",โรงเรียนเทศบาลศรีพนมมาศพิทยากร,ศรีพนมมาศ,ลับแล,อุตรดิตถ์,2025-11-19T16:21:56.460658,,0,0,2025-11-19T16:21:56.460658
EXT-02996,พื้นที่เสี่ยงภัยดินถล่ม,กรมทรัพยากรธรณี,โรงเรียนบ้านห้วยก้านเหลือง | รายละเอียด: โรงเรียน,,,"18.08227399138642,100.98238361451877",โรงเรียนบ้านห้วยก้านเหลือง,ฟากท่า,ฟากท่า,อุตรดิตถ์,2025-11-19T16:21:56.460658,,0,0,2025-11-19T16:21:56.460658
EXT-02997,พื้นที่เสี่ยงภัยดินถล่ม,กรมทรัพยากรธรณี,ไม่มีข้อมูล | รายละเอียด: ไม่มีข้อมูล,,,"18.068613352370026,100.95244790242022",ไม่มีข้อมูล,ฟากท่า,ฟากท่า,อุตรดิตถ์,2025-11-19T16:21:56.460658,,0,0,2025-11-19T16:21:56.460658
EXT-02998,พื้นที่เสี่ยงภัยดินถล่ม,กรมทรัพยากรธรณี,โรงเรียนบ้านห้วยไผ่ | รายละเอียด: โรงเรียน,,,"18.057126616800318,100.7369270122704",โรงเรียนบ้านห้วยไผ่,ท่าแฝก,ท่าปลา,อุตรดิตถ์,2025-11-19T16:21:56.460658,,0,0,2025-11-19T16:21:56.460658
EXT-02999,พื้นที่เสี่ยงภัยดินถล่ม,กรมทรัพยากรธรณี,สำนักสงฆ์บ้านห้วยไผ่ | รายละเอียด: วัด,,,"18.05561133940884,100.73575385105504",สำนักสงฆ์บ้านห้วยไผ่,ท่าแฝก,ท่าปลา,อุตรดิตถ์,2025-11-19T16:21:56.460658,,0,0,2025-11-19T16:21:56.460658
EXT-03000,พื้นที่เสี่ยงภัยดินถล่ม,กรมทรัพยากรธรณี,วัดนาไพร | รายละเอียด: วัด,,,"18.046453162331908,100.90882417471846",วัดนาไพร,ฟากท่า,ฟากท่า,อุตรดิตถ์,2025-11-19T16:21:56.460658,,0,0,2025-11-19T16:21:56.460658
EXT-03001,พื้นที่เสี่ยงภัยดินถล่ม,กรมทรัพยากรธรณี,โรงเรียนบ้านนาไพร | รายละเอียด: โรงเรียน,,,"18.043536469271565,100.90604441622645",โรงเรียนบ้านนาไพร,ฟากท่า,ฟากท่า,อุตรดิตถ์,2025-11-19T16:21:56.460658,,0,0,2025-11-19T16:21:56.460658
EXT-03002,พื้นที่เสี่ยงภัยดินถล่ม,กรมทรัพยากรธรณี,วัดกกต้อง | รายละเอียด: วัด,,,"18.03944462687416,100.89516443129347",วัดกกต้อง,ฟากท่า,ฟากท่า,อุตรดิตถ์,2025-11-19T16:21:56.460658,,0,0,2025-11-19T16:21:56.460658
EXT-03003,พื้นที่เสี่ยงภัยดินถล่ม,กรมทรัพยากรธรณี,โรงเรียนบ้านกกต้อง | รายละเอียด: โรงเรียน,,,"18.037479727676573,100.89987010172081",โรงเรียนบ้านกกต้อง,ฟากท่า,ฟากท่า,อุตรดิตถ์,2025-11-19T16:21:56.460658,,0,0,2025-11-19T16:21:56.460658
EXT-03004,พื้นที่เสี่ยงภัยดินถล่ม,กรมทรัพยากรธรณี,วัดฟากนา | รายละเอียด: วัด,,,"18.0373763828741,100.90738460912083",วัดฟากนา,ฟากท่า,ฟากท่า,อุตรดิตถ์,2025-11-19T16:21:56.460658,,0,0,2025-11-19T16:21:56.460658
EXT-03005,พื้นที่เสี่ยงภัยดินถล่ม,กรมทรัพยากรธรณี,สำนักสงฆ์ | รายละเอียด: วัด,,,"17.90234761543299,100.97943239818349",สำนักสงฆ์,นาขุม,บ้านโคก,อุตรดิตถ์,2025-11-19T16:21:56.460658,,0,0,2025-11-19T16:21:56.460658
EXT-03006,พื้นที่เสี่ยงภัยดินถล่ม,กรมทรัพยากรธรณี,โรงเรียนบ้านโป่งพาน | รายละเอียด: โรงเรียน,,,"17.889707832147696,100.9777282165589",โรงเรียนบ้านโป่งพาน,ห้วยมุ่น,น้ำปาด,อุตรดิตถ์,2025-11-19T16:21:56.460658,,0,0,2025-11-19T16:21:56.460658
EXT-03007,พื้นที่เสี่ยงภัยดินถล่ม,กรมทรัพยากรธรณี,สถานีอนามัย | รายละเอียด: สถานีอนามัย,,,"17.8878159185581,100.97765123310784",สถานีอนามัย,ห้วยมุ่น,น้ำปาด,อุตรดิตถ์,2025-11-19T16:21:56.460658,,0,0,2025-11-19T16:21:56.460658
EXT-03008,พื้นที่เสี่ยงภัยดินถล่ม,กรมทรัพยากรธรณี,โรงเรียนบ้านนาหน๋า | รายละเอียด: โรงเรียน,,,"18.023523704365104,100.8955971744672",โรงเรียนบ้านนาหน๋า,ฟากท่า,ฟากท่า,อุตรดิตถ์,2025-11-19T16:21:56.460658,,0,0,2025-11-19T16:21:56.460658
EXT-03009,พื้นที่เสี่ยงภัยดินถล่ม,กรมทรัพยากรธรณี,วัดนาหน๋า | รายละเอียด: วัด,,,"18.022108472273086,100.89515531365515",วัดนาหน๋า,ฟากท่า,ฟากท่า,อุตรดิตถ์,2025-11-19T16:21:56.460658,,0,0,2025-11-19T16:21:56.460658
EXT-03010,พื้นที่เสี่ยงภัยดินถล่ม,กรมทรัพยากรธรณี,โรงเรียนบ้านห้วยใส | รายละเอียด: โรงเรียน,,,"18.015473776151016,100.86186600014621",โรงเรียนบ้านห้วยใส,สองคอน,ฟากท่า,อุตรดิตถ์,2025-11-19T16:21:56.460658,,0,0,2025-11-19T16:21:56.460658
EXT-03011,พื้นที่เสี่ยงภัยดินถล่ม,กรมทรัพยากรธรณี,วัดห้วยใส | รายละเอียด: วัด,,,"18.01538552737706,100.85612079227892",วัดห้วยใส,สองคอน,ฟากท่า,อุตรดิตถ์,2025-11-19T16:21:56.460658,,0,0,2025-11-19T16:21:56.460658
EXT-03012,พื้นที่เสี่ยงภัยดินถล่ม,กรมทรัพยากรธรณี,สถานีอนามัยห้วยใส | รายละเอียด: สถานีอนามัย,,,"18.013954793768395,100.85563424992937",สถานีอนามัยห้วยใส,สองคอน,ฟากท่า,อุตรดิตถ์,2025-11-19T16:21:56.460658,,0,0,2025-11-19T16:21:56.460658
EXT-03013,พื้นที่เสี่ยงภัยดินถล่ม,กรมทรัพยากรธรณี,โรงพยาบาลฟากท่า | รายละเอียด: โรงพยาบาล,,,"18.002875812847797,100.88313984693316",โรงพยาบาลฟากท่า,ฟากท่า,ฟากท่า,อุตรดิตถ์,2025-11-19T16:21:56.460658,,0,0,2025-11-19T16:21:56.460658
EXT-03014,พื้นที่เสี่ยงภัยดินถล่ม,กรมทรัพยากรธรณี,วัดโพธิ์ชัย | รายละเอียด: วัด,,,"18.00176336416533,100.88407460771381",วัดโพธิ์ชัย,ฟากท่า,ฟากท่า,อุตรดิตถ์,2025-11-19T16:21:56.460658,,0,0,2025-11-19T16:21:56.460658
EXT-03015,พื้นที่เสี่ยงภัยดินถล่ม,กรมทรัพยากรธรณี,โรงเรียนวัดโพธิ์ชัย | รายละเอียด: โรงเรียน,,,"18.00111021948874,100.88283724375901",โรงเรียนวัดโพธิ์ชัย,ฟากท่า,ฟากท่า,อุตรดิตถ์,2025-11-19T16:21:56.460658,,0,0,2025-11-19T16:21:56.460658
EXT-03016,พื้นที่เสี่ยงภัยดินถล่ม,กรมทรัพยากรธรณี,วัดวังขวัญ | รายละเอียด: วัด,,,"17.996137879943344,100.87852087192041",วัดวังขวัญ,ฟากท่า,ฟากท่า,อุตรดิตถ์,2025-11-19T16:21:56.460658,,0,0,2025-11-19T16:21:56.460658
EXT-03017,พื้นที่เสี่ยงภัยดินถล่ม,กรมทรัพยากรธรณี,วัดโพธิ์เตีย | รายละเอียด: วัด,,,"17.995976764126628,100.87486752501133",วัดโพธิ์เตีย,ฟากท่า,ฟากท่า,อุตรดิตถ์,2025-11-19T16:21:56.460658,,0,0,2025-11-19T16:21:56.460658
EXT-03018,พื้นที่เสี่ยงภัยดินถล่ม,กรมทรัพยากรธรณี,โรงเรียนวัดวังขวัญ | รายละเอียด: โรงเรียน,,,"17.994884291787383,100.87642567986752",โรงเรียนวัดวังขวัญ,ฟากท่า,ฟากท่า,อุตรดิตถ์,2025-11-19T16:21:56.461657,,0,0,2025-11-19T16:21:56.461657
EXT-03019,พื้นที่เสี่ยงภัยดินถล่ม,กรมทรัพยากรธรณี,อำเภอฟากท่า | รายละเอียด: สถานที่ราชการ,,,"17.99227057931021,100.87926653106123",อำเภอฟากท่า,ฟากท่า,ฟากท่า,อุตรดิตถ์,2025-11-19T16:21:56.461657,,0,0,2025-11-19T16:21:56.461657
EXT-03020,พื้นที่เสี่ยงภัยดินถล่ม,กรมทรัพยากรธรณี,โรงเรียนวัดโพนดู่ | รายละเอียด: โรงเรียน,,,"17.98138056284311,100.87353083206935",โรงเรียนวัดโพนดู่,สองคอน,ฟากท่า,อุตรดิตถ์,2025-11-19T16:21:56.461657,,0,0,2025-11-19T16:21:56.461657
EXT-03021,พื้นที่เสี่ยงภัยดินถล่ม,กรมทรัพยากรธรณี,สถานีอนามัย | รายละเอียด: สถานีอนามัย,,,"17.98101158939076,100.87303010166553",สถานีอนามัย,สองคอน,ฟากท่า,อุตรดิตถ์,2025-11-19T16:21:56.461657,,0,0,2025-11-19T16:21:56.461657
EXT-03022,พื้นที่เสี่ยงภัยดินถล่ม,กรมทรัพยากรธรณี,วัดโพนดู่ | รายละเอียด: วัด,,,"17.98006152942698,100.87235802701568",วัดโพนดู่,สองคอน,ฟากท่า,อุตรดิตถ์,2025-11-19T16:21:56.461657,,0,0,2025-11-19T16:21:56.461657
EXT-03023,พื้นที่เสี่ยงภัยดินถล่ม,กรมทรัพยากรธรณี,โรงเรียนบ้านไร่ตีนตก | รายละเอียด: โรงเรียน,,,"17.97753985681613,100.85365253595461",โรงเรียนบ้านไร่ตีนตก,สองคอน,ฟากท่า,อุตรดิตถ์,2025-11-19T16:21:56.461657,,0,0,2025-11-19T16:21:56.461657
EXT-03024,พื้นที่เสี่ยงภัยดินถล่ม,กรมทรัพยากรธรณี,วัดสว่างหนองบัว | รายละเอียด: วัด,,,"17.969550953321214,100.86671215541631",วัดสว่างหนองบัว,สองคอน,ฟากท่า,อุตรดิตถ์,2025-11-19T16:21:56.461657,,0,0,2025-11-19T16:21:56.461657
EXT-03025,พื้นที่เสี่ยงภัยดินถล่ม,กรมทรัพยากรธรณี,โรงเรียนวัดวังกอก | รายละเอียด: โรงเรียน,,,"17.961138935699015,100.86513580941333",โรงเรียนวัดวังกอก,สองคอน,ฟากท่า,อุตรดิตถ์,2025-11-19T16:21:56.461657,,0,0,2025-11-19T16:21:56.461657
EXT-03026,พื้นที่เสี่ยงภัยดินถล่ม,กรมทรัพยากรธรณี,วัดวังกอง | รายละเอียด: วัด,,,"17.95648090979984,100.86284616637973",วัดวังกอง,สองคอน,ฟากท่า,อุตรดิตถ์,2025-11-19T16:21:56.461657,,0,0,2025-11-19T16:21:56.461657
EXT-03027,พื้นที่เสี่ยงภัยดินถล่ม,กรมทรัพยากรธรณี,สำนักสงฆ์ | รายละเอียด: วัด,,,"17.943263801924207,100.85556645961366",สำนักสงฆ์,บ้านเสี้ยว,ฟากท่า,อุตรดิตถ์,2025-11-19T16:21:56.461657,,0,0,2025-11-19T16:21:56.461657
EXT-03028,พื้นที่เสี่ยงภัยดินถล่ม,กรมทรัพยากรธรณี,โรงเรียนบ้านห้วยลึก | รายละเอียด: โรงเรียน,,,"17.936746706192665,100.8469900081391",โรงเรียนบ้านห้วยลึก,บ้านเสี้ยว,ฟากท่า,อุตรดิตถ์,2025-11-19T16:21:56.461657,,0,0,2025-11-19T16:21:56.461657
EXT-03029,พื้นที่เสี่ยงภัยดินถล่ม,กรมทรัพยากรธรณี,วัดบ้านห้วยลึก | รายละเอียด: วัด,,,"17.935759072403773,100.84681281299483",วัดบ้านห้วยลึก,บ้านเสี้ยว,ฟากท่า,อุตรดิตถ์,2025-11-19T16:21:56.461657,,0,0,2025-11-19T16:21:56.461657
EXT-03030,พื้นที่เสี่ยงภัยดินถล่ม,กรมทรัพยากรธรณี,วัดวังอ้อ | รายละเอียด: วัด,,,"17.922730129363075,100.83698712393755",วัดวังอ้อ,บ้านเสี้ยว,ฟากท่า,อุตรดิตถ์,2025-11-19T16:21:56.461657,,0,0,2025-11-19T16:21:56.461657
EXT-03031,พื้นที่เสี่ยงภัยดินถล่ม,กรมทรัพยากรธรณี,โรงเรียนวัดวังอ้อ | รายละเอียด: โรงเรียน,,,"17.922045466395527,100.83701545788685",โรงเรียนวัดวังอ้อ,บ้านเสี้ยว,ฟากท่า,อุตรดิตถ์,2025-11-19T16:21:56.461657,,0,0,2025-11-19T16:21:56.461657
EXT-03032,พื้นที่เสี่ยงภัยดินถล่ม,กรมทรัพยากรธรณี,โรงเรียนบ้านหัวทุ่ง | รายละเอียด: โรงเรียน,,,"17.91567837442857,100.83195783175663",โรงเรียนบ้านหัวทุ่ง,บ้านเสี้ยว,ฟากท่า,อุตรดิตถ์,2025-11-19T16:21:56.461657,,0,0,2025-11-19T16:21:56.461657
EXT-03033,พื้นที่เสี่ยงภัยดินถล่ม,กรมทรัพยากรธรณี,วัดหัวทุ่ง | รายละเอียด: วัด,,,"17.910930454561328,100.83316246389677",วัดหัวทุ่ง,บ้านเสี้ยว,ฟากท่า,อุตรดิตถ์,2025-11-19T16:21:56.461657,,0,0,2025-11-19T16:21:56.461657
EXT-03034,พื้นที่เสี่ยงภัยดินถล่ม,กรมทรัพยากรธรณี,โรงเรียนบ้านนาไร่เดียว | รายละเอียด: โรงเรียน,,,"17.907937366438357,100.80820744967053",โรงเรียนบ้านนาไร่เดียว,สองห้อง,ฟากท่า,อุตรดิตถ์,2025-11-19T16:21:56.461657,,0,0,2025-11-19T16:21:56.461657
EXT-03035,พื้นที่เสี่ยงภัยดินถล่ม,กรมทรัพยากรธรณี,วัดนาไร่เดียว | รายละเอียด: วัด,,,"17.907452613256442,100.80373212599602",วัดนาไร่เดียว,สองห้อง,ฟากท่า,อุตรดิตถ์,2025-11-19T16:21:56.461657,,0,0,2025-11-19T16:21:56.461657
EXT-03036,พื้นที่เสี่ยงภัยดินถล่ม,กรมทรัพยากรธรณี,สถานีอนามัย | รายละเอียด: สถานีอนามัย,,,"17.906203492355488,100.82336513739591",สถานีอนามัย,บ้านเสี้ยว,ฟากท่า,อุตรดิตถ์,2025-11-19T16:21:56.461657,,0,0,2025-11-19T16:21:56.461657
EXT-03037,พื้นที่เสี่ยงภัยดินถล่ม,กรมทรัพยากรธรณี,โรงเรียนชุมชนวัดมหาธาตุ | รายละเอียด: โรงเรียน,,,"17.905005572895078,100.82296655281591",โรงเรียนชุมชนวัดมหาธาตุ,บ้านเสี้ยว,ฟากท่า,อุตรดิตถ์,2025-11-19T16:21:56.461657,,0,0,2025-11-19T16:21:56.461657
EXT-03038,พื้นที่เสี่ยงภัยดินถล่ม,กรมทรัพยากรธรณี,วัดมหาธษตุ | รายละเอียด: วัด,,,"17.90413121737459,100.82455663404654",วัดมหาธษตุ,บ้านเสี้ยว,ฟากท่า,อุตรดิตถ์,2025-11-19T16:21:56.461657,,0,0,2025-11-19T16:21:56.461657
EXT-03039,พื้นที่เสี่ยงภัยดินถล่ม,กรมทรัพยากรธรณี,วัดบ้านลุ่ม | รายละเอียด: วัด,,,"17.903272761162278,100.82986332855212",วัดบ้านลุ่ม,บ้านเสี้ยว,ฟากท่า,อุตรดิตถ์,2025-11-19T16:21:56.461657,,0,0,2025-11-19T16:21:56.461657
EXT-03040,พื้นที่เสี่ยงภัยดินถล่ม,กรมทรัพยากรธรณี,วัดน้อย | รายละเอียด: วัด,,,"17.90016226715276,100.82471244784388",วัดน้อย,บ้านเสี้ยว,ฟากท่า,อุตรดิตถ์,2025-11-19T16:21:56.461657,,0,0,2025-11-19T16:21:56.461657
EXT-03041,พื้นที่เสี่ยงภัยดินถล่ม,กรมทรัพยากรธรณี,โรงเรียนบ้านเดิน | รายละเอียด: โรงเรียน,,,"17.889477418537957,100.82312758311971",โรงเรียนบ้านเดิน,สองห้อง,ฟากท่า,อุตรดิตถ์,2025-11-19T16:21:56.461657,,0,0,2025-11-19T16:21:56.461657
EXT-03042,พื้นที่เสี่ยงภัยดินถล่ม,กรมทรัพยากรธรณี,วัดบ้านเดิน | รายละเอียด: วัด,,,"17.88833220085695,100.8234927536836",วัดบ้านเดิน,สองห้อง,ฟากท่า,อุตรดิตถ์,2025-11-19T16:21:56.461657,,0,0,2025-11-19T16:21:56.461657
EXT-03043,พื้นที่เสี่ยงภัยดินถล่ม,กรมทรัพยากรธรณี,วัดโพนลาน | รายละเอียด: วัด,,,"17.887191789905756,100.79477092973275",วัดโพนลาน,สองห้อง,ฟากท่า,อุตรดิตถ์,2025-11-19T16:21:56.461657,,0,0,2025-11-19T16:21:56.461657
EXT-03044,พื้นที่เสี่ยงภัยดินถล่ม,กรมทรัพยากรธรณี,โรงเรียนบ้านซำบอน | รายละเอียด: โรงเรียน,,,"17.886744685545143,100.79610404686295",โรงเรียนบ้านซำบอน,สองห้อง,ฟากท่า,อุตรดิตถ์,2025-11-19T16:21:56.461657,,0,0,2025-11-19T16:21:56.461657
EXT-03045,พื้นที่เสี่ยงภัยดินถล่ม,กรมทรัพยากรธรณี,โรงเรียนบ้านนาแซง | รายละเอียด: โรงเรียน,,,"17.883175711181455,100.81706128146072",โรงเรียนบ้านนาแซง,สองห้อง,ฟากท่า,อุตรดิตถ์,2025-11-19T16:21:56.461657,,0,0,2025-11-19T16:21:56.461657
EXT-03046,พื้นที่เสี่ยงภัยดินถล่ม,กรมทรัพยากรธรณี,โรงพยาบาลส่งเสริมสุขภาพตำบลสองห้อง | รายละเอียด: โรงพยาบาล,,,"17.866356127531898,100.80767671439332",โรงพยาบาลส่งเสริมสุขภาพตำบลสองห้อง,สองห้อง,ฟากท่า,อุตรดิตถ์,2025-11-19T16:21:56.461657,,0,0,2025-11-19T16:21:56.461657
EXT-03047,พื้นที่เสี่ยงภัยดินถล่ม,กรมทรัพยากรธรณี,หน่วยบริการประชาชนตำบลสองห้อง | รายละเอียด: สถานที่ราชการ,,,"17.8706814639544,100.80599375768136",หน่วยบริการประชาชนตำบลสองห้อง,สองห้อง,ฟากท่า,อุตรดิตถ์,2025-11-19T16:21:56.461657,,0,0,2025-11-19T16:21:56.461657
EXT-03048,พื้นที่เสี่ยงภัยดินถล่ม,กรมทรัพยากรธรณี,โรงเรียนวัดหนองหิน | รายละเอียด: โรงเรียน,,,"17.868055588133917,100.80660883168085",โรงเรียนวัดหนองหิน,สองห้อง,ฟากท่า,อุตรดิตถ์,2025-11-19T16:21:56.461657,,0,0,2025-11-19T16:21:56.461657
EXT-03049,พื้นที่เสี่ยงภัยดินถล่ม,กรมทรัพยากรธรณี,โรงเรียนบ้านชำบอน | รายละเอียด: โรงเรียน,,,"17.886911975574055,100.79584386905876",โรงเรียนบ้านชำบอน,สองห้อง,ฟากท่า,อุตรดิตถ์,2025-11-19T16:21:56.461657,,0,0,2025-11-19T16:21:56.461657
EXT-03050,พื้นที่เสี่ยงภัยดินถล่ม,กรมทรัพยากรธรณี,โรงเรียนบ้านนาแซง | รายละเอียด: โรงเรียน,,,"17.88416851661197,100.81596263113815",โรงเรียนบ้านนาแซง,สองห้อง,ฟากท่า,อุตรดิตถ์,2025-11-19T16:21:56.461657,,0,0,2025-11-19T16:21:56.461657
EXT-03051,พื้นที่เสี่ยงภัยดินถล่ม,กรมทรัพยากรธรณี,โรงเรียนบ้านเดิ่น | รายละเอียด: โรงเรียน,,,"17.888491483683286,100.82228180479014",โรงเรียนบ้านเดิ่น,สองห้อง,ฟากท่า,อุตรดิตถ์,2025-11-19T16:21:56.461657,,0,0,2025-11-19T16:21:56.461657
EXT-03052,พื้นที่เสี่ยงภัยดินถล่ม,กรมทรัพยากรธรณี,องค์การบริหารส่วนตำบลสองห้อง | รายละเอียด: สถานที่ราชการ,,,"17.884369616349158,100.81668182706548",องค์การบริหารส่วนตำบลสองห้อง,สองห้อง,ฟากท่า,อุตรดิตถ์,2025-11-19T16:21:56.461657,,0,0,2025-11-19T16:21:56.461657
EXT-03053,พื้นที่เสี่ยงภัยดินถล่ม,กรมทรัพยากรธรณี,ห้วยเลิศ | รายละเอียด: โรงเรียน,,,"17.893792461666564,100.78056882600575",ห้วยเลิศ,สองห้อง,ฟากท่า,อุตรดิตถ์,2025-11-19T16:21:56.461657,,0,0,2025-11-19T16:21:56.461657
EXT-03054,พื้นที่เสี่ยงภัยดินถล่ม,กรมทรัพยากรธรณี,โรงพยาบาลส่งเสริมสุขภาพตำบลแสนตอ | รายละเอียด: โรงพยาบาล,,,"17.661096948762182,100.3069225452575",โรงพยาบาลส่งเสริมสุขภาพตำบลแสนตอ,แสนตอ,เมืองอุตรดิตถ์,อุตรดิตถ์,2025-11-19T16:21:56.461657,,0,0,2025-11-19T16:21:56.461657
EXT-03055,พื้นที่เสี่ยงภัยดินถล่ม,กรมทรัพยากรธรณี,หน่วยบริการประชาชนแสนตอ | รายละเอียด: สถานที่ราชการ,,,"17.663228718417063,100.29750204104037",หน่วยบริการประชาชนแสนตอ,แสนตอ,เมืองอุตรดิตถ์,อุตรดิตถ์,2025-11-19T16:21:56.461657,,0,0,2025-11-19T16:21:56.461657
EXT-03056,พื้นที่เสี่ยงภัยดินถล่ม,กรมทรัพยากรธรณี,โรงเรียนแสนตอวิทยา | รายละเอียด: โรงเรียน,,,"17.660187436453107,100.32133817868436",โรงเรียนแสนตอวิทยา,แสนตอ,เมืองอุตรดิตถ์,อุตรดิตถ์,2025-11-19T16:21:56.461657,,0,0,2025-11-19T16:21:56.461657
EXT-03057,พื้นที่เสี่ยงภัยดินถล่ม,กรมทรัพยากรธรณี,โรงเรียนวัดดอยแก้ว | รายละเอียด: โรงเรียน,,,"17.661006608117866,100.30827928557864",โรงเรียนวัดดอยแก้ว,แสนตอ,เมืองอุตรดิตถ์,อุตรดิตถ์,2025-11-19T16:21:56.461657,,0,0,2025-11-19T16:21:56.461657
EXT-03058,พื้นที่เสี่ยงภัยดินถล่ม,กรมทรัพยากรธรณี,องค์การบริหารส่วนตำบลแสนตอ | รายละเอียด: สถานที่ราชการ,,,"17.66405828619608,100.29778135726788",องค์การบริหารส่วนตำบลแสนตอ,แสนตอ,เมืองอุตรดิตถ์,อุตรดิตถ์,2025-11-19T16:21:56.461657,,0,0,2025-11-19T16:21:56.461657
EXT-03059,พื้นที่เสี่ยงภัยดินถล่ม,กรมทรัพยากรธรณี,"สะพานข้ามแม่น้ำน่าน, คลองสรวง, คลองสิงห์ | รายละเอียด: สะพาน",,,"17.66530630157069,100.29819246744324","สะพานข้ามแม่น้ำน่าน, คลองสรวง, คลองสิงห์",แสนตอ,เมืองอุตรดิตถ์,อุตรดิตถ์,2025-11-19T16:21:56.461657,,0,0,2025-11-19T16:21:56.461657
EXT-03060,พื้นที่เสี่ยงภัยดินถล่ม,กรมทรัพยากรธรณี,สถานีอนามัย ต.หาดงิ้ว | รายละเอียด: สถานีอนามัย,,,"17.67146940082358,100.33129191318494",สถานีอนามัย ต.หาดงิ้ว,หาดงิ้ว,เมืองอุตรดิตถ์,อุตรดิตถ์,2025-11-19T16:21:56.461657,,0,0,2025-11-19T16:21:56.461657
EXT-03061,พื้นที่เสี่ยงภัยดินถล่ม,กรมทรัพยากรธรณี,ป้อมตำรวจนาน้อย | รายละเอียด: ป้อมตำรวจ,,,"17.70263071377655,100.32048870175193",ป้อมตำรวจนาน้อย,หาดงิ้ว,เมืองอุตรดิตถ์,อุตรดิตถ์,2025-11-19T16:21:56.461657,,0,0,2025-11-19T16:21:56.461657
EXT-03062,พื้นที่เสี่ยงภัยดินถล่ม,กรมทรัพยากรธรณี,โรงเรียนบ้านหาดงิ้ว | รายละเอียด: โรงเรียน,,,"17.670905597319038,100.33157459474893",โรงเรียนบ้านหาดงิ้ว,หาดงิ้ว,เมืองอุตรดิตถ์,อุตรดิตถ์,2025-11-19T16:21:56.461657,,0,0,2025-11-19T16:21:56.461657
EXT-03063,พื้นที่เสี่ยงภัยดินถล่ม,กรมทรัพยากรธรณี,รร.บ้านวังแดง | รายละเอียด: โรงเรียน,,,"17.680205202346926,100.34389298087392",รร.บ้านวังแดง,หาดงิ้ว,เมืองอุตรดิตถ์,อุตรดิตถ์,2025-11-19T16:21:56.461657,,0,0,2025-11-19T16:21:56.461657
EXT-03064,พื้นที่เสี่ยงภัยดินถล่ม,กรมทรัพยากรธรณี,รร.ช่องลม | รายละเอียด: โรงเรียน,,,"17.664134679966498,100.333687347879",รร.ช่องลม,หาดงิ้ว,เมืองอุตรดิตถ์,อุตรดิตถ์,2025-11-19T16:21:56.461657,,0,0,2025-11-19T16:21:56.461657
EXT-03065,พื้นที่เสี่ยงภัยดินถล่ม,กรมทรัพยากรธรณี,อบต. หาดงิ้ว | รายละเอียด: สถานที่ราชการ,,,"17.671691197890777,100.33202707070825",อบต. หาดงิ้ว,หาดงิ้ว,เมืองอุตรดิตถ์,อุตรดิตถ์,2025-11-19T16:21:56.461657,,0,0,2025-11-19T16:21:56.461657
EXT-03066,พื้นที่เสี่ยงภัยดินถล่ม,กรมทรัพยากรธรณี,สะพานข้ามแม่น้ำน่าน | รายละเอียด: สะพาน,,,"17.699237044238654,100.31581573518226",สะพานข้ามแม่น้ำน่าน,หาดงิ้ว,เมืองอุตรดิตถ์,อุตรดิตถ์,2025-11-19T16:21:56.461657,,0,0,2025-11-19T16:21:56.461657
EXT-03067,พื้นที่เสี่ยงภัยดินถล่ม,กรมทรัพยากรธรณี,สะพานคลองสิงห์ | รายละเอียด: สะพาน,,,"17.674230522647417,100.3401060955703",สะพานคลองสิงห์,หาดงิ้ว,เมืองอุตรดิตถ์,อุตรดิตถ์,2025-11-19T16:21:56.461657,,0,0,2025-11-19T16:21:56.461657
EXT-03068,พื้นที่เสี่ยงภัยดินถล่ม,กรมทรัพยากรธรณี,สะพานม่อนพระพุทธบาทสี่รอย | รายละเอียด: สะพาน,,,"17.674230522647417,100.3401060955703",สะพานม่อนพระพุทธบาทสี่รอย,หาดงิ้ว,เมืองอุตรดิตถ์,อุตรดิตถ์,2025-11-19T16:21:56.461657,,0,0,2025-11-19T16:21:56.461657
EXT-03069,พื้นที่เสี่ยงภัยดินถล่ม,กรมทรัพยากรธรณี,โรงเรียนชายแดนประชาสรรค์ | รายละเอียด: โรงเรียน,,,"18.057487520437636,102.08787232094672",โรงเรียนชายแดนประชาสรรค์,นาแค,นายูง,อุดรธานี,2025-11-19T16:21:56.461657,,0,0,2025-11-19T16:21:56.461657
EXT-03070,พื้นที่เสี่ยงภัยดินถล่ม,กรมทรัพยากรธรณี,วัดสุวรรณคีรี | รายละเอียด: วัด,,,"18.054577215907724,102.09133449864774",วัดสุวรรณคีรี,นาแค,นายูง,อุดรธานี,2025-11-19T16:21:56.461657,,0,0,2025-11-19T16:21:56.461657
EXT-03071,พื้นที่เสี่ยงภัยดินถล่ม,กรมทรัพยากรธรณี,ศูนย์พัฒนาเด็กเล็กวัดสุวรรณคีรี | รายละเอียด: โรงเรียน,,,"18.059524902862396,102.08505928009549",ศูนย์พัฒนาเด็กเล็กวัดสุวรรณคีรี,นาแค,นายูง,อุดรธานี,2025-11-19T16:21:56.461657,,0,0,2025-11-19T16:21:56.461657
EXT-03072,พื้นที่เสี่ยงภัยดินถล่ม,กรมทรัพยากรธรณี,ศาลาอเนกประสงค์หมู่ 8 | รายละเอียด: ศาลาอเนกประสงค์,,,"18.059915811777618,102.08453942300277",ศาลาอเนกประสงค์หมู่ 8,นาแค,นายูง,อุดรธานี,2025-11-19T16:21:56.461657,,0,0,2025-11-19T16:21:56.461657
EXT-03073,พื้นที่เสี่ยงภัยดินถล่ม,กรมทรัพยากรธรณี,วัดป่าคีรีวงกต | รายละเอียด: วัด,,,"18.07257372087172,102.07451482658936",วัดป่าคีรีวงกต,นาแค,นายูง,อุดรธานี,2025-11-19T16:21:56.461657,,0,0,2025-11-19T16:21:56.461657
EXT-03074,พื้นที่เสี่ยงภัยดินถล่ม,กรมทรัพยากรธรณี,รพ.สต.คีรีวงกต | รายละเอียด: โรงพยาบาล,,,"18.054528441126273,102.0882896502859",รพ.สต.คีรีวงกต,นาแค,นายูง,อุดรธานี,2025-11-19T16:21:56.461657,,0,0,2025-11-19T16:21:56.461657
EXT-03075,พื้นที่เสี่ยงภัยดินถล่ม,กรมทรัพยากรธรณี,วัดพุทโธธัมโมสงโฆนะโมพุทธายะ | รายละเอียด: วัด,,,"18.026969132448286,102.09017072372272",วัดพุทโธธัมโมสงโฆนะโมพุทธายะ,นาแค,นายูง,อุดรธานี,2025-11-19T16:21:56.461657,,0,0,2025-11-19T16:21:56.461657
EXT-03076,พื้นที่เสี่ยงภัยดินถล่ม,กรมทรัพยากรธรณี,วัดป่าบ้านเพิ่ม | รายละเอียด: วัด,,,"18.012720329898055,102.08648011849077",วัดป่าบ้านเพิ่ม,นาแค,นายูง,อุดรธานี,2025-11-19T16:21:56.461657,,0,0,2025-11-19T16:21:56.461657
EXT-03077,พื้นที่เสี่ยงภัยดินถล่ม,กรมทรัพยากรธรณี,วัดทวีวิหาร | รายละเอียด: วัด,,,"17.98321105332732,102.07316117854104",วัดทวีวิหาร,นาแค,นายูง,อุดรธานี,2025-11-19T16:21:56.461657,,0,0,2025-11-19T16:21:56.461657
EXT-03078,พื้นที่เสี่ยงภัยดินถล่ม,กรมทรัพยากรธรณี,โรงเรียนบ้านเพิ่ม (อรุโณอุปถัมภ์) | รายละเอียด: โรงเรียน,,,"17.976653830361613,102.07874771700556",โรงเรียนบ้านเพิ่ม (อรุโณอุปถัมภ์),นาแค,นายูง,อุดรธานี,2025-11-19T16:21:56.461657,,0,0,2025-11-19T16:21:56.461657
EXT-03079,พื้นที่เสี่ยงภัยดินถล่ม,กรมทรัพยากรธรณี,รพ.สต.บ้านเพิ่ม | รายละเอียด: โรงพยาบาล,,,"17.977044614688392,102.07779570904361",รพ.สต.บ้านเพิ่ม,นาแค,นายูง,อุดรธานี,2025-11-19T16:21:56.461657,,0,0,2025-11-19T16:21:56.461657
EXT-03080,พื้นที่เสี่ยงภัยดินถล่ม,กรมทรัพยากรธรณี,ศูนย์พัฒนาเด็กเล็กบ้านเพิ่ม | รายละเอียด: โรงเรียน,,,"17.97627291603556,102.07944444133072",ศูนย์พัฒนาเด็กเล็กบ้านเพิ่ม,นาแค,นายูง,อุดรธานี,2025-11-19T16:21:56.461657,,0,0,2025-11-19T16:21:56.461657
EXT-03081,พื้นที่เสี่ยงภัยดินถล่ม,กรมทรัพยากรธรณี,โรงเรียนบ้านวังแข้ | รายละเอียด: โรงเรียน,,,"17.926552173584106,102.0703959510522",โรงเรียนบ้านวังแข้,นาแค,นายูง,อุดรธานี,2025-11-19T16:21:56.461657,,0,0,2025-11-19T16:21:56.461657
EXT-03082,พื้นที่เสี่ยงภัยดินถล่ม,กรมทรัพยากรธรณี,วัดโชคชัยวัน | รายละเอียด: วัด,,,"17.923533236058635,102.0716556146807",วัดโชคชัยวัน,นาแค,นายูง,อุดรธานี,2025-11-19T16:21:56.461657,,0,0,2025-11-19T16:21:56.461657
EXT-03083,พื้นที่เสี่ยงภัยดินถล่ม,กรมทรัพยากรธรณี,วัดป่านาแค | รายละเอียด: วัด,,,"17.901990321545426,102.08151300691367",วัดป่านาแค,นาแค,นายูง,อุดรธานี,2025-11-19T16:21:56.461657,,0,0,2025-11-19T16:21:56.461657
EXT-03084,พื้นที่เสี่ยงภัยดินถล่ม,กรมทรัพยากรธรณี,รพ.สต.นาแค | รายละเอียด: โรงพยาบาล,,,"17.890611867148152,102.07713953176169",รพ.สต.นาแค,นาแค,นายูง,อุดรธานี,2025-11-19T16:21:56.461657,,0,0,2025-11-19T16:21:56.461657
EXT-03085,พื้นที่เสี่ยงภัยดินถล่ม,กรมทรัพยากรธรณี,โรงเรียนบ้านนาแค | รายละเอียด: โรงเรียน,,,"17.891690352800154,102.0746480064768",โรงเรียนบ้านนาแค,นาแค,นายูง,อุดรธานี,2025-11-19T16:21:56.461657,,0,0,2025-11-19T16:21:56.461657
EXT-03086,พื้นที่เสี่ยงภัยดินถล่ม,กรมทรัพยากรธรณี,วัดโนนศิลา | รายละเอียด: วัด,,,"17.89122446484586,102.0786819138117",วัดโนนศิลา,นาแค,นายูง,อุดรธานี,2025-11-19T16:21:56.461657,,0,0,2025-11-19T16:21:56.461657
EXT-03087,พื้นที่เสี่ยงภัยดินถล่ม,กรมทรัพยากรธรณี,วัดศรีไพรวัลย์ | รายละเอียด: วัด,,,"17.874368051330357,102.09184482283257",วัดศรีไพรวัลย์,นาแค,นายูง,อุดรธานี,2025-11-19T16:21:56.461657,,0,0,2025-11-19T16:21:56.461657
EXT-03088,พื้นที่เสี่ยงภัยดินถล่ม,กรมทรัพยากรธรณี,โรงเรียนบ้านวังบง | รายละเอียด: โรงเรียน,,,"17.873255843715906,102.0923371435548",โรงเรียนบ้านวังบง,นาแค,นายูง,อุดรธานี,2025-11-19T16:21:56.461657,,0,0,2025-11-19T16:21:56.461657
EXT-03089,พื้นที่เสี่ยงภัยดินถล่ม,กรมทรัพยากรธรณี,วัดป่าวังบง | รายละเอียด: วัด,,,"17.859442175645157,102.08171925615912",วัดป่าวังบง,นาแค,นายูง,อุดรธานี,2025-11-19T16:21:56.461657,,0,0,2025-11-19T16:21:56.461657
EXT-03090,พื้นที่เสี่ยงภัยดินถล่ม,กรมทรัพยากรธรณี,อบต.นาแค | รายละเอียด: สถานที่ราชการ,,,"17.86647590938005,102.09420838636069",อบต.นาแค,นาแค,นายูง,อุดรธานี,2025-11-19T16:21:56.461657,,0,0,2025-11-19T16:21:56.461657
EXT-03091,พื้นที่เสี่ยงภัยดินถล่ม,กรมทรัพยากรธรณี,รพ.สต.นาเมืองไทย | รายละเอียด: โรงพยาบาล,,,"17.745613367692776,102.07929455250736",รพ.สต.นาเมืองไทย,น้ำโสม,น้ำโสม,อุดรธานี,2025-11-19T16:21:56.461657,,0,0,2025-11-19T16:21:56.461657
EXT-03092,พื้นที่เสี่ยงภัยดินถล่ม,กรมทรัพยากรธรณี,วัดนาเมืองไทย | รายละเอียด: วัด,,,"17.74707671449266,102.0797706499514",วัดนาเมืองไทย,น้ำโสม,น้ำโสม,อุดรธานี,2025-11-19T16:21:56.461657,,0,0,2025-11-19T16:21:56.461657
EXT-03093,พื้นที่เสี่ยงภัยดินถล่ม,กรมทรัพยากรธรณี,มัสยิด อ.น้ำโสม | รายละเอียด: มัสยิด,,,"17.73119130455406,102.07322902203008",มัสยิด อ.น้ำโสม,น้ำโสม,น้ำโสม,อุดรธานี,2025-11-19T16:21:56.461657,,0,0,2025-11-19T16:21:56.461657
EXT-03094,พื้นที่เสี่ยงภัยดินถล่ม,กรมทรัพยากรธรณี,โรงเรียนบ้านนาเมืองไทย | รายละเอียด: โรงเรียน,,,"17.750903062295777,102.08181899289033",โรงเรียนบ้านนาเมืองไทย,น้ำโสม,น้ำโสม,อุดรธานี,2025-11-19T16:21:56.461657,,0,0,2025-11-19T16:21:56.461657
EXT-03095,พื้นที่เสี่ยงภัยดินถล่ม,กรมทรัพยากรธรณี,วัดป่านาเมืองไทย | รายละเอียด: วัด,,,"17.753639901303355,102.0879354787601",วัดป่านาเมืองไทย,น้ำโสม,น้ำโสม,อุดรธานี,2025-11-19T16:21:56.461657,,0,0,2025-11-19T16:21:56.461657
EXT-03096,พื้นที่เสี่ยงภัยดินถล่ม,กรมทรัพยากรธรณี,วัดพระเมตตา | รายละเอียด: วัด,,,"17.748156564436048,102.08078196411847",วัดพระเมตตา,น้ำโสม,น้ำโสม,อุดรธานี,2025-11-19T16:21:56.461657,,0,0,2025-11-19T16:21:56.461657
EXT-03097,พื้นที่เสี่ยงภัยดินถล่ม,กรมทรัพยากรธรณี,ศูนย์พัฒนาเด็กเล็กบ้านนาเมืองไทย | รายละเอียด: โรงเรียน,,,"17.75196614106146,102.09508279702423",ศูนย์พัฒนาเด็กเล็กบ้านนาเมืองไทย,น้ำโสม,น้ำโสม,อุดรธานี,2025-11-19T16:21:56.461657,,0,0,2025-11-19T16:21:56.461657
EXT-03098,พื้นที่เสี่ยงภัยดินถล่ม,กรมทรัพยากรธรณี,อบต.น้ำโสม | รายละเอียด: สถานที่ราชการ,,,"17.752397536873477,102.0963874929552",อบต.น้ำโสม,น้ำโสม,น้ำโสม,อุดรธานี,2025-11-19T16:21:56.461657,,0,0,2025-11-19T16:21:56.461657
EXT-03099,พื้นที่เสี่ยงภัยดินถล่ม,กรมทรัพยากรธรณี,วัดโพนสว่าง | รายละเอียด: วัด,,,"17.78472406170938,102.12168806294785",วัดโพนสว่าง,น้ำโสม,น้ำโสม,อุดรธานี,2025-11-19T16:21:56.461657,,0,0,2025-11-19T16:21:56.461657
EXT-03100,พื้นที่เสี่ยงภัยดินถล่ม,กรมทรัพยากรธรณี,วัดป่ากุดนาคำ | รายละเอียด: วัด,,,"17.781009387267655,102.10081853683316",วัดป่ากุดนาคำ,น้ำโสม,น้ำโสม,อุดรธานี,2025-11-19T16:21:56.461657,,0,0,2025-11-19T16:21:56.461657
EXT-03101,พื้นที่เสี่ยงภัยดินถล่ม,กรมทรัพยากรธรณี,วัดป่าบ้านโพน | รายละเอียด: วัด,,,"17.79026923921385,102.11640922673074",วัดป่าบ้านโพน,น้ำโสม,น้ำโสม,อุดรธานี,2025-11-19T16:21:56.461657,,0,0,2025-11-19T16:21:56.461657
EXT-03102,พื้นที่เสี่ยงภัยดินถล่ม,กรมทรัพยากรธรณี,วัดโพธิ์ศรีสง่า | รายละเอียด: วัด,,,"17.786331002880797,102.13050818394797",วัดโพธิ์ศรีสง่า,น้ำโสม,น้ำโสม,อุดรธานี,2025-11-19T16:21:56.461657,,0,0,2025-11-19T16:21:56.461657
EXT-03103,พื้นที่เสี่ยงภัยดินถล่ม,กรมทรัพยากรธรณี,วัดกลางแหลมทอง | รายละเอียด: วัด,,,"17.78257672618341,102.12667295646663",วัดกลางแหลมทอง,น้ำโสม,น้ำโสม,อุดรธานี,2025-11-19T16:21:56.461657,,0,0,2025-11-19T16:21:56.461657
EXT-03104,พื้นที่เสี่ยงภัยดินถล่ม,กรมทรัพยากรธรณี,รพ.สต.น้ำโสม | รายละเอียด: โรงพยาบาล,,,"17.782743089923727,102.13011326271454",รพ.สต.น้ำโสม,น้ำโสม,น้ำโสม,อุดรธานี,2025-11-19T16:21:56.461657,,0,0,2025-11-19T16:21:56.461657
EXT-03105,พื้นที่เสี่ยงภัยดินถล่ม,กรมทรัพยากรธรณี,ศูนย์พัฒนาเด็กเล็กบ้านโพนสวรรค์ | รายละเอียด: โรงเรียน,,,"17.783380158806562,102.13036845507018",ศูนย์พัฒนาเด็กเล็กบ้านโพนสวรรค์,น้ำโสม,น้ำโสม,อุดรธานี,2025-11-19T16:21:56.461657,,0,0,2025-11-19T16:21:56.461657
EXT-03106,พื้นที่เสี่ยงภัยดินถล่ม,กรมทรัพยากรธรณี,โรงเรียนน้ำโสมประชาสรรค์ | รายละเอียด: โรงเรียน,,,"17.782171652483594,102.13171696102968",โรงเรียนน้ำโสมประชาสรรค์,น้ำโสม,น้ำโสม,อุดรธานี,2025-11-19T16:21:56.461657,,0,0,2025-11-19T16:21:56.461657
EXT-03107,พื้นที่เสี่ยงภัยดินถล่ม,กรมทรัพยากรธรณี,วัดป่าบ้านโพนสวรรค์ | รายละเอียด: วัด,,,"17.781767328289884,102.13456546199642",วัดป่าบ้านโพนสวรรค์,น้ำโสม,น้ำโสม,อุดรธานี,2025-11-19T16:21:56.461657,,0,0,2025-11-19T16:21:56.461657
EXT-03108,พื้นที่เสี่ยงภัยดินถล่ม,กรมทรัพยากรธรณี,วัดเทพประทาน | รายละเอียด: วัด,,,"17.696013133696066,102.10799912420394",วัดเทพประทาน,น้ำโสม,น้ำโสม,อุดรธานี,2025-11-19T16:21:56.461657,,0,0,2025-11-19T16:21:56.461657
EXT-03109,พื้นที่เสี่ยงภัยดินถล่ม,กรมทรัพยากรธรณี,โรงเรียนบ้านเทพประทาน | รายละเอียด: โรงเรียน,,,"17.696562727369123,102.11185228717305",โรงเรียนบ้านเทพประทาน,น้ำโสม,น้ำโสม,อุดรธานี,2025-11-19T16:21:56.461657,,0,0,2025-11-19T16:21:56.461657
EXT-03110,พื้นที่เสี่ยงภัยดินถล่ม,กรมทรัพยากรธรณี,ศูนย์พัฒนาเด็กเล็กบ้านเทพประทาน | รายละเอียด: โรงเรียน,,,"17.695371255375743,102.10968252852183",ศูนย์พัฒนาเด็กเล็กบ้านเทพประทาน,น้ำโสม,น้ำโสม,อุดรธานี,2025-11-19T16:21:56.461657,,0,0,2025-11-19T16:21:56.461657
EXT-03111,พื้นที่เสี่ยงภัยดินถล่ม,กรมทรัพยากรธรณี,วัดป่าเทพประทาน | รายละเอียด: วัด,,,"17.68918461314281,102.10662014327517",วัดป่าเทพประทาน,น้ำโสม,น้ำโสม,อุดรธานี,2025-11-19T16:21:56.461657,,0,0,2025-11-19T16:21:56.461657
EXT-03112,พื้นที่เสี่ยงภัยดินถล่ม,กรมทรัพยากรธรณี,ศาลาอเนกประสงค์หมู่ 16 | รายละเอียด: ศาลาอเนกประสงค์,,,"17.690892803700244,102.10151718628462",ศาลาอเนกประสงค์หมู่ 16,น้ำโสม,น้ำโสม,อุดรธานี,2025-11-19T16:21:56.461657,,0,0,2025-11-19T16:21:56.461657
EXT-03113,พื้นที่เสี่ยงภัยดินถล่ม,กรมทรัพยากรธรณี,วัดป่าราชดำริ | รายละเอียด: วัด,,,"17.69100688643125,102.0930449784207",วัดป่าราชดำริ,น้ำโสม,น้ำโสม,อุดรธานี,2025-11-19T16:21:56.461657,,0,0,2025-11-19T16:21:56.461657
EXT-03114,พื้นที่เสี่ยงภัยดินถล่ม,กรมทรัพยากรธรณี,วัดเกาะแก้วชัยมงคล | รายละเอียด: วัด,,,"17.752298032098363,102.1289802809544",วัดเกาะแก้วชัยมงคล,น้ำโสม,น้ำโสม,อุดรธานี,2025-11-19T16:21:56.461657,,0,0,2025-11-19T16:21:56.461657
EXT-03115,พื้นที่เสี่ยงภัยดินถล่ม,กรมทรัพยากรธรณี,ศูนย์พัฒนาเด็กเล็กบ้านโนนสมบูรณ์ | รายละเอียด: โรงเรียน,,,"17.751543420457086,102.12895128050607",ศูนย์พัฒนาเด็กเล็กบ้านโนนสมบูรณ์,น้ำโสม,น้ำโสม,อุดรธานี,2025-11-19T16:21:56.461657,,0,0,2025-11-19T16:21:56.461657
EXT-03116,พื้นที่เสี่ยงภัยดินถล่ม,กรมทรัพยากรธรณี,โรงเรียนบ้านโนนสมบูรณ์ | รายละเอียด: โรงเรียน,,,"17.7504178996185,102.13002303443054",โรงเรียนบ้านโนนสมบูรณ์,น้ำโสม,น้ำโสม,อุดรธานี,2025-11-19T16:21:56.461657,,0,0,2025-11-19T16:21:56.461657
EXT-03117,พื้นที่เสี่ยงภัยดินถล่ม,กรมทรัพยากรธรณี,รพ.สต.บ้านโนนสมบูรณ์ | รายละเอียด: โรงพยาบาล,,,"17.751221566858995,102.13534598893686",รพ.สต.บ้านโนนสมบูรณ์,น้ำโสม,น้ำโสม,อุดรธานี,2025-11-19T16:21:56.461657,,0,0,2025-11-19T16:21:56.461657
EXT-03118,พื้นที่เสี่ยงภัยดินถล่ม,กรมทรัพยากรธรณี,วัดโนนสมบูรณ์ | รายละเอียด: วัด,,,"17.74704927732154,102.13088999961565",วัดโนนสมบูรณ์,น้ำโสม,น้ำโสม,อุดรธานี,2025-11-19T16:21:56.461657,,0,0,2025-11-19T16:21:56.461657
EXT-03119,พื้นที่เสี่ยงภัยดินถล่ม,กรมทรัพยากรธรณี,ศาลาอเนกประสงค์หมู่ 9 | รายละเอียด: ศาลาอเนกประสงค์,,,"17.75025257978752,102.13187267463782",ศาลาอเนกประสงค์หมู่ 9,น้ำโสม,น้ำโสม,อุดรธานี,2025-11-19T16:21:56.461657,,0,0,2025-11-19T16:21:56.461657
EXT-03120,พื้นที่เสี่ยงภัยดินถล่ม,กรมทรัพยากรธรณี,วัดแสงสว่างนาราม | รายละเอียด: วัด,,,"17.767579910578203,102.12359497724823",วัดแสงสว่างนาราม,น้ำโสม,น้ำโสม,อุดรธานี,2025-11-19T16:21:56.461657,,0,0,2025-11-19T16:21:56.461657
EXT-03121,พื้นที่เสี่ยงภัยดินถล่ม,กรมทรัพยากรธรณี,วัดป่าธรรมนารามบ้านโคกน้อย | รายละเอียด: วัด,,,"17.772245451528843,102.1406962683297",วัดป่าธรรมนารามบ้านโคกน้อย,ศรีสำราญ,น้ำโสม,อุดรธานี,2025-11-19T16:21:56.461657,,0,0,2025-11-19T16:21:56.461657
EXT-03122,พื้นที่เสี่ยงภัยดินถล่ม,กรมทรัพยากรธรณี,โรงเรียนเทศบาลตำบลน้ำโสม | รายละเอียด: โรงเรียน,,,"17.7729625788198,102.14187262817401",โรงเรียนเทศบาลตำบลน้ำโสม,ศรีสำราญ,น้ำโสม,อุดรธานี,2025-11-19T16:21:56.461657,,0,0,2025-11-19T16:21:56.461657
EXT-03123,พื้นที่เสี่ยงภัยดินถล่ม,กรมทรัพยากรธรณี,ศาลาอเนกประสงค์หมู่ 14 | รายละเอียด: ศาลาอเนกประสงค์,,,"17.7690520909946,102.11996219062549",ศาลาอเนกประสงค์หมู่ 14,น้ำโสม,น้ำโสม,อุดรธานี,2025-11-19T16:21:56.461657,,0,0,2025-11-19T16:21:56.461657
EXT-03124,พื้นที่เสี่ยงภัยดินถล่ม,กรมทรัพยากรธรณี,โรงเรียนตำรวจตระเวนชายแดนบ้านเทพภูเงิน | รายละเอียด: โรงเรียน,,,"17.690523721595756,102.04250632890526",โรงเรียนตำรวจตระเวนชายแดนบ้านเทพภูเงิน,น้ำโสม,น้ำโสม,อุดรธานี,2025-11-19T16:21:56.461657,,0,0,2025-11-19T16:21:56.461657
EXT-03125,พื้นที่เสี่ยงภัยดินถล่ม,กรมทรัพยากรธรณี,วัดห้วยขุนโสม | รายละเอียด: วัด,,,"17.68684657882026,102.03755544082225",วัดห้วยขุนโสม,น้ำโสม,น้ำโสม,อุดรธานี,2025-11-19T16:21:56.461657,,0,0,2025-11-19T16:21:56.461657
EXT-03126,พื้นที่เสี่ยงภัยดินถล่ม,กรมทรัพยากรธรณี,วัดเทพเจริญธรรม | รายละเอียด: วัด,,,"17.69126662960746,102.04507513934396",วัดเทพเจริญธรรม,น้ำโสม,น้ำโสม,อุดรธานี,2025-11-19T16:21:56.461657,,0,0,2025-11-19T16:21:56.461657
EXT-03127,พื้นที่เสี่ยงภัยดินถล่ม,กรมทรัพยากรธรณี,เทศบาลตำบลน้ำโสม | รายละเอียด: สถานที่ราชการ,,,"17.769628066169687,102.14352457030654",เทศบาลตำบลน้ำโสม,ศรีสำราญ,น้ำโสม,อุดรธานี,2025-11-19T16:21:56.461657,,0,0,2025-11-19T16:21:56.461657
EXT-03128,พื้นที่เสี่ยงภัยดินถล่ม,กรมทรัพยากรธรณี,วัดแสงนิมิตร | รายละเอียด: วัด,,,"17.778960866554648,102.11985179008518",วัดแสงนิมิตร,น้ำโสม,น้ำโสม,อุดรธานี,2025-11-19T16:21:56.461657,,0,0,2025-11-19T16:21:56.461657
EXT-03129,พื้นที่เสี่ยงภัยดินถล่ม,กรมทรัพยากรธรณี,ที่ว่าการอำเภอนายูง | รายละเอียด: สถานที่ราชการ,,,"17.897720422281555,102.14996520500408",ที่ว่าการอำเภอนายูง,บ้านก้อง,นายูง,อุดรธานี,2025-11-19T16:21:56.461657,,0,0,2025-11-19T16:21:56.461657
EXT-03130,พื้นที่เสี่ยงภัยดินถล่ม,กรมทรัพยากรธรณี,สภ.นายูง | รายละเอียด: สถานีตำรวจ,,,"17.89687654053447,102.14961796992733",สภ.นายูง,บ้านก้อง,นายูง,อุดรธานี,2025-11-19T16:21:56.461657,,0,0,2025-11-19T16:21:56.461657
EXT-03131,พื้นที่เสี่ยงภัยดินถล่ม,กรมทรัพยากรธรณี,วัดชัยมงคลคีรีเขต | รายละเอียด: วัด,,,"17.813115144373903,102.12999327732477",วัดชัยมงคลคีรีเขต,บ้านก้อง,นายูง,อุดรธานี,2025-11-19T16:21:56.461657,,0,0,2025-11-19T16:21:56.461657
EXT-03132,พื้นที่เสี่ยงภัยดินถล่ม,กรมทรัพยากรธรณี,ศาลาอเนกประสงค์หมู่ 8 | รายละเอียด: ศาลาอเนกประสงค์,,,"17.813532634100767,102.12583887197275",ศาลาอเนกประสงค์หมู่ 8,บ้านก้อง,นายูง,อุดรธานี,2025-11-19T16:21:56.461657,,0,0,2025-11-19T16:21:56.461657
EXT-03133,พื้นที่เสี่ยงภัยดินถล่ม,กรมทรัพยากรธรณี,โรงเรียนตำรวจตระเวนชายแดนบ้านนาชมภู | รายละเอียด: โรงเรียน,,,"17.81706305121857,102.12973514048463",โรงเรียนตำรวจตระเวนชายแดนบ้านนาชมภู,บ้านก้อง,นายูง,อุดรธานี,2025-11-19T16:21:56.461657,,0,0,2025-11-19T16:21:56.461657
EXT-03134,พื้นที่เสี่ยงภัยดินถล่ม,กรมทรัพยากรธรณี,รพ.สต.บ้านก้อง | รายละเอียด: โรงพยาบาล,,,"17.80903119743071,102.09685713055832",รพ.สต.บ้านก้อง,บ้านก้อง,นายูง,อุดรธานี,2025-11-19T16:21:56.461657,,0,0,2025-11-19T16:21:56.461657
EXT-03135,พื้นที่เสี่ยงภัยดินถล่ม,กรมทรัพยากรธรณี,วัดมหันตาราม | รายละเอียด: วัด,,,"17.809850704145024,102.09666584727817",วัดมหันตาราม,บ้านก้อง,นายูง,อุดรธานี,2025-11-19T16:21:56.461657,,0,0,2025-11-19T16:21:56.461657
EXT-03136,พื้นที่เสี่ยงภัยดินถล่ม,กรมทรัพยากรธรณี,อบต.บ้านก้อง | รายละเอียด: สถานที่ราชการ,,,"17.817524864782236,102.09757175193106",อบต.บ้านก้อง,บ้านก้อง,นายูง,อุดรธานี,2025-11-19T16:21:56.461657,,0,0,2025-11-19T16:21:56.461657
EXT-03137,พื้นที่เสี่ยงภัยดินถล่ม,กรมทรัพยากรธรณี,ศูนย์พัฒนาเด็กเล็กบ้านทุ่งศรีทอง | รายละเอียด: โรงเรียน,,,"17.823306280952966,102.0952708684246",ศูนย์พัฒนาเด็กเล็กบ้านทุ่งศรีทอง,บ้านก้อง,นายูง,อุดรธานี,2025-11-19T16:21:56.461657,,0,0,2025-11-19T16:21:56.461657
EXT-03138,พื้นที่เสี่ยงภัยดินถล่ม,กรมทรัพยากรธรณี,วัดป่าชัยมงคล | รายละเอียด: วัด,,,"17.821028795432976,102.08816190842201",วัดป่าชัยมงคล,บ้านก้อง,นายูง,อุดรธานี,2025-11-19T16:21:56.461657,,0,0,2025-11-19T16:21:56.461657
EXT-03139,พื้นที่เสี่ยงภัยดินถล่ม,กรมทรัพยากรธรณี,วัดป่ามุติธรรมป่าช้าบ้านก้อง | รายละเอียด: วัด,,,"17.817361795357716,102.08977883547479",วัดป่ามุติธรรมป่าช้าบ้านก้อง,บ้านก้อง,นายูง,อุดรธานี,2025-11-19T16:21:56.461657,,0,0,2025-11-19T16:21:56.461657
EXT-03140,พื้นที่เสี่ยงภัยดินถล่ม,กรมทรัพยากรธรณี,วัดพุทธราษฎร์บำรุง | รายละเอียด: วัด,,,"17.80449801966633,102.10123927832126",วัดพุทธราษฎร์บำรุง,บ้านก้อง,นายูง,อุดรธานี,2025-11-19T16:21:56.461657,,0,0,2025-11-19T16:21:56.461657
EXT-03141,พื้นที่เสี่ยงภัยดินถล่ม,กรมทรัพยากรธรณี,ศูนย์พัฒนาเด็กเล็กวัดพุทธราษฎร์บำรุง | รายละเอียด: โรงเรียน,,,"17.804442117851163,102.10048983057317",ศูนย์พัฒนาเด็กเล็กวัดพุทธราษฎร์บำรุง,บ้านก้อง,นายูง,อุดรธานี,2025-11-19T16:21:56.461657,,0,0,2025-11-19T16:21:56.461657
EXT-03142,พื้นที่เสี่ยงภัยดินถล่ม,กรมทรัพยากรธรณี,โรงเรียนอนุบาลบ้านก้องวิทยา | รายละเอียด: โรงเรียน,,,"17.802606675457714,102.1015325282804",โรงเรียนอนุบาลบ้านก้องวิทยา,บ้านก้อง,นายูง,อุดรธานี,2025-11-19T16:21:56.461657,,0,0,2025-11-19T16:21:56.461657
EXT-03143,พื้นที่เสี่ยงภัยดินถล่ม,กรมทรัพยากรธรณี,วัดไชยคงคาราม | รายละเอียด: วัด,,,"17.80121976846869,102.10724053259233",วัดไชยคงคาราม,บ้านก้อง,นายูง,อุดรธานี,2025-11-19T16:21:56.461657,,0,0,2025-11-19T16:21:56.461657
EXT-03144,พื้นที่เสี่ยงภัยดินถล่ม,กรมทรัพยากรธรณี,วัดห้วยไฮพัฒนาราม | รายละเอียด: วัด,,,"17.798789438880373,102.11370118306297",วัดห้วยไฮพัฒนาราม,บ้านก้อง,นายูง,อุดรธานี,2025-11-19T16:21:56.461657,,0,0,2025-11-19T16:21:56.461657
EXT-03145,พื้นที่เสี่ยงภัยดินถล่ม,กรมทรัพยากรธรณี,รพ.สต.นาตูม | รายละเอียด: โรงพยาบาล,,,"17.867238257187104,102.10639208556985",รพ.สต.นาตูม,บ้านก้อง,นายูง,อุดรธานี,2025-11-19T16:21:56.461657,,0,0,2025-11-19T16:21:56.461657
EXT-03146,พื้นที่เสี่ยงภัยดินถล่ม,กรมทรัพยากรธรณี,โรงเรียนบ้านนาตูม | รายละเอียด: โรงเรียน,,,"17.86793478545063,102.10504701148548",โรงเรียนบ้านนาตูม,บ้านก้อง,นายูง,อุดรธานี,2025-11-19T16:21:56.461657,,0,0,2025-11-19T16:21:56.461657
EXT-03147,พื้นที่เสี่ยงภัยดินถล่ม,กรมทรัพยากรธรณี,วัดโนนสว่าง | รายละเอียด: วัด,,,"17.866534179436226,102.10709304703576",วัดโนนสว่าง,บ้านก้อง,นายูง,อุดรธานี,2025-11-19T16:21:56.461657,,0,0,2025-11-19T16:21:56.461657
EXT-03148,พื้นที่เสี่ยงภัยดินถล่ม,กรมทรัพยากรธรณี,โรงเรียนบ้านนาคำ | รายละเอียด: โรงเรียน,,,"17.879200914198172,102.1366826719498",โรงเรียนบ้านนาคำ,บ้านก้อง,นายูง,อุดรธานี,2025-11-19T16:21:56.461657,,0,0,2025-11-19T16:21:56.461657
EXT-03149,พื้นที่เสี่ยงภัยดินถล่ม,กรมทรัพยากรธรณี,วัดป่าดอนนาคำ | รายละเอียด: วัด,,,"17.8796416342291,102.13250952712951",วัดป่าดอนนาคำ,บ้านก้อง,นายูง,อุดรธานี,2025-11-19T16:21:56.461657,,0,0,2025-11-19T16:21:56.461657
EXT-03150,พื้นที่เสี่ยงภัยดินถล่ม,กรมทรัพยากรธรณี,วัดป่าภูก้อน | รายละเอียด: วัด,,,"17.922692812751198,102.11842825583051",วัดป่าภูก้อน,บ้านก้อง,นายูง,อุดรธานี,2025-11-19T16:21:56.461657,,0,0,2025-11-19T16:21:56.461657
EXT-03151,พื้นที่เสี่ยงภัยดินถล่ม,กรมทรัพยากรธรณี,โรงเรียนบ้านนาคำน้อย | รายละเอียด: โรงเรียน,,,"17.894862079724142,102.1505525435847",โรงเรียนบ้านนาคำน้อย,บ้านก้อง,นายูง,อุดรธานี,2025-11-19T16:21:56.461657,,0,0,2025-11-19T16:21:56.461657
EXT-03152,พื้นที่เสี่ยงภัยดินถล่ม,กรมทรัพยากรธรณี,ศูนย์พัฒนาเด็กเล็กบ้านนาคำน้อย | รายละเอียด: โรงเรียน,,,"17.894535321862524,102.14979275529153",ศูนย์พัฒนาเด็กเล็กบ้านนาคำน้อย,บ้านก้อง,นายูง,อุดรธานี,2025-11-19T16:21:56.461657,,0,0,2025-11-19T16:21:56.461657
EXT-03153,พื้นที่เสี่ยงภัยดินถล่ม,กรมทรัพยากรธรณี,วัดเจริญธรรม | รายละเอียด: วัด,,,"17.894893605945647,102.14398692170664",วัดเจริญธรรม,บ้านก้อง,นายูง,อุดรธานี,2025-11-19T16:21:56.461657,,0,0,2025-11-19T16:21:56.461657
EXT-03154,พื้นที่เสี่ยงภัยดินถล่ม,กรมทรัพยากรธรณี,วัดเวฬุวัน | รายละเอียด: วัด,,,"17.887518185467265,102.13792203705542",วัดเวฬุวัน,บ้านก้อง,นายูง,อุดรธานี,2025-11-19T16:21:56.461657,,0,0,2025-11-19T16:21:56.461657
EXT-03155,พื้นที่เสี่ยงภัยดินถล่ม,กรมทรัพยากรธรณี,วัดศิริคำมาราม | รายละเอียด: วัด,,,"17.89667576315924,102.15434940281243",วัดศิริคำมาราม,บ้านก้อง,นายูง,อุดรธานี,2025-11-19T16:21:56.461657,,0,0,2025-11-19T16:21:56.461657
EXT-03156,พื้นที่เสี่ยงภัยดินถล่ม,กรมทรัพยากรธรณี,ศูนย์พัฒนาเด็กเล็กบ้านคำเจริญ | รายละเอียด: โรงเรียน,,,"17.875664570455854,102.16461859825277",ศูนย์พัฒนาเด็กเล็กบ้านคำเจริญ,บ้านก้อง,นายูง,อุดรธานี,2025-11-19T16:21:56.461657,,0,0,2025-11-19T16:21:56.461657
EXT-03157,พื้นที่เสี่ยงภัยดินถล่ม,กรมทรัพยากรธรณี,วัดโป่งคำสถิต | รายละเอียด: วัด,,,"17.88129556324076,102.16503868955654",วัดโป่งคำสถิต,บ้านก้อง,นายูง,อุดรธานี,2025-11-19T16:21:56.461657,,0,0,2025-11-19T16:21:56.461657
EXT-03158,พื้นที่เสี่ยงภัยดินถล่ม,กรมทรัพยากรธรณี,วัดป่านาคำน้อย | รายละเอียด: วัด,,,"17.904173598262773,102.16542726346373",วัดป่านาคำน้อย,บ้านก้อง,นายูง,อุดรธานี,2025-11-19T16:21:56.461657,,0,0,2025-11-19T16:21:56.461657
EXT-03159,พื้นที่เสี่ยงภัยดินถล่ม,กรมทรัพยากรธรณี,ศูนย์พัฒนาเด็กเล็กบ้านนาตูม | รายละเอียด: โรงเรียน,,,"17.867443840886676,102.10738978377313",ศูนย์พัฒนาเด็กเล็กบ้านนาตูม,บ้านก้อง,นายูง,อุดรธานี,2025-11-19T16:21:56.461657,,0,0,2025-11-19T16:21:56.461657
EXT-03160,พื้นที่เสี่ยงภัยดินถล่ม,กรมทรัพยากรธรณี,โรงเรียนบ้านต่างแคน | รายละเอียด: โรงเรียน,,,"17.552672645771896,102.1771629344663",โรงเรียนบ้านต่างแคน,บุญทัน,สุวรรณคูหา,หนองบัวลำภู,2025-11-19T16:21:56.461657,,0,0,2025-11-19T16:21:56.461657
EXT-03161,พื้นที่เสี่ยงภัยดินถล่ม,กรมทรัพยากรธรณี,วัดศรีอัมพร | รายละเอียด: วัด,,,"17.546294969636556,102.20249846951268",วัดศรีอัมพร,บ้านโคก,สุวรรณคูหา,หนองบัวลำภู,2025-11-19T16:21:56.461657,,0,0,2025-11-19T16:21:56.461657
EXT-03162,พื้นที่เสี่ยงภัยดินถล่ม,กรมทรัพยากรธรณี,ศูนย์พัฒนาเด็กเล็กบ้านต่างแคน | รายละเอียด: โรงเรียน,,,"17.552245825289933,102.18235592855453",ศูนย์พัฒนาเด็กเล็กบ้านต่างแคน,บ้านโคก,สุวรรณคูหา,หนองบัวลำภู,2025-11-19T16:21:56.461657,,0,0,2025-11-19T16:21:56.461657
EXT-03163,พื้นที่เสี่ยงภัยดินถล่ม,กรมทรัพยากรธรณี,ศาลาอเนกประสงค์บ้านต่างแคน | รายละเอียด: ศาลาอเนกประสงค์,,,"17.554436437710148,102.18484906173549",ศาลาอเนกประสงค์บ้านต่างแคน,บ้านโคก,สุวรรณคูหา,หนองบัวลำภู,2025-11-19T16:21:56.461657,,0,0,2025-11-19T16:21:56.461657
EXT-03164,พื้นที่เสี่ยงภัยดินถล่ม,กรมทรัพยากรธรณี,เทศบาลตำบลบ้านโคก | รายละเอียด: สถานที่ราชการ,,,"17.522373374884797,102.19314061420546",เทศบาลตำบลบ้านโคก,บ้านโคก,สุวรรณคูหา,หนองบัวลำภู,2025-11-19T16:21:56.461657,,0,0,2025-11-19T16:21:56.461657
EXT-03165,พื้นที่เสี่ยงภัยดินถล่ม,กรมทรัพยากรธรณี,ศูนย์พัฒนาเด็กเล็กวัดศรีจันดาประชาอุทิศ | รายละเอียด: โรงเรียน,,,"17.523505174760754,102.1939554655916",ศูนย์พัฒนาเด็กเล็กวัดศรีจันดาประชาอุทิศ,บ้านโคก,สุวรรณคูหา,หนองบัวลำภู,2025-11-19T16:21:56.461657,,0,0,2025-11-19T16:21:56.461657
EXT-03166,พื้นที่เสี่ยงภัยดินถล่ม,กรมทรัพยากรธรณี,รพ.สต.บ้านโนนปอแดงสอง | รายละเอียด: โรงพยาบาล,,,"17.528911804555698,102.19850612830636",รพ.สต.บ้านโนนปอแดงสอง,บ้านโคก,สุวรรณคูหา,หนองบัวลำภู,2025-11-19T16:21:56.461657,,0,0,2025-11-19T16:21:56.461657
EXT-03167,พื้นที่เสี่ยงภัยดินถล่ม,กรมทรัพยากรธรณี,วัดป่าจอมธรรมสามัคคี | รายละเอียด: วัด,,,"17.52986872276367,102.19841305166031",วัดป่าจอมธรรมสามัคคี,บ้านโคก,สุวรรณคูหา,หนองบัวลำภู,2025-11-19T16:21:56.461657,,0,0,2025-11-19T16:21:56.461657
EXT-03168,พื้นที่เสี่ยงภัยดินถล่ม,กรมทรัพยากรธรณี,โรงเรียนบ้านโคกทุ่งน้อย | รายละเอียด: โรงเรียน,,,"17.54556928245654,102.21025490432967",โรงเรียนบ้านโคกทุ่งน้อย,บ้านโคก,สุวรรณคูหา,หนองบัวลำภู,2025-11-19T16:21:56.461657,,0,0,2025-11-19T16:21:56.461657
EXT-03169,พื้นที่เสี่ยงภัยดินถล่ม,กรมทรัพยากรธรณี,โรงเรียนโนนปอแดงสอง | รายละเอียด: โรงเรียน,,,"17.53113342868036,102.19868970430588",โรงเรียนโนนปอแดงสอง,บ้านโคก,สุวรรณคูหา,หนองบัวลำภู,2025-11-19T16:21:56.461657,,0,0,2025-11-19T16:21:56.461657
EXT-03170,พื้นที่เสี่ยงภัยดินถล่ม,กรมทรัพยากรธรณี,วัดป่าภูยา | รายละเอียด: วัด,,,"17.53106914325666,102.22467409593361",วัดป่าภูยา,บ้านโคก,สุวรรณคูหา,หนองบัวลำภู,2025-11-19T16:21:56.461657,,0,0,2025-11-19T16:21:56.461657
EXT-03171,พื้นที่เสี่ยงภัยดินถล่ม,กรมทรัพยากรธรณี,วัดโนนอุดม | รายละเอียด: วัด,,,"17.52269846456834,102.2303777350342",วัดโนนอุดม,บ้านโคก,สุวรรณคูหา,หนองบัวลำภู,2025-11-19T16:21:56.461657,,0,0,2025-11-19T16:21:56.461657
EXT-03172,พื้นที่เสี่ยงภัยดินถล่ม,กรมทรัพยากรธรณี,ศูนย์พัฒนาเด็กเล็กบ้านโนนอุดม | รายละเอียด: โรงเรียน,,,"17.52185768473428,102.22964525740707",ศูนย์พัฒนาเด็กเล็กบ้านโนนอุดม,บ้านโคก,สุวรรณคูหา,หนองบัวลำภู,2025-11-19T16:21:56.461657,,0,0,2025-11-19T16:21:56.461657
EXT-03173,พื้นที่เสี่ยงภัยดินถล่ม,กรมทรัพยากรธรณี,ศาลาอเนกประสงค์บ้านโนนอุดม | รายละเอียด: ศาลาอเนกประสงค์,,,"17.522383804793524,102.22521701770398",ศาลาอเนกประสงค์บ้านโนนอุดม,บ้านโคก,สุวรรณคูหา,หนองบัวลำภู,2025-11-19T16:21:56.461657,,0,0,2025-11-19T16:21:56.461657
EXT-03174,พื้นที่เสี่ยงภัยดินถล่ม,กรมทรัพยากรธรณี,ศาลาอเนกประสงค์บ้านดงบังน้อย | รายละเอียด: ศาลาอเนกประสงค์,,,"17.54325958482808,102.25454803063755",ศาลาอเนกประสงค์บ้านดงบังน้อย,บ้านโคก,สุวรรณคูหา,หนองบัวลำภู,2025-11-19T16:21:56.461657,,0,0,2025-11-19T16:21:56.461657
EXT-03175,พื้นที่เสี่ยงภัยดินถล่ม,กรมทรัพยากรธรณี,ศาลาอเนกประสงค์บ้านโคกสอง | รายละเอียด: ศาลาอเนกประสงค์,,,"17.5440409130149,102.20594348276026",ศาลาอเนกประสงค์บ้านโคกสอง,บ้านโคก,สุวรรณคูหา,หนองบัวลำภู,2025-11-19T16:21:56.461657,,0,0,2025-11-19T16:21:56.461657
EXT-03176,พื้นที่เสี่ยงภัยดินถล่ม,กรมทรัพยากรธรณี,ศาลาอเนกประสงค์บ้านโนนปอแดง | รายละเอียด: ศาลาอเนกประสงค์,,,"17.538637640764875,102.19999447162687",ศาลาอเนกประสงค์บ้านโนนปอแดง,บ้านโคก,สุวรรณคูหา,หนองบัวลำภู,2025-11-19T16:21:56.461657,,0,0,2025-11-19T16:21:56.461657
EXT-03177,พื้นที่เสี่ยงภัยดินถล่ม,กรมทรัพยากรธรณี,วัดป่าภูน้อย | รายละเอียด: วัด,,,"17.53801294527774,102.18946248980268",วัดป่าภูน้อย,บ้านโคก,สุวรรณคูหา,หนองบัวลำภู,2025-11-19T16:21:56.461657,,0,0,2025-11-19T16:21:56.461657
EXT-03178,พื้นที่เสี่ยงภัยดินถล่ม,กรมทรัพยากรธรณี,วัดภูเพ็กทอง | รายละเอียด: วัด,,,"17.576530286994544,102.18970200333389",วัดภูเพ็กทอง,บ้านโคก,สุวรรณคูหา,หนองบัวลำภู,2025-11-19T16:21:56.461657,,0,0,2025-11-19T16:21:56.461657
EXT-03179,พื้นที่เสี่ยงภัยดินถล่ม,กรมทรัพยากรธรณี,วัดศรีจันทร์ดาประชาอุทิศ | รายละเอียด: วัด,,,"17.535797463145148,102.20100135463764",วัดศรีจันทร์ดาประชาอุทิศ,บ้านโคก,สุวรรณคูหา,หนองบัวลำภู,2025-11-19T16:21:56.461657,,0,0,2025-11-19T16:21:56.461657
EXT-03180,พื้นที่เสี่ยงภัยดินถล่ม,กรมทรัพยากรธรณี,วัดทุ่งสว่าง | รายละเอียด: วัด,,,"17.549795925529335,102.21785197559304",วัดทุ่งสว่าง,บ้านโคก,สุวรรณคูหา,หนองบัวลำภู,2025-11-19T16:21:56.461657,,0,0,2025-11-19T16:21:56.461657
EXT-03181,พื้นที่เสี่ยงภัยดินถล่ม,กรมทรัพยากรธรณี,ศาลาอเนกประสงค์บ้านเพ็กทอง | รายละเอียด: ศาลาอเนกประสงค์,,,"17.580556291938812,102.19395542885329",ศาลาอเนกประสงค์บ้านเพ็กทอง,ดงมะไฟ,สุวรรณคูหา,หนองบัวลำภู,2025-11-19T16:21:56.461657,,0,0,2025-11-19T16:21:56.461657
EXT-03182,พื้นที่เสี่ยงภัยดินถล่ม,กรมทรัพยากรธรณี,โรงเรียนบ้านนาโมง | รายละเอียด: โรงเรียน,,,"17.5513730234221,102.24218390447923",โรงเรียนบ้านนาโมง,บ้านโคก,สุวรรณคูหา,หนองบัวลำภู,2025-11-19T16:21:56.461657,,0,0,2025-11-19T16:21:56.461657
EXT-03183,พื้นที่เสี่ยงภัยดินถล่ม,กรมทรัพยากรธรณี,ศาลาอเนกประสงค์บ้านทุ่งน้อย | รายละเอียด: ศาลาอเนกประสงค์,,,"17.55000390902418,102.21852319363992",ศาลาอเนกประสงค์บ้านทุ่งน้อย,บ้านโคก,สุวรรณคูหา,หนองบัวลำภู,2025-11-19T16:21:56.461657,,0,0,2025-11-19T16:21:56.461657
EXT-03184,พื้นที่เสี่ยงภัยดินถล่ม,กรมทรัพยากรธรณี,โรงเรียนบ้านต้อง | รายละเอียด: โรงเรียน,,,"17.552195588496296,102.22346380701255",โรงเรียนบ้านต้อง,บ้านโคก,สุวรรณคูหา,หนองบัวลำภู,2025-11-19T16:21:56.461657,,0,0,2025-11-19T16:21:56.461657
EXT-03185,พื้นที่เสี่ยงภัยดินถล่ม,กรมทรัพยากรธรณี,ศาลาอเนกประสงค์บ้านกกต้อง | รายละเอียด: ศาลาอเนกประสงค์,,,"17.552389327696822,102.2248785579346",ศาลาอเนกประสงค์บ้านกกต้อง,บ้านโคก,สุวรรณคูหา,หนองบัวลำภู,2025-11-19T16:21:56.461657,,0,0,2025-11-19T16:21:56.461657
EXT-03186,พื้นที่เสี่ยงภัยดินถล่ม,กรมทรัพยากรธรณี,วัดสว่างโนนทอง | รายละเอียด: วัด,,,"17.55220937818373,102.22422112577628",วัดสว่างโนนทอง,บ้านโคก,สุวรรณคูหา,หนองบัวลำภู,2025-11-19T16:21:56.461657,,0,0,2025-11-19T16:21:56.461657
EXT-03187,พื้นที่เสี่ยงภัยดินถล่ม,กรมทรัพยากรธรณี,ศูนย์พัฒนาเด็กเล็กบ้านกกต้อง | รายละเอียด: โรงเรียน,,,"17.552920114457518,102.22487779043037",ศูนย์พัฒนาเด็กเล็กบ้านกกต้อง,บ้านโคก,สุวรรณคูหา,หนองบัวลำภู,2025-11-19T16:21:56.461657,,0,0,2025-11-19T16:21:56.461657
EXT-03188,พื้นที่เสี่ยงภัยดินถล่ม,กรมทรัพยากรธรณี,ศาลาอเนกประสงค์บ้านโนนกกข่า | รายละเอียด: ศาลาอเนกประสงค์,,,"17.561516334094183,102.22680002075697",ศาลาอเนกประสงค์บ้านโนนกกข่า,บ้านโคก,สุวรรณคูหา,หนองบัวลำภู,2025-11-19T16:21:56.461657,,0,0,2025-11-19T16:21:56.461657
EXT-03189,พื้นที่เสี่ยงภัยดินถล่ม,กรมทรัพยากรธรณี,โรงเรียนโนนมะค่าพรมนุสรณ์ราษฎร์บำรุง | รายละเอียด: โรงเรียน,,,"17.56303809804065,102.22731316945378",โรงเรียนโนนมะค่าพรมนุสรณ์ราษฎร์บำรุง,บ้านโคก,สุวรรณคูหา,หนองบัวลำภู,2025-11-19T16:21:56.461657,,0,0,2025-11-19T16:21:56.461657
EXT-03190,พื้นที่เสี่ยงภัยดินถล่ม,กรมทรัพยากรธรณี,โรงเรียนโนนอุดมศีกษา | รายละเอียด: โรงเรียน,,,"17.524814473735006,102.22256114471904",โรงเรียนโนนอุดมศีกษา,บ้านโคก,สุวรรณคูหา,หนองบัวลำภู,2025-11-19T16:21:56.461657,,0,0,2025-11-19T16:21:56.461657
EXT-03191,พื้นที่เสี่ยงภัยดินถล่ม,กรมทรัพยากรธรณี,วัดพรมมีวิเวก | รายละเอียด: วัด,,,"17.56360970397939,102.22626823366134",วัดพรมมีวิเวก,บ้านโคก,สุวรรณคูหา,หนองบัวลำภู,2025-11-19T16:21:56.461657,,0,0,2025-11-19T16:21:56.461657
EXT-03192,พื้นที่เสี่ยงภัยดินถล่ม,กรมทรัพยากรธรณี,วัดกุศลนารี | รายละเอียด: วัด,,,"17.557210463484402,102.23991682905114",วัดกุศลนารี,บ้านโคก,สุวรรณคูหา,หนองบัวลำภู,2025-11-19T16:21:56.461657,,0,0,2025-11-19T16:21:56.461657
EXT-03193,พื้นที่เสี่ยงภัยดินถล่ม,กรมทรัพยากรธรณี,ศาลาอเนกประสงค์บ้านนาโมง | รายละเอียด: ศาลาอเนกประสงค์,,,"17.55510175855324,102.24230708581337",ศาลาอเนกประสงค์บ้านนาโมง,บ้านโคก,สุวรรณคูหา,หนองบัวลำภู,2025-11-19T16:21:56.461657,,0,0,2025-11-19T16:21:56.461657
EXT-03194,พื้นที่เสี่ยงภัยดินถล่ม,กรมทรัพยากรธรณี,วัดป่าบ้านนาโมง | รายละเอียด: วัด,,,"17.54617733864747,102.24486955951879",วัดป่าบ้านนาโมง,บ้านโคก,สุวรรณคูหา,หนองบัวลำภู,2025-11-19T16:21:56.461657,,0,0,2025-11-19T16:21:56.461657
EXT-03195,พื้นที่เสี่ยงภัยดินถล่ม,กรมทรัพยากรธรณี,อบต.บ้านโคก | รายละเอียด: สถานที่ราชการ,,,"17.54301987630215,102.24262356939883",อบต.บ้านโคก,บ้านโคก,สุวรรณคูหา,หนองบัวลำภู,2025-11-19T16:21:56.461657,,0,0,2025-11-19T16:21:56.461657
EXT-03196,พื้นที่เสี่ยงภัยดินถล่ม,กรมทรัพยากรธรณี,ศูนย์พัฒนาเด็กเล็กบ้านดงบัง | รายละเอียด: โรงเรียน,,,"17.542692638214728,102.2432652627981",ศูนย์พัฒนาเด็กเล็กบ้านดงบัง,บ้านโคก,สุวรรณคูหา,หนองบัวลำภู,2025-11-19T16:21:56.461657,,0,0,2025-11-19T16:21:56.461657
EXT-03197,พื้นที่เสี่ยงภัยดินถล่ม,กรมทรัพยากรธรณี,วัดศรีสุมังค์ | รายละเอียด: วัด,,,"17.539768699643954,102.25496024749269",วัดศรีสุมังค์,บ้านโคก,สุวรรณคูหา,หนองบัวลำภู,2025-11-19T16:21:56.461657,,0,0,2025-11-19T16:21:56.461657
EXT-03198,พื้นที่เสี่ยงภัยดินถล่ม,กรมทรัพยากรธรณี,โรงเรียนบ้านดงบังมวลชนรังสรรค์ | รายละเอียด: โรงเรียน,,,"17.539790992690847,102.25237980420282",โรงเรียนบ้านดงบังมวลชนรังสรรค์,บ้านโคก,สุวรรณคูหา,หนองบัวลำภู,2025-11-19T16:21:56.461657,,0,0,2025-11-19T16:21:56.461657
EXT-03199,พื้นที่เสี่ยงภัยดินถล่ม,กรมทรัพยากรธรณี,ศาลาอเนกประสงค์บ้านดงบัง | รายละเอียด: ศาลาอเนกประสงค์,,,"17.538327789483468,102.25427757897043",ศาลาอเนกประสงค์บ้านดงบัง,บ้านโคก,สุวรรณคูหา,หนองบัวลำภู,2025-11-19T16:21:56.461657,,0,0,2025-11-19T16:21:56.461657
EXT-03200,พื้นที่เสี่ยงภัยดินถล่ม,กรมทรัพยากรธรณี,วัดศรีสว่าง | รายละเอียด: วัด,,,"17.555383481122757,102.17713210745389",วัดศรีสว่าง,บุญทัน,สุวรรณคูหา,หนองบัวลำภู,2025-11-19T16:21:56.461657,,0,0,2025-11-19T16:21:56.461657
EXT-03201,พื้นที่เสี่ยงภัยดินถล่ม,กรมทรัพยากรธรณี,วัดพุทธังสีสามัคคีธรรม | รายละเอียด: วัด,,,"17.54586775973177,102.25312562951493",วัดพุทธังสีสามัคคีธรรม,บ้านโคก,สุวรรณคูหา,หนองบัวลำภู,2025-11-19T16:21:56.461657,,0,0,2025-11-19T16:21:56.461657
EXT-03202,พื้นที่เสี่ยงภัยดินถล่ม,กรมทรัพยากรธรณี,วัดสิริธรรมมิกาวาส | รายละเอียด: วัด,,,"17.611532975827036,102.11107190330094",วัดสิริธรรมมิกาวาส,บุญทัน,สุวรรณคูหา,หนองบัวลำภู,2025-11-19T16:21:56.461657,,0,0,2025-11-19T16:21:56.461657
EXT-03203,พื้นที่เสี่ยงภัยดินถล่ม,กรมทรัพยากรธรณี,ศูนย์พัฒนาเด็กเล็กบ้านโคกนกสาริกา | รายละเอียด: โรงเรียน,,,"17.609533599779244,102.11477373729262",ศูนย์พัฒนาเด็กเล็กบ้านโคกนกสาริกา,บุญทัน,สุวรรณคูหา,หนองบัวลำภู,2025-11-19T16:21:56.461657,,0,0,2025-11-19T16:21:56.461657
EXT-03204,พื้นที่เสี่ยงภัยดินถล่ม,กรมทรัพยากรธรณี,วัดศิริราชสมบัติ | รายละเอียด: วัด,,,"17.604928962673025,102.11752830801115",วัดศิริราชสมบัติ,บุญทัน,สุวรรณคูหา,หนองบัวลำภู,2025-11-19T16:21:56.461657,,0,0,2025-11-19T16:21:56.461657
EXT-03205,พื้นที่เสี่ยงภัยดินถล่ม,กรมทรัพยากรธรณี,วัดป่าเกาะแก้วภูซาง | รายละเอียด: วัด,,,"17.601765950280686,102.11559612743211",วัดป่าเกาะแก้วภูซาง,บุญทัน,สุวรรณคูหา,หนองบัวลำภู,2025-11-19T16:21:56.461657,,0,0,2025-11-19T16:21:56.461657
EXT-03206,พื้นที่เสี่ยงภัยดินถล่ม,กรมทรัพยากรธรณี,โรงเรียนบ้านโคกสาริกา | รายละเอียด: โรงเรียน,,,"17.60859613939005,102.11834062461074",โรงเรียนบ้านโคกสาริกา,บุญทัน,สุวรรณคูหา,หนองบัวลำภู,2025-11-19T16:21:56.461657,,0,0,2025-11-19T16:21:56.461657
EXT-03207,พื้นที่เสี่ยงภัยดินถล่ม,กรมทรัพยากรธรณี,รพ.สต.บ้านโคกนกพัฒนา | รายละเอียด: โรงพยาบาล,,,"17.606992675751407,102.12438089913766",รพ.สต.บ้านโคกนกพัฒนา,บุญทัน,สุวรรณคูหา,หนองบัวลำภู,2025-11-19T16:21:56.461657,,0,0,2025-11-19T16:21:56.461657
EXT-03208,พื้นที่เสี่ยงภัยดินถล่ม,กรมทรัพยากรธรณี,ศาลาอเนกประสงค์บ้านคลองเจริญ | รายละเอียด: ศาลาอเนกประสงค์,,,"17.594066349986548,102.14723291475897",ศาลาอเนกประสงค์บ้านคลองเจริญ,บุญทัน,สุวรรณคูหา,หนองบัวลำภู,2025-11-19T16:21:56.461657,,0,0,2025-11-19T16:21:56.461657
EXT-03209,พื้นที่เสี่ยงภัยดินถล่ม,กรมทรัพยากรธรณี,โรงเรียนบ้านคลองเจริญ | รายละเอียด: โรงเรียน,,,"17.594660455663167,102.14834507489698",โรงเรียนบ้านคลองเจริญ,บุญทัน,สุวรรณคูหา,หนองบัวลำภู,2025-11-19T16:21:56.461657,,0,0,2025-11-19T16:21:56.461657
EXT-03210,พื้นที่เสี่ยงภัยดินถล่ม,กรมทรัพยากรธรณี,วัดคลองเจริญธรรมาวาส | รายละเอียด: วัด,,,"17.59922741867024,102.14437371764014",วัดคลองเจริญธรรมาวาส,บุญทัน,สุวรรณคูหา,หนองบัวลำภู,2025-11-19T16:21:56.461657,,0,0,2025-11-19T16:21:56.461657
EXT-03211,พื้นที่เสี่ยงภัยดินถล่ม,กรมทรัพยากรธรณี,วัดป่าแสงธรรมวนาราม (เขาส่องดาว) | รายละเอียด: วัด,,,"17.603286029151096,102.1493741472185",วัดป่าแสงธรรมวนาราม (เขาส่องดาว),บุญทัน,สุวรรณคูหา,หนองบัวลำภู,2025-11-19T16:21:56.461657,,0,0,2025-11-19T16:21:56.461657
EXT-03212,พื้นที่เสี่ยงภัยดินถล่ม,กรมทรัพยากรธรณี,ศาลาอเนกประสงค์บ้านคลองเจริญ | รายละเอียด: ศาลาอเนกประสงค์,,,"17.592971081784807,102.14854746644903",ศาลาอเนกประสงค์บ้านคลองเจริญ,บุญทัน,สุวรรณคูหา,หนองบัวลำภู,2025-11-19T16:21:56.461657,,0,0,2025-11-19T16:21:56.461657
EXT-03213,พื้นที่เสี่ยงภัยดินถล่ม,กรมทรัพยากรธรณี,วัดสันติธรรมพัฒนา | รายละเอียด: วัด,,,"17.58718253333926,102.15102029161035",วัดสันติธรรมพัฒนา,บุญทัน,สุวรรณคูหา,หนองบัวลำภู,2025-11-19T16:21:56.461657,,0,0,2025-11-19T16:21:56.461657
EXT-03214,พื้นที่เสี่ยงภัยดินถล่ม,กรมทรัพยากรธรณี,ศาลาอเนกประสงค์บ้านสระแก้ว | รายละเอียด: ศาลาอเนกประสงค์,,,"17.556791895900847,102.15377942002537",ศาลาอเนกประสงค์บ้านสระแก้ว,บุญทัน,สุวรรณคูหา,หนองบัวลำภู,2025-11-19T16:21:56.461657,,0,0,2025-11-19T16:21:56.461657
EXT-03215,พื้นที่เสี่ยงภัยดินถล่ม,กรมทรัพยากรธรณี,วัดป่าสระแก้ว | รายละเอียด: วัด,,,"17.559081898008593,102.15790604258042",วัดป่าสระแก้ว,บุญทัน,สุวรรณคูหา,หนองบัวลำภู,2025-11-19T16:21:56.461657,,0,0,2025-11-19T16:21:56.461657
EXT-03216,พื้นที่เสี่ยงภัยดินถล่ม,กรมทรัพยากรธรณี,โรงเรียนภูซางใหญ่วิทยา | รายละเอียด: โรงเรียน,,,"17.560290230767905,102.15325327347053",โรงเรียนภูซางใหญ่วิทยา,บุญทัน,สุวรรณคูหา,หนองบัวลำภู,2025-11-19T16:21:56.461657,,0,0,2025-11-19T16:21:56.461657
EXT-03217,พื้นที่เสี่ยงภัยดินถล่ม,กรมทรัพยากรธรณี,เทศบาลตำบลบุญทัน | รายละเอียด: สถานที่ราชการ,,,"17.557643594492454,102.15261322217165",เทศบาลตำบลบุญทัน,บุญทัน,สุวรรณคูหา,หนองบัวลำภู,2025-11-19T16:21:56.461657,,0,0,2025-11-19T16:21:56.461657
EXT-03218,พื้นที่เสี่ยงภัยดินถล่ม,กรมทรัพยากรธรณี,รพ.สต.บุญทัน | รายละเอียด: โรงพยาบาล,,,"17.557954595517547,102.15205758018028",รพ.สต.บุญทัน,บุญทัน,สุวรรณคูหา,หนองบัวลำภู,2025-11-19T16:21:56.461657,,0,0,2025-11-19T16:21:56.461657
EXT-03219,พื้นที่เสี่ยงภัยดินถล่ม,กรมทรัพยากรธรณี,ศูนย์พัฒนาเด็กเล็กวัดศิริทรงธรรม | รายละเอียด: โรงเรียน,,,"17.5587270618438,102.1510750913904",ศูนย์พัฒนาเด็กเล็กวัดศิริทรงธรรม,บุญทัน,สุวรรณคูหา,หนองบัวลำภู,2025-11-19T16:21:56.461657,,0,0,2025-11-19T16:21:56.461657
EXT-03220,พื้นที่เสี่ยงภัยดินถล่ม,กรมทรัพยากรธรณี,วัดป่าบ้านบุญทัน | รายละเอียด: วัด,,,"17.55157574809463,102.13753337357383",วัดป่าบ้านบุญทัน,บุญทัน,สุวรรณคูหา,หนองบัวลำภู,2025-11-19T16:21:56.461657,,0,0,2025-11-19T16:21:56.461657
EXT-03221,พื้นที่เสี่ยงภัยดินถล่ม,กรมทรัพยากรธรณี,ศาลาอเนกประสงค์บ้านน้ำโมง | รายละเอียด: ศาลาอเนกประสงค์,,,"17.551647771528458,102.1539747782749",ศาลาอเนกประสงค์บ้านน้ำโมง,บุญทัน,สุวรรณคูหา,หนองบัวลำภู,2025-11-19T16:21:56.461657,,0,0,2025-11-19T16:21:56.461657
EXT-03222,พื้นที่เสี่ยงภัยดินถล่ม,กรมทรัพยากรธรณี,วัดศิริทรงธรรม | รายละเอียด: วัด,,,"17.554427382886946,102.1564682605824",วัดศิริทรงธรรม,บุญทัน,สุวรรณคูหา,หนองบัวลำภู,2025-11-19T16:21:56.461657,,0,0,2025-11-19T16:21:56.461657
EXT-03223,พื้นที่เสี่ยงภัยดินถล่ม,กรมทรัพยากรธรณี,โรงเรียนบ้านบุญทัน | รายละเอียด: โรงเรียน,,,"17.554195641751114,102.15762328379331",โรงเรียนบ้านบุญทัน,บุญทัน,สุวรรณคูหา,หนองบัวลำภู,2025-11-19T16:21:56.461657,,0,0,2025-11-19T16:21:56.461657
EXT-03224,พื้นที่เสี่ยงภัยดินถล่ม,กรมทรัพยากรธรณี,ศาลาอเนกประสงค์บ้านแสงอรุณ | รายละเอียด: ศาลาอเนกประสงค์,,,"17.550175923723753,102.16263693523207",ศาลาอเนกประสงค์บ้านแสงอรุณ,บุญทัน,สุวรรณคูหา,หนองบัวลำภู,2025-11-19T16:21:56.461657,,0,0,2025-11-19T16:21:56.461657
EXT-03225,พื้นที่เสี่ยงภัยดินถล่ม,กรมทรัพยากรธรณี,วัดแสงอรุณพรมวิหาร | รายละเอียด: วัด,,,"17.546704914949817,102.16570749899502",วัดแสงอรุณพรมวิหาร,บุญทัน,สุวรรณคูหา,หนองบัวลำภู,2025-11-19T16:21:56.461657,,0,0,2025-11-19T16:21:56.461657
EXT-03226,พื้นที่เสี่ยงภัยดินถล่ม,กรมทรัพยากรธรณี,รพ.สต.บ้านเทพประทับ | รายละเอียด: โรงพยาบาล,,,"18.01571229777725,102.15420212475588",รพ.สต.บ้านเทพประทับ,นางิ้ว,สังคม,หนองคาย,2025-11-19T16:21:56.461657,,0,0,2025-11-19T16:21:56.461657
EXT-03227,พื้นที่เสี่ยงภัยดินถล่ม,กรมทรัพยากรธรณี,วัดจอมแก้ว | รายละเอียด: วัด,,,"18.017475801425277,102.15472140757853",วัดจอมแก้ว,นางิ้ว,สังคม,หนองคาย,2025-11-19T16:21:56.461657,,0,0,2025-11-19T16:21:56.461657
EXT-03228,พื้นที่เสี่ยงภัยดินถล่ม,กรมทรัพยากรธรณี,วัดศรีสว่าง | รายละเอียด: วัด,,,"18.05992484265365,102.1432596457664",วัดศรีสว่าง,นางิ้ว,สังคม,หนองคาย,2025-11-19T16:21:56.461657,,0,0,2025-11-19T16:21:56.461657
EXT-03229,พื้นที่เสี่ยงภัยดินถล่ม,กรมทรัพยากรธรณี,วัดโนนจำปา | รายละเอียด: วัด,,,"18.05418402157899,102.1440379728107",วัดโนนจำปา,นางิ้ว,สังคม,หนองคาย,2025-11-19T16:21:56.461657,,0,0,2025-11-19T16:21:56.461657
EXT-03230,พื้นที่เสี่ยงภัยดินถล่ม,กรมทรัพยากรธรณี,โรงเรียนบ้านเทพประทับ | รายละเอียด: โรงเรียน,,,"18.015467468701065,102.15660399494789",โรงเรียนบ้านเทพประทับ,นางิ้ว,สังคม,หนองคาย,2025-11-19T16:21:56.461657,,0,0,2025-11-19T16:21:56.461657
EXT-03231,พื้นที่เสี่ยงภัยดินถล่ม,กรมทรัพยากรธรณี,วัดโพธิ์ชัย | รายละเอียด: วัด,,,"18.08544412569698,102.14748574774653",วัดโพธิ์ชัย,นางิ้ว,สังคม,หนองคาย,2025-11-19T16:21:56.461657,,0,0,2025-11-19T16:21:56.461657
EXT-03232,พื้นที่เสี่ยงภัยดินถล่ม,กรมทรัพยากรธรณี,ศาลาอเนกประสงค์หมู่ 3 | รายละเอียด: ศาลาอเนกประสงค์,,,"18.084413312802493,102.14641469334711",ศาลาอเนกประสงค์หมู่ 3,นางิ้ว,สังคม,หนองคาย,2025-11-19T16:21:56.461657,,0,0,2025-11-19T16:21:56.461657
EXT-03233,พื้นที่เสี่ยงภัยดินถล่ม,กรมทรัพยากรธรณี,อบต.นางิ้ว | รายละเอียด: สถานที่ราชการ,,,"18.090576410851064,102.14791661967227",อบต.นางิ้ว,นางิ้ว,สังคม,หนองคาย,2025-11-19T16:21:56.461657,,0,0,2025-11-19T16:21:56.461657
EXT-03234,พื้นที่เสี่ยงภัยดินถล่ม,กรมทรัพยากรธรณี,วัดป่าเวฬุวัน | รายละเอียด: วัด,,,"18.09530744504727,102.14890907885497",วัดป่าเวฬุวัน,นางิ้ว,สังคม,หนองคาย,2025-11-19T16:21:56.461657,,0,0,2025-11-19T16:21:56.461657
EXT-03235,พื้นที่เสี่ยงภัยดินถล่ม,กรมทรัพยากรธรณี,โรงเรียนบ้านซำเจียง-ดงป่าเปลือย | รายละเอียด: โรงเรียน,,,"18.103169377243507,102.14856407981857",โรงเรียนบ้านซำเจียง-ดงป่าเปลือย,นางิ้ว,สังคม,หนองคาย,2025-11-19T16:21:56.461657,,0,0,2025-11-19T16:21:56.461657
EXT-03236,พื้นที่เสี่ยงภัยดินถล่ม,กรมทรัพยากรธรณี,วัดโนนศรีสะอาด | รายละเอียด: วัด,,,"18.110649114540536,102.14613582244712",วัดโนนศรีสะอาด,นางิ้ว,สังคม,หนองคาย,2025-11-19T16:21:56.461657,,0,0,2025-11-19T16:21:56.461657
EXT-03237,พื้นที่เสี่ยงภัยดินถล่ม,กรมทรัพยากรธรณี,วัดป่าชุมใหญ่ซำเจียง | รายละเอียด: วัด,,,"18.120285586345418,102.14323166564783",วัดป่าชุมใหญ่ซำเจียง,นางิ้ว,สังคม,หนองคาย,2025-11-19T16:21:56.461657,,0,0,2025-11-19T16:21:56.461657
EXT-03238,พื้นที่เสี่ยงภัยดินถล่ม,กรมทรัพยากรธรณี,โรงเรียนบ้านนางิ้ว | รายละเอียด: โรงเรียน,,,"18.131383373917686,102.13841462430157",โรงเรียนบ้านนางิ้ว,นางิ้ว,สังคม,หนองคาย,2025-11-19T16:21:56.461657,,0,0,2025-11-19T16:21:56.461657
EXT-03239,พื้นที่เสี่ยงภัยดินถล่ม,กรมทรัพยากรธรณี,วัดราชสิงห์ขรณ์ | รายละเอียด: วัด,,,"18.136913880512857,102.13265590454584",วัดราชสิงห์ขรณ์,นางิ้ว,สังคม,หนองคาย,2025-11-19T16:21:56.461657,,0,0,2025-11-19T16:21:56.461657
EXT-03240,พื้นที่เสี่ยงภัยดินถล่ม,กรมทรัพยากรธรณี,วัดป่าบ้านนางิ้ว | รายละเอียด: วัด,,,"18.138856444651033,102.12201112862805",วัดป่าบ้านนางิ้ว,นางิ้ว,สังคม,หนองคาย,2025-11-19T16:21:56.461657,,0,0,2025-11-19T16:21:56.461657
EXT-03241,พื้นที่เสี่ยงภัยดินถล่ม,กรมทรัพยากรธรณี,รพ.สต.นางิ้ว | รายละเอียด: โรงพยาบาล,,,"18.13698808791819,102.13627980386372",รพ.สต.นางิ้ว,นางิ้ว,สังคม,หนองคาย,2025-11-19T16:21:56.461657,,0,0,2025-11-19T16:21:56.461657
EXT-03242,พื้นที่เสี่ยงภัยดินถล่ม,กรมทรัพยากรธรณี,สภ.นางิ้ว | รายละเอียด: สถานีตำรวจ,,,"18.13541646378863,102.13643295763463",สภ.นางิ้ว,นางิ้ว,สังคม,หนองคาย,2025-11-19T16:21:56.461657,,0,0,2025-11-19T16:21:56.461657
EXT-03243,พื้นที่เสี่ยงภัยดินถล่ม,กรมทรัพยากรธรณี,โรงเรียนบ้านเทา-นาบอน | รายละเอียด: โรงเรียน,,,"18.072856896066636,102.14703610171449",โรงเรียนบ้านเทา-นาบอน,นางิ้ว,สังคม,หนองคาย,2025-11-19T16:21:56.461657,,0,0,2025-11-19T16:21:56.461657
EXT-03244,พื้นที่เสี่ยงภัยดินถล่ม,กรมทรัพยากรธรณี,วัดศิริขัณฑ์ | รายละเอียด: วัด,,,"18.077296844749185,102.15004289176629",วัดศิริขัณฑ์,นางิ้ว,สังคม,หนองคาย,2025-11-19T16:21:56.461657,,0,0,2025-11-19T16:21:56.461657
EXT-03245,พื้นที่เสี่ยงภัยดินถล่ม,กรมทรัพยากรธรณี,ศูนย์พัฒนาเด็กเล็กบ้านนาบอน | รายละเอียด: โรงเรียน,,,"18.05674926313196,102.1434867643001",ศูนย์พัฒนาเด็กเล็กบ้านนาบอน,นางิ้ว,สังคม,หนองคาย,2025-11-19T16:21:56.461657,,0,0,2025-11-19T16:21:56.461657
EXT-03246,พื้นที่เสี่ยงภัยดินถล่ม,กรมทรัพยากรธรณี,วัดตาดเสริม | รายละเอียด: วัด,,,"18.142936142975895,102.18772235281749",วัดตาดเสริม,บ้านม่วง,สังคม,หนองคาย,2025-11-19T16:21:56.461657,,0,0,2025-11-19T16:21:56.461657
EXT-03247,พื้นที่เสี่ยงภัยดินถล่ม,กรมทรัพยากรธรณี,สำนักสงฆ์ภูหลักหมื่น | รายละเอียด: วัด,,,"18.13920363245891,102.18805855031908",สำนักสงฆ์ภูหลักหมื่น,บ้านม่วง,สังคม,หนองคาย,2025-11-19T16:21:56.461657,,0,0,2025-11-19T16:21:56.461657
EXT-03248,พื้นที่เสี่ยงภัยดินถล่ม,กรมทรัพยากรธรณี,วัดป่าบ้านวังมน | รายละเอียด: วัด,,,"18.148999567790625,102.15971840067441",วัดป่าบ้านวังมน,บ้านม่วง,สังคม,หนองคาย,2025-11-19T16:21:56.461657,,0,0,2025-11-19T16:21:56.461657
EXT-03249,พื้นที่เสี่ยงภัยดินถล่ม,กรมทรัพยากรธรณี,โรงเรียนวังม่วงวิทยาคม | รายละเอียด: โรงเรียน,,,"18.16954950232798,102.15725706315837",โรงเรียนวังม่วงวิทยาคม,บ้านม่วง,สังคม,หนองคาย,2025-11-19T16:21:56.461657,,0,0,2025-11-19T16:21:56.461657
EXT-03250,พื้นที่เสี่ยงภัยดินถล่ม,กรมทรัพยากรธรณี,โรงเรียนบ้านม่วง | รายละเอียด: โรงเรียน,,,"18.175572797653736,102.16795289185193",โรงเรียนบ้านม่วง,บ้านม่วง,สังคม,หนองคาย,2025-11-19T16:21:56.461657,,0,0,2025-11-19T16:21:56.461657
EXT-03251,พื้นที่เสี่ยงภัยดินถล่ม,กรมทรัพยากรธรณี,ศาลาอเนกประสงค์หมู่ 7 | รายละเอียด: ศาลาอเนกประสงค์,,,"18.20546723789227,102.14166444333804",ศาลาอเนกประสงค์หมู่ 7,บ้านม่วง,สังคม,หนองคาย,2025-11-19T16:21:56.461657,,0,0,2025-11-19T16:21:56.461657
EXT-03252,พื้นที่เสี่ยงภัยดินถล่ม,กรมทรัพยากรธรณี,วัดถ้ำเขาคีรีบรรพต | รายละเอียด: วัด,,,"18.204409417203433,102.1406154191057",วัดถ้ำเขาคีรีบรรพต,บ้านม่วง,สังคม,หนองคาย,2025-11-19T16:21:56.461657,,0,0,2025-11-19T16:21:56.461657
EXT-03253,พื้นที่เสี่ยงภัยดินถล่ม,กรมทรัพยากรธรณี,วัดป่าบ้านม่วง | รายละเอียด: วัด,,,"18.199659762836873,102.16065537791911",วัดป่าบ้านม่วง,บ้านม่วง,สังคม,หนองคาย,2025-11-19T16:21:56.461657,,0,0,2025-11-19T16:21:56.461657
EXT-03254,พื้นที่เสี่ยงภัยดินถล่ม,กรมทรัพยากรธรณี,วัดโพนหัน | รายละเอียด: วัด,,,"18.15143283626191,102.15877140628255",วัดโพนหัน,บ้านม่วง,สังคม,หนองคาย,2025-11-19T16:21:56.461657,,0,0,2025-11-19T16:21:56.461657
EXT-03255,พื้นที่เสี่ยงภัยดินถล่ม,กรมทรัพยากรธรณี,วัดป่าบ้านโนนสว่าง | รายละเอียด: วัด,,,"18.19796449760924,102.12263865703414",วัดป่าบ้านโนนสว่าง,บ้านม่วง,สังคม,หนองคาย,2025-11-19T16:21:56.461657,,0,0,2025-11-19T16:21:56.461657
EXT-03256,พื้นที่เสี่ยงภัยดินถล่ม,กรมทรัพยากรธรณี,ศาลาอเนกประสงค์หมู่ 6 | รายละเอียด: ศาลาอเนกประสงค์,,,"18.201446854331596,102.12632261001423",ศาลาอเนกประสงค์หมู่ 6,บ้านม่วง,สังคม,หนองคาย,2025-11-19T16:21:56.461657,,0,0,2025-11-19T16:21:56.461657
EXT-03257,พื้นที่เสี่ยงภัยดินถล่ม,กรมทรัพยากรธรณี,โรงเรียนบ้านหนอง | รายละเอียด: โรงเรียน,,,"18.202941170055364,102.12594406762682",โรงเรียนบ้านหนอง,บ้านม่วง,สังคม,หนองคาย,2025-11-19T16:21:56.461657,,0,0,2025-11-19T16:21:56.461657
EXT-03258,พื้นที่เสี่ยงภัยดินถล่ม,กรมทรัพยากรธรณี,วัดท่าสองคอน | รายละเอียด: วัด,,,"18.179855225158224,102.1698827806458",วัดท่าสองคอน,บ้านม่วง,สังคม,หนองคาย,2025-11-19T16:21:56.461657,,0,0,2025-11-19T16:21:56.461657
EXT-03259,พื้นที่เสี่ยงภัยดินถล่ม,กรมทรัพยากรธรณี,อบต.บ้านม่วง | รายละเอียด: สถานที่ราชการ,,,"18.17349354752817,102.16961308737946",อบต.บ้านม่วง,บ้านม่วง,สังคม,หนองคาย,2025-11-19T16:21:56.461657,,0,0,2025-11-19T16:21:56.461657
EXT-03260,พื้นที่เสี่ยงภัยดินถล่ม,กรมทรัพยากรธรณี,วัดแก้วเสด็จชัยมงคล | รายละเอียด: วัด,,,"18.171609276795415,102.17042304545399",วัดแก้วเสด็จชัยมงคล,บ้านม่วง,สังคม,หนองคาย,2025-11-19T16:21:56.461657,,0,0,2025-11-19T16:21:56.461657
EXT-03261,พื้นที่เสี่ยงภัยดินถล่ม,กรมทรัพยากรธรณี,ศูนย์พัฒนาเด็กเล็กบ้านม่วง | รายละเอียด: โรงเรียน,,,"18.175649708692504,102.16978198987508",ศูนย์พัฒนาเด็กเล็กบ้านม่วง,บ้านม่วง,สังคม,หนองคาย,2025-11-19T16:21:56.461657,,0,0,2025-11-19T16:21:56.461657
EXT-03262,พื้นที่เสี่ยงภัยดินถล่ม,กรมทรัพยากรธรณี,รพ.สต.บ้านม่วง | รายละเอียด: โรงพยาบาล,,,"18.174255453094887,102.16953054279695",รพ.สต.บ้านม่วง,บ้านม่วง,สังคม,หนองคาย,2025-11-19T16:21:56.461657,,0,0,2025-11-19T16:21:56.461657
EXT-03263,พื้นที่เสี่ยงภัยดินถล่ม,กรมทรัพยากรธรณี,วัดท่าหนองฉันท์ | รายละเอียด: วัด,,,"18.20669429906301,102.12976993211191",วัดท่าหนองฉันท์,บ้านม่วง,สังคม,หนองคาย,2025-11-19T16:21:56.461657,,0,0,2025-11-19T16:21:56.461657
EXT-03264,พื้นที่เสี่ยงภัยดินถล่ม,กรมทรัพยากรธรณี,ศาลาอเนกประสงค์หมู่ 3 | รายละเอียด: ศาลาอเนกประสงค์,,,"18.206481225697082,102.12739132305848",ศาลาอเนกประสงค์หมู่ 3,บ้านม่วง,สังคม,หนองคาย,2025-11-19T16:21:56.461657,,0,0,2025-11-19T16:21:56.461657
EXT-03265,พื้นที่เสี่ยงภัยดินถล่ม,กรมทรัพยากรธรณี,ศูนย์พัฒนาเด็กเล็กบ้านห้วยค้อ | รายละเอียด: โรงเรียน,,,"18.20281508037851,102.12027658542495",ศูนย์พัฒนาเด็กเล็กบ้านห้วยค้อ,บ้านม่วง,สังคม,หนองคาย,2025-11-19T16:21:56.461657,,0,0,2025-11-19T16:21:56.461657
EXT-03266,พื้นที่เสี่ยงภัยดินถล่ม,กรมทรัพยากรธรณี,วัดป่าโนนสวรรค์ | รายละเอียด: วัด,,,"18.2045914797482,102.11960107041331",วัดป่าโนนสวรรค์,บ้านม่วง,สังคม,หนองคาย,2025-11-19T16:21:56.461657,,0,0,2025-11-19T16:21:56.461657
EXT-03267,พื้นที่เสี่ยงภัยดินถล่ม,กรมทรัพยากรธรณี,วัดปากน้ำฮวย | รายละเอียด: วัด,,,"18.15308751737273,102.17917520575871",วัดปากน้ำฮวย,บ้านม่วง,สังคม,หนองคาย,2025-11-19T16:21:56.461657,,0,0,2025-11-19T16:21:56.461657
EXT-03268,พื้นที่เสี่ยงภัยดินถล่ม,กรมทรัพยากรธรณี,วัดหายโศก | รายละเอียด: วัด,,,"18.075712841094795,102.26304122957468",วัดหายโศก,สังคม,สังคม,หนองคาย,2025-11-19T16:21:56.461657,,0,0,2025-11-19T16:21:56.461657
EXT-03269,พื้นที่เสี่ยงภัยดินถล่ม,กรมทรัพยากรธรณี,โรงเรียนอนุบาลสังคม | รายละเอียด: โรงเรียน,,,"18.072460807688213,102.26503349177908",โรงเรียนอนุบาลสังคม,สังคม,สังคม,หนองคาย,2025-11-19T16:21:56.461657,,0,0,2025-11-19T16:21:56.461657
EXT-03270,พื้นที่เสี่ยงภัยดินถล่ม,กรมทรัพยากรธรณี,เทศาบาลตำบลสังคม | รายละเอียด: สถานที่ราชการ,,,"18.068129345449012,102.26345308498664",เทศาบาลตำบลสังคม,สังคม,สังคม,หนองคาย,2025-11-19T16:21:56.461657,,0,0,2025-11-19T16:21:56.461657
EXT-03271,พื้นที่เสี่ยงภัยดินถล่ม,กรมทรัพยากรธรณี,วัดสระปทุม | รายละเอียด: วัด,,,"18.079488040828846,102.25434641529947",วัดสระปทุม,สังคม,สังคม,หนองคาย,2025-11-19T16:21:56.461657,,0,0,2025-11-19T16:21:56.461657
EXT-03272,พื้นที่เสี่ยงภัยดินถล่ม,กรมทรัพยากรธรณี,อบต.สังคม | รายละเอียด: สถานที่ราชการ,,,"18.092677928778308,102.24552100395091",อบต.สังคม,สังคม,สังคม,หนองคาย,2025-11-19T16:21:56.461657,,0,0,2025-11-19T16:21:56.461657
EXT-03273,พื้นที่เสี่ยงภัยดินถล่ม,กรมทรัพยากรธรณี,วัดศรีชมชื่น | รายละเอียด: วัด,,,"18.10064036542747,102.24070279354329",วัดศรีชมชื่น,สังคม,สังคม,หนองคาย,2025-11-19T16:21:56.461657,,0,0,2025-11-19T16:21:56.461657
EXT-03274,พื้นที่เสี่ยงภัยดินถล่ม,กรมทรัพยากรธรณี,โรงเรียนบ้านแก้งใหม่ | รายละเอียด: โรงเรียน,,,"18.102332408469756,102.23464681128944",โรงเรียนบ้านแก้งใหม่,สังคม,สังคม,หนองคาย,2025-11-19T16:21:56.461657,,0,0,2025-11-19T16:21:56.461657
EXT-03275,พื้นที่เสี่ยงภัยดินถล่ม,กรมทรัพยากรธรณี,วัดลำภูบังบด | รายละเอียด: วัด,,,"18.104734674432326,102.23340543239338",วัดลำภูบังบด,สังคม,สังคม,หนองคาย,2025-11-19T16:21:56.461657,,0,0,2025-11-19T16:21:56.461657
EXT-03276,พื้นที่เสี่ยงภัยดินถล่ม,กรมทรัพยากรธรณี,วัดศรีสว่างอารมณ์ | รายละเอียด: วัด,,,"18.106735352146895,102.22690823702264",วัดศรีสว่างอารมณ์,สังคม,สังคม,หนองคาย,2025-11-19T16:21:56.461657,,0,0,2025-11-19T16:21:56.461657
EXT-03277,พื้นที่เสี่ยงภัยดินถล่ม,กรมทรัพยากรธรณี,วัดอูบมุง | รายละเอียด: วัด,,,"18.1169740124755,102.21810711956091",วัดอูบมุง,สังคม,สังคม,หนองคาย,2025-11-19T16:21:56.461657,,0,0,2025-11-19T16:21:56.461657
EXT-03278,พื้นที่เสี่ยงภัยดินถล่ม,กรมทรัพยากรธรณี,วัดป่าแก้งใหม่ | รายละเอียด: วัด,,,"18.09716449721547,102.22754904836685",วัดป่าแก้งใหม่,สังคม,สังคม,หนองคาย,2025-11-19T16:21:56.461657,,0,0,2025-11-19T16:21:56.461657
EXT-03279,พื้นที่เสี่ยงภัยดินถล่ม,กรมทรัพยากรธรณี,วัดโนนศรีสว่าง | รายละเอียด: วัด,,,"18.068145524943336,102.18844663392395",วัดโนนศรีสว่าง,สังคม,สังคม,หนองคาย,2025-11-19T16:21:56.461657,,0,0,2025-11-19T16:21:56.461657
EXT-03280,พื้นที่เสี่ยงภัยดินถล่ม,กรมทรัพยากรธรณี,วัดบ้านฟ้าประทาน | รายละเอียด: วัด,,,"18.039750277605417,102.17540492392521",วัดบ้านฟ้าประทาน,สังคม,สังคม,หนองคาย,2025-11-19T16:21:56.461657,,0,0,2025-11-19T16:21:56.461657
EXT-03281,พื้นที่เสี่ยงภัยดินถล่ม,กรมทรัพยากรธรณี,โรงเรียนบ้านฟ้าประธาน | รายละเอียด: โรงเรียน,,,"18.036139468177634,102.17939807516943",โรงเรียนบ้านฟ้าประธาน,สังคม,สังคม,หนองคาย,2025-11-19T16:21:56.462649,,0,0,2025-11-19T16:21:56.462649
EXT-03282,พื้นที่เสี่ยงภัยดินถล่ม,กรมทรัพยากรธรณี,วัดป่าฟ้าประทาน | รายละเอียด: วัด,,,"18.033694589394507,102.18207605481206",วัดป่าฟ้าประทาน,สังคม,สังคม,หนองคาย,2025-11-19T16:21:56.462649,,0,0,2025-11-19T16:21:56.462649
EXT-03283,พื้นที่เสี่ยงภัยดินถล่ม,กรมทรัพยากรธรณี,วัดศรีวิลัยไชยมงคล | รายละเอียด: วัด,,,"18.074121843064674,102.25672415405711",วัดศรีวิลัยไชยมงคล,สังคม,สังคม,หนองคาย,2025-11-19T16:21:56.462649,,0,0,2025-11-19T16:21:56.462649
EXT-03284,พื้นที่เสี่ยงภัยดินถล่ม,กรมทรัพยากรธรณี,รพ.สต.สังคม | รายละเอียด: โรงพยาบาล,,,"18.105440542703295,102.22697298067247",รพ.สต.สังคม,สังคม,สังคม,หนองคาย,2025-11-19T16:21:56.462649,,0,0,2025-11-19T16:21:56.462649
EXT-03285,พื้นที่เสี่ยงภัยดินถล่ม,กรมทรัพยากรธรณี,โรงพยาบาลส่งเสริมสุขภาพตำบลกรูด | รายละเอียด: โรงพยาบาล,,,"9.095136070364777,99.52522331718687",โรงพยาบาลส่งเสริมสุขภาพตำบลกรูด,กรูด,กาญจนดิษฐ์,สุราษฎร์ธานี,2025-11-19T16:21:56.462649,,0,0,2025-11-19T16:21:56.462649
EXT-03286,พื้นที่เสี่ยงภัยดินถล่ม,กรมทรัพยากรธรณี,หน่วยบริการประชาชน หมู่ที่ 1 บ้านกรูด | รายละเอียด: สถานที่ราชการ,,,"9.089330581635794,99.53064749445447",หน่วยบริการประชาชน หมู่ที่ 1 บ้านกรูด,กรูด,กาญจนดิษฐ์,สุราษฎร์ธานี,2025-11-19T16:21:56.462649,,0,0,2025-11-19T16:21:56.462649
EXT-03287,พื้นที่เสี่ยงภัยดินถล่ม,กรมทรัพยากรธรณี,โรงเรียนบ้านบ่อน้ำร้อน | รายละเอียด: โรงเรียน,,,"9.134509101332261,99.49843271562014",โรงเรียนบ้านบ่อน้ำร้อน,กรูด,กาญจนดิษฐ์,สุราษฎร์ธานี,2025-11-19T16:21:56.462649,,0,0,2025-11-19T16:21:56.462649
EXT-03288,พื้นที่เสี่ยงภัยดินถล่ม,กรมทรัพยากรธรณี,โรงเรียนท่าเฟืองวิทยา | รายละเอียด: โรงเรียน,,,"9.070041587688367,99.52836247798243",โรงเรียนท่าเฟืองวิทยา,กรูด,กาญจนดิษฐ์,สุราษฎร์ธานี,2025-11-19T16:21:56.462649,,0,0,2025-11-19T16:21:56.462649
EXT-03289,พื้นที่เสี่ยงภัยดินถล่ม,กรมทรัพยากรธรณี,เทศบาลตำบลกรูด | รายละเอียด: สถานที่ราชการ,,,"9.083120872032055,99.52789933532902",เทศบาลตำบลกรูด,กรูด,กาญจนดิษฐ์,สุราษฎร์ธานี,2025-11-19T16:21:56.462649,,0,0,2025-11-19T16:21:56.462649
EXT-03290,พื้นที่เสี่ยงภัยดินถล่ม,กรมทรัพยากรธรณี,สะพานข้ามคลองกระแดะ (คลองสวาด) ม.3 | รายละเอียด: สะพาน,,,"9.115921559992794,99.48555683945388",สะพานข้ามคลองกระแดะ (คลองสวาด) ม.3,กรูด,กาญจนดิษฐ์,สุราษฎร์ธานี,2025-11-19T16:21:56.462649,,0,0,2025-11-19T16:21:56.462649
EXT-03291,พื้นที่เสี่ยงภัยดินถล่ม,กรมทรัพยากรธรณี,สะพานข้ามคลองท่าเฟือง ม.6 | รายละเอียด: สะพาน,,,"9.079340715090499,99.52753891840663",สะพานข้ามคลองท่าเฟือง ม.6,ช้างซ้าย,กาญจนดิษฐ์,สุราษฎร์ธานี,2025-11-19T16:21:56.462649,,0,0,2025-11-19T16:21:56.462649
EXT-03292,พื้นที่เสี่ยงภัยดินถล่ม,กรมทรัพยากรธรณี,สะพานข้ามคลองกำสน ม.10 | รายละเอียด: สะพาน,,,"9.09382411928714,99.56779112973094",สะพานข้ามคลองกำสน ม.10,กรูด,กาญจนดิษฐ์,สุราษฎร์ธานี,2025-11-19T16:21:56.462649,,0,0,2025-11-19T16:21:56.462649
EXT-03293,พื้นที่เสี่ยงภัยดินถล่ม,กรมทรัพยากรธรณี,รพ.สต.ตำบลกะเปา | รายละเอียด: โรงพยาบาล,,,"8.983799329598279,98.92150576894998",รพ.สต.ตำบลกะเปา,กะเปา,คีรีรัฐนิคม,สุราษฎร์ธานี,2025-11-19T16:21:56.462649,,0,0,2025-11-19T16:21:56.462649
EXT-03294,พื้นที่เสี่ยงภัยดินถล่ม,กรมทรัพยากรธรณี,หน่วยบริการประชาชนตำบลกะเปา | รายละเอียด: สถานที่ราชการ,,,"8.984890968460313,98.90922372483344",หน่วยบริการประชาชนตำบลกะเปา,กะเปา,คีรีรัฐนิคม,สุราษฎร์ธานี,2025-11-19T16:21:56.462649,,0,0,2025-11-19T16:21:56.462649
EXT-03295,พื้นที่เสี่ยงภัยดินถล่ม,กรมทรัพยากรธรณี,โรงเรียนบ้านปากเรียง | รายละเอียด: โรงเรียน,,,"8.99364444427829,98.90081512958906",โรงเรียนบ้านปากเรียง,กะเปา,คีรีรัฐนิคม,สุราษฎร์ธานี,2025-11-19T16:21:56.462649,,0,0,2025-11-19T16:21:56.462649
EXT-03296,พื้นที่เสี่ยงภัยดินถล่ม,กรมทรัพยากรธรณี,โรงเรียนวัดอินทราวาส | รายละเอียด: โรงเรียน,,,"8.981773161494248,98.92118779027335",โรงเรียนวัดอินทราวาส,กะเปา,คีรีรัฐนิคม,สุราษฎร์ธานี,2025-11-19T16:21:56.462649,,0,0,2025-11-19T16:21:56.462649
EXT-03297,พื้นที่เสี่ยงภัยดินถล่ม,กรมทรัพยากรธรณี,ตำบลกะเปา | รายละเอียด: สถานที่ราชการ,,,"9.004079974700845,98.90378941541668",ตำบลกะเปา,กะเปา,คีรีรัฐนิคม,สุราษฎร์ธานี,2025-11-19T16:21:56.462649,,0,0,2025-11-19T16:21:56.462649
EXT-03298,พื้นที่เสี่ยงภัยดินถล่ม,กรมทรัพยากรธรณี,สะพานข้ามคลองทำรียง ม.2 | รายละเอียด: สะพาน,,,"8.987259014801054,98.90230888853792",สะพานข้ามคลองทำรียง ม.2,กะเปา,คีรีรัฐนิคม,สุราษฎร์ธานี,2025-11-19T16:21:56.462649,,0,0,2025-11-19T16:21:56.462649
EXT-03299,พื้นที่เสี่ยงภัยดินถล่ม,กรมทรัพยากรธรณี,สะพานข้ามคลองบางกา ม.4 | รายละเอียด: สะพาน,,,"9.003808290539714,98.92751530979706",สะพานข้ามคลองบางกา ม.4,กะเปา,คีรีรัฐนิคม,สุราษฎร์ธานี,2025-11-19T16:21:56.462649,,0,0,2025-11-19T16:21:56.462649
EXT-03300,พื้นที่เสี่ยงภัยดินถล่ม,กรมทรัพยากรธรณี,สะพานข้ามคลองพุมดวง ม.5 | รายละเอียด: สะพาน,,,"8.97725973615107,98.92154356534569",สะพานข้ามคลองพุมดวง ม.5,กะเปา,คีรีรัฐนิคม,สุราษฎร์ธานี,2025-11-19T16:21:56.462649,,0,0,2025-11-19T16:21:56.462649
EXT-03301,พื้นที่เสี่ยงภัยดินถล่ม,กรมทรัพยากรธรณี,สะพานข้ามคลองพุมดวง ม.6 | รายละเอียด: สะพาน,,,"8.99458170635396,98.9245330414559",สะพานข้ามคลองพุมดวง ม.6,กะเปา,คีรีรัฐนิคม,สุราษฎร์ธานี,2025-11-19T16:21:56.462649,,0,0,2025-11-19T16:21:56.462649
EXT-03302,พื้นที่เสี่ยงภัยดินถล่ม,กรมทรัพยากรธรณี,โรงพยาบาลส่งเสริมสุขภาพบ้านเขานิพันธ์ | รายละเอียด: โรงพยาบาล,,,"8.568164117802702,99.34461028956022",โรงพยาบาลส่งเสริมสุขภาพบ้านเขานิพันธ์,เขานิพันธ์,เวียงสระ,สุราษฎร์ธานี,2025-11-19T16:21:56.462649,,0,0,2025-11-19T16:21:56.462649
EXT-03303,พื้นที่เสี่ยงภัยดินถล่ม,กรมทรัพยากรธรณี,สถานีตำรวจเขานิพันธ์ | รายละเอียด: สถานีตำรวจ,,,"8.566705600208294,99.34564891374167",สถานีตำรวจเขานิพันธ์,เขานิพันธ์,เวียงสระ,สุราษฎร์ธานี,2025-11-19T16:21:56.462649,,0,0,2025-11-19T16:21:56.462649
EXT-03304,พื้นที่เสี่ยงภัยดินถล่ม,กรมทรัพยากรธรณี,โรงเรียนบ้านเขานิพันธ์ | รายละเอียด: โรงเรียน,,,"8.57485293511763,99.34824621092216",โรงเรียนบ้านเขานิพันธ์,เขานิพันธ์,เวียงสระ,สุราษฎร์ธานี,2025-11-19T16:21:56.462649,,0,0,2025-11-19T16:21:56.462649
EXT-03305,พื้นที่เสี่ยงภัยดินถล่ม,กรมทรัพยากรธรณี,โรงเรียนบ้านควนเจริญ | รายละเอียด: โรงเรียน,,,"8.579752740623965,99.35117688556558",โรงเรียนบ้านควนเจริญ,เขานิพันธ์,เวียงสระ,สุราษฎร์ธานี,2025-11-19T16:21:56.462649,,0,0,2025-11-19T16:21:56.462649
EXT-03306,พื้นที่เสี่ยงภัยดินถล่ม,กรมทรัพยากรธรณี,เทศบาลตำบลเขานิพันธ์ | รายละเอียด: สถานที่ราชการ,,,"8.581344351812813,99.37086218080421",เทศบาลตำบลเขานิพันธ์,เขานิพันธ์,เวียงสระ,สุราษฎร์ธานี,2025-11-19T16:21:56.462649,,0,0,2025-11-19T16:21:56.462649
EXT-03307,พื้นที่เสี่ยงภัยดินถล่ม,กรมทรัพยากรธรณี,สะพานข้ามห้วยพลูเถื่อน ม.2 | รายละเอียด: สะพาน,,,"8.585529605718232,99.36795867000784",สะพานข้ามห้วยพลูเถื่อน ม.2,เขานิพันธ์,เวียงสระ,สุราษฎร์ธานี,2025-11-19T16:21:56.462649,,0,0,2025-11-19T16:21:56.462649
EXT-03308,พื้นที่เสี่ยงภัยดินถล่ม,กรมทรัพยากรธรณี,สะพานข้ามคลองชียงหมอ ม.3 | รายละเอียด: สะพาน,,,"8.594696931296905,99.33924902824607",สะพานข้ามคลองชียงหมอ ม.3,เขานิพันธ์,เวียงสระ,สุราษฎร์ธานี,2025-11-19T16:21:56.462649,,0,0,2025-11-19T16:21:56.462649
EXT-03309,พื้นที่เสี่ยงภัยดินถล่ม,กรมทรัพยากรธรณี,สะพานข้ามคลองลำพลา ม.4 | รายละเอียด: สะพาน,,,"8.567056729874137,99.3860376153168",สะพานข้ามคลองลำพลา ม.4,เขานิพันธ์,เวียงสระ,สุราษฎร์ธานี,2025-11-19T16:21:56.462649,,0,0,2025-11-19T16:21:56.462649
EXT-03310,พื้นที่เสี่ยงภัยดินถล่ม,กรมทรัพยากรธรณี,สะพานข้ามคลองเชียงหมอ ม.7 | รายละเอียด: สะพาน,,,"8.6049933954827,99.36548677228231",สะพานข้ามคลองเชียงหมอ ม.7,เขานิพันธ์,เวียงสระ,สุราษฎร์ธานี,2025-11-19T16:21:56.462649,,0,0,2025-11-19T16:21:56.462649
EXT-03311,พื้นที่เสี่ยงภัยดินถล่ม,กรมทรัพยากรธรณี,สะพานข้ามคลองฉนวน ม.8 | รายละเอียด: สะพาน,,,"8.527487999018811,99.39102720971466",สะพานข้ามคลองฉนวน ม.8,เขานิพันธ์,เวียงสระ,สุราษฎร์ธานี,2025-11-19T16:21:56.462649,,0,0,2025-11-19T16:21:56.462649
EXT-03312,พื้นที่เสี่ยงภัยดินถล่ม,กรมทรัพยากรธรณี,โรงพยาบาลส่งเสริมสุขภาพตำบลช้างซ้าย | รายละเอียด: โรงพยาบาล,,,"9.114128955386146,99.4800576648248",โรงพยาบาลส่งเสริมสุขภาพตำบลช้างซ้าย,ช้างซ้าย,กาญจนดิษฐ์,สุราษฎร์ธานี,2025-11-19T16:21:56.462649,,0,0,2025-11-19T16:21:56.462649
EXT-03313,พื้นที่เสี่ยงภัยดินถล่ม,กรมทรัพยากรธรณี,โรงพยาบาลส่งเสริมสุขภาพบ้านกงตาก | รายละเอียด: โรงพยาบาล,,,"8.970900024409282,99.46275650007298",โรงพยาบาลส่งเสริมสุขภาพบ้านกงตาก,ช้างซ้าย,กาญจนดิษฐ์,สุราษฎร์ธานี,2025-11-19T16:21:56.462649,,0,0,2025-11-19T16:21:56.462649
EXT-03314,พื้นที่เสี่ยงภัยดินถล่ม,กรมทรัพยากรธรณี,หน่วยบริการประชาชนบ้านกงตาก | รายละเอียด: สถานที่ราชการ,,,"8.970427948984565,99.4641477431844",หน่วยบริการประชาชนบ้านกงตาก,ช้างซ้าย,กาญจนดิษฐ์,สุราษฎร์ธานี,2025-11-19T16:21:56.462649,,0,0,2025-11-19T16:21:56.462649
EXT-03315,พื้นที่เสี่ยงภัยดินถล่ม,กรมทรัพยากรธรณี,โรงเรียนบ้านไสขาม | รายละเอียด: โรงเรียน,,,"9.096876013276765,99.49701551061864",โรงเรียนบ้านไสขาม,ช้างซ้าย,กาญจนดิษฐ์,สุราษฎร์ธานี,2025-11-19T16:21:56.462649,,0,0,2025-11-19T16:21:56.462649
EXT-03316,พื้นที่เสี่ยงภัยดินถล่ม,กรมทรัพยากรธรณี,โรงเรียนบ้านหัวหมากบน | รายละเอียด: โรงเรียน,,,"9.083678186893232,99.4634014479401",โรงเรียนบ้านหัวหมากบน,ช้างซ้าย,กาญจนดิษฐ์,สุราษฎร์ธานี,2025-11-19T16:21:56.462649,,0,0,2025-11-19T16:21:56.462649
EXT-03317,พื้นที่เสี่ยงภัยดินถล่ม,กรมทรัพยากรธรณี,เทศบาลตำบลช้างซ้าย | รายละเอียด: สถานที่ราชการ,,,"9.10219959421429,99.4863937421325",เทศบาลตำบลช้างซ้าย,ช้างซ้าย,กาญจนดิษฐ์,สุราษฎร์ธานี,2025-11-19T16:21:56.462649,,0,0,2025-11-19T16:21:56.462649
EXT-03318,พื้นที่เสี่ยงภัยดินถล่ม,กรมทรัพยากรธรณี,สะพานข้ามคลองสวาด ม.1 | รายละเอียด: สะพาน,,,"9.115921657138605,99.48548403457288",สะพานข้ามคลองสวาด ม.1,กรูด,กาญจนดิษฐ์,สุราษฎร์ธานี,2025-11-19T16:21:56.462649,,0,0,2025-11-19T16:21:56.462649
EXT-03319,พื้นที่เสี่ยงภัยดินถล่ม,กรมทรัพยากรธรณี,สะพานข้ามคลองพระปิด ม.2 | รายละเอียด: สะพาน,,,"9.094478596810013,99.49743080599657",สะพานข้ามคลองพระปิด ม.2,ช้างซ้าย,กาญจนดิษฐ์,สุราษฎร์ธานี,2025-11-19T16:21:56.462649,,0,0,2025-11-19T16:21:56.462649
EXT-03320,พื้นที่เสี่ยงภัยดินถล่ม,กรมทรัพยากรธรณี,สะพานข้ามคลองบ้านทรายกล้วย ม.6 | รายละเอียด: สะพาน,,,"9.065507924199466,99.48426051525124",สะพานข้ามคลองบ้านทรายกล้วย ม.6,ช้างซ้าย,กาญจนดิษฐ์,สุราษฎร์ธานี,2025-11-19T16:21:56.462649,,0,0,2025-11-19T16:21:56.462649
EXT-03321,พื้นที่เสี่ยงภัยดินถล่ม,กรมทรัพยากรธรณี,สะพานข้ามคลองฮาย ม.9 | รายละเอียด: สะพาน,,,"9.044184873481953,99.50111936951046",สะพานข้ามคลองฮาย ม.9,ช้างซ้าย,กาญจนดิษฐ์,สุราษฎร์ธานี,2025-11-19T16:21:56.462649,,0,0,2025-11-19T16:21:56.462649
EXT-03322,พื้นที่เสี่ยงภัยดินถล่ม,กรมทรัพยากรธรณี,สะพานข้ามคลองพระปิด ม.11 | รายละเอียด: สะพาน,,,"9.100835177204349,99.48539087175338",สะพานข้ามคลองพระปิด ม.11,ช้างซ้าย,กาญจนดิษฐ์,สุราษฎร์ธานี,2025-11-19T16:21:56.462649,,0,0,2025-11-19T16:21:56.462649
EXT-03323,พื้นที่เสี่ยงภัยดินถล่ม,กรมทรัพยากรธรณี,โรงเรียน | รายละเอียด: โรงเรียน,,,"8.99845408921409,99.5994790459665",โรงเรียน,คลองสระ,กาญจนดิษฐ์,สุราษฎร์ธานี,2025-11-19T16:21:56.462649,,0,0,2025-11-19T16:21:56.462649
EXT-03324,พื้นที่เสี่ยงภัยดินถล่ม,กรมทรัพยากรธรณี,โรงเรียนอนุบาลคลองสระ | รายละเอียด: โรงเรียน,,,"9.033868972017025,99.62125011705048",โรงเรียนอนุบาลคลองสระ,คลองสระ,กาญจนดิษฐ์,สุราษฎร์ธานี,2025-11-19T16:21:56.462649,,0,0,2025-11-19T16:21:56.462649
EXT-03325,พื้นที่เสี่ยงภัยดินถล่ม,กรมทรัพยากรธรณี,วัด | รายละเอียด: วัด,,,"8.995888057206749,99.65539111738572",วัด,คลองสระ,กาญจนดิษฐ์,สุราษฎร์ธานี,2025-11-19T16:21:56.462649,,0,0,2025-11-19T16:21:56.462649
EXT-03326,พื้นที่เสี่ยงภัยดินถล่ม,กรมทรัพยากรธรณี,วัด | รายละเอียด: วัด,,,"9.055918412384036,99.62806996855525",วัด,คลองสระ,กาญจนดิษฐ์,สุราษฎร์ธานี,2025-11-19T16:21:56.462649,,0,0,2025-11-19T16:21:56.462649
EXT-03327,พื้นที่เสี่ยงภัยดินถล่ม,กรมทรัพยากรธรณี,ศาลาหมู่บ้าน | รายละเอียด: ศาลาอเนกประสงค์,,,"9.002959027612084,99.59038350753436",ศาลาหมู่บ้าน,คลองสระ,กาญจนดิษฐ์,สุราษฎร์ธานี,2025-11-19T16:21:56.462649,,0,0,2025-11-19T16:21:56.462649
EXT-03328,พื้นที่เสี่ยงภัยดินถล่ม,กรมทรัพยากรธรณี,ศาลาหมู่บ้าน | รายละเอียด: ศาลาอเนกประสงค์,,,"8.987063500609054,99.60300983894952",ศาลาหมู่บ้าน,คลองสระ,กาญจนดิษฐ์,สุราษฎร์ธานี,2025-11-19T16:21:56.462649,,0,0,2025-11-19T16:21:56.462649
EXT-03329,พื้นที่เสี่ยงภัยดินถล่ม,กรมทรัพยากรธรณี,ศาลาหมู่บ้าน | รายละเอียด: ศาลาอเนกประสงค์,,,"9.0250798807378,99.59964291186783",ศาลาหมู่บ้าน,คลองสระ,กาญจนดิษฐ์,สุราษฎร์ธานี,2025-11-19T16:21:56.462649,,0,0,2025-11-19T16:21:56.462649
EXT-03330,พื้นที่เสี่ยงภัยดินถล่ม,กรมทรัพยากรธรณี,ศาลาหมู่บ้าน | รายละเอียด: ศาลาอเนกประสงค์,,,"8.925346626636335,99.61850990569542",ศาลาหมู่บ้าน,คลองสระ,กาญจนดิษฐ์,สุราษฎร์ธานี,2025-11-19T16:21:56.462649,,0,0,2025-11-19T16:21:56.462649
EXT-03331,พื้นที่เสี่ยงภัยดินถล่ม,กรมทรัพยากรธรณี,ศาลาหมู่บ้าน | รายละเอียด: ศาลาอเนกประสงค์,,,"9.033096498960163,99.62011839257498",ศาลาหมู่บ้าน,คลองสระ,กาญจนดิษฐ์,สุราษฎร์ธานี,2025-11-19T16:21:56.462649,,0,0,2025-11-19T16:21:56.462649
EXT-03332,พื้นที่เสี่ยงภัยดินถล่ม,กรมทรัพยากรธรณี,สถานีอนามัย | รายละเอียด: สถานีอนามัย,,,"9.011177152288097,99.59042022020688",สถานีอนามัย,คลองสระ,กาญจนดิษฐ์,สุราษฎร์ธานี,2025-11-19T16:21:56.462649,,0,0,2025-11-19T16:21:56.462649
EXT-03333,พื้นที่เสี่ยงภัยดินถล่ม,กรมทรัพยากรธรณี,สำนักสงฆ์ | รายละเอียด: วัด,,,"8.95797981358546,99.58969208368372",สำนักสงฆ์,คลองสระ,กาญจนดิษฐ์,สุราษฎร์ธานี,2025-11-19T16:21:56.462649,,0,0,2025-11-19T16:21:56.462649
EXT-03334,พื้นที่เสี่ยงภัยดินถล่ม,กรมทรัพยากรธรณี,อบต.คลองสระ | รายละเอียด: สถานที่ราชการ,,,"9.032999437949098,99.62005636613638",อบต.คลองสระ,คลองสระ,กาญจนดิษฐ์,สุราษฎร์ธานี,2025-11-19T16:21:56.462649,,0,0,2025-11-19T16:21:56.462649
EXT-03335,พื้นที่เสี่ยงภัยดินถล่ม,กรมทรัพยากรธรณี,วัด | รายละเอียด: วัด,,,"9.011118899867071,99.59005686438698",วัด,คลองสระ,กาญจนดิษฐ์,สุราษฎร์ธานี,2025-11-19T16:21:56.462649,,0,0,2025-11-19T16:21:56.462649
EXT-03336,พื้นที่เสี่ยงภัยดินถล่ม,กรมทรัพยากรธรณี,ที่ทำการผู้ใหญ่บ้าน | รายละเอียด: สถานที่ราชการ,,,"9.015782759326942,99.58947675310792",ที่ทำการผู้ใหญ่บ้าน,คลองสระ,กาญจนดิษฐ์,สุราษฎร์ธานี,2025-11-19T16:21:56.462649,,0,0,2025-11-19T16:21:56.462649
EXT-03337,พื้นที่เสี่ยงภัยดินถล่ม,กรมทรัพยากรธรณี,โรงเรียน | รายละเอียด: โรงเรียน,,,"8.988840717296165,99.60234330972436",โรงเรียน,คลองสระ,กาญจนดิษฐ์,สุราษฎร์ธานี,2025-11-19T16:21:56.462649,,0,0,2025-11-19T16:21:56.462649
EXT-03338,พื้นที่เสี่ยงภัยดินถล่ม,กรมทรัพยากรธรณี,ศาลาหมู่บ้าน | รายละเอียด: ศาลาอเนกประสงค์,,,"8.987063500609054,99.60300983894952",ศาลาหมู่บ้าน,คลองสระ,กาญจนดิษฐ์,สุราษฎร์ธานี,2025-11-19T16:21:56.462649,,0,0,2025-11-19T16:21:56.462649
EXT-03339,พื้นที่เสี่ยงภัยดินถล่ม,กรมทรัพยากรธรณี,โรงเรียนบ้านคลองสระ | รายละเอียด: โรงเรียน,,,"9.033869391472104,99.62124810521185",โรงเรียนบ้านคลองสระ,คลองสระ,กาญจนดิษฐ์,สุราษฎร์ธานี,2025-11-19T16:21:56.462649,,0,0,2025-11-19T16:21:56.462649
EXT-03340,พื้นที่เสี่ยงภัยดินถล่ม,กรมทรัพยากรธรณี,สถานีอนามัย | รายละเอียด: สถานีอนามัย,,,"9.032653176828704,99.62001822912565",สถานีอนามัย,คลองสระ,กาญจนดิษฐ์,สุราษฎร์ธานี,2025-11-19T16:21:56.462649,,0,0,2025-11-19T16:21:56.462649
EXT-03341,พื้นที่เสี่ยงภัยดินถล่ม,กรมทรัพยากรธรณี,ศาลาหมู่บ้าน | รายละเอียด: ศาลาอเนกประสงค์,,,"9.0250798807378,99.59964291186783",ศาลาหมู่บ้าน,คลองสระ,กาญจนดิษฐ์,สุราษฎร์ธานี,2025-11-19T16:21:56.462649,,0,0,2025-11-19T16:21:56.462649
EXT-03342,พื้นที่เสี่ยงภัยดินถล่ม,กรมทรัพยากรธรณี,ที่ทำการผู้ใหญ่บ้าน | รายละเอียด: สถานที่ราชการ,,,"9.034095785301211,99.62033405900297",ที่ทำการผู้ใหญ่บ้าน,คลองสระ,กาญจนดิษฐ์,สุราษฎร์ธานี,2025-11-19T16:21:56.462649,,0,0,2025-11-19T16:21:56.462649
EXT-03343,พื้นที่เสี่ยงภัยดินถล่ม,กรมทรัพยากรธรณี,ที่ทำการผู้ใหญ่บ้าน | รายละเอียด: สถานที่ราชการ,,,"8.997071576626784,99.64071406960458",ที่ทำการผู้ใหญ่บ้าน,คลองสระ,กาญจนดิษฐ์,สุราษฎร์ธานี,2025-11-19T16:21:56.462649,,0,0,2025-11-19T16:21:56.462649
EXT-03344,พื้นที่เสี่ยงภัยดินถล่ม,กรมทรัพยากรธรณี,ที่ทำการผู้ใหญ่บ้าน | รายละเอียด: สถานที่ราชการ,,,"9.051497458444052,99.6096394213111",ที่ทำการผู้ใหญ่บ้าน,ป่าร่อน,กาญจนดิษฐ์,สุราษฎร์ธานี,2025-11-19T16:21:56.462649,,0,0,2025-11-19T16:21:56.462649
EXT-03345,พื้นที่เสี่ยงภัยดินถล่ม,กรมทรัพยากรธรณี,วัด | รายละเอียด: วัด,,,"9.036673894189105,99.62995874651745",วัด,คลองสระ,กาญจนดิษฐ์,สุราษฎร์ธานี,2025-11-19T16:21:56.462649,,0,0,2025-11-19T16:21:56.462649
EXT-03346,พื้นที่เสี่ยงภัยดินถล่ม,กรมทรัพยากรธรณี,วัด | รายละเอียด: วัด,,,"8.931647976068172,99.57035528513858",วัด,คลองสระ,กาญจนดิษฐ์,สุราษฎร์ธานี,2025-11-19T16:21:56.462649,,0,0,2025-11-19T16:21:56.462649
EXT-03347,พื้นที่เสี่ยงภัยดินถล่ม,กรมทรัพยากรธรณี,ศาลาหมู่บ้าน | รายละเอียด: ศาลาอเนกประสงค์,,,"8.925346626636335,99.61850990569542",ศาลาหมู่บ้าน,คลองสระ,กาญจนดิษฐ์,สุราษฎร์ธานี,2025-11-19T16:21:56.462649,,0,0,2025-11-19T16:21:56.462649
EXT-03348,พื้นที่เสี่ยงภัยดินถล่ม,กรมทรัพยากรธรณี,โรงพยาบาลส่งเสริมสุขภาพไชยคราม | รายละเอียด: โรงพยาบาล,,,"9.207446443103924,99.62537359022345",โรงพยาบาลส่งเสริมสุขภาพไชยคราม,ไชยคราม,ดอนสัก,สุราษฎร์ธานี,2025-11-19T16:21:56.462649,,0,0,2025-11-19T16:21:56.462649
EXT-03349,พื้นที่เสี่ยงภัยดินถล่ม,กรมทรัพยากรธรณี,หน่วยบริการประชาชนตำบลไชยคราม | รายละเอียด: สถานที่ราชการ,,,"9.188358595386465,99.64309855961014",หน่วยบริการประชาชนตำบลไชยคราม,ไชยคราม,ดอนสัก,สุราษฎร์ธานี,2025-11-19T16:21:56.462649,,0,0,2025-11-19T16:21:56.462649
EXT-03350,พื้นที่เสี่ยงภัยดินถล่ม,กรมทรัพยากรธรณี,โรงเรียนบ้านศรีไชยคราม | รายละเอียด: โรงเรียน,,,"9.205861150944342,99.62681813456418",โรงเรียนบ้านศรีไชยคราม,ไชยคราม,ดอนสัก,สุราษฎร์ธานี,2025-11-19T16:21:56.462649,,0,0,2025-11-19T16:21:56.462649
EXT-03351,พื้นที่เสี่ยงภัยดินถล่ม,กรมทรัพยากรธรณี,โรงเรียนวัดนอก | รายละเอียด: โรงเรียน,,,"9.167957513326867,99.63616269988327",โรงเรียนวัดนอก,ไชยคราม,ดอนสัก,สุราษฎร์ธานี,2025-11-19T16:21:56.462649,,0,0,2025-11-19T16:21:56.462649
EXT-03352,พื้นที่เสี่ยงภัยดินถล่ม,กรมทรัพยากรธรณี,องค์การบริหารส่วนตำบลไชยคราม | รายละเอียด: สถานที่ราชการ,,,"9.20235686673065,99.62547949228525",องค์การบริหารส่วนตำบลไชยคราม,ไชยคราม,ดอนสัก,สุราษฎร์ธานี,2025-11-19T16:21:56.462649,,0,0,2025-11-19T16:21:56.462649
EXT-03353,พื้นที่เสี่ยงภัยดินถล่ม,กรมทรัพยากรธรณี,สะพานข้ามห้วย ม.1 | รายละเอียด: สะพาน,,,"9.198558052504238,99.62402900550634",สะพานข้ามห้วย ม.1,ไชยคราม,ดอนสัก,สุราษฎร์ธานี,2025-11-19T16:21:56.462649,,0,0,2025-11-19T16:21:56.462649
EXT-03354,พื้นที่เสี่ยงภัยดินถล่ม,กรมทรัพยากรธรณี,สะพานข้ามคลองธาตุทอง ม.2 | รายละเอียด: สะพาน,,,"9.16687657258003,99.62846983631573",สะพานข้ามคลองธาตุทอง ม.2,ไชยคราม,ดอนสัก,สุราษฎร์ธานี,2025-11-19T16:21:56.462649,,0,0,2025-11-19T16:21:56.462649
EXT-03355,พื้นที่เสี่ยงภัยดินถล่ม,กรมทรัพยากรธรณี,สะพานข้ามคลองท่าทอง ม.3 | รายละเอียด: สะพาน,,,"9.251012388648405,99.62607852645141",สะพานข้ามคลองท่าทอง ม.3,ไชยคราม,ดอนสัก,สุราษฎร์ธานี,2025-11-19T16:21:56.462649,,0,0,2025-11-19T16:21:56.462649
EXT-03356,พื้นที่เสี่ยงภัยดินถล่ม,กรมทรัพยากรธรณี,สะพานข้ามคลองท่าทอง ม.5 | รายละเอียด: สะพาน,,,"9.210101932960248,99.62743549537338",สะพานข้ามคลองท่าทอง ม.5,ไชยคราม,ดอนสัก,สุราษฎร์ธานี,2025-11-19T16:21:56.462649,,0,0,2025-11-19T16:21:56.462649
EXT-03357,พื้นที่เสี่ยงภัยดินถล่ม,กรมทรัพยากรธรณี,โรงพยาบาลส่งเสรริมสุขภาพตำบลต้นยวน | รายละเอียด: โรงพยาบาล,,,"8.881032413094317,98.86994968507494",โรงพยาบาลส่งเสรริมสุขภาพตำบลต้นยวน,ต้นยวน,พนม,สุราษฎร์ธานี,2025-11-19T16:21:56.462649,,0,0,2025-11-19T16:21:56.462649
EXT-03358,พื้นที่เสี่ยงภัยดินถล่ม,กรมทรัพยากรธรณี,โรงพยาบาลส่งเสรริมสุขภาพตำบลบ้านเขานาใน | รายละเอียด: โรงพยาบาล,,,"8.795602929505552,98.95719027041356",โรงพยาบาลส่งเสรริมสุขภาพตำบลบ้านเขานาใน,บ้านเสด็จ,เคียนซา,สุราษฎร์ธานี,2025-11-19T16:21:56.462649,,0,0,2025-11-19T16:21:56.462649
EXT-03359,พื้นที่เสี่ยงภัยดินถล่ม,กรมทรัพยากรธรณี,หน่วยบริการประชาชนสามแยกพนม-เขาต่อ | รายละเอียด: สถานที่ราชการ,,,"8.880131049404078,98.85400642631546",หน่วยบริการประชาชนสามแยกพนม-เขาต่อ,ต้นยวน,พนม,สุราษฎร์ธานี,2025-11-19T16:21:56.462649,,0,0,2025-11-19T16:21:56.462649
EXT-03360,พื้นที่เสี่ยงภัยดินถล่ม,กรมทรัพยากรธรณี,ที่พักสายตรวจหมู่ที่ 8 | รายละเอียด: สถานที่ราชการ,,,"8.764975782522743,98.95615726766569",ที่พักสายตรวจหมู่ที่ 8,บ้านเสด็จ,เคียนซา,สุราษฎร์ธานี,2025-11-19T16:21:56.462649,,0,0,2025-11-19T16:21:56.462649
EXT-03361,พื้นที่เสี่ยงภัยดินถล่ม,กรมทรัพยากรธรณี,โรงเรียนปากตรัง | รายละเอียด: โรงเรียน,,,"8.882056256392362,98.87287674406852",โรงเรียนปากตรัง,ต้นยวน,พนม,สุราษฎร์ธานี,2025-11-19T16:21:56.462649,,0,0,2025-11-19T16:21:56.462649
EXT-03362,พื้นที่เสี่ยงภัยดินถล่ม,กรมทรัพยากรธรณี,โรงเรียนอนุบาลเปี่ยมรัก | รายละเอียด: โรงเรียน,,,"8.889409028007735,98.88387204608613",โรงเรียนอนุบาลเปี่ยมรัก,ต้นยวน,พนม,สุราษฎร์ธานี,2025-11-19T16:21:56.462649,,0,0,2025-11-19T16:21:56.462649
EXT-03363,พื้นที่เสี่ยงภัยดินถล่ม,กรมทรัพยากรธรณี,ตำบลต้นยวน | รายละเอียด: สถานที่ราชการ,,,"8.881593671265348,98.87127736646352",ตำบลต้นยวน,ต้นยวน,พนม,สุราษฎร์ธานี,2025-11-19T16:21:56.462649,,0,0,2025-11-19T16:21:56.462649
EXT-03364,พื้นที่เสี่ยงภัยดินถล่ม,กรมทรัพยากรธรณี,สะพานข้ามคลองบางเหรียง ม.2 | รายละเอียด: สะพาน,,,"8.884517395059627,98.87766113208363",สะพานข้ามคลองบางเหรียง ม.2,ต้นยวน,พนม,สุราษฎร์ธานี,2025-11-19T16:21:56.462649,,0,0,2025-11-19T16:21:56.462649
EXT-03365,พื้นที่เสี่ยงภัยดินถล่ม,กรมทรัพยากรธรณี,สะพานข้ามคลองบางเหรียง ม.6 | รายละเอียด: สะพาน,,,"8.872482637237146,98.89161660885294",สะพานข้ามคลองบางเหรียง ม.6,ต้นยวน,พนม,สุราษฎร์ธานี,2025-11-19T16:21:56.462649,,0,0,2025-11-19T16:21:56.462649
EXT-03366,พื้นที่เสี่ยงภัยดินถล่ม,กรมทรัพยากรธรณี,สะพานข้ามคลองพุมดวง ม.7 | รายละเอียด: สะพาน,,,"8.870793833013325,98.90112117515108",สะพานข้ามคลองพุมดวง ม.7,ต้นยวน,พนม,สุราษฎร์ธานี,2025-11-19T16:21:56.462649,,0,0,2025-11-19T16:21:56.462649
EXT-03367,พื้นที่เสี่ยงภัยดินถล่ม,กรมทรัพยากรธรณี,วัดเขาป้อม | รายละเอียด: วัด,,,"9.480706831735738,99.96756607844975",วัดเขาป้อม,ตลิ่งงาม,เกาะสมุย,สุราษฎร์ธานี,2025-11-19T16:21:56.462649,,0,0,2025-11-19T16:21:56.462649
EXT-03368,พื้นที่เสี่ยงภัยดินถล่ม,กรมทรัพยากรธรณี,สถานีรายงานสมุย | รายละเอียด: สถานที่ราชการ,,,"9.481614318561295,99.96191859368481",สถานีรายงานสมุย,ตลิ่งงาม,เกาะสมุย,สุราษฎร์ธานี,2025-11-19T16:21:56.462649,,0,0,2025-11-19T16:21:56.462649
EXT-03369,พื้นที่เสี่ยงภัยดินถล่ม,กรมทรัพยากรธรณี,วัดสระเกศ | รายละเอียด: วัด,,,"9.480765396051593,99.9520830850472",วัดสระเกศ,ตลิ่งงาม,เกาะสมุย,สุราษฎร์ธานี,2025-11-19T16:21:56.462649,,0,0,2025-11-19T16:21:56.462649
EXT-03370,พื้นที่เสี่ยงภัยดินถล่ม,กรมทรัพยากรธรณี,โรงเรียนเทศบาล 2 วัดสระเกศ | รายละเอียด: โรงเรียน,,,"9.480033629307648,99.95339403060566",โรงเรียนเทศบาล 2 วัดสระเกศ,ตลิ่งงาม,เกาะสมุย,สุราษฎร์ธานี,2025-11-19T16:21:56.462649,,0,0,2025-11-19T16:21:56.462649
EXT-03371,พื้นที่เสี่ยงภัยดินถล่ม,กรมทรัพยากรธรณี,โรงเรียนวัดคีรีวงการาม | รายละเอียด: โรงเรียน,,,"9.45712109467794,99.93681577721995",โรงเรียนวัดคีรีวงการาม,ตลิ่งงาม,เกาะสมุย,สุราษฎร์ธานี,2025-11-19T16:21:56.462649,,0,0,2025-11-19T16:21:56.462649
EXT-03372,พื้นที่เสี่ยงภัยดินถล่ม,กรมทรัพยากรธรณี,วัดคีรีวงการาม | รายละเอียด: วัด,,,"9.456145474129295,99.93640325195621",วัดคีรีวงการาม,ตลิ่งงาม,เกาะสมุย,สุราษฎร์ธานี,2025-11-19T16:21:56.462649,,0,0,2025-11-19T16:21:56.462649
EXT-03373,พื้นที่เสี่ยงภัยดินถล่ม,กรมทรัพยากรธรณี,รพ.สต.ตลิ่งงาม | รายละเอียด: โรงพยาบาล,,,"9.455202635164817,99.94267273872583",รพ.สต.ตลิ่งงาม,ตลิ่งงาม,เกาะสมุย,สุราษฎร์ธานี,2025-11-19T16:21:56.462649,,0,0,2025-11-19T16:21:56.462649
EXT-03374,พื้นที่เสี่ยงภัยดินถล่ม,กรมทรัพยากรธรณี,วัดพระเจดีย์แหลมสบ | รายละเอียด: วัด,,,"9.41323155553424,99.97040376021324",วัดพระเจดีย์แหลมสบ,หน้าเมือง,เกาะสมุย,สุราษฎร์ธานี,2025-11-19T16:21:56.462649,,0,0,2025-11-19T16:21:56.462649
EXT-03375,พื้นที่เสี่ยงภัยดินถล่ม,กรมทรัพยากรธรณี,โรงเรียนวัดสันติวราราม | รายละเอียด: โรงเรียน,,,"9.421742190126407,99.95889028611698",โรงเรียนวัดสันติวราราม,ตลิ่งงาม,เกาะสมุย,สุราษฎร์ธานี,2025-11-19T16:21:56.462649,,0,0,2025-11-19T16:21:56.462649
EXT-03376,พื้นที่เสี่ยงภัยดินถล่ม,กรมทรัพยากรธรณี,วัดสันติวราราม | รายละเอียด: วัด,,,"9.421871141271822,99.95826013139651",วัดสันติวราราม,ตลิ่งงาม,เกาะสมุย,สุราษฎร์ธานี,2025-11-19T16:21:56.462649,,0,0,2025-11-19T16:21:56.462649
EXT-03377,พื้นที่เสี่ยงภัยดินถล่ม,กรมทรัพยากรธรณี,รพ.สต.บ้านเกาะแตน | รายละเอียด: โรงพยาบาล,,,"9.376355660502098,99.9488554872606",รพ.สต.บ้านเกาะแตน,ตลิ่งงาม,เกาะสมุย,สุราษฎร์ธานี,2025-11-19T16:21:56.462649,,0,0,2025-11-19T16:21:56.462649
EXT-03378,พื้นที่เสี่ยงภัยดินถล่ม,กรมทรัพยากรธรณี,สำนักสงฆ์บ่อม่วง | รายละเอียด: วัด,,,"9.371125149651597,99.9534308548247",สำนักสงฆ์บ่อม่วง,ตลิ่งงาม,เกาะสมุย,สุราษฎร์ธานี,2025-11-19T16:21:56.462649,,0,0,2025-11-19T16:21:56.462649
EXT-03379,พื้นที่เสี่ยงภัยดินถล่ม,กรมทรัพยากรธรณี,วัดคีรีมาส | รายละเอียด: วัด,,,"9.424815460720598,99.94076323850123",วัดคีรีมาส,ตลิ่งงาม,เกาะสมุย,สุราษฎร์ธานี,2025-11-19T16:21:56.462649,,0,0,2025-11-19T16:21:56.462649
EXT-03380,พื้นที่เสี่ยงภัยดินถล่ม,กรมทรัพยากรธรณี,โรงเรียนเทศบาล 4 วัดคีรีมาส | รายละเอียด: โรงเรียน,,,"9.424165887198725,99.94315788261807",โรงเรียนเทศบาล 4 วัดคีรีมาส,ตลิ่งงาม,เกาะสมุย,สุราษฎร์ธานี,2025-11-19T16:21:56.462649,,0,0,2025-11-19T16:21:56.462649
EXT-03381,พื้นที่เสี่ยงภัยดินถล่ม,กรมทรัพยากรธรณี,สำนักสงฆ์กัมมัฏฐานหินลาดพังกา | รายละเอียด: วัด,,,"9.42074538755664,99.94766489803426",สำนักสงฆ์กัมมัฏฐานหินลาดพังกา,ตลิ่งงาม,เกาะสมุย,สุราษฎร์ธานี,2025-11-19T16:21:56.462649,,0,0,2025-11-19T16:21:56.462649
EXT-03382,พื้นที่เสี่ยงภัยดินถล่ม,กรมทรัพยากรธรณี,โรงพยาบาลส่งเสริมสุขภาพตำบลตะกุกใต้ | รายละเอียด: โรงพยาบาล,,,"9.140014161558,98.9648407149785",โรงพยาบาลส่งเสริมสุขภาพตำบลตะกุกใต้,ตะกุกใต้,วิภาวดี,สุราษฎร์ธานี,2025-11-19T16:21:56.462649,,0,0,2025-11-19T16:21:56.462649
EXT-03383,พื้นที่เสี่ยงภัยดินถล่ม,กรมทรัพยากรธรณี,สถานีตำรวจภูธรบ้านโพธิ์น้อย | รายละเอียด: สถานีตำรวจ,,,"9.150958112051411,98.95983363654871",สถานีตำรวจภูธรบ้านโพธิ์น้อย,ตะกุกใต้,วิภาวดี,สุราษฎร์ธานี,2025-11-19T16:21:56.462649,,0,0,2025-11-19T16:21:56.462649
EXT-03384,พื้นที่เสี่ยงภัยดินถล่ม,กรมทรัพยากรธรณี,สายตรวจบ้านโพธิ์พนา | รายละเอียด: สถานที่ราชการ,,,"9.188379021320936,99.01916135426487",สายตรวจบ้านโพธิ์พนา,ตะกุกใต้,วิภาวดี,สุราษฎร์ธานี,2025-11-19T16:21:56.462649,,0,0,2025-11-19T16:21:56.462649
EXT-03385,พื้นที่เสี่ยงภัยดินถล่ม,กรมทรัพยากรธรณี,โรงเรียนเชี่ยวมะปราง | รายละเอียด: โรงเรียน,,,"9.160907237449994,98.95648295476914",โรงเรียนเชี่ยวมะปราง,ตะกุกใต้,วิภาวดี,สุราษฎร์ธานี,2025-11-19T16:21:56.462649,,0,0,2025-11-19T16:21:56.462649
EXT-03386,พื้นที่เสี่ยงภัยดินถล่ม,กรมทรัพยากรธรณี,โรงเรียนตะกุกใต้ศึกษา | รายละเอียด: โรงเรียน,,,"9.140423044714819,98.96553248889526",โรงเรียนตะกุกใต้ศึกษา,ตะกุกใต้,วิภาวดี,สุราษฎร์ธานี,2025-11-19T16:21:56.462649,,0,0,2025-11-19T16:21:56.462649
EXT-03387,พื้นที่เสี่ยงภัยดินถล่ม,กรมทรัพยากรธรณี,องค์การบริหารตำบลตำบลตะกุกใต้ | รายละเอียด: สถานที่ราชการ,,,"9.148335470252333,98.96374768724542",องค์การบริหารตำบลตำบลตะกุกใต้,ตะกุกใต้,วิภาวดี,สุราษฎร์ธานี,2025-11-19T16:21:56.462649,,0,0,2025-11-19T16:21:56.462649
EXT-03388,พื้นที่เสี่ยงภัยดินถล่ม,กรมทรัพยากรธรณี,สะพานข้ามคลองยัน ม.1 | รายละเอียด: สะพาน,,,"9.181466854613047,98.95926584644387",สะพานข้ามคลองยัน ม.1,ตะกุกใต้,วิภาวดี,สุราษฎร์ธานี,2025-11-19T16:21:56.462649,,0,0,2025-11-19T16:21:56.462649
EXT-03389,พื้นที่เสี่ยงภัยดินถล่ม,กรมทรัพยากรธรณี,สะพานข้ามคลองลาง ม.3 | รายละเอียด: สะพาน,,,"9.129604049903094,98.97315120812488",สะพานข้ามคลองลาง ม.3,ตะกุกใต้,วิภาวดี,สุราษฎร์ธานี,2025-11-19T16:21:56.462649,,0,0,2025-11-19T16:21:56.462649
EXT-03390,พื้นที่เสี่ยงภัยดินถล่ม,กรมทรัพยากรธรณี,สะพานข้ามคลองหวายหนิม(คลองยัน) ม.4 | รายละเอียด: สะพาน,,,"9.137585617656342,98.95754451919298",สะพานข้ามคลองหวายหนิม(คลองยัน) ม.4,น้ำหัก,คีรีรัฐนิคม,สุราษฎร์ธานี,2025-11-19T16:21:56.462649,,0,0,2025-11-19T16:21:56.462649
EXT-03391,พื้นที่เสี่ยงภัยดินถล่ม,กรมทรัพยากรธรณี,สะพานข้ามคลองนา ม.5 | รายละเอียด: สะพาน,,,"9.161152347955111,98.9647112099341",สะพานข้ามคลองนา ม.5,ตะกุกใต้,วิภาวดี,สุราษฎร์ธานี,2025-11-19T16:21:56.462649,,0,0,2025-11-19T16:21:56.462649
EXT-03392,พื้นที่เสี่ยงภัยดินถล่ม,กรมทรัพยากรธรณี,สะพานข้ามคลองแอ๊ะ ม.8 | รายละเอียด: สะพาน,,,"9.160601566231193,98.8831658656104",สะพานข้ามคลองแอ๊ะ ม.8,น้ำหัก,คีรีรัฐนิคม,สุราษฎร์ธานี,2025-11-19T16:21:56.462649,,0,0,2025-11-19T16:21:56.462649
EXT-03393,พื้นที่เสี่ยงภัยดินถล่ม,กรมทรัพยากรธรณี,โรงพยาบาลส่งเสริมสุขภาพตำบลบ้านคลองใส | รายละเอียด: โรงพยาบาล,,,"9.311520752347988,98.8689564223999",โรงพยาบาลส่งเสริมสุขภาพตำบลบ้านคลองใส,ปากฉลุย,ท่าฉาง,สุราษฎร์ธานี,2025-11-19T16:21:56.462649,,0,0,2025-11-19T16:21:56.462649
EXT-03394,พื้นที่เสี่ยงภัยดินถล่ม,กรมทรัพยากรธรณี,โรงพยาบาลส่งเสริมสุขภาพตำบลตะกุกเหนือ | รายละเอียด: โรงพยาบาล,,,"9.206403171431196,98.95327306410165",โรงพยาบาลส่งเสริมสุขภาพตำบลตะกุกเหนือ,ตะกุกเหนือ,วิภาวดี,สุราษฎร์ธานี,2025-11-19T16:21:56.462649,,0,0,2025-11-19T16:21:56.462649
EXT-03395,พื้นที่เสี่ยงภัยดินถล่ม,กรมทรัพยากรธรณี,สถานีตำรวจภูธรวิภาวดี | รายละเอียด: สถานีตำรวจ,,,"9.23995341720415,98.97900594147643",สถานีตำรวจภูธรวิภาวดี,ตะกุกเหนือ,วิภาวดี,สุราษฎร์ธานี,2025-11-19T16:21:56.462649,,0,0,2025-11-19T16:21:56.462649
EXT-03396,พื้นที่เสี่ยงภัยดินถล่ม,กรมทรัพยากรธรณี,สายตรวจตะกุกเหนือ | รายละเอียด: สถานที่ราชการ,,,"9.241084447064805,98.91849074191371",สายตรวจตะกุกเหนือ,ตะกุกเหนือ,วิภาวดี,สุราษฎร์ธานี,2025-11-19T16:21:56.462649,,0,0,2025-11-19T16:21:56.462649
EXT-03397,พื้นที่เสี่ยงภัยดินถล่ม,กรมทรัพยากรธรณี,โรงเรียนบ้านท่านหญิงวิภา | รายละเอียด: โรงเรียน,,,"9.240821818021875,98.91707056032547",โรงเรียนบ้านท่านหญิงวิภา,ตะกุกเหนือ,วิภาวดี,สุราษฎร์ธานี,2025-11-19T16:21:56.462649,,0,0,2025-11-19T16:21:56.462649
EXT-03398,พื้นที่เสี่ยงภัยดินถล่ม,กรมทรัพยากรธรณี,โรงเรียนวัดอรัญญาราม | รายละเอียด: โรงเรียน,,,"9.189136669123984,98.95633386941633",โรงเรียนวัดอรัญญาราม,ตะกุกใต้,วิภาวดี,สุราษฎร์ธานี,2025-11-19T16:21:56.462649,,0,0,2025-11-19T16:21:56.462649
EXT-03399,พื้นที่เสี่ยงภัยดินถล่ม,กรมทรัพยากรธรณี,องค์การบริหารส่วนตำบลตะกุกเหนือ | รายละเอียด: สถานที่ราชการ,,,"9.237882078755332,98.97833236456641",องค์การบริหารส่วนตำบลตะกุกเหนือ,ตะกุกเหนือ,วิภาวดี,สุราษฎร์ธานี,2025-11-19T16:21:56.462649,,0,0,2025-11-19T16:21:56.462649
EXT-03400,พื้นที่เสี่ยงภัยดินถล่ม,กรมทรัพยากรธรณี,สะพานข้ามคลองยัน ม.1 | รายละเอียด: สะพาน,,,"9.243020245654211,98.91927325551818",สะพานข้ามคลองยัน ม.1,ตะกุกเหนือ,วิภาวดี,สุราษฎร์ธานี,2025-11-19T16:21:56.462649,,0,0,2025-11-19T16:21:56.462649
EXT-03401,พื้นที่เสี่ยงภัยดินถล่ม,กรมทรัพยากรธรณี,สะพานข้ามคลองหนองปรือ ม.4 | รายละเอียด: สะพาน,,,"9.231442343534596,98.98353565798561",สะพานข้ามคลองหนองปรือ ม.4,ตะกุกเหนือ,วิภาวดี,สุราษฎร์ธานี,2025-11-19T16:21:56.462649,,0,0,2025-11-19T16:21:56.462649
EXT-03402,พื้นที่เสี่ยงภัยดินถล่ม,กรมทรัพยากรธรณี,สะพานข้ามคลองยัน ม.6 | รายละเอียด: สะพาน,,,"9.234222297754982,98.93289476408225",สะพานข้ามคลองยัน ม.6,ตะกุกเหนือ,วิภาวดี,สุราษฎร์ธานี,2025-11-19T16:21:56.462649,,0,0,2025-11-19T16:21:56.462649
EXT-03403,พื้นที่เสี่ยงภัยดินถล่ม,กรมทรัพยากรธรณี,สะพานข้ามคลองวาย ม.7 | รายละเอียด: สะพาน,,,"9.337393139065158,98.88016609706392",สะพานข้ามคลองวาย ม.7,ปากฉลุย,ท่าฉาง,สุราษฎร์ธานี,2025-11-19T16:21:56.462649,,0,0,2025-11-19T16:21:56.462649
EXT-03404,พื้นที่เสี่ยงภัยดินถล่ม,กรมทรัพยากรธรณี,สะพานข้ามคลองมุย ม.9 | รายละเอียด: สะพาน,,,"9.264400063793078,98.87851566688164",สะพานข้ามคลองมุย ม.9,ตะกุกเหนือ,วิภาวดี,สุราษฎร์ธานี,2025-11-19T16:21:56.462649,,0,0,2025-11-19T16:21:56.462649
EXT-03405,พื้นที่เสี่ยงภัยดินถล่ม,กรมทรัพยากรธรณี,โรงพยาบาลส่งเสริมสุขภาพตำบลทุ่งเตา | รายละเอียด: โรงพยาบาล,,,"8.89636999901705,99.39229289036786",โรงพยาบาลส่งเสริมสุขภาพตำบลทุ่งเตา,ทุ่งเตา,บ้านนาสาร,สุราษฎร์ธานี,2025-11-19T16:21:56.462649,,0,0,2025-11-19T16:21:56.462649
EXT-03406,พื้นที่เสี่ยงภัยดินถล่ม,กรมทรัพยากรธรณี,โรงพยาบาลส่งเสริมสุขภาพบ้านทุ่งในไร่ | รายละเอียด: โรงพยาบาล,,,"8.922818520537238,99.38252480631742",โรงพยาบาลส่งเสริมสุขภาพบ้านทุ่งในไร่,ทุ่งเตา,บ้านนาสาร,สุราษฎร์ธานี,2025-11-19T16:21:56.462649,,0,0,2025-11-19T16:21:56.462649
EXT-03407,พื้นที่เสี่ยงภัยดินถล่ม,กรมทรัพยากรธรณี,สายตรวจตำบลทุ่งเตา | รายละเอียด: สถานที่ราชการ,,,"8.918106347883962,99.39949263284485",สายตรวจตำบลทุ่งเตา,ทุ่งเตา,บ้านนาสาร,สุราษฎร์ธานี,2025-11-19T16:21:56.462649,,0,0,2025-11-19T16:21:56.462649
EXT-03408,พื้นที่เสี่ยงภัยดินถล่ม,กรมทรัพยากรธรณี,โรงเรียนบ้านไร่เหนือ | รายละเอียด: โรงเรียน,,,"8.908418385051261,99.43260798138508",โรงเรียนบ้านไร่เหนือ,ทุ่งเตา,บ้านนาสาร,สุราษฎร์ธานี,2025-11-19T16:21:56.462649,,0,0,2025-11-19T16:21:56.462649
EXT-03409,พื้นที่เสี่ยงภัยดินถล่ม,กรมทรัพยากรธรณี,โรงเรียนบ้านทุ่งในไร่ | รายละเอียด: โรงเรียน,,,"8.917440177671427,99.3879766710904",โรงเรียนบ้านทุ่งในไร่,ทุ่งเตา,บ้านนาสาร,สุราษฎร์ธานี,2025-11-19T16:21:56.462649,,0,0,2025-11-19T16:21:56.462649
EXT-03410,พื้นที่เสี่ยงภัยดินถล่ม,กรมทรัพยากรธรณี,องค์การบริหารส่วนตำบลทุ่งเตา | รายละเอียด: สถานที่ราชการ,,,"8.92115531254466,99.39872280030433",องค์การบริหารส่วนตำบลทุ่งเตา,ทุ่งเตา,บ้านนาสาร,สุราษฎร์ธานี,2025-11-19T16:21:56.462649,,0,0,2025-11-19T16:21:56.462649
EXT-03411,พื้นที่เสี่ยงภัยดินถล่ม,กรมทรัพยากรธรณี,สะพานข้ามคลองหย่า ม.1 | รายละเอียด: สะพาน,,,"8.920972496944696,99.40050538764216",สะพานข้ามคลองหย่า ม.1,ทุ่งเตา,บ้านนาสาร,สุราษฎร์ธานี,2025-11-19T16:21:56.462649,,0,0,2025-11-19T16:21:56.462649
EXT-03412,พื้นที่เสี่ยงภัยดินถล่ม,กรมทรัพยากรธรณี,สะพานข้ามคลองกลงลำ ม.2 | รายละเอียด: สะพาน,,,"8.901925553238085,99.3904251586188",สะพานข้ามคลองกลงลำ ม.2,ทุ่งเตา,บ้านนาสาร,สุราษฎร์ธานี,2025-11-19T16:21:56.462649,,0,0,2025-11-19T16:21:56.462649
EXT-03413,พื้นที่เสี่ยงภัยดินถล่ม,กรมทรัพยากรธรณี,สะพานข้ามห้วยโหลงโตง ม.3 | รายละเอียด: สะพาน,,,"8.912339109015562,99.43667832253655",สะพานข้ามห้วยโหลงโตง ม.3,ทุ่งเตา,บ้านนาสาร,สุราษฎร์ธานี,2025-11-19T16:21:56.462649,,0,0,2025-11-19T16:21:56.462649
EXT-03414,พื้นที่เสี่ยงภัยดินถล่ม,กรมทรัพยากรธรณี,สะพานข้ามคลองกลงลำ ม.4 | รายละเอียด: สะพาน,,,"8.917569720272652,99.38517530913722",สะพานข้ามคลองกลงลำ ม.4,ทุ่งเตา,บ้านนาสาร,สุราษฎร์ธานี,2025-11-19T16:21:56.462649,,0,0,2025-11-19T16:21:56.462649
EXT-03415,พื้นที่เสี่ยงภัยดินถล่ม,กรมทรัพยากรธรณี,สะพานข้ามคลองกลงลำ ม.5 | รายละเอียด: สะพาน,,,"8.925662833835949,99.36943864482961",สะพานข้ามคลองกลงลำ ม.5,ทุ่งเตา,บ้านนาสาร,สุราษฎร์ธานี,2025-11-19T16:21:56.462649,,0,0,2025-11-19T16:21:56.462649
EXT-03416,พื้นที่เสี่ยงภัยดินถล่ม,กรมทรัพยากรธรณี,รพ.สต.น้ำหัก | รายละเอียด: โรงพยาบาล,,,"9.110681895543317,98.97382608184412",รพ.สต.น้ำหัก,น้ำหัก,คีรีรัฐนิคม,สุราษฎร์ธานี,2025-11-19T16:21:56.462649,,0,0,2025-11-19T16:21:56.462649
EXT-03417,พื้นที่เสี่ยงภัยดินถล่ม,กรมทรัพยากรธรณี,หน่วยบริการประชาชนตำบลน้ำหัก | รายละเอียด: สถานที่ราชการ,,,"9.103246301982841,98.96679184577503",หน่วยบริการประชาชนตำบลน้ำหัก,น้ำหัก,คีรีรัฐนิคม,สุราษฎร์ธานี,2025-11-19T16:21:56.462649,,0,0,2025-11-19T16:21:56.462649
EXT-03418,พื้นที่เสี่ยงภัยดินถล่ม,กรมทรัพยากรธรณี,โรงเรียนวัดน้ำหัก | รายละเอียด: โรงเรียน,,,"9.121301309868201,98.98303559599793",โรงเรียนวัดน้ำหัก,บ้านยาง,คีรีรัฐนิคม,สุราษฎร์ธานี,2025-11-19T16:21:56.462649,,0,0,2025-11-19T16:21:56.462649
EXT-03419,พื้นที่เสี่ยงภัยดินถล่ม,กรมทรัพยากรธรณี,ตำบลน้ำหัก | รายละเอียด: สถานที่ราชการ,,,"9.135155994502522,98.95577617260955",ตำบลน้ำหัก,น้ำหัก,คีรีรัฐนิคม,สุราษฎร์ธานี,2025-11-19T16:21:56.462649,,0,0,2025-11-19T16:21:56.462649
EXT-03420,พื้นที่เสี่ยงภัยดินถล่ม,กรมทรัพยากรธรณี,สะพานข้ามคลองยัน ม.2 | รายละเอียด: สะพาน,,,"9.150821386757187,98.9512688375602",สะพานข้ามคลองยัน ม.2,น้ำหัก,คีรีรัฐนิคม,สุราษฎร์ธานี,2025-11-19T16:21:56.462649,,0,0,2025-11-19T16:21:56.462649
EXT-03421,พื้นที่เสี่ยงภัยดินถล่ม,กรมทรัพยากรธรณี,สะพานข้ามคลองบางกัน ม.6 | รายละเอียด: สะพาน,,,"9.13503255909168,98.88697859411783",สะพานข้ามคลองบางกัน ม.6,น้ำหัก,คีรีรัฐนิคม,สุราษฎร์ธานี,2025-11-19T16:21:56.462649,,0,0,2025-11-19T16:21:56.462649
EXT-03422,พื้นที่เสี่ยงภัยดินถล่ม,กรมทรัพยากรธรณี,สะพานข้ามคลองตุ้ย ม.9 | รายละเอียด: สะพาน,,,"9.100501001216529,98.89469760595311",สะพานข้ามคลองตุ้ย ม.9,ท่าขนอน,คีรีรัฐนิคม,สุราษฎร์ธานี,2025-11-19T16:21:56.462649,,0,0,2025-11-19T16:21:56.462649
EXT-03423,พื้นที่เสี่ยงภัยดินถล่ม,กรมทรัพยากรธรณี,สะพานข้ามคลองวาย-ไร่ยาว ม.10 | รายละเอียด: สะพาน,,,"9.155630420634123,98.89492718322903",สะพานข้ามคลองวาย-ไร่ยาว ม.10,น้ำหัก,คีรีรัฐนิคม,สุราษฎร์ธานี,2025-11-19T16:21:56.462649,,0,0,2025-11-19T16:21:56.462649
EXT-03424,พื้นที่เสี่ยงภัยดินถล่ม,กรมทรัพยากรธรณี,ป้อม ชรบ. | รายละเอียด: ป้อมตำรวจ,,,"8.789242998038022,99.10859600022954",ป้อม ชรบ.,บ้านเสด็จ,เคียนซา,สุราษฎร์ธานี,2025-11-19T16:21:56.462649,,0,0,2025-11-19T16:21:56.462649
EXT-03425,พื้นที่เสี่ยงภัยดินถล่ม,กรมทรัพยากรธรณี,ป้อม ชรบ. | รายละเอียด: ป้อมตำรวจ,,,"8.739504000329282,99.10578600039065",ป้อม ชรบ.,บ้านเสด็จ,เคียนซา,สุราษฎร์ธานี,2025-11-19T16:21:56.462649,,0,0,2025-11-19T16:21:56.462649
EXT-03426,พื้นที่เสี่ยงภัยดินถล่ม,กรมทรัพยากรธรณี,ป้อม ชรบ. | รายละเอียด: ป้อมตำรวจ,,,"8.73229764909203,98.97025259181675",ป้อม ชรบ.,บ้านเสด็จ,เคียนซา,สุราษฎร์ธานี,2025-11-19T16:21:56.462649,,0,0,2025-11-19T16:21:56.462649
EXT-03427,พื้นที่เสี่ยงภัยดินถล่ม,กรมทรัพยากรธรณี,ป้อม ชรบ. | รายละเอียด: ป้อมตำรวจ,,,"8.727497997770213,99.02166700025174",ป้อม ชรบ.,บ้านเสด็จ,เคียนซา,สุราษฎร์ธานี,2025-11-19T16:21:56.462649,,0,0,2025-11-19T16:21:56.462649
EXT-03428,พื้นที่เสี่ยงภัยดินถล่ม,กรมทรัพยากรธรณี,โรงพยาบาล | รายละเอียด: โรงพยาบาล,,,"8.753685924843431,99.04630972992464",โรงพยาบาล,บ้านเสด็จ,เคียนซา,สุราษฎร์ธานี,2025-11-19T16:21:56.462649,,0,0,2025-11-19T16:21:56.462649
EXT-03429,พื้นที่เสี่ยงภัยดินถล่ม,กรมทรัพยากรธรณี,โรงพยาบาล | รายละเอียด: โรงพยาบาล,,,"8.737993412036403,99.00112364422877",โรงพยาบาล,บ้านเสด็จ,เคียนซา,สุราษฎร์ธานี,2025-11-19T16:21:56.462649,,0,0,2025-11-19T16:21:56.462649
EXT-03430,พื้นที่เสี่ยงภัยดินถล่ม,กรมทรัพยากรธรณี,โรงเรียน | รายละเอียด: โรงเรียน,,,"8.79132369003763,99.01292360359605",โรงเรียน,บ้านทำเนียบ,คีรีรัฐนิคม,สุราษฎร์ธานี,2025-11-19T16:21:56.462649,,0,0,2025-11-19T16:21:56.462649
EXT-03431,พื้นที่เสี่ยงภัยดินถล่ม,กรมทรัพยากรธรณี,โรงเรียน | รายละเอียด: โรงเรียน,,,"8.736845000271247,99.02055599975152",โรงเรียน,บ้านเสด็จ,เคียนซา,สุราษฎร์ธานี,2025-11-19T16:21:56.462649,,0,0,2025-11-19T16:21:56.462649
EXT-03432,พื้นที่เสี่ยงภัยดินถล่ม,กรมทรัพยากรธรณี,โรงเรียน | รายละเอียด: โรงเรียน,,,"8.75358022576445,99.04531186431171",โรงเรียน,บ้านเสด็จ,เคียนซา,สุราษฎร์ธานี,2025-11-19T16:21:56.462649,,0,0,2025-11-19T16:21:56.462649
EXT-03433,พื้นที่เสี่ยงภัยดินถล่ม,กรมทรัพยากรธรณี,โรงเรียน | รายละเอียด: โรงเรียน,,,"8.738648036877985,98.9978127930428",โรงเรียน,บ้านเสด็จ,เคียนซา,สุราษฎร์ธานี,2025-11-19T16:21:56.462649,,0,0,2025-11-19T16:21:56.462649
EXT-03434,พื้นที่เสี่ยงภัยดินถล่ม,กรมทรัพยากรธรณี,โรงเรียน | รายละเอียด: โรงเรียน,,,"8.708130998927613,99.01189300008551",โรงเรียน,บ้านเสด็จ,เคียนซา,สุราษฎร์ธานี,2025-11-19T16:21:56.462649,,0,0,2025-11-19T16:21:56.462649
EXT-03435,พื้นที่เสี่ยงภัยดินถล่ม,กรมทรัพยากรธรณี,โรงเรียน | รายละเอียด: โรงเรียน,,,"8.72799706722786,99.08867932899429",โรงเรียน,บ้านเสด็จ,เคียนซา,สุราษฎร์ธานี,2025-11-19T16:21:56.462649,,0,0,2025-11-19T16:21:56.462649
EXT-03436,พื้นที่เสี่ยงภัยดินถล่ม,กรมทรัพยากรธรณี,โรงเรียน | รายละเอียด: โรงเรียน,,,"8.790797805151069,99.0624605673513",โรงเรียน,บ้านเสด็จ,เคียนซา,สุราษฎร์ธานี,2025-11-19T16:21:56.462649,,0,0,2025-11-19T16:21:56.462649
EXT-03437,พื้นที่เสี่ยงภัยดินถล่ม,กรมทรัพยากรธรณี,วัด | รายละเอียด: วัด,,,"8.752390996923328,99.0395969997577",วัด,บ้านเสด็จ,เคียนซา,สุราษฎร์ธานี,2025-11-19T16:21:56.462649,,0,0,2025-11-19T16:21:56.462649
EXT-03438,พื้นที่เสี่ยงภัยดินถล่ม,กรมทรัพยากรธรณี,วัด | รายละเอียด: วัด,,,"8.73662120900777,98.96142066436369",วัด,บ้านเสด็จ,เคียนซา,สุราษฎร์ธานี,2025-11-19T16:21:56.462649,,0,0,2025-11-19T16:21:56.462649
EXT-03439,พื้นที่เสี่ยงภัยดินถล่ม,กรมทรัพยากรธรณี,ศาลาหมู่บ้าน | รายละเอียด: ศาลาอเนกประสงค์,,,"8.715570723099809,98.965212385747",ศาลาหมู่บ้าน,บ้านเสด็จ,เคียนซา,สุราษฎร์ธานี,2025-11-19T16:21:56.462649,,0,0,2025-11-19T16:21:56.462649
EXT-03440,พื้นที่เสี่ยงภัยดินถล่ม,กรมทรัพยากรธรณี,ศาลาหมู่บ้าน | รายละเอียด: ศาลาอเนกประสงค์,,,"8.702689503537623,99.0033936311747",ศาลาหมู่บ้าน,บางสวรรค์,พระแสง,สุราษฎร์ธานี,2025-11-19T16:21:56.462649,,0,0,2025-11-19T16:21:56.462649
EXT-03441,พื้นที่เสี่ยงภัยดินถล่ม,กรมทรัพยากรธรณี,ศาลาหมู่บ้าน | รายละเอียด: ศาลาอเนกประสงค์,,,"8.702689503537623,99.0033936311747",ศาลาหมู่บ้าน,บางสวรรค์,พระแสง,สุราษฎร์ธานี,2025-11-19T16:21:56.462649,,0,0,2025-11-19T16:21:56.462649
EXT-03442,พื้นที่เสี่ยงภัยดินถล่ม,กรมทรัพยากรธรณี,สถานีตำรวจ | รายละเอียด: สถานีตำรวจ,,,"8.753972081893243,99.04665439425197",สถานีตำรวจ,บ้านเสด็จ,เคียนซา,สุราษฎร์ธานี,2025-11-19T16:21:56.462649,,0,0,2025-11-19T16:21:56.462649
EXT-03443,พื้นที่เสี่ยงภัยดินถล่ม,กรมทรัพยากรธรณี,สถานีอนามัย | รายละเอียด: สถานีอนามัย,,,"8.785838999377011,99.09823900026521",สถานีอนามัย,บ้านเสด็จ,เคียนซา,สุราษฎร์ธานี,2025-11-19T16:21:56.462649,,0,0,2025-11-19T16:21:56.462649
EXT-03444,พื้นที่เสี่ยงภัยดินถล่ม,กรมทรัพยากรธรณี,สถานีอนามัย | รายละเอียด: สถานีอนามัย,,,"8.707543996552838,99.01012299968048",สถานีอนามัย,บ้านเสด็จ,เคียนซา,สุราษฎร์ธานี,2025-11-19T16:21:56.462649,,0,0,2025-11-19T16:21:56.462649
EXT-03445,พื้นที่เสี่ยงภัยดินถล่ม,กรมทรัพยากรธรณี,โรงเรียน | รายละเอียด: โรงเรียน,,,"8.732198326936569,98.97041159705351",โรงเรียน,บ้านเสด็จ,เคียนซา,สุราษฎร์ธานี,2025-11-19T16:21:56.462649,,0,0,2025-11-19T16:21:56.462649
EXT-03446,พื้นที่เสี่ยงภัยดินถล่ม,กรมทรัพยากรธรณี,ศาลาหมู่บ้าน | รายละเอียด: ศาลาอเนกประสงค์,,,"8.715570723099809,98.965212385747",ศาลาหมู่บ้าน,บ้านเสด็จ,เคียนซา,สุราษฎร์ธานี,2025-11-19T16:21:56.462649,,0,0,2025-11-19T16:21:56.462649
EXT-03447,พื้นที่เสี่ยงภัยดินถล่ม,กรมทรัพยากรธรณี,ศาลาหมู่บ้าน | รายละเอียด: ศาลาอเนกประสงค์,,,"8.702689503537623,99.0033936311747",ศาลาหมู่บ้าน,บางสวรรค์,พระแสง,สุราษฎร์ธานี,2025-11-19T16:21:56.462649,,0,0,2025-11-19T16:21:56.462649
EXT-03448,พื้นที่เสี่ยงภัยดินถล่ม,กรมทรัพยากรธรณี,ที่ทำการผู้ใหญ่บ้าน | รายละเอียด: สถานที่ราชการ,,,"8.69692040261386,98.98977119498812",ที่ทำการผู้ใหญ่บ้าน,บางสวรรค์,พระแสง,สุราษฎร์ธานี,2025-11-19T16:21:56.462649,,0,0,2025-11-19T16:21:56.462649
EXT-03449,พื้นที่เสี่ยงภัยดินถล่ม,กรมทรัพยากรธรณี,ตำแหน่งความปลอดภัย | รายละเอียด: หมู่บ้าน,,,"8.791566422309366,99.01305369108134",ตำแหน่งความปลอดภัย,บ้านทำเนียบ,คีรีรัฐนิคม,สุราษฎร์ธานี,2025-11-19T16:21:56.462649,,0,0,2025-11-19T16:21:56.462649
EXT-03450,พื้นที่เสี่ยงภัยดินถล่ม,กรมทรัพยากรธรณี,โรงพยาบาลส่งเสริมสุขภาพตำบลบ้านประสงค์ | รายละเอียด: โรงพยาบาล,,,"9.52250158041205,99.13578712965595",โรงพยาบาลส่งเสริมสุขภาพตำบลบ้านประสงค์,ประสงค์,ท่าชนะ,สุราษฎร์ธานี,2025-11-19T16:21:56.462649,,0,0,2025-11-19T16:21:56.462649
EXT-03451,พื้นที่เสี่ยงภัยดินถล่ม,กรมทรัพยากรธรณี,โรงพยาบาลส่งเสริมสุขภาพตำบลประสงค์ | รายละเอียด: โรงพยาบาล,,,"9.518494439527657,99.17231393943719",โรงพยาบาลส่งเสริมสุขภาพตำบลประสงค์,ประสงค์,ท่าชนะ,สุราษฎร์ธานี,2025-11-19T16:21:56.462649,,0,0,2025-11-19T16:21:56.462649
EXT-03452,พื้นที่เสี่ยงภัยดินถล่ม,กรมทรัพยากรธรณี,สถานีตำรวจภูธรท่าชนะ | รายละเอียด: สถานีตำรวจ,,,"9.572592459052375,99.16517279096348",สถานีตำรวจภูธรท่าชนะ,ท่าชนะ,ท่าชนะ,สุราษฎร์ธานี,2025-11-19T16:21:56.462649,,0,0,2025-11-19T16:21:56.462649
EXT-03453,พื้นที่เสี่ยงภัยดินถล่ม,กรมทรัพยากรธรณี,หน่วยบริการประชาชนบ้านเกาะมุกต์ | รายละเอียด: สถานที่ราชการ,,,"9.502828484539931,99.13154383079193",หน่วยบริการประชาชนบ้านเกาะมุกต์,ประสงค์,ท่าชนะ,สุราษฎร์ธานี,2025-11-19T16:21:56.462649,,0,0,2025-11-19T16:21:56.462649
EXT-03454,พื้นที่เสี่ยงภัยดินถล่ม,กรมทรัพยากรธรณี,โรงเรียนบ้านดอนมะกอก | รายละเอียด: โรงเรียน,,,"9.508975634632154,99.17962536618391",โรงเรียนบ้านดอนมะกอก,วัง,ท่าชนะ,สุราษฎร์ธานี,2025-11-19T16:21:56.462649,,0,0,2025-11-19T16:21:56.462649
EXT-03455,พื้นที่เสี่ยงภัยดินถล่ม,กรมทรัพยากรธรณี,โรงเรียนอู่ตะเภา | รายละเอียด: โรงเรียน,,,"9.496428810884169,99.11906839536691",โรงเรียนอู่ตะเภา,ประสงค์,ท่าชนะ,สุราษฎร์ธานี,2025-11-19T16:21:56.462649,,0,0,2025-11-19T16:21:56.462649
EXT-03456,พื้นที่เสี่ยงภัยดินถล่ม,กรมทรัพยากรธรณี,องค์การบริหารตำบลประสงค์ | รายละเอียด: สถานที่ราชการ,,,"9.522557558111258,99.1367196531824",องค์การบริหารตำบลประสงค์,ประสงค์,ท่าชนะ,สุราษฎร์ธานี,2025-11-19T16:21:56.462649,,0,0,2025-11-19T16:21:56.462649
EXT-03457,พื้นที่เสี่ยงภัยดินถล่ม,กรมทรัพยากรธรณี,สะพานข้ามคลองประสงค์ ม.1 | รายละเอียด: สะพาน,,,"9.529528694095836,99.1730939586046",สะพานข้ามคลองประสงค์ ม.1,ประสงค์,ท่าชนะ,สุราษฎร์ธานี,2025-11-19T16:21:56.462649,,0,0,2025-11-19T16:21:56.462649
EXT-03458,พื้นที่เสี่ยงภัยดินถล่ม,กรมทรัพยากรธรณี,สะพานข้ามคลองอู่ตะเภา ม.4 | รายละเอียด: สะพาน,,,"9.49700877135564,99.11705547116081",สะพานข้ามคลองอู่ตะเภา ม.4,ประสงค์,ท่าชนะ,สุราษฎร์ธานี,2025-11-19T16:21:56.462649,,0,0,2025-11-19T16:21:56.462649
EXT-03459,พื้นที่เสี่ยงภัยดินถล่ม,กรมทรัพยากรธรณี,สะพานข้ามห้วยลัยพร้า ม.11 | รายละเอียด: สะพาน,,,"9.537332195456782,99.0790545366173",สะพานข้ามห้วยลัยพร้า ม.11,ประสงค์,ท่าชนะ,สุราษฎร์ธานี,2025-11-19T16:21:56.462649,,0,0,2025-11-19T16:21:56.462649
EXT-03460,พื้นที่เสี่ยงภัยดินถล่ม,กรมทรัพยากรธรณี,สะพานข้ามคลองบ้านไร่ยาว ม.16 | รายละเอียด: สะพาน,,,"9.541147482291041,98.91409239089884",สะพานข้ามคลองบ้านไร่ยาว ม.16,ประสงค์,ท่าชนะ,สุราษฎร์ธานี,2025-11-19T16:21:56.462649,,0,0,2025-11-19T16:21:56.462649
EXT-03461,พื้นที่เสี่ยงภัยดินถล่ม,กรมทรัพยากรธรณี,สะพานข้ามคลองแม่ทะ ม.20 | รายละเอียด: สะพาน,,,"9.612091316311014,98.94047739097041",สะพานข้ามคลองแม่ทะ ม.20,ประสงค์,ท่าชนะ,สุราษฎร์ธานี,2025-11-19T16:21:56.462649,,0,0,2025-11-19T16:21:56.462649
EXT-03462,พื้นที่เสี่ยงภัยดินถล่ม,กรมทรัพยากรธรณี,วัด | รายละเอียด: วัด,,,"9.437362473480235,99.01039134733892",วัด,ปากหมาก,ไชยา,สุราษฎร์ธานี,2025-11-19T16:21:56.462649,,0,0,2025-11-19T16:21:56.462649
EXT-03463,พื้นที่เสี่ยงภัยดินถล่ม,กรมทรัพยากรธรณี,วัด | รายละเอียด: วัด,,,"9.414173945803446,98.99835283904514",วัด,ปากหมาก,ไชยา,สุราษฎร์ธานี,2025-11-19T16:21:56.462649,,0,0,2025-11-19T16:21:56.462649
EXT-03464,พื้นที่เสี่ยงภัยดินถล่ม,กรมทรัพยากรธรณี,วัด | รายละเอียด: วัด,,,"9.474295240387253,98.95653292528073",วัด,ปากหมาก,ไชยา,สุราษฎร์ธานี,2025-11-19T16:21:56.462649,,0,0,2025-11-19T16:21:56.462649
EXT-03465,พื้นที่เสี่ยงภัยดินถล่ม,กรมทรัพยากรธรณี,โรงเรียน | รายละเอียด: โรงเรียน,,,"9.439517126839661,99.00933841228907",โรงเรียน,ปากหมาก,ไชยา,สุราษฎร์ธานี,2025-11-19T16:21:56.462649,,0,0,2025-11-19T16:21:56.462649
EXT-03466,พื้นที่เสี่ยงภัยดินถล่ม,กรมทรัพยากรธรณี,โรงเรียน | รายละเอียด: โรงเรียน,,,"9.423277998191113,99.03723099963024",โรงเรียน,ปากหมาก,ไชยา,สุราษฎร์ธานี,2025-11-19T16:21:56.462649,,0,0,2025-11-19T16:21:56.462649
EXT-03467,พื้นที่เสี่ยงภัยดินถล่ม,กรมทรัพยากรธรณี,โรงเรียน | รายละเอียด: โรงเรียน,,,"9.414559261215228,98.995588571091",โรงเรียน,ปากหมาก,ไชยา,สุราษฎร์ธานี,2025-11-19T16:21:56.462649,,0,0,2025-11-19T16:21:56.462649
EXT-03468,พื้นที่เสี่ยงภัยดินถล่ม,กรมทรัพยากรธรณี,โรงเรียน | รายละเอียด: โรงเรียน,,,"9.477180370009325,98.95819899623366",โรงเรียน,ปากหมาก,ไชยา,สุราษฎร์ธานี,2025-11-19T16:21:56.462649,,0,0,2025-11-19T16:21:56.462649
EXT-03469,พื้นที่เสี่ยงภัยดินถล่ม,กรมทรัพยากรธรณี,วัด | รายละเอียด: วัด,,,"9.477900002244438,99.02803199968591",วัด,ปากหมาก,ไชยา,สุราษฎร์ธานี,2025-11-19T16:21:56.462649,,0,0,2025-11-19T16:21:56.462649
EXT-03470,พื้นที่เสี่ยงภัยดินถล่ม,กรมทรัพยากรธรณี,วัด | รายละเอียด: วัด,,,"9.42656199604931,98.8971059999289",วัด,ปากหมาก,ไชยา,สุราษฎร์ธานี,2025-11-19T16:21:56.462649,,0,0,2025-11-19T16:21:56.462649
EXT-03471,พื้นที่เสี่ยงภัยดินถล่ม,กรมทรัพยากรธรณี,วัด | รายละเอียด: วัด,,,"9.412387002755581,98.88394299962663",วัด,ปากฉลุย,ท่าฉาง,สุราษฎร์ธานี,2025-11-19T16:21:56.462649,,0,0,2025-11-19T16:21:56.462649
EXT-03472,พื้นที่เสี่ยงภัยดินถล่ม,กรมทรัพยากรธรณี,วัด | รายละเอียด: วัด,,,"9.409934001676111,98.85636900014508",วัด,ปากฉลุย,ท่าฉาง,สุราษฎร์ธานี,2025-11-19T16:21:56.462649,,0,0,2025-11-19T16:21:56.462649
EXT-03473,พื้นที่เสี่ยงภัยดินถล่ม,กรมทรัพยากรธรณี,สถานีตำรวจ | รายละเอียด: สถานีตำรวจ,,,"9.41438013465422,98.99622132042559",สถานีตำรวจ,ปากหมาก,ไชยา,สุราษฎร์ธานี,2025-11-19T16:21:56.462649,,0,0,2025-11-19T16:21:56.462649
EXT-03474,พื้นที่เสี่ยงภัยดินถล่ม,กรมทรัพยากรธรณี,สถานีตำรวจ | รายละเอียด: สถานีตำรวจ,,,"9.477226475017273,98.95830360211754",สถานีตำรวจ,ปากหมาก,ไชยา,สุราษฎร์ธานี,2025-11-19T16:21:56.462649,,0,0,2025-11-19T16:21:56.462649
EXT-03475,พื้นที่เสี่ยงภัยดินถล่ม,กรมทรัพยากรธรณี,สถานีตำรวจ | รายละเอียด: สถานีตำรวจ,,,"9.413803001112294,98.88517899955775",สถานีตำรวจ,ปากฉลุย,ท่าฉาง,สุราษฎร์ธานี,2025-11-19T16:21:56.462649,,0,0,2025-11-19T16:21:56.462649
EXT-03476,พื้นที่เสี่ยงภัยดินถล่ม,กรมทรัพยากรธรณี,สถานีอนามัย | รายละเอียด: สถานีอนามัย,,,"9.421210995729973,99.03910399978204",สถานีอนามัย,ปากหมาก,ไชยา,สุราษฎร์ธานี,2025-11-19T16:21:56.462649,,0,0,2025-11-19T16:21:56.462649
EXT-03477,พื้นที่เสี่ยงภัยดินถล่ม,กรมทรัพยากรธรณี,สถานีอนามัย | รายละเอียด: สถานีอนามัย,,,"9.42051799831505,98.92566699984916",สถานีอนามัย,ปากฉลุย,ท่าฉาง,สุราษฎร์ธานี,2025-11-19T16:21:56.462649,,0,0,2025-11-19T16:21:56.462649
EXT-03478,พื้นที่เสี่ยงภัยดินถล่ม,กรมทรัพยากรธรณี,วัด | รายละเอียด: วัด,,,"9.437362473480235,99.01039134733892",วัด,ปากหมาก,ไชยา,สุราษฎร์ธานี,2025-11-19T16:21:56.462649,,0,0,2025-11-19T16:21:56.462649
EXT-03479,พื้นที่เสี่ยงภัยดินถล่ม,กรมทรัพยากรธรณี,วัด | รายละเอียด: วัด,,,"9.414173945803446,98.99835283904514",วัด,ปากหมาก,ไชยา,สุราษฎร์ธานี,2025-11-19T16:21:56.462649,,0,0,2025-11-19T16:21:56.462649
EXT-03480,พื้นที่เสี่ยงภัยดินถล่ม,กรมทรัพยากรธรณี,วัด | รายละเอียด: วัด,,,"9.474295240387253,98.95653292528073",วัด,ปากหมาก,ไชยา,สุราษฎร์ธานี,2025-11-19T16:21:56.462649,,0,0,2025-11-19T16:21:56.462649
EXT-03481,พื้นที่เสี่ยงภัยดินถล่ม,กรมทรัพยากรธรณี,โรงเรียน | รายละเอียด: โรงเรียน,,,"9.439517126839661,99.00933841228907",โรงเรียน,ปากหมาก,ไชยา,สุราษฎร์ธานี,2025-11-19T16:21:56.462649,,0,0,2025-11-19T16:21:56.462649
EXT-03482,พื้นที่เสี่ยงภัยดินถล่ม,กรมทรัพยากรธรณี,โรงเรียน | รายละเอียด: โรงเรียน,,,"9.423277998191113,99.03723099963024",โรงเรียน,ปากหมาก,ไชยา,สุราษฎร์ธานี,2025-11-19T16:21:56.462649,,0,0,2025-11-19T16:21:56.462649
EXT-03483,พื้นที่เสี่ยงภัยดินถล่ม,กรมทรัพยากรธรณี,โรงเรียน | รายละเอียด: โรงเรียน,,,"9.414559261215228,98.995588571091",โรงเรียน,ปากหมาก,ไชยา,สุราษฎร์ธานี,2025-11-19T16:21:56.462649,,0,0,2025-11-19T16:21:56.462649
EXT-03484,พื้นที่เสี่ยงภัยดินถล่ม,กรมทรัพยากรธรณี,โรงเรียน | รายละเอียด: โรงเรียน,,,"9.477180370009325,98.95819899623366",โรงเรียน,ปากหมาก,ไชยา,สุราษฎร์ธานี,2025-11-19T16:21:56.462649,,0,0,2025-11-19T16:21:56.462649
EXT-03485,พื้นที่เสี่ยงภัยดินถล่ม,กรมทรัพยากรธรณี,วัด | รายละเอียด: วัด,,,"9.477900002244438,99.02803199968591",วัด,ปากหมาก,ไชยา,สุราษฎร์ธานี,2025-11-19T16:21:56.462649,,0,0,2025-11-19T16:21:56.462649
EXT-03486,พื้นที่เสี่ยงภัยดินถล่ม,กรมทรัพยากรธรณี,วัด | รายละเอียด: วัด,,,"9.42656199604931,98.8971059999289",วัด,ปากหมาก,ไชยา,สุราษฎร์ธานี,2025-11-19T16:21:56.462649,,0,0,2025-11-19T16:21:56.462649
EXT-03487,พื้นที่เสี่ยงภัยดินถล่ม,กรมทรัพยากรธรณี,วัด | รายละเอียด: วัด,,,"9.412387002755581,98.88394299962663",วัด,ปากฉลุย,ท่าฉาง,สุราษฎร์ธานี,2025-11-19T16:21:56.462649,,0,0,2025-11-19T16:21:56.462649
EXT-03488,พื้นที่เสี่ยงภัยดินถล่ม,กรมทรัพยากรธรณี,วัด | รายละเอียด: วัด,,,"9.409934001676111,98.85636900014508",วัด,ปากฉลุย,ท่าฉาง,สุราษฎร์ธานี,2025-11-19T16:21:56.462649,,0,0,2025-11-19T16:21:56.462649
EXT-03489,พื้นที่เสี่ยงภัยดินถล่ม,กรมทรัพยากรธรณี,สถานีตำรวจ | รายละเอียด: สถานีตำรวจ,,,"9.41438013465422,98.99622132042559",สถานีตำรวจ,ปากหมาก,ไชยา,สุราษฎร์ธานี,2025-11-19T16:21:56.462649,,0,0,2025-11-19T16:21:56.462649
EXT-03490,พื้นที่เสี่ยงภัยดินถล่ม,กรมทรัพยากรธรณี,สถานีตำรวจ | รายละเอียด: สถานีตำรวจ,,,"9.477226475017273,98.95830360211754",สถานีตำรวจ,ปากหมาก,ไชยา,สุราษฎร์ธานี,2025-11-19T16:21:56.462649,,0,0,2025-11-19T16:21:56.462649
EXT-03491,พื้นที่เสี่ยงภัยดินถล่ม,กรมทรัพยากรธรณี,สถานีตำรวจ | รายละเอียด: สถานีตำรวจ,,,"9.413803001112294,98.88517899955775",สถานีตำรวจ,ปากฉลุย,ท่าฉาง,สุราษฎร์ธานี,2025-11-19T16:21:56.462649,,0,0,2025-11-19T16:21:56.462649
EXT-03492,พื้นที่เสี่ยงภัยดินถล่ม,กรมทรัพยากรธรณี,สถานีอนามัย | รายละเอียด: สถานีอนามัย,,,"9.421210995729973,99.03910399978204",สถานีอนามัย,ปากหมาก,ไชยา,สุราษฎร์ธานี,2025-11-19T16:21:56.462649,,0,0,2025-11-19T16:21:56.462649
EXT-03493,พื้นที่เสี่ยงภัยดินถล่ม,กรมทรัพยากรธรณี,สถานีอนามัย | รายละเอียด: สถานีอนามัย,,,"9.42051799831505,98.92566699984916",สถานีอนามัย,ปากฉลุย,ท่าฉาง,สุราษฎร์ธานี,2025-11-19T16:21:56.462649,,0,0,2025-11-19T16:21:56.462649
EXT-03494,พื้นที่เสี่ยงภัยดินถล่ม,กรมทรัพยากรธรณี,โรงพยาบาลส่งเสรริมสุขภาพตำบลบางสาน | รายละเอียด: โรงพยาบาล,,,"8.786729145757727,98.79239453638615",โรงพยาบาลส่งเสรริมสุขภาพตำบลบางสาน,พนม,พนม,สุราษฎร์ธานี,2025-11-19T16:21:56.462649,,0,0,2025-11-19T16:21:56.462649
EXT-03495,พื้นที่เสี่ยงภัยดินถล่ม,กรมทรัพยากรธรณี,โรงพยาบาลส่งเสรริมสุขภาพตำบลพนม | รายละเอียด: โรงพยาบาล,,,"8.835745644446076,98.78963298732697",โรงพยาบาลส่งเสรริมสุขภาพตำบลพนม,พนม,พนม,สุราษฎร์ธานี,2025-11-19T16:21:56.462649,,0,0,2025-11-19T16:21:56.462649
EXT-03496,พื้นที่เสี่ยงภัยดินถล่ม,กรมทรัพยากรธรณี,สภานีตำรวจภูธรพนม | รายละเอียด: สถานีตำรวจ,,,"8.854396909693273,98.81180048404326",สภานีตำรวจภูธรพนม,พนม,พนม,สุราษฎร์ธานี,2025-11-19T16:21:56.462649,,0,0,2025-11-19T16:21:56.462649
EXT-03497,พื้นที่เสี่ยงภัยดินถล่ม,กรมทรัพยากรธรณี,โรงเรียนพนมศึกษา | รายละเอียด: โรงเรียน,,,"8.848179208956674,98.80456464912567",โรงเรียนพนมศึกษา,พนม,พนม,สุราษฎร์ธานี,2025-11-19T16:21:56.462649,,0,0,2025-11-19T16:21:56.462649
EXT-03498,พื้นที่เสี่ยงภัยดินถล่ม,กรมทรัพยากรธรณี,โรงเรียนบางสาน | รายละเอียด: โรงเรียน,,,"8.787561448185619,98.79266685495635",โรงเรียนบางสาน,พนม,พนม,สุราษฎร์ธานี,2025-11-19T16:21:56.462649,,0,0,2025-11-19T16:21:56.462649
EXT-03499,พื้นที่เสี่ยงภัยดินถล่ม,กรมทรัพยากรธรณี,องค์กรบริหารส่วนตำบลพนม | รายละเอียด: สถานที่ราชการ,,,"8.836923021326454,98.78085361400737",องค์กรบริหารส่วนตำบลพนม,พนม,พนม,สุราษฎร์ธานี,2025-11-19T16:21:56.462649,,0,0,2025-11-19T16:21:56.462649
EXT-03500,พื้นที่เสี่ยงภัยดินถล่ม,กรมทรัพยากรธรณี,สะพานข้ามห้วย ม.1 | รายละเอียด: สะพาน,,,"8.844451283527246,98.8199447802302",สะพานข้ามห้วย ม.1,พังกาญจน์,พนม,สุราษฎร์ธานี,2025-11-19T16:21:56.462649,,0,0,2025-11-19T16:21:56.462649
EXT-03501,พื้นที่เสี่ยงภัยดินถล่ม,กรมทรัพยากรธรณี,สะพานข้ามคลองสก ม.3 | รายละเอียด: สะพาน,,,"8.811726153326392,98.80661258907114",สะพานข้ามคลองสก ม.3,พนม,พนม,สุราษฎร์ธานี,2025-11-19T16:21:56.462649,,0,0,2025-11-19T16:21:56.462649
EXT-03502,พื้นที่เสี่ยงภัยดินถล่ม,กรมทรัพยากรธรณี,สะพานข้ามคลองพนม ม.4 | รายละเอียด: สะพาน,,,"8.789498661459232,98.79551181566791",สะพานข้ามคลองพนม ม.4,พนม,พนม,สุราษฎร์ธานี,2025-11-19T16:21:56.462649,,0,0,2025-11-19T16:21:56.462649
EXT-03503,พื้นที่เสี่ยงภัยดินถล่ม,กรมทรัพยากรธรณี,สะพานข้ามห้วย ม.7 | รายละเอียด: สะพาน,,,"8.812540242427724,98.78578748786396",สะพานข้ามห้วย ม.7,พนม,พนม,สุราษฎร์ธานี,2025-11-19T16:21:56.462649,,0,0,2025-11-19T16:21:56.462649
EXT-03504,พื้นที่เสี่ยงภัยดินถล่ม,กรมทรัพยากรธรณี,สะพานข้ามคลองสก ม.8 | รายละเอียด: สะพาน,,,"8.844653461695383,98.74717358367727",สะพานข้ามคลองสก ม.8,พนม,พนม,สุราษฎร์ธานี,2025-11-19T16:21:56.462649,,0,0,2025-11-19T16:21:56.462649
EXT-03505,พื้นที่เสี่ยงภัยดินถล่ม,กรมทรัพยากรธรณี,โรงพยาบาลส่งเสริมสุขภาพพรุพี | รายละเอียด: โรงพยาบาล,,,"8.706806671556631,99.35394897859545",โรงพยาบาลส่งเสริมสุขภาพพรุพี,พรุพี,บ้านนาสาร,สุราษฎร์ธานี,2025-11-19T16:21:56.462649,,0,0,2025-11-19T16:21:56.462649
EXT-03506,พื้นที่เสี่ยงภัยดินถล่ม,กรมทรัพยากรธรณี,โรงพยาบาลส่งเสริมสุขภาพบ้านชองชาง | รายละเอียด: โรงพยาบาล,,,"8.702837436799488,99.3894074531533",โรงพยาบาลส่งเสริมสุขภาพบ้านชองชาง,พรุพี,บ้านนาสาร,สุราษฎร์ธานี,2025-11-19T16:21:56.462649,,0,0,2025-11-19T16:21:56.462649
EXT-03507,พื้นที่เสี่ยงภัยดินถล่ม,กรมทรัพยากรธรณี,สายตรวจตำบลพรุพี | รายละเอียด: สถานที่ราชการ,,,"8.705821554241709,99.35309353338668",สายตรวจตำบลพรุพี,พรุพี,บ้านนาสาร,สุราษฎร์ธานี,2025-11-19T16:21:56.462649,,0,0,2025-11-19T16:21:56.462649
EXT-03508,พื้นที่เสี่ยงภัยดินถล่ม,กรมทรัพยากรธรณี,โรงเรียนพรุพีพิทยาคม | รายละเอียด: โรงเรียน,,,"8.70481024603217,99.34127478827604",โรงเรียนพรุพีพิทยาคม,พรุพี,บ้านนาสาร,สุราษฎร์ธานี,2025-11-19T16:21:56.462649,,0,0,2025-11-19T16:21:56.462649
EXT-03509,พื้นที่เสี่ยงภัยดินถล่ม,กรมทรัพยากรธรณี,โรงเรียนบ้านควนเนียง | รายละเอียด: โรงเรียน,,,"8.727717476519292,99.33554994836614",โรงเรียนบ้านควนเนียง,พรุพี,บ้านนาสาร,สุราษฎร์ธานี,2025-11-19T16:21:56.462649,,0,0,2025-11-19T16:21:56.462649
EXT-03510,พื้นที่เสี่ยงภัยดินถล่ม,กรมทรัพยากรธรณี,องค์การบริหารส่วนตำบลพรุพี | รายละเอียด: สถานที่ราชการ,,,"8.713961252004195,99.35401934167926",องค์การบริหารส่วนตำบลพรุพี,พรุพี,บ้านนาสาร,สุราษฎร์ธานี,2025-11-19T16:21:56.462649,,0,0,2025-11-19T16:21:56.462649
EXT-03511,พื้นที่เสี่ยงภัยดินถล่ม,กรมทรัพยากรธรณี,สะพานข้ามคลองพรง ม.3 | รายละเอียด: สะพาน,,,"8.72952040677721,99.3423608811151",สะพานข้ามคลองพรง ม.3,คลองปราบ,บ้านนาสาร,สุราษฎร์ธานี,2025-11-19T16:21:56.462649,,0,0,2025-11-19T16:21:56.462649
EXT-03512,พื้นที่เสี่ยงภัยดินถล่ม,กรมทรัพยากรธรณี,สะพานคลองศูนย์ ม.5 | รายละเอียด: สะพาน,,,"8.672822803606522,99.35558963246523",สะพานคลองศูนย์ ม.5,บ้านส้อง,เวียงสระ,สุราษฎร์ธานี,2025-11-19T16:21:56.462649,,0,0,2025-11-19T16:21:56.462649
EXT-03513,พื้นที่เสี่ยงภัยดินถล่ม,กรมทรัพยากรธรณี,สะพานข้ามคลองพังปูน ม.7 | รายละเอียด: สะพาน,,,"8.711295602036161,99.39441164517847",สะพานข้ามคลองพังปูน ม.7,พรุพี,บ้านนาสาร,สุราษฎร์ธานี,2025-11-19T16:21:56.462649,,0,0,2025-11-19T16:21:56.462649
EXT-03514,พื้นที่เสี่ยงภัยดินถล่ม,กรมทรัพยากรธรณี,โรงพยาบาลส่งเสรริมสุขภาพตำบลพลูเถื่อน | รายละเอียด: โรงพยาบาล,,,"8.712270644365313,98.72704829180269",โรงพยาบาลส่งเสรริมสุขภาพตำบลพลูเถื่อน,พลูเถื่อน,พนม,สุราษฎร์ธานี,2025-11-19T16:21:56.462649,,0,0,2025-11-19T16:21:56.462649
EXT-03515,พื้นที่เสี่ยงภัยดินถล่ม,กรมทรัพยากรธรณี,ป้อมยาม ม.4 | รายละเอียด: ป้อมตำรวจ,,,"8.711615711666155,98.72674846546967",ป้อมยาม ม.4,พลูเถื่อน,พนม,สุราษฎร์ธานี,2025-11-19T16:21:56.462649,,0,0,2025-11-19T16:21:56.462649
EXT-03516,พื้นที่เสี่ยงภัยดินถล่ม,กรมทรัพยากรธรณี,โรงเรียนบ้านเบญจา | รายละเอียด: โรงเรียน,,,"8.75986079196331,98.75501390949424",โรงเรียนบ้านเบญจา,พลูเถื่อน,พนม,สุราษฎร์ธานี,2025-11-19T16:21:56.462649,,0,0,2025-11-19T16:21:56.462649
EXT-03517,พื้นที่เสี่ยงภัยดินถล่ม,กรมทรัพยากรธรณี,โรงเรียนวัดธัญญาราม | รายละเอียด: โรงเรียน,,,"8.707569589187669,98.72663034446927",โรงเรียนวัดธัญญาราม,พลูเถื่อน,พนม,สุราษฎร์ธานี,2025-11-19T16:21:56.462649,,0,0,2025-11-19T16:21:56.462649
EXT-03518,พื้นที่เสี่ยงภัยดินถล่ม,กรมทรัพยากรธรณี,องค์กรบริหารส่วนตำบลพลูเถื่อน | รายละเอียด: สถานที่ราชการ,,,"8.707675182675594,98.72402212748915",องค์กรบริหารส่วนตำบลพลูเถื่อน,พลูเถื่อน,พนม,สุราษฎร์ธานี,2025-11-19T16:21:56.462649,,0,0,2025-11-19T16:21:56.462649
EXT-03519,พื้นที่เสี่ยงภัยดินถล่ม,กรมทรัพยากรธรณี,สะพานข้ามคลองพนม ม.1 | รายละเอียด: สะพาน,,,"8.750916849185057,98.74908521611378",สะพานข้ามคลองพนม ม.1,พลูเถื่อน,พนม,สุราษฎร์ธานี,2025-11-19T16:21:56.462649,,0,0,2025-11-19T16:21:56.462649
EXT-03520,พื้นที่เสี่ยงภัยดินถล่ม,กรมทรัพยากรธรณี,สะพานข้ามคลองแหก ม.2 | รายละเอียด: สะพาน,,,"8.728985568688456,98.74862473266383",สะพานข้ามคลองแหก ม.2,พลูเถื่อน,พนม,สุราษฎร์ธานี,2025-11-19T16:21:56.462649,,0,0,2025-11-19T16:21:56.462649
EXT-03521,พื้นที่เสี่ยงภัยดินถล่ม,กรมทรัพยากรธรณี,สะพานข้ามคลองแขก ม.3 | รายละเอียด: สะพาน,,,"8.690960602884717,98.72369712024599",สะพานข้ามคลองแขก ม.3,พลูเถื่อน,พนม,สุราษฎร์ธานี,2025-11-19T16:21:56.462649,,0,0,2025-11-19T16:21:56.462649
EXT-03522,พื้นที่เสี่ยงภัยดินถล่ม,กรมทรัพยากรธรณี,สะพานข้ามคลองแขก ม.4 | รายละเอียด: สะพาน,,,"8.716457808761408,98.73496029732301",สะพานข้ามคลองแขก ม.4,พลูเถื่อน,พนม,สุราษฎร์ธานี,2025-11-19T16:21:56.462649,,0,0,2025-11-19T16:21:56.462649
EXT-03523,พื้นที่เสี่ยงภัยดินถล่ม,กรมทรัพยากรธรณี,สะพานข้ามคลองแขก ม.5 | รายละเอียด: สะพาน,,,"8.662348241528,98.69645820971628",สะพานข้ามคลองแขก ม.5,พลูเถื่อน,พนม,สุราษฎร์ธานี,2025-11-19T16:21:56.462649,,0,0,2025-11-19T16:21:56.462649
EXT-03524,พื้นที่เสี่ยงภัยดินถล่ม,กรมทรัพยากรธรณี,โรงพยาบาลพนม | รายละเอียด: โรงพยาบาล,,,"8.864780725837178,98.81876105979424",โรงพยาบาลพนม,พังกาญจน์,พนม,สุราษฎร์ธานี,2025-11-19T16:21:56.462649,,0,0,2025-11-19T16:21:56.462649
EXT-03525,พื้นที่เสี่ยงภัยดินถล่ม,กรมทรัพยากรธรณี,สถานีตำรวจภูธรอำเภอพนม | รายละเอียด: สถานีตำรวจ,,,"8.856567452467736,98.81123552634877",สถานีตำรวจภูธรอำเภอพนม,พนม,พนม,สุราษฎร์ธานี,2025-11-19T16:21:56.462649,,0,0,2025-11-19T16:21:56.462649
EXT-03526,พื้นที่เสี่ยงภัยดินถล่ม,กรมทรัพยากรธรณี,โรงเรียนบ้านพังกาญจน์ | รายละเอียด: โรงเรียน,,,"8.885714465147757,98.83832416994778",โรงเรียนบ้านพังกาญจน์,พังกาญจน์,พนม,สุราษฎร์ธานี,2025-11-19T16:21:56.462649,,0,0,2025-11-19T16:21:56.462649
EXT-03527,พื้นที่เสี่ยงภัยดินถล่ม,กรมทรัพยากรธรณี,โรงเรียนชุมชนบ้านช่องม้าเหลียว | รายละเอียด: โรงเรียน,,,"8.86288328743219,98.81594329557471",โรงเรียนชุมชนบ้านช่องม้าเหลียว,พังกาญจน์,พนม,สุราษฎร์ธานี,2025-11-19T16:21:56.462649,,0,0,2025-11-19T16:21:56.462649
EXT-03528,พื้นที่เสี่ยงภัยดินถล่ม,กรมทรัพยากรธรณี,อบต.ตำบลพนม | รายละเอียด: สถานที่ราชการ,,,"8.834908500808577,98.7827914217969",อบต.ตำบลพนม,พนม,พนม,สุราษฎร์ธานี,2025-11-19T16:21:56.462649,,0,0,2025-11-19T16:21:56.462649
EXT-03529,พื้นที่เสี่ยงภัยดินถล่ม,กรมทรัพยากรธรณี,เทศบาลตำบลพนม | รายละเอียด: สถานที่ราชการ,,,"8.858277129659228,98.8115347716297",เทศบาลตำบลพนม,พนม,พนม,สุราษฎร์ธานี,2025-11-19T16:21:56.462649,,0,0,2025-11-19T16:21:56.462649
EXT-03530,พื้นที่เสี่ยงภัยดินถล่ม,กรมทรัพยากรธรณี,สะพานพังกาญจน์ข้ามคลองศก ม.1 | รายละเอียด: สะพาน,,,"8.880917524686469,98.85286014023195",สะพานพังกาญจน์ข้ามคลองศก ม.1,ต้นยวน,พนม,สุราษฎร์ธานี,2025-11-19T16:21:56.462649,,0,0,2025-11-19T16:21:56.462649
EXT-03531,พื้นที่เสี่ยงภัยดินถล่ม,กรมทรัพยากรธรณี,สะพานข้ามคลองบางแทงแม่ ม.2 | รายละเอียด: สะพาน,,,"8.862821303841931,98.83988292293795",สะพานข้ามคลองบางแทงแม่ ม.2,พังกาญจน์,พนม,สุราษฎร์ธานี,2025-11-19T16:21:56.462649,,0,0,2025-11-19T16:21:56.462649
EXT-03532,พื้นที่เสี่ยงภัยดินถล่ม,กรมทรัพยากรธรณี,สะพานข้ามคลองบางคลก ม.3 | รายละเอียด: สะพาน,,,"8.893735140070627,98.80957017155262",สะพานข้ามคลองบางคลก ม.3,พะแสง,บ้านตาขุน,สุราษฎร์ธานี,2025-11-19T16:21:56.462649,,0,0,2025-11-19T16:21:56.462649
EXT-03533,พื้นที่เสี่ยงภัยดินถล่ม,กรมทรัพยากรธรณี,สะพานข้ามคลองบางแทงแม่ ม.4 | รายละเอียด: สะพาน,,,"8.861035926190036,98.83051366374448",สะพานข้ามคลองบางแทงแม่ ม.4,พังกาญจน์,พนม,สุราษฎร์ธานี,2025-11-19T16:21:56.462649,,0,0,2025-11-19T16:21:56.462649
EXT-03534,พื้นที่เสี่ยงภัยดินถล่ม,กรมทรัพยากรธรณี,โรงพยาบาลส่งเสริมสุขภาพเพิ่มพูนทรัพย์ | รายละเอียด: โรงพยาบาล,,,"8.763812511300838,99.4220922101743",โรงพยาบาลส่งเสริมสุขภาพเพิ่มพูนทรัพย์,เพิ่มพูนทรัพย์,บ้านนาสาร,สุราษฎร์ธานี,2025-11-19T16:21:56.462649,,0,0,2025-11-19T16:21:56.462649
EXT-03535,พื้นที่เสี่ยงภัยดินถล่ม,กรมทรัพยากรธรณี,หน่วยบริการประชาชนหมู่ที่ 1 ตำบลเพิ่มพูนทรัพย์ | รายละเอียด: สถานที่ราชการ,,,"8.764889996639587,99.4229669981228",หน่วยบริการประชาชนหมู่ที่ 1 ตำบลเพิ่มพูนทรัพย์,เพิ่มพูนทรัพย์,บ้านนาสาร,สุราษฎร์ธานี,2025-11-19T16:21:56.462649,,0,0,2025-11-19T16:21:56.462649
EXT-03536,พื้นที่เสี่ยงภัยดินถล่ม,กรมทรัพยากรธรณี,โรงเรียนบ้านเหมืองทวด | รายละเอียด: โรงเรียน,,,"8.76296087836931,99.4220008599487",โรงเรียนบ้านเหมืองทวด,เพิ่มพูนทรัพย์,บ้านนาสาร,สุราษฎร์ธานี,2025-11-19T16:21:56.462649,,0,0,2025-11-19T16:21:56.462649
EXT-03537,พื้นที่เสี่ยงภัยดินถล่ม,กรมทรัพยากรธรณี,โรงเรียนบ้านวังหิน | รายละเอียด: โรงเรียน,,,"8.79880811970474,99.4157385380341",โรงเรียนบ้านวังหิน,เพิ่มพูนทรัพย์,บ้านนาสาร,สุราษฎร์ธานี,2025-11-19T16:21:56.462649,,0,0,2025-11-19T16:21:56.462649
EXT-03538,พื้นที่เสี่ยงภัยดินถล่ม,กรมทรัพยากรธรณี,องค์การบริหารส่วนตำบลเพิ่มพูนทรัพย์ | รายละเอียด: สถานที่ราชการ,,,"8.759791526334949,99.42084246575514",องค์การบริหารส่วนตำบลเพิ่มพูนทรัพย์,เพิ่มพูนทรัพย์,บ้านนาสาร,สุราษฎร์ธานี,2025-11-19T16:21:56.462649,,0,0,2025-11-19T16:21:56.462649
EXT-03539,พื้นที่เสี่ยงภัยดินถล่ม,กรมทรัพยากรธรณี,สะพานข้ามลำน้ำตกเหมืองทอด ม.1 | รายละเอียด: สะพาน,,,"8.75629267647982,99.43183973660918",สะพานข้ามลำน้ำตกเหมืองทอด ม.1,เพิ่มพูนทรัพย์,บ้านนาสาร,สุราษฎร์ธานี,2025-11-19T16:21:56.462649,,0,0,2025-11-19T16:21:56.462649
EXT-03540,พื้นที่เสี่ยงภัยดินถล่ม,กรมทรัพยากรธรณี,สะพานข้ามคลองทวด ม.2 | รายละเอียด: สะพาน,,,"8.74760604075139,99.41056453392275",สะพานข้ามคลองทวด ม.2,พรุพี,บ้านนาสาร,สุราษฎร์ธานี,2025-11-19T16:21:56.462649,,0,0,2025-11-19T16:21:56.462649
EXT-03541,พื้นที่เสี่ยงภัยดินถล่ม,กรมทรัพยากรธรณี,สะพานข้ามคลองฉวาง ม.3 | รายละเอียด: สะพาน,,,"8.792991274384393,99.42901796467818",สะพานข้ามคลองฉวาง ม.3,เพิ่มพูนทรัพย์,บ้านนาสาร,สุราษฎร์ธานี,2025-11-19T16:21:56.462649,,0,0,2025-11-19T16:21:56.462649
EXT-03542,พื้นที่เสี่ยงภัยดินถล่ม,กรมทรัพยากรธรณี,สะพานข้ามคลองฉวาง ม.4 | รายละเอียด: สะพาน,,,"8.761754221221674,99.42528167990682",สะพานข้ามคลองฉวาง ม.4,เพิ่มพูนทรัพย์,บ้านนาสาร,สุราษฎร์ธานี,2025-11-19T16:21:56.462649,,0,0,2025-11-19T16:21:56.462649
EXT-03543,พื้นที่เสี่ยงภัยดินถล่ม,กรมทรัพยากรธรณี,สะพานข้ามคลองชลประทาน ม.6 | รายละเอียด: สะพาน,,,"8.802390991076178,99.41099755080388",สะพานข้ามคลองชลประทาน ม.6,เพิ่มพูนทรัพย์,บ้านนาสาร,สุราษฎร์ธานี,2025-11-19T16:21:56.462649,,0,0,2025-11-19T16:21:56.462649
EXT-03544,พื้นที่เสี่ยงภัยดินถล่ม,กรมทรัพยากรธรณี,โรงเรียนนานาชาติละไม | รายละเอียด: โรงเรียน,,,"9.47418950577924,100.05312250347416",โรงเรียนนานาชาติละไม,มะเร็ต,เกาะสมุย,สุราษฎร์ธานี,2025-11-19T16:21:56.462649,,0,0,2025-11-19T16:21:56.462649
EXT-03545,พื้นที่เสี่ยงภัยดินถล่ม,กรมทรัพยากรธรณี,โรงเรียนเทศบาล 1 วัดละไม | รายละเอียด: โรงเรียน,,,"9.473595376839777,100.04899463770796",โรงเรียนเทศบาล 1 วัดละไม,มะเร็ต,เกาะสมุย,สุราษฎร์ธานี,2025-11-19T16:21:56.462649,,0,0,2025-11-19T16:21:56.462649
EXT-03546,พื้นที่เสี่ยงภัยดินถล่ม,กรมทรัพยากรธรณี,วัดละไม | รายละเอียด: วัด,,,"9.474181239801101,100.04262229117386",วัดละไม,มะเร็ต,เกาะสมุย,สุราษฎร์ธานี,2025-11-19T16:21:56.462649,,0,0,2025-11-19T16:21:56.462649
EXT-03547,พื้นที่เสี่ยงภัยดินถล่ม,กรมทรัพยากรธรณี,โรงเรียนนานาชาติวินฟิลด์ | รายละเอียด: โรงเรียน,,,"9.476861337673817,100.04322887380208",โรงเรียนนานาชาติวินฟิลด์,มะเร็ต,เกาะสมุย,สุราษฎร์ธานี,2025-11-19T16:21:56.462649,,0,0,2025-11-19T16:21:56.462649
EXT-03548,พื้นที่เสี่ยงภัยดินถล่ม,กรมทรัพยากรธรณี,โรงเรียนอนุบาลเพลงพิณ | รายละเอียด: โรงเรียน,,,"9.475498051534917,100.04459133636324",โรงเรียนอนุบาลเพลงพิณ,มะเร็ต,เกาะสมุย,สุราษฎร์ธานี,2025-11-19T16:21:56.463650,,0,0,2025-11-19T16:21:56.463650
EXT-03549,พื้นที่เสี่ยงภัยดินถล่ม,กรมทรัพยากรธรณี,ศาลจังหวัดเกาะสมุย | รายละเอียด: สถานที่ราชการ,,,"9.445024724144364,100.01129884617819",ศาลจังหวัดเกาะสมุย,มะเร็ต,เกาะสมุย,สุราษฎร์ธานี,2025-11-19T16:21:56.463650,,0,0,2025-11-19T16:21:56.463650
EXT-03550,พื้นที่เสี่ยงภัยดินถล่ม,กรมทรัพยากรธรณี,เรือนจำเกาะสมุย | รายละเอียด: สถานที่ราชการ,,,"9.449186634322976,100.01408719916707",เรือนจำเกาะสมุย,มะเร็ต,เกาะสมุย,สุราษฎร์ธานี,2025-11-19T16:21:56.463650,,0,0,2025-11-19T16:21:56.463650
EXT-03551,พื้นที่เสี่ยงภัยดินถล่ม,กรมทรัพยากรธรณี,รพ.สต.มะเร็ต | รายละเอียด: โรงพยาบาล,,,"9.447109755871496,100.02594598912354",รพ.สต.มะเร็ต,มะเร็ต,เกาะสมุย,สุราษฎร์ธานี,2025-11-19T16:21:56.463650,,0,0,2025-11-19T16:21:56.463650
EXT-03552,พื้นที่เสี่ยงภัยดินถล่ม,กรมทรัพยากรธรณี,วัดสำเร็จ | รายละเอียด: วัด,,,"9.439647025338036,100.0112299631311",วัดสำเร็จ,มะเร็ต,เกาะสมุย,สุราษฎร์ธานี,2025-11-19T16:21:56.463650,,0,0,2025-11-19T16:21:56.463650
EXT-03553,พื้นที่เสี่ยงภัยดินถล่ม,กรมทรัพยากรธรณี,ศาลาอเนกประสงค์หมู่ 5 | รายละเอียด: ศาลาอเนกประสงค์,,,"9.444859488330577,100.01278961590135",ศาลาอเนกประสงค์หมู่ 5,มะเร็ต,เกาะสมุย,สุราษฎร์ธานี,2025-11-19T16:21:56.463650,,0,0,2025-11-19T16:21:56.463650
EXT-03554,พื้นที่เสี่ยงภัยดินถล่ม,กรมทรัพยากรธรณี,วัดราชธรรมาราม(ศิลางู) | รายละเอียด: วัด,,,"9.451102753380752,100.03114202732037",วัดราชธรรมาราม(ศิลางู),มะเร็ต,เกาะสมุย,สุราษฎร์ธานี,2025-11-19T16:21:56.463650,,0,0,2025-11-19T16:21:56.463650
EXT-03555,พื้นที่เสี่ยงภัยดินถล่ม,กรมทรัพยากรธรณี,ทีปาวรรณธรรมสถาน | รายละเอียด: วัด,,,"9.46058942641968,100.02576119749398",ทีปาวรรณธรรมสถาน,มะเร็ต,เกาะสมุย,สุราษฎร์ธานี,2025-11-19T16:21:56.463650,,0,0,2025-11-19T16:21:56.463650
EXT-03556,พื้นที่เสี่ยงภัยดินถล่ม,กรมทรัพยากรธรณี,มัสยิดนูรุลเอี๊ยะซาน | รายละเอียด: มัสยิด,,,"9.440306126905968,100.02219505666787",มัสยิดนูรุลเอี๊ยะซาน,มะเร็ต,เกาะสมุย,สุราษฎร์ธานี,2025-11-19T16:21:56.463650,,0,0,2025-11-19T16:21:56.463650
EXT-03557,พื้นที่เสี่ยงภัยดินถล่ม,กรมทรัพยากรธรณี,โรงเรียนบ้านหน้าค่าย | รายละเอียด: โรงเรียน,,,"9.436781433504153,100.02047580718609",โรงเรียนบ้านหน้าค่าย,มะเร็ต,เกาะสมุย,สุราษฎร์ธานี,2025-11-19T16:21:56.463650,,0,0,2025-11-19T16:21:56.463650
EXT-03558,พื้นที่เสี่ยงภัยดินถล่ม,กรมทรัพยากรธรณี,วัดขาม | รายละเอียด: วัด,,,"9.437724968971617,100.01728695602733",วัดขาม,มะเร็ต,เกาะสมุย,สุราษฎร์ธานี,2025-11-19T16:21:56.463650,,0,0,2025-11-19T16:21:56.463650
EXT-03559,พื้นที่เสี่ยงภัยดินถล่ม,กรมทรัพยากรธรณี,โรงพยาบาลส่งเสริมสุขภาพตำบล บ้านปลายน้ำ | รายละเอียด: โรงพยาบาล,,,"8.875780757287105,99.41183375220075",โรงพยาบาลส่งเสริมสุขภาพตำบล บ้านปลายน้ำ,ลำพูน,บ้านนาสาร,สุราษฎร์ธานี,2025-11-19T16:21:56.463650,,0,0,2025-11-19T16:21:56.463650
EXT-03560,พื้นที่เสี่ยงภัยดินถล่ม,กรมทรัพยากรธรณี,หน่วยบริการประชาชน หมู่ที่ 2 | รายละเอียด: สถานที่ราชการ,,,"8.88396091954745,99.41678141777341",หน่วยบริการประชาชน หมู่ที่ 2,ลำพูน,บ้านนาสาร,สุราษฎร์ธานี,2025-11-19T16:21:56.463650,,0,0,2025-11-19T16:21:56.463650
EXT-03561,พื้นที่เสี่ยงภัยดินถล่ม,กรมทรัพยากรธรณี,โรงเรียนบ้านปลายน้ำ | รายละเอียด: โรงเรียน,,,"8.877805089265797,99.41340030958335",โรงเรียนบ้านปลายน้ำ,ลำพูน,บ้านนาสาร,สุราษฎร์ธานี,2025-11-19T16:21:56.463650,,0,0,2025-11-19T16:21:56.463650
EXT-03562,พื้นที่เสี่ยงภัยดินถล่ม,กรมทรัพยากรธรณี,โรงเรียนบ้านเขาน้อย | รายละเอียด: โรงเรียน,,,"8.878272274452655,99.43215423953119",โรงเรียนบ้านเขาน้อย,ลำพูน,บ้านนาสาร,สุราษฎร์ธานี,2025-11-19T16:21:56.463650,,0,0,2025-11-19T16:21:56.463650
EXT-03563,พื้นที่เสี่ยงภัยดินถล่ม,กรมทรัพยากรธรณี,องค์การบริหารส่วนตำบลลำพูน | รายละเอียด: สถานที่ราชการ,,,"8.819231564802866,99.40664557739296",องค์การบริหารส่วนตำบลลำพูน,ลำพูน,บ้านนาสาร,สุราษฎร์ธานี,2025-11-19T16:21:56.463650,,0,0,2025-11-19T16:21:56.463650
EXT-03564,พื้นที่เสี่ยงภัยดินถล่ม,กรมทรัพยากรธรณี,สะพานข้ามคลองลำพูน หมู่ที่ 1 | รายละเอียด: สะพาน,,,"8.874101354640485,99.43021594894502",สะพานข้ามคลองลำพูน หมู่ที่ 1,ลำพูน,บ้านนาสาร,สุราษฎร์ธานี,2025-11-19T16:21:56.463650,,0,0,2025-11-19T16:21:56.463650
EXT-03565,พื้นที่เสี่ยงภัยดินถล่ม,กรมทรัพยากรธรณี,สะพานข้ามคลองลำพูน หมู่ที่ 2 | รายละเอียด: สะพาน,,,"8.880832487583962,99.41578654737317",สะพานข้ามคลองลำพูน หมู่ที่ 2,ลำพูน,บ้านนาสาร,สุราษฎร์ธานี,2025-11-19T16:21:56.463650,,0,0,2025-11-19T16:21:56.463650
EXT-03566,พื้นที่เสี่ยงภัยดินถล่ม,กรมทรัพยากรธรณี,สะพานข้ามคลองหาเหนือ หมู่ที่ 3 | รายละเอียด: สะพาน,,,"8.850836430432905,99.41037820168826",สะพานข้ามคลองหาเหนือ หมู่ที่ 3,ลำพูน,บ้านนาสาร,สุราษฎร์ธานี,2025-11-19T16:21:56.463650,,0,0,2025-11-19T16:21:56.463650
EXT-03567,พื้นที่เสี่ยงภัยดินถล่ม,กรมทรัพยากรธรณี,วัดสมุทราราม | รายละเอียด: วัด,,,"9.509867657402877,99.93632438358166",วัดสมุทราราม,ลิปะน้อย,เกาะสมุย,สุราษฎร์ธานี,2025-11-19T16:21:56.463650,,0,0,2025-11-19T16:21:56.463650
EXT-03568,พื้นที่เสี่ยงภัยดินถล่ม,กรมทรัพยากรธรณี,โรงเรียนเทศบาล 3 วัดสมุทราราม | รายละเอียด: โรงเรียน,,,"9.509670478015984,99.93556965958132",โรงเรียนเทศบาล 3 วัดสมุทราราม,ลิปะน้อย,เกาะสมุย,สุราษฎร์ธานี,2025-11-19T16:21:56.463650,,0,0,2025-11-19T16:21:56.463650
EXT-03569,พื้นที่เสี่ยงภัยดินถล่ม,กรมทรัพยากรธรณี,สำนักสงฆ์แหลมดิน | รายละเอียด: วัด,,,"9.51611369728341,99.93322255419568",สำนักสงฆ์แหลมดิน,ลิปะน้อย,เกาะสมุย,สุราษฎร์ธานี,2025-11-19T16:21:56.463650,,0,0,2025-11-19T16:21:56.463650
EXT-03570,พื้นที่เสี่ยงภัยดินถล่ม,กรมทรัพยากรธรณี,เทศบาลนครเกาะสมุย | รายละเอียด: สถานที่ราชการ,,,"9.516726765351052,99.9440197538763",เทศบาลนครเกาะสมุย,อ่างทอง,เกาะสมุย,สุราษฎร์ธานี,2025-11-19T16:21:56.463650,,0,0,2025-11-19T16:21:56.463650
EXT-03571,พื้นที่เสี่ยงภัยดินถล่ม,กรมทรัพยากรธรณี,โรงเรียนบ้านดอนธูป | รายละเอียด: โรงเรียน,,,"9.494589250531561,99.94432345619526",โรงเรียนบ้านดอนธูป,ลิปะน้อย,เกาะสมุย,สุราษฎร์ธานี,2025-11-19T16:21:56.463650,,0,0,2025-11-19T16:21:56.463650
EXT-03572,พื้นที่เสี่ยงภัยดินถล่ม,กรมทรัพยากรธรณี,โรงเรียนเกาะสมุย | รายละเอียด: โรงเรียน,,,"9.494146357874456,99.94612317538241",โรงเรียนเกาะสมุย,ลิปะน้อย,เกาะสมุย,สุราษฎร์ธานี,2025-11-19T16:21:56.463650,,0,0,2025-11-19T16:21:56.463650
EXT-03573,พื้นที่เสี่ยงภัยดินถล่ม,กรมทรัพยากรธรณี,วัดดอนธูป | รายละเอียด: วัด,,,"9.49438011191984,99.9476683484001",วัดดอนธูป,ลิปะน้อย,เกาะสมุย,สุราษฎร์ธานี,2025-11-19T16:21:56.463650,,0,0,2025-11-19T16:21:56.463650
EXT-03574,พื้นที่เสี่ยงภัยดินถล่ม,กรมทรัพยากรธรณี,รพ.สต.ตำบลลิปะน้อย | รายละเอียด: โรงพยาบาล,,,"9.493733405431668,99.94967667949904",รพ.สต.ตำบลลิปะน้อย,ลิปะน้อย,เกาะสมุย,สุราษฎร์ธานี,2025-11-19T16:21:56.463650,,0,0,2025-11-19T16:21:56.463650
EXT-03575,พื้นที่เสี่ยงภัยดินถล่ม,กรมทรัพยากรธรณี,วัดนาราเจริญสุข | รายละเอียด: วัด,,,"9.482565023493011,99.93192928719552",วัดนาราเจริญสุข,ลิปะน้อย,เกาะสมุย,สุราษฎร์ธานี,2025-11-19T16:21:56.463650,,0,0,2025-11-19T16:21:56.463650
EXT-03576,พื้นที่เสี่ยงภัยดินถล่ม,กรมทรัพยากรธรณี,โรงเรียนวัดนาราเจริญสุข | รายละเอียด: โรงเรียน,,,"9.481945384124584,99.9318435052568",โรงเรียนวัดนาราเจริญสุข,ตลิ่งงาม,เกาะสมุย,สุราษฎร์ธานี,2025-11-19T16:21:56.463650,,0,0,2025-11-19T16:21:56.463650
EXT-03577,พื้นที่เสี่ยงภัยดินถล่ม,กรมทรัพยากรธรณี,สภ.เกาะสมุย | รายละเอียด: สถานีตำรวจ,,,"9.493277488447236,99.93355239219979",สภ.เกาะสมุย,ลิปะน้อย,เกาะสมุย,สุราษฎร์ธานี,2025-11-19T16:21:56.463650,,0,0,2025-11-19T16:21:56.463650
EXT-03578,พื้นที่เสี่ยงภัยดินถล่ม,กรมทรัพยากรธรณี,โรงพยาบาลท่าชนะ | รายละเอียด: โรงพยาบาล,,,"9.597133090690633,99.16529971809769",โรงพยาบาลท่าชนะ,ท่าชนะ,ท่าชนะ,สุราษฎร์ธานี,2025-11-19T16:21:56.463650,,0,0,2025-11-19T16:21:56.463650
EXT-03579,พื้นที่เสี่ยงภัยดินถล่ม,กรมทรัพยากรธรณี,โรงพยาบาลส่งเสริมสุขภาพตำบลสมอทอง | รายละเอียด: โรงพยาบาล,,,"9.569176008646837,99.12071603820341",โรงพยาบาลส่งเสริมสุขภาพตำบลสมอทอง,สมอทอง,ท่าชนะ,สุราษฎร์ธานี,2025-11-19T16:21:56.463650,,0,0,2025-11-19T16:21:56.463650
EXT-03580,พื้นที่เสี่ยงภัยดินถล่ม,กรมทรัพยากรธรณี,สถานีตำรวจท่าชนะ | รายละเอียด: สถานีตำรวจ,,,"9.572893747553788,99.16567926607354",สถานีตำรวจท่าชนะ,ท่าชนะ,ท่าชนะ,สุราษฎร์ธานี,2025-11-19T16:21:56.463650,,0,0,2025-11-19T16:21:56.463650
EXT-03581,พื้นที่เสี่ยงภัยดินถล่ม,กรมทรัพยากรธรณี,หน่วยบริการประชาชนหมู่ที่ 1 | รายละเอียด: สถานที่ราชการ,,,"9.565135182365703,99.16005362157185",หน่วยบริการประชาชนหมู่ที่ 1,สมอทอง,ท่าชนะ,สุราษฎร์ธานี,2025-11-19T16:21:56.463650,,0,0,2025-11-19T16:21:56.463650
EXT-03582,พื้นที่เสี่ยงภัยดินถล่ม,กรมทรัพยากรธรณี,โรงเรียนศรีสุวรรณ | รายละเอียด: โรงเรียน,,,"9.563377931188798,99.14530872814741",โรงเรียนศรีสุวรรณ,สมอทอง,ท่าชนะ,สุราษฎร์ธานี,2025-11-19T16:21:56.463650,,0,0,2025-11-19T16:21:56.463650
EXT-03583,พื้นที่เสี่ยงภัยดินถล่ม,กรมทรัพยากรธรณี,โรงเรียนตลาดหนองวาย | รายละเอียด: โรงเรียน,,,"9.569234356944337,99.17488186707928",โรงเรียนตลาดหนองวาย,ท่าชนะ,ท่าชนะ,สุราษฎร์ธานี,2025-11-19T16:21:56.463650,,0,0,2025-11-19T16:21:56.463650
EXT-03584,พื้นที่เสี่ยงภัยดินถล่ม,กรมทรัพยากรธรณี,องค์การบริหารส่วนตำบลสมอทอง | รายละเอียด: สถานที่ราชการ,,,"9.564769378203165,99.125844864229",องค์การบริหารส่วนตำบลสมอทอง,สมอทอง,ท่าชนะ,สุราษฎร์ธานี,2025-11-19T16:21:56.463650,,0,0,2025-11-19T16:21:56.463650
EXT-03585,พื้นที่เสี่ยงภัยดินถล่ม,กรมทรัพยากรธรณี,เทศบาลตำบลท่าชนะ | รายละเอียด: สถานที่ราชการ,,,"9.570658549663074,99.16640777015883",เทศบาลตำบลท่าชนะ,ท่าชนะ,ท่าชนะ,สุราษฎร์ธานี,2025-11-19T16:21:56.463650,,0,0,2025-11-19T16:21:56.463650
EXT-03586,พื้นที่เสี่ยงภัยดินถล่ม,กรมทรัพยากรธรณี,สะพานห้วยคอก ม.4 | รายละเอียด: สะพาน,,,"9.56743826918682,99.0953002377821",สะพานห้วยคอก ม.4,สมอทอง,ท่าชนะ,สุราษฎร์ธานี,2025-11-19T16:21:56.463650,,0,0,2025-11-19T16:21:56.463650
EXT-03587,พื้นที่เสี่ยงภัยดินถล่ม,กรมทรัพยากรธรณี,สะพานห้วยน้ำฝน ม.6 | รายละเอียด: สะพาน,,,"9.566516733759823,99.04561788743293",สะพานห้วยน้ำฝน ม.6,สมอทอง,ท่าชนะ,สุราษฎร์ธานี,2025-11-19T16:21:56.463650,,0,0,2025-11-19T16:21:56.463650
EXT-03588,พื้นที่เสี่ยงภัยดินถล่ม,กรมทรัพยากรธรณี,สะพานข้ามคลองบ้านส้อง ม.9 | รายละเอียด: สะพาน,,,"9.553048041643388,99.05254142725934",สะพานข้ามคลองบ้านส้อง ม.9,ประสงค์,ท่าชนะ,สุราษฎร์ธานี,2025-11-19T16:21:56.463650,,0,0,2025-11-19T16:21:56.463650
EXT-03589,พื้นที่เสี่ยงภัยดินถล่ม,กรมทรัพยากรธรณี,สะพานข้ามคลองกระจาย ม.10 | รายละเอียด: สะพาน,,,"9.57664392542616,99.12924834186079",สะพานข้ามคลองกระจาย ม.10,สมอทอง,ท่าชนะ,สุราษฎร์ธานี,2025-11-19T16:21:56.463650,,0,0,2025-11-19T16:21:56.463650
EXT-03590,พื้นที่เสี่ยงภัยดินถล่ม,กรมทรัพยากรธรณี,รพ.สต.ท่าขนอน | รายละเอียด: โรงพยาบาล,,,"9.041730201978025,98.94069080325804",รพ.สต.ท่าขนอน,ท่าขนอน,คีรีรัฐนิคม,สุราษฎร์ธานี,2025-11-19T16:21:56.463650,,0,0,2025-11-19T16:21:56.463650
EXT-03591,พื้นที่เสี่ยงภัยดินถล่ม,กรมทรัพยากรธรณี,รพ.คีรีรัฐนิคม | รายละเอียด: โรงพยาบาล,,,"9.018042092734412,98.96967478611931",รพ.คีรีรัฐนิคม,ย่านยาว,คีรีรัฐนิคม,สุราษฎร์ธานี,2025-11-19T16:21:56.463650,,0,0,2025-11-19T16:21:56.463650
EXT-03592,พื้นที่เสี่ยงภัยดินถล่ม,กรมทรัพยากรธรณี,สภ.คีรีรัฐนิคม | รายละเอียด: สถานีตำรวจ,,,"9.032539333852112,98.95100276469061",สภ.คีรีรัฐนิคม,ท่าขนอน,คีรีรัฐนิคม,สุราษฎร์ธานี,2025-11-19T16:21:56.463650,,0,0,2025-11-19T16:21:56.463650
EXT-03593,พื้นที่เสี่ยงภัยดินถล่ม,กรมทรัพยากรธรณี,หน่วยบริการประชาชนตำบลท่าขนอน | รายละเอียด: สถานที่ราชการ,,,"9.041171246422785,98.94157907753548",หน่วยบริการประชาชนตำบลท่าขนอน,ท่าขนอน,คีรีรัฐนิคม,สุราษฎร์ธานี,2025-11-19T16:21:56.463650,,0,0,2025-11-19T16:21:56.463650
EXT-03594,พื้นที่เสี่ยงภัยดินถล่ม,กรมทรัพยากรธรณี,โรงเรียนบ้านท่าขนอน | รายละเอียด: โรงเรียน,,,"9.031573244579272,98.96641628130796",โรงเรียนบ้านท่าขนอน,ท่าขนอน,คีรีรัฐนิคม,สุราษฎร์ธานี,2025-11-19T16:21:56.463650,,0,0,2025-11-19T16:21:56.463650
EXT-03595,พื้นที่เสี่ยงภัยดินถล่ม,กรมทรัพยากรธรณี,โรงเรียนบ้านป่าโตน | รายละเอียด: โรงเรียน,,,"9.055450969713856,98.95476682207304",โรงเรียนบ้านป่าโตน,ท่าขนอน,คีรีรัฐนิคม,สุราษฎร์ธานี,2025-11-19T16:21:56.463650,,0,0,2025-11-19T16:21:56.463650
EXT-03596,พื้นที่เสี่ยงภัยดินถล่ม,กรมทรัพยากรธรณี,อบต.ตำบลท่าขนอน | รายละเอียด: สถานที่ราชการ,,,"9.04374253480045,98.92879941247746",อบต.ตำบลท่าขนอน,ท่าขนอน,คีรีรัฐนิคม,สุราษฎร์ธานี,2025-11-19T16:21:56.463650,,0,0,2025-11-19T16:21:56.463650
EXT-03597,พื้นที่เสี่ยงภัยดินถล่ม,กรมทรัพยากรธรณี,เทศบาลตำบลท่าขนอน | รายละเอียด: สถานที่ราชการ,,,"9.032622237436728,98.96393220138722",เทศบาลตำบลท่าขนอน,ท่าขนอน,คีรีรัฐนิคม,สุราษฎร์ธานี,2025-11-19T16:21:56.463650,,0,0,2025-11-19T16:21:56.463650
EXT-03598,พื้นที่เสี่ยงภัยดินถล่ม,กรมทรัพยากรธรณี,สะพานข้ามคลองพุมดวง ม.2 | รายละเอียด: สะพาน,,,"9.02953838034834,98.96960103601381",สะพานข้ามคลองพุมดวง ม.2,ย่านยาว,คีรีรัฐนิคม,สุราษฎร์ธานี,2025-11-19T16:21:56.463650,,0,0,2025-11-19T16:21:56.463650
EXT-03599,พื้นที่เสี่ยงภัยดินถล่ม,กรมทรัพยากรธรณี,สะพานข้ามคลองพุมดวง ม.4 | รายละเอียด: สะพาน,,,"9.026352151628446,98.94842867377844",สะพานข้ามคลองพุมดวง ม.4,ท่าขนอน,คีรีรัฐนิคม,สุราษฎร์ธานี,2025-11-19T16:21:56.463650,,0,0,2025-11-19T16:21:56.463650
EXT-03600,พื้นที่เสี่ยงภัยดินถล่ม,กรมทรัพยากรธรณี,สะพานข้ามคลองกะเปา ม.5 | รายละเอียด: สะพาน,,,"9.00732882744136,98.93767981485082",สะพานข้ามคลองกะเปา ม.5,ท่าขนอน,คีรีรัฐนิคม,สุราษฎร์ธานี,2025-11-19T16:21:56.463650,,0,0,2025-11-19T16:21:56.463650
EXT-03601,พื้นที่เสี่ยงภัยดินถล่ม,กรมทรัพยากรธรณี,สะพานข้ามคลองพุมดวง ม.7 | รายละเอียด: สะพาน,,,"9.038944723355174,98.96374049366376",สะพานข้ามคลองพุมดวง ม.7,ท่าขนอน,คีรีรัฐนิคม,สุราษฎร์ธานี,2025-11-19T16:21:56.463650,,0,0,2025-11-19T16:21:56.463650
EXT-03602,พื้นที่เสี่ยงภัยดินถล่ม,กรมทรัพยากรธรณี,สะพานข้ามคลองกะเปา ม.11 | รายละเอียด: สะพาน,,,"9.037196641889919,98.90150386356007",สะพานข้ามคลองกะเปา ม.11,ท่าขนอน,คีรีรัฐนิคม,สุราษฎร์ธานี,2025-11-19T16:21:56.463650,,0,0,2025-11-19T16:21:56.463650
EXT-03603,พื้นที่เสี่ยงภัยดินถล่ม,กรมทรัพยากรธรณี,โรงพยาบาลส่งเสริมสุขภาพท่าอุแท | รายละเอียด: โรงพยาบาล,,,"9.216888272262224,99.60454430425587",โรงพยาบาลส่งเสริมสุขภาพท่าอุแท,ท่าอุแท,กาญจนดิษฐ์,สุราษฎร์ธานี,2025-11-19T16:21:56.463650,,0,0,2025-11-19T16:21:56.463650
EXT-03604,พื้นที่เสี่ยงภัยดินถล่ม,กรมทรัพยากรธรณี,โรงพยาบาลส่งเสริมสุขภาพหมู่บ้านตัวอย่าง | รายละเอียด: โรงพยาบาล,,,"9.151748514774503,99.58315488037235",โรงพยาบาลส่งเสริมสุขภาพหมู่บ้านตัวอย่าง,ท่าอุแท,กาญจนดิษฐ์,สุราษฎร์ธานี,2025-11-19T16:21:56.463650,,0,0,2025-11-19T16:21:56.463650
EXT-03605,พื้นที่เสี่ยงภัยดินถล่ม,กรมทรัพยากรธรณี,หน่วยบริการประชาชนตำบลท่าอุแท | รายละเอียด: สถานที่ราชการ,,,"9.146276382015953,99.64393886432553",หน่วยบริการประชาชนตำบลท่าอุแท,ท่าอุแท,กาญจนดิษฐ์,สุราษฎร์ธานี,2025-11-19T16:21:56.463650,,0,0,2025-11-19T16:21:56.463650
EXT-03606,พื้นที่เสี่ยงภัยดินถล่ม,กรมทรัพยากรธรณี,โรงเรียนท่าอุแทพิทยา | รายละเอียด: โรงเรียน,,,"9.217004825766034,99.6051544054505",โรงเรียนท่าอุแทพิทยา,ท่าอุแท,กาญจนดิษฐ์,สุราษฎร์ธานี,2025-11-19T16:21:56.463650,,0,0,2025-11-19T16:21:56.463650
EXT-03607,พื้นที่เสี่ยงภัยดินถล่ม,กรมทรัพยากรธรณี,โรงเรียนไทยรัฐวิทยา 88 | รายละเอียด: โรงเรียน,,,"9.151392454832965,99.57958655503471",โรงเรียนไทยรัฐวิทยา 88,ท่าอุแท,กาญจนดิษฐ์,สุราษฎร์ธานี,2025-11-19T16:21:56.463650,,0,0,2025-11-19T16:21:56.463650
EXT-03608,พื้นที่เสี่ยงภัยดินถล่ม,กรมทรัพยากรธรณี,เทศบาลตำบลท่าอุแท | รายละเอียด: สถานที่ราชการ,,,"9.146674634811653,99.64462095479158",เทศบาลตำบลท่าอุแท,ท่าอุแท,กาญจนดิษฐ์,สุราษฎร์ธานี,2025-11-19T16:21:56.463650,,0,0,2025-11-19T16:21:56.463650
EXT-03609,พื้นที่เสี่ยงภัยดินถล่ม,กรมทรัพยากรธรณี,สะพานข้ามคลองท่าทอง ม.2 | รายละเอียด: สะพาน,,,"9.198875873891117,99.62387936880576",สะพานข้ามคลองท่าทอง ม.2,ไชยคราม,ดอนสัก,สุราษฎร์ธานี,2025-11-19T16:21:56.463650,,0,0,2025-11-19T16:21:56.463650
EXT-03610,พื้นที่เสี่ยงภัยดินถล่ม,กรมทรัพยากรธรณี,สะพานข้ามโครงการชลประทานท่าทอง ม.3 | รายละเอียด: สะพาน,,,"9.152200574860698,99.62284609082853",สะพานข้ามโครงการชลประทานท่าทอง ม.3,ท่าอุแท,กาญจนดิษฐ์,สุราษฎร์ธานี,2025-11-19T16:21:56.463650,,0,0,2025-11-19T16:21:56.463650
EXT-03611,พื้นที่เสี่ยงภัยดินถล่ม,กรมทรัพยากรธรณี,สะพานข้ามคลองบ้านใน ม.4 | รายละเอียด: สะพาน,,,"9.139592498740802,99.67213392966532",สะพานข้ามคลองบ้านใน ม.4,ท่าอุแท,กาญจนดิษฐ์,สุราษฎร์ธานี,2025-11-19T16:21:56.463650,,0,0,2025-11-19T16:21:56.463650
EXT-03612,พื้นที่เสี่ยงภัยดินถล่ม,กรมทรัพยากรธรณี,สะพานข้ามห้วยท่าทอง ม.5 | รายละเอียด: สะพาน,,,"9.135537306523178,99.66409028175947",สะพานข้ามห้วยท่าทอง ม.5,ท่าอุแท,กาญจนดิษฐ์,สุราษฎร์ธานี,2025-11-19T16:21:56.463650,,0,0,2025-11-19T16:21:56.463650
EXT-03613,พื้นที่เสี่ยงภัยดินถล่ม,กรมทรัพยากรธรณี,สะพานข้ามคลองนา ม.7 | รายละเอียด: สะพาน,,,"9.19769718175059,99.5943562907037",สะพานข้ามคลองนา ม.7,ท่าอุแท,กาญจนดิษฐ์,สุราษฎร์ธานี,2025-11-19T16:21:56.463650,,0,0,2025-11-19T16:21:56.463650
EXT-03614,พื้นที่เสี่ยงภัยดินถล่ม,กรมทรัพยากรธรณี,โรงพยาบาลส่งเสรริมสุขภาพตำบลบ้านเหนือคลอง | รายละเอียด: โรงพยาบาล,,,"8.634028036248806,99.41868453995963",โรงพยาบาลส่งเสรริมสุขภาพตำบลบ้านเหนือคลอง,บ้านส้อง,เวียงสระ,สุราษฎร์ธานี,2025-11-19T16:21:56.463650,,0,0,2025-11-19T16:21:56.463650
EXT-03615,พื้นที่เสี่ยงภัยดินถล่ม,กรมทรัพยากรธรณี,โรงพยาบาลส่งเสรริมสุขภาพตำบลบ้านพรุกระแชง | รายละเอียด: โรงพยาบาล,,,"8.595354677755605,99.4239857005664",โรงพยาบาลส่งเสรริมสุขภาพตำบลบ้านพรุกระแชง,บ้านส้อง,เวียงสระ,สุราษฎร์ธานี,2025-11-19T16:21:56.463650,,0,0,2025-11-19T16:21:56.463650
EXT-03616,พื้นที่เสี่ยงภัยดินถล่ม,กรมทรัพยากรธรณี,สภานีตำรวจภูธรเวียงสระ | รายละเอียด: สถานีตำรวจ,,,"8.630673114729067,99.34342833912862",สภานีตำรวจภูธรเวียงสระ,เวียงสระ,เวียงสระ,สุราษฎร์ธานี,2025-11-19T16:21:56.463650,,0,0,2025-11-19T16:21:56.463650
EXT-03617,พื้นที่เสี่ยงภัยดินถล่ม,กรมทรัพยากรธรณี,หน่วยบริการประชาชนหมู่ที่ 4 | รายละเอียด: สถานที่ราชการ,,,"8.633388670794353,99.3720671293697",หน่วยบริการประชาชนหมู่ที่ 4,บ้านส้อง,เวียงสระ,สุราษฎร์ธานี,2025-11-19T16:21:56.463650,,0,0,2025-11-19T16:21:56.463650
EXT-03618,พื้นที่เสี่ยงภัยดินถล่ม,กรมทรัพยากรธรณี,โรงเรียนพรุกระแชง | รายละเอียด: โรงเรียน,,,"8.600152740083276,99.4117948962619",โรงเรียนพรุกระแชง,บ้านส้อง,เวียงสระ,สุราษฎร์ธานี,2025-11-19T16:21:56.463650,,0,0,2025-11-19T16:21:56.463650
EXT-03619,พื้นที่เสี่ยงภัยดินถล่ม,กรมทรัพยากรธรณี,โรงเรียนบ้านส้องเหนือ | รายละเอียด: โรงเรียน,,,"8.642737669664536,99.38488282038945",โรงเรียนบ้านส้องเหนือ,บ้านส้อง,เวียงสระ,สุราษฎร์ธานี,2025-11-19T16:21:56.463650,,0,0,2025-11-19T16:21:56.463650
EXT-03620,พื้นที่เสี่ยงภัยดินถล่ม,กรมทรัพยากรธรณี,เทศบาลตำบลบ้านส้อง | รายละเอียด: สถานที่ราชการ,,,"8.659949578388625,99.37664703117257",เทศบาลตำบลบ้านส้อง,บ้านส้อง,เวียงสระ,สุราษฎร์ธานี,2025-11-19T16:21:56.463650,,0,0,2025-11-19T16:21:56.463650
EXT-03621,พื้นที่เสี่ยงภัยดินถล่ม,กรมทรัพยากรธรณี,สะพานข้ามคลองหน ม.3 | รายละเอียด: สะพาน,,,"8.608707162396517,99.37873196302506",สะพานข้ามคลองหน ม.3,บ้านส้อง,เวียงสระ,สุราษฎร์ธานี,2025-11-19T16:21:56.463650,,0,0,2025-11-19T16:21:56.463650
EXT-03622,พื้นที่เสี่ยงภัยดินถล่ม,กรมทรัพยากรธรณี,สะพานข้ามคลองบ้านส้อง ม.4 | รายละเอียด: สะพาน,,,"8.630980408286224,99.3744005959857",สะพานข้ามคลองบ้านส้อง ม.4,บ้านส้อง,เวียงสระ,สุราษฎร์ธานี,2025-11-19T16:21:56.463650,,0,0,2025-11-19T16:21:56.463650
EXT-03623,พื้นที่เสี่ยงภัยดินถล่ม,กรมทรัพยากรธรณี,สะพานข้ามคลองน้ำเฒ่า ม.5 | รายละเอียด: สะพาน,,,"8.671515009607793,99.37253837450432",สะพานข้ามคลองน้ำเฒ่า ม.5,บ้านส้อง,เวียงสระ,สุราษฎร์ธานี,2025-11-19T16:21:56.463650,,0,0,2025-11-19T16:21:56.463650
EXT-03624,พื้นที่เสี่ยงภัยดินถล่ม,กรมทรัพยากรธรณี,สะพานข้ามคลองน้ำเฒ่า ม.6 | รายละเอียด: สะพาน,,,"8.685766895913524,99.37452918455956",สะพานข้ามคลองน้ำเฒ่า ม.6,บ้านส้อง,เวียงสระ,สุราษฎร์ธานี,2025-11-19T16:21:56.463650,,0,0,2025-11-19T16:21:56.463650
EXT-03625,พื้นที่เสี่ยงภัยดินถล่ม,กรมทรัพยากรธรณี,สะพานข้ามคลองหล ม.9 | รายละเอียด: สะพาน,,,"8.607154178537995,99.36653399370691",สะพานข้ามคลองหล ม.9,บ้านส้อง,เวียงสระ,สุราษฎร์ธานี,2025-11-19T16:21:56.463650,,0,0,2025-11-19T16:21:56.463650
EXT-03626,พื้นที่เสี่ยงภัยดินถล่ม,กรมทรัพยากรธรณี,โรงพยาบาลส่งเสริมสุขภาพบ้านวังไทร | รายละเอียด: โรงพยาบาล,,,"9.04411005664529,99.54103556038041",โรงพยาบาลส่งเสริมสุขภาพบ้านวังไทร,ป่าร่อน,กาญจนดิษฐ์,สุราษฎร์ธานี,2025-11-19T16:21:56.463650,,0,0,2025-11-19T16:21:56.463650
EXT-03627,พื้นที่เสี่ยงภัยดินถล่ม,กรมทรัพยากรธรณี,โรงพยาบาลส่งเสริมสุขภาพคลองสระ | รายละเอียด: โรงพยาบาล,,,"9.03268797047265,99.62023822801417",โรงพยาบาลส่งเสริมสุขภาพคลองสระ,คลองสระ,กาญจนดิษฐ์,สุราษฎร์ธานี,2025-11-19T16:21:56.463650,,0,0,2025-11-19T16:21:56.463650
EXT-03628,พื้นที่เสี่ยงภัยดินถล่ม,กรมทรัพยากรธรณี,หน่วยบริการประชาชนเขาพนมวัง | รายละเอียด: สถานที่ราชการ,,,"9.100968942180572,99.60187319501696",หน่วยบริการประชาชนเขาพนมวัง,กรูด,กาญจนดิษฐ์,สุราษฎร์ธานี,2025-11-19T16:21:56.463650,,0,0,2025-11-19T16:21:56.463650
EXT-03629,พื้นที่เสี่ยงภัยดินถล่ม,กรมทรัพยากรธรณี,หน่วยบริการประชาชนตำบลคลองสระ | รายละเอียด: สถานที่ราชการ,,,"9.011272290251439,99.59164360858173",หน่วยบริการประชาชนตำบลคลองสระ,คลองสระ,กาญจนดิษฐ์,สุราษฎร์ธานี,2025-11-19T16:21:56.463650,,0,0,2025-11-19T16:21:56.463650
EXT-03630,พื้นที่เสี่ยงภัยดินถล่ม,กรมทรัพยากรธรณี,โรงเรียนคลองสระ | รายละเอียด: โรงเรียน,,,"9.03289059208331,99.62136576083641",โรงเรียนคลองสระ,คลองสระ,กาญจนดิษฐ์,สุราษฎร์ธานี,2025-11-19T16:21:56.463650,,0,0,2025-11-19T16:21:56.463650
EXT-03631,พื้นที่เสี่ยงภัยดินถล่ม,กรมทรัพยากรธรณี,โรงเรียนวัดวังไทร | รายละเอียด: โรงเรียน,,,"9.044895746398264,99.54184652324399",โรงเรียนวัดวังไทร,ป่าร่อน,กาญจนดิษฐ์,สุราษฎร์ธานี,2025-11-19T16:21:56.463650,,0,0,2025-11-19T16:21:56.463650
EXT-03632,พื้นที่เสี่ยงภัยดินถล่ม,กรมทรัพยากรธรณี,องค์การบริหารส่วนตำบลป่าร่อน | รายละเอียด: สถานที่ราชการ,,,"9.046243045843013,99.54094252345958",องค์การบริหารส่วนตำบลป่าร่อน,ป่าร่อน,กาญจนดิษฐ์,สุราษฎร์ธานี,2025-11-19T16:21:56.463650,,0,0,2025-11-19T16:21:56.463650
EXT-03633,พื้นที่เสี่ยงภัยดินถล่ม,กรมทรัพยากรธรณี,สะพานข้ามคลองสวาด ม.1 | รายละเอียด: สะพาน,,,"9.044222033528627,99.5428376205013",สะพานข้ามคลองสวาด ม.1,ป่าร่อน,กาญจนดิษฐ์,สุราษฎร์ธานี,2025-11-19T16:21:56.463650,,0,0,2025-11-19T16:21:56.463650
EXT-03634,พื้นที่เสี่ยงภัยดินถล่ม,กรมทรัพยากรธรณี,สะพานไร่ยาว ม.8 | รายละเอียด: สะพาน,,,"9.024301545067969,99.52273671652127",สะพานไร่ยาว ม.8,ป่าร่อน,กาญจนดิษฐ์,สุราษฎร์ธานี,2025-11-19T16:21:56.463650,,0,0,2025-11-19T16:21:56.463650
EXT-03635,พื้นที่เสี่ยงภัยดินถล่ม,กรมทรัพยากรธรณี,ศูนย์วิจัยและพัฒนาอาหารสัตว์สุพรรณบุรี | รายละเอียด: สถานที่ราชการ,,,"15.001043574362345,99.3884741734145",ศูนย์วิจัยและพัฒนาอาหารสัตว์สุพรรณบุรี,วังยาว,ด่านช้าง,สุพรรณบุรี,2025-11-19T16:21:56.463650,,0,0,2025-11-19T16:21:56.463650
EXT-03636,พื้นที่เสี่ยงภัยดินถล่ม,กรมทรัพยากรธรณี,ที่ทำการอุทยานแห่งชาติพุเตย | รายละเอียด: สถานที่ราชการ,,,"14.94633110773729,99.41570131367287",ที่ทำการอุทยานแห่งชาติพุเตย,วังยาว,ด่านช้าง,สุพรรณบุรี,2025-11-19T16:21:56.463650,,0,0,2025-11-19T16:21:56.463650
EXT-03637,พื้นที่เสี่ยงภัยดินถล่ม,กรมทรัพยากรธรณี,สถานีควบคุมไฟป่าพุเตย | รายละเอียด: สถานที่ราชการ,,,"14.942216378998403,99.410297377091",สถานีควบคุมไฟป่าพุเตย,วังยาว,ด่านช้าง,สุพรรณบุรี,2025-11-19T16:21:56.463650,,0,0,2025-11-19T16:21:56.463650
EXT-03638,พื้นที่เสี่ยงภัยดินถล่ม,กรมทรัพยากรธรณี,ศูนย์วิจัยและบำรุงพันธุ์สัตว์สุพรรณบุรี | รายละเอียด: สถานที่ราชการ,,,"14.95752594447275,99.41311720694827",ศูนย์วิจัยและบำรุงพันธุ์สัตว์สุพรรณบุรี,วังยาว,ด่านช้าง,สุพรรณบุรี,2025-11-19T16:21:56.463650,,0,0,2025-11-19T16:21:56.463650
EXT-03639,พื้นที่เสี่ยงภัยดินถล่ม,กรมทรัพยากรธรณี,สำนักสงฆ์ตะเพินคี่ | รายละเอียด: วัด,,,"14.996636781558063,99.29089455481902",สำนักสงฆ์ตะเพินคี่,วังยาว,ด่านช้าง,สุพรรณบุรี,2025-11-19T16:21:56.463650,,0,0,2025-11-19T16:21:56.463650
EXT-03640,พื้นที่เสี่ยงภัยดินถล่ม,กรมทรัพยากรธรณี,สำนักสงฆ์เขาเทวดาวนาราม | รายละเอียด: วัด,,,"14.996996761920544,99.29653167488583",สำนักสงฆ์เขาเทวดาวนาราม,วังยาว,ด่านช้าง,สุพรรณบุรี,2025-11-19T16:21:56.463650,,0,0,2025-11-19T16:21:56.463650
EXT-03641,พื้นที่เสี่ยงภัยดินถล่ม,กรมทรัพยากรธรณี,วัดบ้านกล้วย | รายละเอียด: วัด,,,"14.985383461920586,99.36135419016738",วัดบ้านกล้วย,วังยาว,ด่านช้าง,สุพรรณบุรี,2025-11-19T16:21:56.463650,,0,0,2025-11-19T16:21:56.463650
EXT-03642,พื้นที่เสี่ยงภัยดินถล่ม,กรมทรัพยากรธรณี,วัดห้วยหินดำ | รายละเอียด: วัด,,,"14.945723233707701,99.36400339141116",วัดห้วยหินดำ,วังยาว,ด่านช้าง,สุพรรณบุรี,2025-11-19T16:21:56.463650,,0,0,2025-11-19T16:21:56.463650
EXT-03643,พื้นที่เสี่ยงภัยดินถล่ม,กรมทรัพยากรธรณี,สำนักสงฆ์อิ่มเงิน | รายละเอียด: วัด,,,"14.952530008219822,99.41343986054027",สำนักสงฆ์อิ่มเงิน,วังยาว,ด่านช้าง,สุพรรณบุรี,2025-11-19T16:21:56.463650,,0,0,2025-11-19T16:21:56.463650
EXT-03644,พื้นที่เสี่ยงภัยดินถล่ม,กรมทรัพยากรธรณี,สำนักสงฆ์เทียรสว่าง | รายละเอียด: วัด,,,"14.883262774963685,99.36200034116523",สำนักสงฆ์เทียรสว่าง,วังยาว,ด่านช้าง,สุพรรณบุรี,2025-11-19T16:21:56.463650,,0,0,2025-11-19T16:21:56.463650
EXT-03645,พื้นที่เสี่ยงภัยดินถล่ม,กรมทรัพยากรธรณี,วัดละว้าวังควาย | รายละเอียด: วัด,,,"14.858901176570118,99.39750992203419",วัดละว้าวังควาย,วังยาว,ด่านช้าง,สุพรรณบุรี,2025-11-19T16:21:56.463650,,0,0,2025-11-19T16:21:56.463650
EXT-03646,พื้นที่เสี่ยงภัยดินถล่ม,กรมทรัพยากรธรณี,สำนักสงฆ์บ้านป่าผาก | รายละเอียด: วัด,,,"14.993466021855848,99.37806218878694",สำนักสงฆ์บ้านป่าผาก,วังยาว,ด่านช้าง,สุพรรณบุรี,2025-11-19T16:21:56.463650,,0,0,2025-11-19T16:21:56.463650
EXT-03647,พื้นที่เสี่ยงภัยดินถล่ม,กรมทรัพยากรธรณี,วัดม่วงฆะวนาราม | รายละเอียด: วัด,,,"14.897073785729473,99.38682390701027",วัดม่วงฆะวนาราม,วังยาว,ด่านช้าง,สุพรรณบุรี,2025-11-19T16:21:56.463650,,0,0,2025-11-19T16:21:56.463650
EXT-03648,พื้นที่เสี่ยงภัยดินถล่ม,กรมทรัพยากรธรณี,วัดวังยาว | รายละเอียด: วัด,,,"14.890030439078357,99.3758266469587",วัดวังยาว,วังยาว,ด่านช้าง,สุพรรณบุรี,2025-11-19T16:21:56.463650,,0,0,2025-11-19T16:21:56.463650
EXT-03649,พื้นที่เสี่ยงภัยดินถล่ม,กรมทรัพยากรธรณี,ศูนย์พัฒนาเด็กเล็กบ้านตะเพินคี่ | รายละเอียด: โรงเรียน,,,"14.996821404216371,99.29219710970571",ศูนย์พัฒนาเด็กเล็กบ้านตะเพินคี่,วังยาว,ด่านช้าง,สุพรรณบุรี,2025-11-19T16:21:56.463650,,0,0,2025-11-19T16:21:56.463650
EXT-03650,พื้นที่เสี่ยงภัยดินถล่ม,กรมทรัพยากรธรณี,ศูนย์พัฒนาเด็กเล็กบ้านกล้วย | รายละเอียด: โรงเรียน,,,"14.987370971418514,99.36562630932255",ศูนย์พัฒนาเด็กเล็กบ้านกล้วย,วังยาว,ด่านช้าง,สุพรรณบุรี,2025-11-19T16:21:56.463650,,0,0,2025-11-19T16:21:56.463650
EXT-03651,พื้นที่เสี่ยงภัยดินถล่ม,กรมทรัพยากรธรณี,ศูนย์พัฒนาเด็กเล็กวังยาว | รายละเอียด: โรงเรียน,,,"14.890153364661293,99.37886202898822",ศูนย์พัฒนาเด็กเล็กวังยาว,วังยาว,ด่านช้าง,สุพรรณบุรี,2025-11-19T16:21:56.463650,,0,0,2025-11-19T16:21:56.463650
EXT-03652,พื้นที่เสี่ยงภัยดินถล่ม,กรมทรัพยากรธรณี,โรงเรียนบ้านกล้วย | รายละเอียด: โรงเรียน,,,"14.988249818052182,99.360422728076",โรงเรียนบ้านกล้วย,วังยาว,ด่านช้าง,สุพรรณบุรี,2025-11-19T16:21:56.463650,,0,0,2025-11-19T16:21:56.463650
EXT-03653,พื้นที่เสี่ยงภัยดินถล่ม,กรมทรัพยากรธรณี,โรงเรียนบ้านละว้าวังควาย | รายละเอียด: โรงเรียน,,,"14.86048421731153,99.39701557736245",โรงเรียนบ้านละว้าวังควาย,วังยาว,ด่านช้าง,สุพรรณบุรี,2025-11-19T16:21:56.463650,,0,0,2025-11-19T16:21:56.463650
EXT-03654,พื้นที่เสี่ยงภัยดินถล่ม,กรมทรัพยากรธรณี,โรงเรียนบ้านกล้วย สาขาตะเพินคี่ | รายละเอียด: โรงเรียน,,,"14.997641371331703,99.29038433164492",โรงเรียนบ้านกล้วย สาขาตะเพินคี่,วังยาว,ด่านช้าง,สุพรรณบุรี,2025-11-19T16:21:56.463650,,0,0,2025-11-19T16:21:56.463650
EXT-03655,พื้นที่เสี่ยงภัยดินถล่ม,กรมทรัพยากรธรณี,โรงเรียนบ้านห้วยหินดำ | รายละเอียด: โรงเรียน,,,"14.944442367777487,99.36369318285627",โรงเรียนบ้านห้วยหินดำ,วังยาว,ด่านช้าง,สุพรรณบุรี,2025-11-19T16:21:56.463650,,0,0,2025-11-19T16:21:56.463650
EXT-03656,พื้นที่เสี่ยงภัยดินถล่ม,กรมทรัพยากรธรณี,โรงเรียนบ้านวังยาว | รายละเอียด: โรงเรียน,,,"14.891448550730866,99.37954420444082",โรงเรียนบ้านวังยาว,วังยาว,ด่านช้าง,สุพรรณบุรี,2025-11-19T16:21:56.463650,,0,0,2025-11-19T16:21:56.463650
EXT-03657,พื้นที่เสี่ยงภัยดินถล่ม,กรมทรัพยากรธรณี,รพ.สต.บ้านกล้วย | รายละเอียด: โรงพยาบาล,,,"14.988206218709573,99.36324878684727",รพ.สต.บ้านกล้วย,วังยาว,ด่านช้าง,สุพรรณบุรี,2025-11-19T16:21:56.463650,,0,0,2025-11-19T16:21:56.463650
EXT-03658,พื้นที่เสี่ยงภัยดินถล่ม,กรมทรัพยากรธรณี,รพ.สต.วังยาว | รายละเอียด: โรงพยาบาล,,,"14.896839524389067,99.38072364290139",รพ.สต.วังยาว,วังยาว,ด่านช้าง,สุพรรณบุรี,2025-11-19T16:21:56.463650,,0,0,2025-11-19T16:21:56.463650
EXT-03659,พื้นที่เสี่ยงภัยดินถล่ม,กรมทรัพยากรธรณี,สถานีตำรวจภูธรองค์พระ | รายละเอียด: สถานีตำรวจ,,,"14.88729172564821,99.37617018673441",สถานีตำรวจภูธรองค์พระ,วังยาว,ด่านช้าง,สุพรรณบุรี,2025-11-19T16:21:56.463650,,0,0,2025-11-19T16:21:56.463650
EXT-03660,พื้นที่เสี่ยงภัยดินถล่ม,กรมทรัพยากรธรณี,องค์การบริหารส่วนตำบลวังยาว | รายละเอียด: สถานที่ราชการ,,,"14.89023881631673,99.37754816625943",องค์การบริหารส่วนตำบลวังยาว,วังยาว,ด่านช้าง,สุพรรณบุรี,2025-11-19T16:21:56.463650,,0,0,2025-11-19T16:21:56.463650
EXT-03661,พื้นที่เสี่ยงภัยดินถล่ม,กรมทรัพยากรธรณี,ศาลาอเนกประสงค์บ้านวังยาว | รายละเอียด: ศาลาอเนกประสงค์,,,"14.901830931939688,99.37805756673973",ศาลาอเนกประสงค์บ้านวังยาว,วังยาว,ด่านช้าง,สุพรรณบุรี,2025-11-19T16:21:56.463650,,0,0,2025-11-19T16:21:56.463650
EXT-03662,พื้นที่เสี่ยงภัยดินถล่ม,กรมทรัพยากรธรณี,ศาลาอเนกประสงค์บ้านห้วยม่วงแป | รายละเอียด: ศาลาอเนกประสงค์,,,"14.951014089379782,99.41575686073203",ศาลาอเนกประสงค์บ้านห้วยม่วงแป,วังยาว,ด่านช้าง,สุพรรณบุรี,2025-11-19T16:21:56.463650,,0,0,2025-11-19T16:21:56.463650
EXT-03663,พื้นที่เสี่ยงภัยดินถล่ม,กรมทรัพยากรธรณี,องค์การบริหารส่วนตำบลองค์พระ | รายละเอียด: สถานที่ราชการ,,,"14.827799287487977,99.33124038940109",องค์การบริหารส่วนตำบลองค์พระ,องค์พระ,ด่านช้าง,สุพรรณบุรี,2025-11-19T16:21:56.463650,,0,0,2025-11-19T16:21:56.463650
EXT-03664,พื้นที่เสี่ยงภัยดินถล่ม,กรมทรัพยากรธรณี,ศูนย์พัฒนาเด็กเล็กบ้านเขาธง | รายละเอียด: โรงเรียน,,,"14.804877786442475,99.3365059672426",ศูนย์พัฒนาเด็กเล็กบ้านเขาธง,องค์พระ,ด่านช้าง,สุพรรณบุรี,2025-11-19T16:21:56.463650,,0,0,2025-11-19T16:21:56.463650
EXT-03665,พื้นที่เสี่ยงภัยดินถล่ม,กรมทรัพยากรธรณี,ศูนย์พัฒนาเด็กเล็กวังไผ่ | รายละเอียด: โรงเรียน,,,"14.743696779277542,99.44903806148415",ศูนย์พัฒนาเด็กเล็กวังไผ่,หนองปรือ,หนองปรือ,สุพรรณบุรี,2025-11-19T16:21:56.463650,,0,0,2025-11-19T16:21:56.463650
EXT-03666,พื้นที่เสี่ยงภัยดินถล่ม,กรมทรัพยากรธรณี,ศูนย์พัฒนาเด็กเล็กเขมรโรง | รายละเอียด: โรงเรียน,,,"14.848994264652031,99.30896145647239",ศูนย์พัฒนาเด็กเล็กเขมรโรง,องค์พระ,ด่านช้าง,สุพรรณบุรี,2025-11-19T16:21:56.463650,,0,0,2025-11-19T16:21:56.463650
EXT-03667,พื้นที่เสี่ยงภัยดินถล่ม,กรมทรัพยากรธรณี,วัดคอกช้าง | รายละเอียด: วัด,,,"14.815831929969198,99.35726918102299",วัดคอกช้าง,องค์พระ,ด่านช้าง,สุพรรณบุรี,2025-11-19T16:21:56.463650,,0,0,2025-11-19T16:21:56.463650
EXT-03668,พื้นที่เสี่ยงภัยดินถล่ม,กรมทรัพยากรธรณี,วัดทุ่งมะกอก | รายละเอียด: วัด,,,"14.838064826534367,99.32536414030723",วัดทุ่งมะกอก,องค์พระ,ด่านช้าง,สุพรรณบุรี,2025-11-19T16:21:56.463650,,0,0,2025-11-19T16:21:56.463650
EXT-03669,พื้นที่เสี่ยงภัยดินถล่ม,กรมทรัพยากรธรณี,วัดราษฎร์สามัคคีธรรม | รายละเอียด: วัด,,,"14.83480613073337,99.32918463312629",วัดราษฎร์สามัคคีธรรม,องค์พระ,ด่านช้าง,สุพรรณบุรี,2025-11-19T16:21:56.463650,,0,0,2025-11-19T16:21:56.463650
EXT-03670,พื้นที่เสี่ยงภัยดินถล่ม,กรมทรัพยากรธรณี,ที่พักสงฆ์เขาธงกิติยาราม | รายละเอียด: วัด,,,"14.811810908151022,99.32518157832742",ที่พักสงฆ์เขาธงกิติยาราม,องค์พระ,ด่านช้าง,สุพรรณบุรี,2025-11-19T16:21:56.463650,,0,0,2025-11-19T16:21:56.463650
EXT-03671,พื้นที่เสี่ยงภัยดินถล่ม,กรมทรัพยากรธรณี,วัดไผ่สีทอง | รายละเอียด: วัด,,,"14.782780286201858,99.39981801250751",วัดไผ่สีทอง,องค์พระ,ด่านช้าง,สุพรรณบุรี,2025-11-19T16:21:56.463650,,0,0,2025-11-19T16:21:56.463650
EXT-03672,พื้นที่เสี่ยงภัยดินถล่ม,กรมทรัพยากรธรณี,วัดเขาวังโหราวนาราม | รายละเอียด: วัด,,,"14.80231556825925,99.42206916079128",วัดเขาวังโหราวนาราม,องค์พระ,ด่านช้าง,สุพรรณบุรี,2025-11-19T16:21:56.463650,,0,0,2025-11-19T16:21:56.463650
EXT-03673,พื้นที่เสี่ยงภัยดินถล่ม,กรมทรัพยากรธรณี,วัดเวฬุวันคีรีวงค์ | รายละเอียด: วัด,,,"14.767362784383032,99.44521764412444",วัดเวฬุวันคีรีวงค์,หนองปรือ,หนองปรือ,สุพรรณบุรี,2025-11-19T16:21:56.463650,,0,0,2025-11-19T16:21:56.463650
EXT-03674,พื้นที่เสี่ยงภัยดินถล่ม,กรมทรัพยากรธรณี,สำนักสงฆ์โป่งเพ็ชร | รายละเอียด: วัด,,,"14.73859125162378,99.4449819335055",สำนักสงฆ์โป่งเพ็ชร,หนองปรือ,หนองปรือ,สุพรรณบุรี,2025-11-19T16:21:56.463650,,0,0,2025-11-19T16:21:56.463650
EXT-03675,พื้นที่เสี่ยงภัยดินถล่ม,กรมทรัพยากรธรณี,วัดโชติยาราม (วัดสีเหลา) | รายละเอียด: วัด,,,"14.746385968808674,99.43056960376448",วัดโชติยาราม (วัดสีเหลา),หนองปรือ,หนองปรือ,สุพรรณบุรี,2025-11-19T16:21:56.463650,,0,0,2025-11-19T16:21:56.463650
EXT-03676,พื้นที่เสี่ยงภัยดินถล่ม,กรมทรัพยากรธรณี,วัดเขมรโรง | รายละเอียด: วัด,,,"14.849206661042397,99.30845610312619",วัดเขมรโรง,องค์พระ,ด่านช้าง,สุพรรณบุรี,2025-11-19T16:21:56.463650,,0,0,2025-11-19T16:21:56.463650
EXT-03677,พื้นที่เสี่ยงภัยดินถล่ม,กรมทรัพยากรธรณี,โรงเรียนบ้านทุ่งมะกอก | รายละเอียด: โรงเรียน,,,"14.838957610061383,99.32656075027774",โรงเรียนบ้านทุ่งมะกอก,องค์พระ,ด่านช้าง,สุพรรณบุรี,2025-11-19T16:21:56.463650,,0,0,2025-11-19T16:21:56.463650
EXT-03678,พื้นที่เสี่ยงภัยดินถล่ม,กรมทรัพยากรธรณี,วัดดงเสลา | รายละเอียด: วัด,,,"14.744902824170804,99.45074626934962",วัดดงเสลา,หนองปรือ,หนองปรือ,สุพรรณบุรี,2025-11-19T16:21:56.463650,,0,0,2025-11-19T16:21:56.463650
EXT-03679,พื้นที่เสี่ยงภัยดินถล่ม,กรมทรัพยากรธรณี,โรงเรียนบ้านดงเสลา สาขาบ้านวังโหรา | รายละเอียด: โรงเรียน,,,"14.802594214865008,99.43270038355858",โรงเรียนบ้านดงเสลา สาขาบ้านวังโหรา,องค์พระ,ด่านช้าง,สุพรรณบุรี,2025-11-19T16:21:56.463650,,0,0,2025-11-19T16:21:56.463650
EXT-03680,พื้นที่เสี่ยงภัยดินถล่ม,กรมทรัพยากรธรณี,โรงเรียนบ้านไผ่สีทอง | รายละเอียด: โรงเรียน,,,"14.783350146433337,99.39660811858842",โรงเรียนบ้านไผ่สีทอง,องค์พระ,ด่านช้าง,สุพรรณบุรี,2025-11-19T16:21:56.463650,,0,0,2025-11-19T16:21:56.463650
EXT-03681,พื้นที่เสี่ยงภัยดินถล่ม,กรมทรัพยากรธรณี,โรงเรียนวัดคอกช้าง | รายละเอียด: โรงเรียน,,,"14.81694567278221,99.35735589022731",โรงเรียนวัดคอกช้าง,องค์พระ,ด่านช้าง,สุพรรณบุรี,2025-11-19T16:21:56.463650,,0,0,2025-11-19T16:21:56.463650
EXT-03682,พื้นที่เสี่ยงภัยดินถล่ม,กรมทรัพยากรธรณี,ศูนย์พัฒนาเด็กเล็กไผ่สีทอง | รายละเอียด: โรงเรียน,,,"14.78419095720455,99.39531137631482",ศูนย์พัฒนาเด็กเล็กไผ่สีทอง,องค์พระ,ด่านช้าง,สุพรรณบุรี,2025-11-19T16:21:56.463650,,0,0,2025-11-19T16:21:56.463650
EXT-03683,พื้นที่เสี่ยงภัยดินถล่ม,กรมทรัพยากรธรณี,โรงเรียนบ้านดงเสลา | รายละเอียด: โรงเรียน,,,"14.744125925564678,99.44972453803094",โรงเรียนบ้านดงเสลา,หนองปรือ,หนองปรือ,สุพรรณบุรี,2025-11-19T16:21:56.463650,,0,0,2025-11-19T16:21:56.463650
EXT-03684,พื้นที่เสี่ยงภัยดินถล่ม,กรมทรัพยากรธรณี,วัดวังจรเข้ | รายละเอียด: วัด,,,"14.858249279776295,99.3876046777258",วัดวังจรเข้,องค์พระ,ด่านช้าง,สุพรรณบุรี,2025-11-19T16:21:56.463650,,0,0,2025-11-19T16:21:56.463650
EXT-03685,พื้นที่เสี่ยงภัยดินถล่ม,กรมทรัพยากรธรณี,วัดน้ำตกไทรทอง | รายละเอียด: วัด,,,"14.85279836813487,99.34143506307664",วัดน้ำตกไทรทอง,องค์พระ,ด่านช้าง,สุพรรณบุรี,2025-11-19T16:21:56.463650,,0,0,2025-11-19T16:21:56.463650
EXT-03686,พื้นที่เสี่ยงภัยดินถล่ม,กรมทรัพยากรธรณี,วัดเขาใหญ่ | รายละเอียด: วัด,,,"14.785148601667306,99.36712454329741",วัดเขาใหญ่,องค์พระ,ด่านช้าง,สุพรรณบุรี,2025-11-19T16:21:56.463650,,0,0,2025-11-19T16:21:56.463650
EXT-03687,พื้นที่เสี่ยงภัยดินถล่ม,กรมทรัพยากรธรณี,วัดองค์พระ | รายละเอียด: วัด,,,"14.80591102314498,99.33497712278948",วัดองค์พระ,องค์พระ,ด่านช้าง,สุพรรณบุรี,2025-11-19T16:21:56.463650,,0,0,2025-11-19T16:21:56.463650
EXT-03688,พื้นที่เสี่ยงภัยดินถล่ม,กรมทรัพยากรธรณี,รพ.สต.บ้านทุ่งมะกอก | รายละเอียด: โรงพยาบาล,,,"14.839227015334817,99.32755050840778",รพ.สต.บ้านทุ่งมะกอก,องค์พระ,ด่านช้าง,สุพรรณบุรี,2025-11-19T16:21:56.463650,,0,0,2025-11-19T16:21:56.463650
EXT-03689,พื้นที่เสี่ยงภัยดินถล่ม,กรมทรัพยากรธรณี,รพ.สต.องค์พระ | รายละเอียด: โรงพยาบาล,,,"14.74348224871531,99.45129771949337",รพ.สต.องค์พระ,หนองปรือ,หนองปรือ,สุพรรณบุรี,2025-11-19T16:21:56.463650,,0,0,2025-11-19T16:21:56.463650
EXT-03690,พื้นที่เสี่ยงภัยดินถล่ม,กรมทรัพยากรธรณี,ศาลาอเนกประสงค์บ้านน้ำตกไทรทอง | รายละเอียด: ศาลาอเนกประสงค์,,,"14.855728712417237,99.34264974769012",ศาลาอเนกประสงค์บ้านน้ำตกไทรทอง,องค์พระ,ด่านช้าง,สุพรรณบุรี,2025-11-19T16:21:56.463650,,0,0,2025-11-19T16:21:56.463650
EXT-03691,พื้นที่เสี่ยงภัยดินถล่ม,กรมทรัพยากรธรณี,ศาลาอเนกประสงค์บ้านคอกช้าง | รายละเอียด: ศาลาอเนกประสงค์,,,"14.832986335635164,99.3531064357094",ศาลาอเนกประสงค์บ้านคอกช้าง,องค์พระ,ด่านช้าง,สุพรรณบุรี,2025-11-19T16:21:56.463650,,0,0,2025-11-19T16:21:56.463650
EXT-03692,พื้นที่เสี่ยงภัยดินถล่ม,กรมทรัพยากรธรณี,ศาลาอเนกประสงค์บ้านทุ่งมะกอก | รายละเอียด: ศาลาอเนกประสงค์,,,"14.83575549944929,99.32757148686277",ศาลาอเนกประสงค์บ้านทุ่งมะกอก,องค์พระ,ด่านช้าง,สุพรรณบุรี,2025-11-19T16:21:56.463650,,0,0,2025-11-19T16:21:56.463650
EXT-03693,พื้นที่เสี่ยงภัยดินถล่ม,กรมทรัพยากรธรณี,วัดพระร่วงเจ้าประทานพร | รายละเอียด: วัด,,,"17.42021460002061,99.583935393676",วัดพระร่วงเจ้าประทานพร,ไทยชนะศึก,ทุ่งเสลี่ยม,สุโขทัย,2025-11-19T16:21:56.463650,,0,0,2025-11-19T16:21:56.463650
EXT-03694,พื้นที่เสี่ยงภัยดินถล่ม,กรมทรัพยากรธรณี,โรงเรียนบ้านธารชะอม | รายละเอียด: โรงเรียน,,,"17.40856769621052,99.5767837181955",โรงเรียนบ้านธารชะอม,ไทยชนะศึก,ทุ่งเสลี่ยม,สุโขทัย,2025-11-19T16:21:56.463650,,0,0,2025-11-19T16:21:56.463650
EXT-03695,พื้นที่เสี่ยงภัยดินถล่ม,กรมทรัพยากรธรณี,วัดธารชะอม | รายละเอียด: วัด,,,"17.397938284630325,99.57356832205335",วัดธารชะอม,ไทยชนะศึก,ทุ่งเสลี่ยม,สุโขทัย,2025-11-19T16:21:56.463650,,0,0,2025-11-19T16:21:56.463650
EXT-03696,พื้นที่เสี่ยงภัยดินถล่ม,กรมทรัพยากรธรณี,โรงพยาบาลส่งเสริมสุขภาพบ้านหนองหมื่นชัย | รายละเอียด: โรงพยาบาล,,,"17.36880913847171,99.59653647191317",โรงพยาบาลส่งเสริมสุขภาพบ้านหนองหมื่นชัย,ไทยชนะศึก,ทุ่งเสลี่ยม,สุโขทัย,2025-11-19T16:21:56.463650,,0,0,2025-11-19T16:21:56.463650
EXT-03697,พื้นที่เสี่ยงภัยดินถล่ม,กรมทรัพยากรธรณี,โรงเรียนบ้านหนองหมื่นชัย | รายละเอียด: โรงเรียน,,,"17.367890559008682,99.59982431790424",โรงเรียนบ้านหนองหมื่นชัย,ไทยชนะศึก,ทุ่งเสลี่ยม,สุโขทัย,2025-11-19T16:21:56.463650,,0,0,2025-11-19T16:21:56.463650
EXT-03698,พื้นที่เสี่ยงภัยดินถล่ม,กรมทรัพยากรธรณี,วัดหนองหมื่นชัย | รายละเอียด: วัด,,,"17.370989923375568,99.60444679647821",วัดหนองหมื่นชัย,ไทยชนะศึก,ทุ่งเสลี่ยม,สุโขทัย,2025-11-19T16:21:56.463650,,0,0,2025-11-19T16:21:56.463650
EXT-03699,พื้นที่เสี่ยงภัยดินถล่ม,กรมทรัพยากรธรณี,โรงพยาบาลส่งเสริมสุขภาพบ้านแม่ทุเลา | รายละเอียด: โรงพยาบาล,,,"17.33963353392808,99.5920108305701",โรงพยาบาลส่งเสริมสุขภาพบ้านแม่ทุเลา,ไทยชนะศึก,ทุ่งเสลี่ยม,สุโขทัย,2025-11-19T16:21:56.463650,,0,0,2025-11-19T16:21:56.463650
EXT-03700,พื้นที่เสี่ยงภัยดินถล่ม,กรมทรัพยากรธรณี,โรงเรียนบ้านแม่ทุเลา | รายละเอียด: โรงเรียน,,,"17.33819344074725,99.59152949846546",โรงเรียนบ้านแม่ทุเลา,ไทยชนะศึก,ทุ่งเสลี่ยม,สุโขทัย,2025-11-19T16:21:56.463650,,0,0,2025-11-19T16:21:56.463650
EXT-03701,พื้นที่เสี่ยงภัยดินถล่ม,กรมทรัพยากรธรณี,วัดแม่ทุเลา | รายละเอียด: วัด,,,"17.336483440573446,99.59118069836832",วัดแม่ทุเลา,ไทยชนะศึก,ทุ่งเสลี่ยม,สุโขทัย,2025-11-19T16:21:56.463650,,0,0,2025-11-19T16:21:56.463650
EXT-03702,พื้นที่เสี่ยงภัยดินถล่ม,กรมทรัพยากรธรณี,องค์การบริหารส่วนตำบลไทยชนะศึก | รายละเอียด: สถานที่ราชการ,,,"17.34027539070563,99.5911752729761",องค์การบริหารส่วนตำบลไทยชนะศึก,ไทยชนะศึก,ทุ่งเสลี่ยม,สุโขทัย,2025-11-19T16:21:56.463650,,0,0,2025-11-19T16:21:56.463650
EXT-03703,พื้นที่เสี่ยงภัยดินถล่ม,กรมทรัพยากรธรณี,ศูนย์พัฒนาเด็กเล็กบ้านคลองสำราญ | รายละเอียด: โรงเรียน,,,"17.33538877340448,99.59243134734668",ศูนย์พัฒนาเด็กเล็กบ้านคลองสำราญ,ไทยชนะศึก,ทุ่งเสลี่ยม,สุโขทัย,2025-11-19T16:21:56.463650,,0,0,2025-11-19T16:21:56.463650
EXT-03704,พื้นที่เสี่ยงภัยดินถล่ม,กรมทรัพยากรธรณี,โรงเรียนบ้านคลองสำราญ | รายละเอียด: โรงเรียน,,,"17.328214414717138,99.59033522281028",โรงเรียนบ้านคลองสำราญ,ไทยชนะศึก,ทุ่งเสลี่ยม,สุโขทัย,2025-11-19T16:21:56.463650,,0,0,2025-11-19T16:21:56.463650
EXT-03705,พื้นที่เสี่ยงภัยดินถล่ม,กรมทรัพยากรธรณี,วัดคลองสำราญ | รายละเอียด: วัด,,,"17.327915417752788,99.58879030288965",วัดคลองสำราญ,ไทยชนะศึก,ทุ่งเสลี่ยม,สุโขทัย,2025-11-19T16:21:56.463650,,0,0,2025-11-19T16:21:56.463650
EXT-03706,พื้นที่เสี่ยงภัยดินถล่ม,กรมทรัพยากรธรณี,โรงเรียนบ้านฝั่งหมิ่น | รายละเอียด: โรงเรียน,,,"17.32685160231181,99.6082300483991",โรงเรียนบ้านฝั่งหมิ่น,ไทยชนะศึก,ทุ่งเสลี่ยม,สุโขทัย,2025-11-19T16:21:56.463650,,0,0,2025-11-19T16:21:56.463650
EXT-03707,พื้นที่เสี่ยงภัยดินถล่ม,กรมทรัพยากรธรณี,วัดฝั่งหมิ่น | รายละเอียด: วัด,,,"17.327710006821498,99.60938914169701",วัดฝั่งหมิ่น,ไทยชนะศึก,ทุ่งเสลี่ยม,สุโขทัย,2025-11-19T16:21:56.463650,,0,0,2025-11-19T16:21:56.463650
EXT-03708,พื้นที่เสี่ยงภัยดินถล่ม,กรมทรัพยากรธรณี,ศาลาอเนกประสงค์บ้านท่าต้นธงพัฒนา | รายละเอียด: ศาลาอเนกประสงค์,,,"17.33499608257452,99.59839956896352",ศาลาอเนกประสงค์บ้านท่าต้นธงพัฒนา,ไทยชนะศึก,ทุ่งเสลี่ยม,สุโขทัย,2025-11-19T16:21:56.463650,,0,0,2025-11-19T16:21:56.463650
EXT-03709,พื้นที่เสี่ยงภัยดินถล่ม,กรมทรัพยากรธรณี,วัดท่าต้นธง | รายละเอียด: วัด,,,"17.33369221960471,99.5977808054116",วัดท่าต้นธง,ไทยชนะศึก,ทุ่งเสลี่ยม,สุโขทัย,2025-11-19T16:21:56.463650,,0,0,2025-11-19T16:21:56.463650
EXT-03710,พื้นที่เสี่ยงภัยดินถล่ม,กรมทรัพยากรธรณี,เทศบาลเมืองศรีสัชนาลัย | รายละเอียด: สถานที่ราชการ,,,"17.416006171552503,99.81515079606025",เทศบาลเมืองศรีสัชนาลัย,ท่าชัย,ศรีสัชนาลัย,สุโขทัย,2025-11-19T16:21:56.463650,,0,0,2025-11-19T16:21:56.463650
EXT-03711,พื้นที่เสี่ยงภัยดินถล่ม,กรมทรัพยากรธรณี,วัดตลิ่งชัน | รายละเอียด: วัด,,,"17.397299014905755,99.79891349364843",วัดตลิ่งชัน,ศรีสัชนาลัย,ศรีสัชนาลัย,สุโขทัย,2025-11-19T16:21:56.463650,,0,0,2025-11-19T16:21:56.463650
EXT-03712,พื้นที่เสี่ยงภัยดินถล่ม,กรมทรัพยากรธรณี,ศาลาประชาคมหมู่ 6 ชุมชนพระปรางค์ | รายละเอียด: ศาลาอเนกประสงค์,,,"17.42987391827518,99.8013124217124",ศาลาประชาคมหมู่ 6 ชุมชนพระปรางค์,ศรีสัชนาลัย,ศรีสัชนาลัย,สุโขทัย,2025-11-19T16:21:56.463650,,0,0,2025-11-19T16:21:56.463650
EXT-03713,พื้นที่เสี่ยงภัยดินถล่ม,กรมทรัพยากรธรณี,วัดพระศรีรัตนมหาธาตุ | รายละเอียด: วัด,,,"17.428490249883687,99.81248064825947",วัดพระศรีรัตนมหาธาตุ,ศรีสัชนาลัย,ศรีสัชนาลัย,สุโขทัย,2025-11-19T16:21:56.463650,,0,0,2025-11-19T16:21:56.463650
EXT-03714,พื้นที่เสี่ยงภัยดินถล่ม,กรมทรัพยากรธรณี,โรงเรียนบ้านพระปรางค์ | รายละเอียด: โรงเรียน,,,"17.42678925621253,99.80185951275136",โรงเรียนบ้านพระปรางค์,ศรีสัชนาลัย,ศรีสัชนาลัย,สุโขทัย,2025-11-19T16:21:56.463650,,0,0,2025-11-19T16:21:56.463650
EXT-03715,พื้นที่เสี่ยงภัยดินถล่ม,กรมทรัพยากรธรณี,โรงเรียนวัดตลิ่งชัน | รายละเอียด: โรงเรียน,,,"17.394146506175595,99.79501471132671",โรงเรียนวัดตลิ่งชัน,ศรีสัชนาลัย,ศรีสัชนาลัย,สุโขทัย,2025-11-19T16:21:56.463650,,0,0,2025-11-19T16:21:56.463650
EXT-03716,พื้นที่เสี่ยงภัยดินถล่ม,กรมทรัพยากรธรณี,วัดเชิงคีรี | รายละเอียด: วัด,,,"17.4025086008306,99.79808792865828",วัดเชิงคีรี,ศรีสัชนาลัย,ศรีสัชนาลัย,สุโขทัย,2025-11-19T16:21:56.463650,,0,0,2025-11-19T16:21:56.463650
EXT-03717,พื้นที่เสี่ยงภัยดินถล่ม,กรมทรัพยากรธรณี,โรงเรียนบ้านเมืองเก่า | รายละเอียด: โรงเรียน,,,"17.401651219337513,99.79907776479224",โรงเรียนบ้านเมืองเก่า,ศรีสัชนาลัย,ศรีสัชนาลัย,สุโขทัย,2025-11-19T16:21:56.463650,,0,0,2025-11-19T16:21:56.463650
EXT-03718,พื้นที่เสี่ยงภัยดินถล่ม,กรมทรัพยากรธรณี,โรงพยาบาลส่งเสริมสุขภาพตำบลศรีสัชนาลัย | รายละเอียด: โรงพยาบาล,,,"17.411318932814705,99.79886419552027",โรงพยาบาลส่งเสริมสุขภาพตำบลศรีสัชนาลัย,ศรีสัชนาลัย,ศรีสัชนาลัย,สุโขทัย,2025-11-19T16:21:56.463650,,0,0,2025-11-19T16:21:56.463650
EXT-03719,พื้นที่เสี่ยงภัยดินถล่ม,กรมทรัพยากรธรณี,สถานีตำรวจตำบลศรีสัชนาลัย | รายละเอียด: สถานีตำรวจ,,,"17.410568798972005,99.79908754925064",สถานีตำรวจตำบลศรีสัชนาลัย,ศรีสัชนาลัย,ศรีสัชนาลัย,สุโขทัย,2025-11-19T16:21:56.463650,,0,0,2025-11-19T16:21:56.463650
EXT-03720,พื้นที่เสี่ยงภัยดินถล่ม,กรมทรัพยากรธรณี,ศูนย์พัฒนาเด็กเล็ก | รายละเอียด: โรงเรียน,,,"17.409955756981006,99.79917072886192",ศูนย์พัฒนาเด็กเล็ก,ศรีสัชนาลัย,ศรีสัชนาลัย,สุโขทัย,2025-11-19T16:21:56.463650,,0,0,2025-11-19T16:21:56.463650
EXT-03721,พื้นที่เสี่ยงภัยดินถล่ม,กรมทรัพยากรธรณี,โรงเรียนบ้านหนองช้าง | รายละเอียด: โรงเรียน,,,"17.416774050103776,99.79765791308229",โรงเรียนบ้านหนองช้าง,ศรีสัชนาลัย,ศรีสัชนาลัย,สุโขทัย,2025-11-19T16:21:56.463650,,0,0,2025-11-19T16:21:56.463650
EXT-03722,พื้นที่เสี่ยงภัยดินถล่ม,กรมทรัพยากรธรณี,อุทยานแห่งชาติศรีสัชนาลัย | รายละเอียด: สถานที่ราชการ,,,"17.639699092816777,99.56089755857315",อุทยานแห่งชาติศรีสัชนาลัย,แม่สำ,ศรีสัชนาลัย,สุโขทัย,2025-11-19T16:21:56.463650,,0,0,2025-11-19T16:21:56.463650
EXT-03723,พื้นที่เสี่ยงภัยดินถล่ม,กรมทรัพยากรธรณี,โรงเรียนบ้านแม่สาน | รายละเอียด: โรงเรียน,,,"17.644261803735656,99.49313717809162",โรงเรียนบ้านแม่สาน,แม่สำ,ศรีสัชนาลัย,สุโขทัย,2025-11-19T16:21:56.463650,,0,0,2025-11-19T16:21:56.463650
EXT-03724,พื้นที่เสี่ยงภัยดินถล่ม,กรมทรัพยากรธรณี,อาศรมพระธรรมจาริกบ้านแม่สาน | รายละเอียด: ศาสนสถาน,,,"17.642316019744975,99.490501724223",อาศรมพระธรรมจาริกบ้านแม่สาน,แม่สำ,ศรีสัชนาลัย,สุโขทัย,2025-11-19T16:21:56.463650,,0,0,2025-11-19T16:21:56.463650
EXT-03725,พื้นที่เสี่ยงภัยดินถล่ม,กรมทรัพยากรธรณี,หน่วยศึกษาการพัฒนาการอนุรักษ์ต้นน้ำแม่สาน(ซ้ายถนน) | รายละเอียด: สถานที่ราชการ,,,"17.6401566590098,99.56809129581853",หน่วยศึกษาการพัฒนาการอนุรักษ์ต้นน้ำแม่สาน(ซ้ายถนน),แม่สำ,ศรีสัชนาลัย,สุโขทัย,2025-11-19T16:21:56.463650,,0,0,2025-11-19T16:21:56.463650
EXT-03726,พื้นที่เสี่ยงภัยดินถล่ม,กรมทรัพยากรธรณี,โรงเรียนบ้านแม่สานสามัคคี | รายละเอียด: โรงเรียน,,,"17.639704330454823,99.58730108446923",โรงเรียนบ้านแม่สานสามัคคี,แม่สำ,ศรีสัชนาลัย,สุโขทัย,2025-11-19T16:21:56.463650,,0,0,2025-11-19T16:21:56.463650
EXT-03727,พื้นที่เสี่ยงภัยดินถล่ม,กรมทรัพยากรธรณี,ที่พักสงฆ์ป่าแม่สานสามัคคี | รายละเอียด: วัด,,,"17.640098326298716,99.59059076147732",ที่พักสงฆ์ป่าแม่สานสามัคคี,แม่สำ,ศรีสัชนาลัย,สุโขทัย,2025-11-19T16:21:56.463650,,0,0,2025-11-19T16:21:56.463650
EXT-03728,พื้นที่เสี่ยงภัยดินถล่ม,กรมทรัพยากรธรณี,วัดบ้านสะพานยาว | รายละเอียด: วัด,,,"17.619350200257426,99.62291972767956",วัดบ้านสะพานยาว,แม่สำ,ศรีสัชนาลัย,สุโขทัย,2025-11-19T16:21:56.463650,,0,0,2025-11-19T16:21:56.463650
EXT-03729,พื้นที่เสี่ยงภัยดินถล่ม,กรมทรัพยากรธรณี,โรงพยาบาลส่งเสริมสุขภาพตำบล บ้านสะพานยาว | รายละเอียด: โรงพยาบาล,,,"17.619650124881463,99.62377629604043",โรงพยาบาลส่งเสริมสุขภาพตำบล บ้านสะพานยาว,แม่สำ,ศรีสัชนาลัย,สุโขทัย,2025-11-19T16:21:56.463650,,0,0,2025-11-19T16:21:56.463650
EXT-03730,พื้นที่เสี่ยงภัยดินถล่ม,กรมทรัพยากรธรณี,วัดสันหีบ | รายละเอียด: วัด,,,"17.605942643656682,99.65645718875828",วัดสันหีบ,แม่สำ,ศรีสัชนาลัย,สุโขทัย,2025-11-19T16:21:56.463650,,0,0,2025-11-19T16:21:56.463650
EXT-03731,พื้นที่เสี่ยงภัยดินถล่ม,กรมทรัพยากรธรณี,โรงเรียนบ้านสันหีบ | รายละเอียด: โรงเรียน,,,"17.605760745664856,99.65542093126658",โรงเรียนบ้านสันหีบ,แม่สำ,ศรีสัชนาลัย,สุโขทัย,2025-11-19T16:21:56.463650,,0,0,2025-11-19T16:21:56.463650
EXT-03732,พื้นที่เสี่ยงภัยดินถล่ม,กรมทรัพยากรธรณี,สำนักสงฆ์วัดปากสาน | รายละเอียด: วัด,,,"17.634225489229216,99.68494012007685",สำนักสงฆ์วัดปากสาน,แม่สำ,ศรีสัชนาลัย,สุโขทัย,2025-11-19T16:21:56.463650,,0,0,2025-11-19T16:21:56.463650
EXT-03733,พื้นที่เสี่ยงภัยดินถล่ม,กรมทรัพยากรธรณี,โรงเรียนบ้านปากสาน | รายละเอียด: โรงเรียน,,,"17.63357000800458,99.68369336296315",โรงเรียนบ้านปากสาน,แม่สำ,ศรีสัชนาลัย,สุโขทัย,2025-11-19T16:21:56.463650,,0,0,2025-11-19T16:21:56.463650
EXT-03734,พื้นที่เสี่ยงภัยดินถล่ม,กรมทรัพยากรธรณี,สวนป่าศรีสัชนาลัย (องค์การอุตสาหกรรมป่าไม้) | รายละเอียด: สถานที่ราชการ,,,"17.620420742742233,99.72019700034252",สวนป่าศรีสัชนาลัย (องค์การอุตสาหกรรมป่าไม้),แม่สำ,ศรีสัชนาลัย,สุโขทัย,2025-11-19T16:21:56.463650,,0,0,2025-11-19T16:21:56.463650
EXT-03735,พื้นที่เสี่ยงภัยดินถล่ม,กรมทรัพยากรธรณี,วัดบานชื่น | รายละเอียด: วัด,,,"17.616433548307782,99.70666463192369",วัดบานชื่น,แม่สำ,ศรีสัชนาลัย,สุโขทัย,2025-11-19T16:21:56.463650,,0,0,2025-11-19T16:21:56.463650
EXT-03736,พื้นที่เสี่ยงภัยดินถล่ม,กรมทรัพยากรธรณี,สำนักสงฆ์บ้านไร่ใน | รายละเอียด: วัด,,,"17.602878051166474,99.75730734812598",สำนักสงฆ์บ้านไร่ใน,แม่สำ,ศรีสัชนาลัย,สุโขทัย,2025-11-19T16:21:56.463650,,0,0,2025-11-19T16:21:56.463650
EXT-03737,พื้นที่เสี่ยงภัยดินถล่ม,กรมทรัพยากรธรณี,กศน. ตำบลแม่สำ | รายละเอียด: โรงเรียน,,,"17.58659616704503,99.72021193125741",กศน. ตำบลแม่สำ,แม่สำ,ศรีสัชนาลัย,สุโขทัย,2025-11-19T16:21:56.463650,,0,0,2025-11-19T16:21:56.463650
EXT-03738,พื้นที่เสี่ยงภัยดินถล่ม,กรมทรัพยากรธรณี,วัดเกาะระเบียง | รายละเอียด: วัด,,,"17.58591614109603,99.72069571859572",วัดเกาะระเบียง,แม่สำ,ศรีสัชนาลัย,สุโขทัย,2025-11-19T16:21:56.463650,,0,0,2025-11-19T16:21:56.463650
EXT-03739,พื้นที่เสี่ยงภัยดินถล่ม,กรมทรัพยากรธรณี,วัดท่าโพธิ์ | รายละเอียด: วัด,,,"17.5735249025197,99.72109207450275",วัดท่าโพธิ์,แม่สำ,ศรีสัชนาลัย,สุโขทัย,2025-11-19T16:21:56.463650,,0,0,2025-11-19T16:21:56.463650
EXT-03740,พื้นที่เสี่ยงภัยดินถล่ม,กรมทรัพยากรธรณี,องค์การบริหารส่วนตำบลแม่สำ | รายละเอียด: สถานที่ราชการ,,,"17.577400547347406,99.71764569225861",องค์การบริหารส่วนตำบลแม่สำ,แม่สำ,ศรีสัชนาลัย,สุโขทัย,2025-11-19T16:21:56.463650,,0,0,2025-11-19T16:21:56.463650
EXT-03741,พื้นที่เสี่ยงภัยดินถล่ม,กรมทรัพยากรธรณี,โรงพยาบาลส่งเสริมสุขภาพตำบล บ้านท่าโพธิ์ | รายละเอียด: โรงพยาบาล,,,"17.578206240380332,99.71804398929386",โรงพยาบาลส่งเสริมสุขภาพตำบล บ้านท่าโพธิ์,แม่สำ,ศรีสัชนาลัย,สุโขทัย,2025-11-19T16:21:56.463650,,0,0,2025-11-19T16:21:56.463650
EXT-03742,พื้นที่เสี่ยงภัยดินถล่ม,กรมทรัพยากรธรณี,โรงเรียนบ้านท่าโพธิ์ | รายละเอียด: โรงเรียน,,,"17.56939129657383,99.7257318615127",โรงเรียนบ้านท่าโพธิ์,แม่สำ,ศรีสัชนาลัย,สุโขทัย,2025-11-19T16:21:56.463650,,0,0,2025-11-19T16:21:56.463650
EXT-03743,พื้นที่เสี่ยงภัยดินถล่ม,กรมทรัพยากรธรณี,วัดป่าเลไลยก์ | รายละเอียด: วัด,,,"17.57049876002684,99.72821015738",วัดป่าเลไลยก์,แม่สำ,ศรีสัชนาลัย,สุโขทัย,2025-11-19T16:21:56.463650,,0,0,2025-11-19T16:21:56.463650
EXT-03744,พื้นที่เสี่ยงภัยดินถล่ม,กรมทรัพยากรธรณี,หน่วยป้องกันรักษาป่าที่ สท 12 (ดอนระเบียง) | รายละเอียด: สถานที่ราชการ,,,"17.570349917022476,99.7306084890995",หน่วยป้องกันรักษาป่าที่ สท 12 (ดอนระเบียง),แม่สำ,ศรีสัชนาลัย,สุโขทัย,2025-11-19T16:21:56.463650,,0,0,2025-11-19T16:21:56.463650
EXT-03745,พื้นที่เสี่ยงภัยดินถล่ม,กรมทรัพยากรธรณี,วัดดอนระเบียง | รายละเอียด: วัด,,,"17.58196447288776,99.72288086143885",วัดดอนระเบียง,แม่สำ,ศรีสัชนาลัย,สุโขทัย,2025-11-19T16:21:56.463650,,0,0,2025-11-19T16:21:56.463650
EXT-03746,พื้นที่เสี่ยงภัยดินถล่ม,กรมทรัพยากรธรณี,โรงเรียนบ้านดอนระเบียง | รายละเอียด: โรงเรียน,,,"17.586580439961935,99.72786581246909",โรงเรียนบ้านดอนระเบียง,แม่สำ,ศรีสัชนาลัย,สุโขทัย,2025-11-19T16:21:56.463650,,0,0,2025-11-19T16:21:56.463650
EXT-03747,พื้นที่เสี่ยงภัยดินถล่ม,กรมทรัพยากรธรณี,วัดแม่สำเหนือ | รายละเอียด: วัด,,,"17.572925401781728,99.74054991824568",วัดแม่สำเหนือ,แม่สำ,ศรีสัชนาลัย,สุโขทัย,2025-11-19T16:21:56.463650,,0,0,2025-11-19T16:21:56.463650
EXT-03748,พื้นที่เสี่ยงภัยดินถล่ม,กรมทรัพยากรธรณี,โรงพยาบาลส่งเสริมสุขภาพตำบลบ้านแม่สำ | รายละเอียด: โรงพยาบาล,,,"17.574173935383783,99.74277079763974",โรงพยาบาลส่งเสริมสุขภาพตำบลบ้านแม่สำ,แม่สำ,ศรีสัชนาลัย,สุโขทัย,2025-11-19T16:21:56.463650,,0,0,2025-11-19T16:21:56.463650
EXT-03749,พื้นที่เสี่ยงภัยดินถล่ม,กรมทรัพยากรธรณี,วัดตอสัก | รายละเอียด: วัด,,,"17.570918233007347,99.74429273642315",วัดตอสัก,แม่สำ,ศรีสัชนาลัย,สุโขทัย,2025-11-19T16:21:56.463650,,0,0,2025-11-19T16:21:56.463650
EXT-03750,พื้นที่เสี่ยงภัยดินถล่ม,กรมทรัพยากรธรณี,ศูนย์พัฒนาเด็กเล็กบ้านตอสัก | รายละเอียด: โรงเรียน,,,"17.570357129232804,99.74378806856875",ศูนย์พัฒนาเด็กเล็กบ้านตอสัก,แม่สำ,ศรีสัชนาลัย,สุโขทัย,2025-11-19T16:21:56.463650,,0,0,2025-11-19T16:21:56.463650
EXT-03751,พื้นที่เสี่ยงภัยดินถล่ม,กรมทรัพยากรธรณี,โรงเรียนแม่สำใต้ | รายละเอียด: โรงเรียน,,,"17.5679615458159,99.74879553608594",โรงเรียนแม่สำใต้,แม่สำ,ศรีสัชนาลัย,สุโขทัย,2025-11-19T16:21:56.463650,,0,0,2025-11-19T16:21:56.463650
EXT-03752,พื้นที่เสี่ยงภัยดินถล่ม,กรมทรัพยากรธรณี,สายตรวจปราบปราม สายที่ 3 | รายละเอียด: สถานที่ราชการ,,,"17.576092935826367,99.74177931128818",สายตรวจปราบปราม สายที่ 3,แม่สำ,ศรีสัชนาลัย,สุโขทัย,2025-11-19T16:21:56.463650,,0,0,2025-11-19T16:21:56.463650
EXT-03753,พื้นที่เสี่ยงภัยดินถล่ม,กรมทรัพยากรธรณี,หน่วยป้องกันรักษาป่าที่ สท. 7 (ห้วยทรวง) | รายละเอียด: สถานที่ราชการ,,,"17.576935790871843,99.74117023001341",หน่วยป้องกันรักษาป่าที่ สท. 7 (ห้วยทรวง),แม่สำ,ศรีสัชนาลัย,สุโขทัย,2025-11-19T16:21:56.463650,,0,0,2025-11-19T16:21:56.463650
EXT-03754,พื้นที่เสี่ยงภัยดินถล่ม,กรมทรัพยากรธรณี,วัดธรรมิการาม | รายละเอียด: วัด,,,"17.567970525432532,99.75005304619084",วัดธรรมิการาม,แม่สำ,ศรีสัชนาลัย,สุโขทัย,2025-11-19T16:21:56.463650,,0,0,2025-11-19T16:21:56.463650
EXT-03755,พื้นที่เสี่ยงภัยดินถล่ม,กรมทรัพยากรธรณี,วัดโพธิการาม | รายละเอียด: วัด,,,"17.559724263868524,99.76085900382469",วัดโพธิการาม,แม่สำ,ศรีสัชนาลัย,สุโขทัย,2025-11-19T16:21:56.463650,,0,0,2025-11-19T16:21:56.463650
EXT-03756,พื้นที่เสี่ยงภัยดินถล่ม,กรมทรัพยากรธรณี,โรงเรียนบ้านป่าคา | รายละเอียด: โรงเรียน,,,"17.551184775299618,99.50416561628597",โรงเรียนบ้านป่าคา,บ้านแก่ง,ศรีสัชนาลัย,สุโขทัย,2025-11-19T16:21:56.463650,,0,0,2025-11-19T16:21:56.463650
EXT-03757,พื้นที่เสี่ยงภัยดินถล่ม,กรมทรัพยากรธรณี,สถานีอนามัยบ้านป่าคา | รายละเอียด: สถานีอนามัย,,,"17.55040646321485,99.5054360647041",สถานีอนามัยบ้านป่าคา,บ้านแก่ง,ศรีสัชนาลัย,สุโขทัย,2025-11-19T16:21:56.463650,,0,0,2025-11-19T16:21:56.463650
EXT-03758,พื้นที่เสี่ยงภัยดินถล่ม,กรมทรัพยากรธรณี,สำนักสงฆ์แม่ท่าแพ | รายละเอียด: วัด,,,"17.517468121836153,99.5528428173465",สำนักสงฆ์แม่ท่าแพ,บ้านแก่ง,ศรีสัชนาลัย,สุโขทัย,2025-11-19T16:21:56.463650,,0,0,2025-11-19T16:21:56.463650
EXT-03759,พื้นที่เสี่ยงภัยดินถล่ม,กรมทรัพยากรธรณี,โรงเรียนบ้านแม่ท่าแพ | รายละเอียด: โรงเรียน,,,"17.51477464970977,99.55281700146145",โรงเรียนบ้านแม่ท่าแพ,บ้านแก่ง,ศรีสัชนาลัย,สุโขทัย,2025-11-19T16:21:56.463650,,0,0,2025-11-19T16:21:56.463650
EXT-03760,พื้นที่เสี่ยงภัยดินถล่ม,กรมทรัพยากรธรณี,วัดบึงบอน | รายละเอียด: วัด,,,"17.485452753682566,99.50491607316884",วัดบึงบอน,กลางดง,ทุ่งเสลี่ยม,สุโขทัย,2025-11-19T16:21:56.463650,,0,0,2025-11-19T16:21:56.463650
EXT-03761,พื้นที่เสี่ยงภัยดินถล่ม,กรมทรัพยากรธรณี,โรงเรียนบ้านบึงบอน | รายละเอียด: โรงเรียน,,,"17.48370197099349,99.50738546244305",โรงเรียนบ้านบึงบอน,กลางดง,ทุ่งเสลี่ยม,สุโขทัย,2025-11-19T16:21:56.463650,,0,0,2025-11-19T16:21:56.463650
EXT-03762,พื้นที่เสี่ยงภัยดินถล่ม,กรมทรัพยากรธรณี,สถานีอนามัยบ้านบึงบอน | รายละเอียด: สถานีอนามัย,,,"17.481989287418344,99.50509960278703",สถานีอนามัยบ้านบึงบอน,กลางดง,ทุ่งเสลี่ยม,สุโขทัย,2025-11-19T16:21:56.463650,,0,0,2025-11-19T16:21:56.463650
EXT-03763,พื้นที่เสี่ยงภัยดินถล่ม,กรมทรัพยากรธรณี,โรงเรียนบ้านลำโชค | รายละเอียด: โรงเรียน,,,"17.45108415121135,99.59888206232414",โรงเรียนบ้านลำโชค,บ้านแก่ง,ศรีสัชนาลัย,สุโขทัย,2025-11-19T16:21:56.463650,,0,0,2025-11-19T16:21:56.463650
EXT-03764,พื้นที่เสี่ยงภัยดินถล่ม,กรมทรัพยากรธรณี,สถานีอนามัยบ้านปางอ้า | รายละเอียด: สถานีอนามัย,,,"17.427683551059477,99.36001780476701",สถานีอนามัยบ้านปางอ้า,เวียงมอก,เถิน,ลำปาง,2025-11-19T16:21:56.463650,,0,0,2025-11-19T16:21:56.463650
EXT-03765,พื้นที่เสี่ยงภัยดินถล่ม,กรมทรัพยากรธรณี,วัดบ้านปางอ้า | รายละเอียด: วัด,,,"17.426042925854535,99.36066665065603",วัดบ้านปางอ้า,เวียงมอก,เถิน,ลำปาง,2025-11-19T16:21:56.463650,,0,0,2025-11-19T16:21:56.463650
EXT-03766,พื้นที่เสี่ยงภัยดินถล่ม,กรมทรัพยากรธรณี,โรงเรียนบ้านปางอ้า | รายละเอียด: โรงเรียน,,,"17.425301732086087,99.36066342963294",โรงเรียนบ้านปางอ้า,เวียงมอก,เถิน,ลำปาง,2025-11-19T16:21:56.463650,,0,0,2025-11-19T16:21:56.463650
EXT-03767,พื้นที่เสี่ยงภัยดินถล่ม,กรมทรัพยากรธรณี,โรงเรียนบ้านห้วยเจริญ | รายละเอียด: โรงเรียน,,,"17.418671985857255,99.51267244971828",โรงเรียนบ้านห้วยเจริญ,กลางดง,ทุ่งเสลี่ยม,สุโขทัย,2025-11-19T16:21:56.463650,,0,0,2025-11-19T16:21:56.463650
EXT-03768,พื้นที่เสี่ยงภัยดินถล่ม,กรมทรัพยากรธรณี,โรงเรียนบ้านธารชะอม | รายละเอียด: โรงเรียน,,,"17.4087915744959,99.5771162970032",โรงเรียนบ้านธารชะอม,ไทยชนะศึก,ทุ่งเสลี่ยม,สุโขทัย,2025-11-19T16:21:56.463650,,0,0,2025-11-19T16:21:56.463650
EXT-03769,พื้นที่เสี่ยงภัยดินถล่ม,กรมทรัพยากรธรณี,วัดห้วยเตาปูน | รายละเอียด: วัด,,,"17.38918085821475,99.39743546846054",วัดห้วยเตาปูน,เวียงมอก,เถิน,ลำปาง,2025-11-19T16:21:56.463650,,0,0,2025-11-19T16:21:56.463650
EXT-03770,พื้นที่เสี่ยงภัยดินถล่ม,กรมทรัพยากรธรณี,โรงเรียนบ้านแม่ทุเลาใน | รายละเอียด: โรงเรียน,,,"17.380917073685183,99.49907578393943",โรงเรียนบ้านแม่ทุเลาใน,กลางดง,ทุ่งเสลี่ยม,สุโขทัย,2025-11-19T16:21:56.463650,,0,0,2025-11-19T16:21:56.463650
EXT-03771,พื้นที่เสี่ยงภัยดินถล่ม,กรมทรัพยากรธรณี,วัดแม่ทุเลาใน | รายละเอียด: วัด,,,"17.38053037807528,99.49646834848987",วัดแม่ทุเลาใน,กลางดง,ทุ่งเสลี่ยม,สุโขทัย,2025-11-19T16:21:56.463650,,0,0,2025-11-19T16:21:56.463650
EXT-03772,พื้นที่เสี่ยงภัยดินถล่ม,กรมทรัพยากรธรณี,วัดหนองหมืนชัย | รายละเอียด: วัด,,,"17.371267788535775,99.60433987663572",วัดหนองหมืนชัย,ไทยชนะศึก,ทุ่งเสลี่ยม,สุโขทัย,2025-11-19T16:21:56.463650,,0,0,2025-11-19T16:21:56.463650
EXT-03773,พื้นที่เสี่ยงภัยดินถล่ม,กรมทรัพยากรธรณี,สถานีอนามัยบ้านหนองหมืนชัย | รายละเอียด: สถานีอนามัย,,,"17.368427051505186,99.59691795194657",สถานีอนามัยบ้านหนองหมืนชัย,ไทยชนะศึก,ทุ่งเสลี่ยม,สุโขทัย,2025-11-19T16:21:56.463650,,0,0,2025-11-19T16:21:56.463650
EXT-03774,พื้นที่เสี่ยงภัยดินถล่ม,กรมทรัพยากรธรณี,โรงเรียนบ้านหนองหมืนชัย | รายละเอียด: โรงเรียน,,,"17.367545012789012,99.59981188293962",โรงเรียนบ้านหนองหมืนชัย,ไทยชนะศึก,ทุ่งเสลี่ยม,สุโขทัย,2025-11-19T16:21:56.463650,,0,0,2025-11-19T16:21:56.463650
EXT-03775,พื้นที่เสี่ยงภัยดินถล่ม,กรมทรัพยากรธรณี,วัดหนองผักบุ้ง | รายละเอียด: วัด,,,"17.3673882883269,99.53775730739821",วัดหนองผักบุ้ง,กลางดง,ทุ่งเสลี่ยม,สุโขทัย,2025-11-19T16:21:56.463650,,0,0,2025-11-19T16:21:56.463650
EXT-03776,พื้นที่เสี่ยงภัยดินถล่ม,กรมทรัพยากรธรณี,โรงเรียนบ้านหนองผักบุ้ง | รายละเอียด: โรงเรียน,,,"17.36728534792044,99.53948014916274",โรงเรียนบ้านหนองผักบุ้ง,กลางดง,ทุ่งเสลี่ยม,สุโขทัย,2025-11-19T16:21:56.463650,,0,0,2025-11-19T16:21:56.463650
EXT-03777,พื้นที่เสี่ยงภัยดินถล่ม,กรมทรัพยากรธรณี,โรงเรียนบ้านท่าเดือ | รายละเอียด: โรงเรียน,,,"17.358567304982042,99.55273084034452",โรงเรียนบ้านท่าเดือ,กลางดง,ทุ่งเสลี่ยม,สุโขทัย,2025-11-19T16:21:56.463650,,0,0,2025-11-19T16:21:56.463650
EXT-03778,พื้นที่เสี่ยงภัยดินถล่ม,กรมทรัพยากรธรณี,สถานีอนามัยท่าเกวียน | รายละเอียด: สถานีอนามัย,,,"17.34715567946593,99.44181582769839",สถานีอนามัยท่าเกวียน,เวียงมอก,เถิน,ลำปาง,2025-11-19T16:21:56.463650,,0,0,2025-11-19T16:21:56.463650
EXT-03779,พื้นที่เสี่ยงภัยดินถล่ม,กรมทรัพยากรธรณี,วัดท่าเกวียน | รายละเอียด: วัด,,,"17.34702923076599,99.44023373049795",วัดท่าเกวียน,เวียงมอก,เถิน,ลำปาง,2025-11-19T16:21:56.463650,,0,0,2025-11-19T16:21:56.463650
EXT-03780,พื้นที่เสี่ยงภัยดินถล่ม,กรมทรัพยากรธรณี,โรงเรียนบ้านท่าเกวียน | รายละเอียด: โรงเรียน,,,"17.346799379349726,99.4450503248111",โรงเรียนบ้านท่าเกวียน,เวียงมอก,เถิน,ลำปาง,2025-11-19T16:21:56.463650,,0,0,2025-11-19T16:21:56.463650
EXT-03781,พื้นที่เสี่ยงภัยดินถล่ม,กรมทรัพยากรธรณี,เจดีย์ | รายละเอียด: วัด,,,"17.34217036867784,99.58622386224623",เจดีย์,ไทยชนะศึก,ทุ่งเสลี่ยม,สุโขทัย,2025-11-19T16:21:56.463650,,0,0,2025-11-19T16:21:56.463650
EXT-03782,พื้นที่เสี่ยงภัยดินถล่ม,กรมทรัพยากรธรณี,สถานีอนามัยตำบลไทยชนะศึก | รายละเอียด: สถานีอนามัย,,,"17.339626980585223,99.59200966889769",สถานีอนามัยตำบลไทยชนะศึก,ไทยชนะศึก,ทุ่งเสลี่ยม,สุโขทัย,2025-11-19T16:21:56.463650,,0,0,2025-11-19T16:21:56.463650
EXT-03783,พื้นที่เสี่ยงภัยดินถล่ม,กรมทรัพยากรธรณี,โรงเรียนบ้านแม่ทุเลา | รายละเอียด: โรงเรียน,,,"17.338556226968258,99.59150920005817",โรงเรียนบ้านแม่ทุเลา,ไทยชนะศึก,ทุ่งเสลี่ยม,สุโขทัย,2025-11-19T16:21:56.463650,,0,0,2025-11-19T16:21:56.463650
EXT-03784,พื้นที่เสี่ยงภัยดินถล่ม,กรมทรัพยากรธรณี,วัดแม่ทุเลา | รายละเอียด: วัด,,,"17.336597005625798,99.59076120172044",วัดแม่ทุเลา,ไทยชนะศึก,ทุ่งเสลี่ยม,สุโขทัย,2025-11-19T16:21:56.463650,,0,0,2025-11-19T16:21:56.463650
EXT-03785,พื้นที่เสี่ยงภัยดินถล่ม,กรมทรัพยากรธรณี,ไม่มีข้อมูล | รายละเอียด: ไม่มีข้อมูล,,,"17.334393920280807,99.4334492282043",ไม่มีข้อมูล,เวียงมอก,เถิน,ลำปาง,2025-11-19T16:21:56.463650,,0,0,2025-11-19T16:21:56.463650
EXT-03786,พื้นที่เสี่ยงภัยดินถล่ม,กรมทรัพยากรธรณี,วัดท่าต้นธงชัย | รายละเอียด: วัด,,,"17.33381933464647,99.597397715509",วัดท่าต้นธงชัย,ไทยชนะศึก,ทุ่งเสลี่ยม,สุโขทัย,2025-11-19T16:21:56.463650,,0,0,2025-11-19T16:21:56.463650
EXT-03787,พื้นที่เสี่ยงภัยดินถล่ม,กรมทรัพยากรธรณี,โรงเรียนบ้านแม่บ่อทอง | รายละเอียด: โรงเรียน,,,"17.33276759128111,99.48254185877835",โรงเรียนบ้านแม่บ่อทอง,กลางดง,ทุ่งเสลี่ยม,สุโขทัย,2025-11-19T16:21:56.463650,,0,0,2025-11-19T16:21:56.463650
EXT-03788,พื้นที่เสี่ยงภัยดินถล่ม,กรมทรัพยากรธรณี,วัดแม่บ่อทอง | รายละเอียด: วัด,,,"17.332185242842687,99.47944230735634",วัดแม่บ่อทอง,กลางดง,ทุ่งเสลี่ยม,สุโขทัย,2025-11-19T16:21:56.463650,,0,0,2025-11-19T16:21:56.463650
EXT-03789,พื้นที่เสี่ยงภัยดินถล่ม,กรมทรัพยากรธรณี,วัดม่อนจำศีล | รายละเอียด: วัด,,,"17.331384927136334,99.52119247723967",วัดม่อนจำศีล,กลางดง,ทุ่งเสลี่ยม,สุโขทัย,2025-11-19T16:21:56.463650,,0,0,2025-11-19T16:21:56.463650
EXT-03790,พื้นที่เสี่ยงภัยดินถล่ม,กรมทรัพยากรธรณี,สถานีอนามัยบ้านแม่พุ-หอรบ | รายละเอียด: สถานีอนามัย,,,"17.331138004331287,99.45566420192173",สถานีอนามัยบ้านแม่พุ-หอรบ,เวียงมอก,เถิน,ลำปาง,2025-11-19T16:21:56.463650,,0,0,2025-11-19T16:21:56.463650
EXT-03791,พื้นที่เสี่ยงภัยดินถล่ม,กรมทรัพยากรธรณี,โรงเรียนแม่พุหอรบวิทยา | รายละเอียด: โรงเรียน,,,"17.329918368293207,99.45637937462277",โรงเรียนแม่พุหอรบวิทยา,เวียงมอก,เถิน,ลำปาง,2025-11-19T16:21:56.463650,,0,0,2025-11-19T16:21:56.463650
EXT-03792,พื้นที่เสี่ยงภัยดินถล่ม,กรมทรัพยากรธรณี,วัดหัวฝาย | รายละเอียด: วัด,,,"17.328035230817775,99.5347699760367",วัดหัวฝาย,กลางดง,ทุ่งเสลี่ยม,สุโขทัย,2025-11-19T16:21:56.463650,,0,0,2025-11-19T16:21:56.463650
EXT-03793,พื้นที่เสี่ยงภัยดินถล่ม,กรมทรัพยากรธรณี,วัดคีรีคลองสำราญ | รายละเอียด: วัด,,,"17.32781384250022,99.5883415968371",วัดคีรีคลองสำราญ,ไทยชนะศึก,ทุ่งเสลี่ยม,สุโขทัย,2025-11-19T16:21:56.463650,,0,0,2025-11-19T16:21:56.463650
EXT-03794,พื้นที่เสี่ยงภัยดินถล่ม,กรมทรัพยากรธรณี,โรงเรียนบ้านคลองสำราญ | รายละเอียด: โรงเรียน,,,"17.327778133038922,99.58972663224876",โรงเรียนบ้านคลองสำราญ,ไทยชนะศึก,ทุ่งเสลี่ยม,สุโขทัย,2025-11-19T16:21:56.463650,,0,0,2025-11-19T16:21:56.463650
EXT-03795,พื้นที่เสี่ยงภัยดินถล่ม,กรมทรัพยากรธรณี,วัดกลางดง | รายละเอียด: วัด,,,"17.327295803347408,99.51688312523744",วัดกลางดง,กลางดง,ทุ่งเสลี่ยม,สุโขทัย,2025-11-19T16:21:56.463650,,0,0,2025-11-19T16:21:56.463650
EXT-03796,พื้นที่เสี่ยงภัยดินถล่ม,กรมทรัพยากรธรณี,โรงเรียนบ้านกลางดง | รายละเอียด: โรงเรียน,,,"17.32678097545514,99.5162929203939",โรงเรียนบ้านกลางดง,กลางดง,ทุ่งเสลี่ยม,สุโขทัย,2025-11-19T16:21:56.463650,,0,0,2025-11-19T16:21:56.463650
EXT-03797,พื้นที่เสี่ยงภัยดินถล่ม,กรมทรัพยากรธรณี,สถานีอนามัยตำบลกลางดง | รายละเอียด: สถานีอนามัย,,,"17.32647596972421,99.51275125057742",สถานีอนามัยตำบลกลางดง,กลางดง,ทุ่งเสลี่ยม,สุโขทัย,2025-11-19T16:21:56.463650,,0,0,2025-11-19T16:21:56.463650
EXT-03798,พื้นที่เสี่ยงภัยดินถล่ม,กรมทรัพยากรธรณี,วัดแม่พุสุวรรณเขต | รายละเอียด: วัด,,,"17.32630792980591,99.45210733173685",วัดแม่พุสุวรรณเขต,เวียงมอก,เถิน,ลำปาง,2025-11-19T16:21:56.463650,,0,0,2025-11-19T16:21:56.463650
EXT-03799,พื้นที่เสี่ยงภัยดินถล่ม,กรมทรัพยากรธรณี,โรงพยาบาลทุ่งเสลี่ยม | รายละเอียด: โรงพยาบาล,,,"17.324157589625834,99.56077861541904",โรงพยาบาลทุ่งเสลี่ยม,ทุ่งเสลี่ยม,ทุ่งเสลี่ยม,สุโขทัย,2025-11-19T16:21:56.463650,,0,0,2025-11-19T16:21:56.463650
EXT-03800,พื้นที่เสี่ยงภัยดินถล่ม,กรมทรัพยากรธรณี,โรงเรียนบ้านเหมืองนา | รายละเอียด: โรงเรียน,,,"17.323148901731482,99.56229124648584",โรงเรียนบ้านเหมืองนา,ทุ่งเสลี่ยม,ทุ่งเสลี่ยม,สุโขทัย,2025-11-19T16:21:56.463650,,0,0,2025-11-19T16:21:56.463650
EXT-03801,พื้นที่เสี่ยงภัยดินถล่ม,กรมทรัพยากรธรณี,โรงเรียนบ้านหัวฝาย | รายละเอียด: โรงเรียน,,,"17.323033499054436,99.53849621820586",โรงเรียนบ้านหัวฝาย,กลางดง,ทุ่งเสลี่ยม,สุโขทัย,2025-11-19T16:21:56.463650,,0,0,2025-11-19T16:21:56.463650
EXT-03802,พื้นที่เสี่ยงภัยดินถล่ม,กรมทรัพยากรธรณี,วัดพิพัฒน์มงคล | รายละเอียด: วัด,,,"17.322518552800428,99.55250411626524",วัดพิพัฒน์มงคล,ทุ่งเสลี่ยม,ทุ่งเสลี่ยม,สุโขทัย,2025-11-19T16:21:56.463650,,0,0,2025-11-19T16:21:56.463650
EXT-03803,พื้นที่เสี่ยงภัยดินถล่ม,กรมทรัพยากรธรณี,โรงเรียนทุ่งเสลียมชนูปถัมภ์ | รายละเอียด: โรงเรียน,,,"17.322206568256703,99.56350763158564",โรงเรียนทุ่งเสลียมชนูปถัมภ์,ทุ่งเสลี่ยม,ทุ่งเสลี่ยม,สุโขทัย,2025-11-19T16:21:56.463650,,0,0,2025-11-19T16:21:56.463650
EXT-03804,พื้นที่เสี่ยงภัยดินถล่ม,กรมทรัพยากรธรณี,อำเภอทุ่งเสลียม | รายละเอียด: สถานที่ราชการ,,,"17.321065922857386,99.56090803944973",อำเภอทุ่งเสลียม,ทุ่งเสลี่ยม,ทุ่งเสลี่ยม,สุโขทัย,2025-11-19T16:21:56.463650,,0,0,2025-11-19T16:21:56.463650
EXT-03805,พื้นที่เสี่ยงภัยดินถล่ม,กรมทรัพยากรธรณี,วัดเหมืองนา | รายละเอียด: วัด,,,"17.32055811144853,99.55906675522333",วัดเหมืองนา,ทุ่งเสลี่ยม,ทุ่งเสลี่ยม,สุโขทัย,2025-11-19T16:21:56.463650,,0,0,2025-11-19T16:21:56.463650
EXT-03806,พื้นที่เสี่ยงภัยดินถล่ม,กรมทรัพยากรธรณี,วัดเชิงผา | รายละเอียด: วัด,,,"17.32064261416377,99.51136113109777",วัดเชิงผา,กลางดง,ทุ่งเสลี่ยม,สุโขทัย,2025-11-19T16:21:56.463650,,0,0,2025-11-19T16:21:56.463650
EXT-03807,พื้นที่เสี่ยงภัยดินถล่ม,กรมทรัพยากรธรณี,โรงเรียนบ้านโป่งฝาง | รายละเอียด: โรงเรียน,,,"17.31945317511947,99.5243542591611",โรงเรียนบ้านโป่งฝาง,กลางดง,ทุ่งเสลี่ยม,สุโขทัย,2025-11-19T16:21:56.463650,,0,0,2025-11-19T16:21:56.463650
EXT-03808,พื้นที่เสี่ยงภัยดินถล่ม,กรมทรัพยากรธรณี,โรงเรียนบ้านท่าชุม | รายละเอียด: โรงเรียน,,,"17.318826141518795,99.55045690989765",โรงเรียนบ้านท่าชุม,ทุ่งเสลี่ยม,ทุ่งเสลี่ยม,สุโขทัย,2025-11-19T16:21:56.463650,,0,0,2025-11-19T16:21:56.463650
EXT-03809,พื้นที่เสี่ยงภัยดินถล่ม,กรมทรัพยากรธรณี,วัดโป่งฝาง | รายละเอียด: วัด,,,"17.31884252099926,99.52109064299196",วัดโป่งฝาง,กลางดง,ทุ่งเสลี่ยม,สุโขทัย,2025-11-19T16:21:56.463650,,0,0,2025-11-19T16:21:56.463650
EXT-03810,พื้นที่เสี่ยงภัยดินถล่ม,กรมทรัพยากรธรณี,วัดท่าชุม | รายละเอียด: วัด,,,"17.31835237504243,99.54728597442983",วัดท่าชุม,ทุ่งเสลี่ยม,ทุ่งเสลี่ยม,สุโขทัย,2025-11-19T16:21:56.463650,,0,0,2025-11-19T16:21:56.463650
EXT-03811,พื้นที่เสี่ยงภัยดินถล่ม,กรมทรัพยากรธรณี,โรงเรียนเชิงผา | รายละเอียด: โรงเรียน,,,"17.317931258388757,99.51078724378714",โรงเรียนเชิงผา,กลางดง,ทุ่งเสลี่ยม,สุโขทัย,2025-11-19T16:21:56.463650,,0,0,2025-11-19T16:21:56.463650
EXT-03812,พื้นที่เสี่ยงภัยดินถล่ม,กรมทรัพยากรธรณี,วัดชัยอุดม | รายละเอียด: วัด,,,"17.317307432152006,99.53930058747639",วัดชัยอุดม,กลางดง,ทุ่งเสลี่ยม,สุโขทัย,2025-11-19T16:21:56.463650,,0,0,2025-11-19T16:21:56.463650
EXT-03813,พื้นที่เสี่ยงภัยดินถล่ม,กรมทรัพยากรธรณี,วัดวังธาร | รายละเอียด: วัด,,,"17.315419946325218,99.56694871601954",วัดวังธาร,ทุ่งเสลี่ยม,ทุ่งเสลี่ยม,สุโขทัย,2025-11-19T16:21:56.463650,,0,0,2025-11-19T16:21:56.463650
EXT-03814,พื้นที่เสี่ยงภัยดินถล่ม,กรมทรัพยากรธรณี,โรงเรียนบ้านวังธาร | รายละเอียด: โรงเรียน,,,"17.313187384279164,99.5681293038273",โรงเรียนบ้านวังธาร,ทุ่งเสลี่ยม,ทุ่งเสลี่ยม,สุโขทัย,2025-11-19T16:21:56.463650,,0,0,2025-11-19T16:21:56.463650
EXT-03815,พื้นที่เสี่ยงภัยดินถล่ม,กรมทรัพยากรธรณี,วัดทุ่งเสลียม | รายละเอียด: วัด,,,"17.312487984169646,99.5523700426829",วัดทุ่งเสลียม,ทุ่งเสลี่ยม,ทุ่งเสลี่ยม,สุโขทัย,2025-11-19T16:21:56.463650,,0,0,2025-11-19T16:21:56.463650
EXT-03816,พื้นที่เสี่ยงภัยดินถล่ม,กรมทรัพยากรธรณี,โรงเรียนศรีเสลียมวิทยา | รายละเอียด: โรงเรียน,,,"17.311415411220235,99.54796237155786",โรงเรียนศรีเสลียมวิทยา,ทุ่งเสลี่ยม,ทุ่งเสลี่ยม,สุโขทัย,2025-11-19T16:21:56.463650,,0,0,2025-11-19T16:21:56.463650
EXT-03817,พื้นที่เสี่ยงภัยดินถล่ม,กรมทรัพยากรธรณี,โรงเรียนบ้านโซกม่วง | รายละเอียด: โรงเรียน,,,"17.25706893266737,99.58360728384957",โรงเรียนบ้านโซกม่วง,ทุ่งเสลี่ยม,ทุ่งเสลี่ยม,สุโขทัย,2025-11-19T16:21:56.463650,,0,0,2025-11-19T16:21:56.463650
EXT-03818,พื้นที่เสี่ยงภัยดินถล่ม,กรมทรัพยากรธรณี,วัดเทพประทาน | รายละเอียด: วัด,,,"17.248219669657058,99.57778901959111",วัดเทพประทาน,ทุ่งเสลี่ยม,ทุ่งเสลี่ยม,สุโขทัย,2025-11-19T16:21:56.463650,,0,0,2025-11-19T16:21:56.463650
EXT-03819,พื้นที่เสี่ยงภัยดินถล่ม,กรมทรัพยากรธรณี,วัดลานเมืองทอง | รายละเอียด: วัด,,,"17.24142189463893,99.60297758660177",วัดลานเมืองทอง,บ้านใหม่ไชยมงคล,ทุ่งเสลี่ยม,สุโขทัย,2025-11-19T16:21:56.463650,,0,0,2025-11-19T16:21:56.463650
EXT-03820,พื้นที่เสี่ยงภัยดินถล่ม,กรมทรัพยากรธรณี,โรงเรียนบ้านลานตาเมือง | รายละเอียด: โรงเรียน,,,"17.24023586708061,99.60437351350295",โรงเรียนบ้านลานตาเมือง,บ้านใหม่ไชยมงคล,ทุ่งเสลี่ยม,สุโขทัย,2025-11-19T16:21:56.463650,,0,0,2025-11-19T16:21:56.463650
EXT-03821,พื้นที่เสี่ยงภัยดินถล่ม,กรมทรัพยากรธรณี,วัดเทพนม | รายละเอียด: วัด,,,"17.311537962224584,99.53437584642629",วัดเทพนม,ทุ่งเสลี่ยม,ทุ่งเสลี่ยม,สุโขทัย,2025-11-19T16:21:56.463650,,0,0,2025-11-19T16:21:56.463650
EXT-03822,พื้นที่เสี่ยงภัยดินถล่ม,กรมทรัพยากรธรณี,โรงเรียนบ้านธารน้ำทิพย์ | รายละเอียด: โรงเรียน,,,"17.271788029008952,99.5347874092968",โรงเรียนบ้านธารน้ำทิพย์,ทุ่งเสลี่ยม,ทุ่งเสลี่ยม,สุโขทัย,2025-11-19T16:21:56.463650,,0,0,2025-11-19T16:21:56.463650
EXT-03823,พื้นที่เสี่ยงภัยดินถล่ม,กรมทรัพยากรธรณี,โรงเรียนบ้านโซกเปือย | รายละเอียด: โรงเรียน,,,"17.229062352430272,99.5137574845242",โรงเรียนบ้านโซกเปือย,นาขุนไกร,ศรีสำโรง,สุโขทัย,2025-11-19T16:21:56.463650,,0,0,2025-11-19T16:21:56.463650
EXT-03824,พื้นที่เสี่ยงภัยดินถล่ม,กรมทรัพยากรธรณี,วัดพรหมเทพประธานพร | รายละเอียด: วัด,,,"17.22788772464336,99.51269549709758",วัดพรหมเทพประธานพร,นาขุนไกร,ศรีสำโรง,สุโขทัย,2025-11-19T16:21:56.463650,,0,0,2025-11-19T16:21:56.463650
EXT-03825,พื้นที่เสี่ยงภัยดินถล่ม,กรมทรัพยากรธรณี,สถานีอนามัยบ้านลุเต่า | รายละเอียด: สถานีอนามัย,,,"17.199939900626045,99.51895058824346",สถานีอนามัยบ้านลุเต่า,นาขุนไกร,ศรีสำโรง,สุโขทัย,2025-11-19T16:21:56.463650,,0,0,2025-11-19T16:21:56.463650
EXT-03826,พื้นที่เสี่ยงภัยดินถล่ม,กรมทรัพยากรธรณี,อบต.ดงคู่ | รายละเอียด: สถานที่ราชการ,,,"17.55369554902379,99.87264465239602",อบต.ดงคู่,ดงคู่,ศรีสัชนาลัย,สุโขทัย,2025-11-19T16:21:56.463650,,0,0,2025-11-19T16:21:56.463650
EXT-03827,พื้นที่เสี่ยงภัยดินถล่ม,กรมทรัพยากรธรณี,วัดห้วยไคร้ | รายละเอียด: วัด,,,"17.556887449206744,99.88048965697581",วัดห้วยไคร้,ดงคู่,ศรีสัชนาลัย,สุโขทัย,2025-11-19T16:21:56.463650,,0,0,2025-11-19T16:21:56.463650
