ticket_id,type,organization,comment,photo,photo_after,coords,address,subdistrict,district,province,timestamp,state,star,count_reopen,last_activity
EXT-03828,{ที่ตั้งจุดเสี่ยงภัยสะพานลอยและป้ายรถโดยสารประจำทาง},กรมป้องกันและบรรเทาสาธารณภัย,หน้าโรงเรียนวัดสระเกศ ถนนจักรพรรดิพงษ์,,,"1520891.1864694713,663151.1808468864",หน้าโรงเรียนวัดสระเกศ ถนนจักรพรรดิพงษ์,,,กรุงเทพมหานคร,2025-11-20T21:02:37.593120,,0,0,2025-11-20T21:02:37.593120
EXT-03829,{ที่ตั้งจุดเสี่ยงภัยสะพานลอยและป้ายรถโดยสารประจำทาง},กรมป้องกันและบรรเทาสาธารณภัย,หน้าโรงเรียนวัดเทพศิรินทร์ ถนนกรุงเกษม,,,"1520309.0568494208,663942.2691075256",หน้าโรงเรียนวัดเทพศิรินทร์ ถนนกรุงเกษม,,,กรุงเทพมหานคร,2025-11-20T21:02:37.594622,,0,0,2025-11-20T21:02:37.594622
EXT-03830,{ที่ตั้งจุดเสี่ยงภัยสะพานลอยและป้ายรถโดยสารประจำทาง},กรมป้องกันและบรรเทาสาธารณภัย,แยกนพวงศ์ ถนนหลวง,,,"1520104.0867057147,663921.617614829",แยกนพวงศ์ ถนนหลวง,,,กรุงเทพมหานคร,2025-11-20T21:02:37.594622,,0,0,2025-11-20T21:02:37.594622
EXT-03831,{ที่ตั้งจุดเสี่ยงภัยสะพานลอยและป้ายรถโดยสารประจำทาง},กรมป้องกันและบรรเทาสาธารณภัย,หน้าสำนักงานสถิติแห่งชาติ ถนนหลานหลวง,,,"1521329.4664432907,663735.4361172251",หน้าสำนักงานสถิติแห่งชาติ ถนนหลานหลวง,,,กรุงเทพมหานคร,2025-11-20T21:02:37.594622,,0,0,2025-11-20T21:02:37.594622
EXT-03832,{ที่ตั้งจุดเสี่ยงภัยสะพานลอยและป้ายรถโดยสารประจำทาง},กรมป้องกันและบรรเทาสาธารณภัย,หน้าธนาคารกรุงเทพ ถนนหลานหลวง,,,"1521311.1830728978,663740.0278565399",หน้าธนาคารกรุงเทพ ถนนหลานหลวง,,,กรุงเทพมหานคร,2025-11-20T21:02:37.594622,,0,0,2025-11-20T21:02:37.594622
EXT-03833,{ที่ตั้งจุดเสี่ยงภัยสะพานลอยและป้ายรถโดยสารประจำทาง},กรมป้องกันและบรรเทาสาธารณภัย,หน้าวัดสิตาราม ถนนดำรงค์รักษ์,,,"1521135.377004856,663262.4099620796",หน้าวัดสิตาราม ถนนดำรงค์รักษ์,,,กรุงเทพมหานคร,2025-11-20T21:02:37.594622,,0,0,2025-11-20T21:02:37.594622
EXT-03834,{ที่ตั้งจุดเสี่ยงภัยสะพานลอยและป้ายรถโดยสารประจำทาง},กรมป้องกันและบรรเทาสาธารณภัย,เชิงสะพานนริศดำรัส ถนนจักพรรดิพงษ์,,,"1521128.7004766574,663194.5764355806",เชิงสะพานนริศดำรัส ถนนจักพรรดิพงษ์,,,กรุงเทพมหานคร,2025-11-20T21:02:37.594622,,0,0,2025-11-20T21:02:37.594622
EXT-03835,{ที่ตั้งจุดเสี่ยงภัยสะพานลอยและป้ายรถโดยสารประจำทาง},กรมป้องกันและบรรเทาสาธารณภัย,หน้าธนาคารกรุงศรีอยุธยา ถนนจักรพรรดิพงษ์,,,"1521189.8498185317,663197.2396039731",หน้าธนาคารกรุงศรีอยุธยา ถนนจักรพรรดิพงษ์,,,กรุงเทพมหานคร,2025-11-20T21:02:37.594622,,0,0,2025-11-20T21:02:37.594622
EXT-03836,{ที่ตั้งจุดเสี่ยงภัยสะพานลอยและป้ายรถโดยสารประจำทาง},กรมป้องกันและบรรเทาสาธารณภัย,หน้าวัดโสมนัส ถนนกรุงเกษม,,,"1521834.8159413824,663396.4200106997",หน้าวัดโสมนัส ถนนกรุงเกษม,,,กรุงเทพมหานคร,2025-11-20T21:02:37.594622,,0,0,2025-11-20T21:02:37.594622
EXT-03837,{ที่ตั้งจุดเสี่ยงภัยสะพานลอยและป้ายรถโดยสารประจำทาง},กรมป้องกันและบรรเทาสาธารณภัย,ตรงข้ามวัดโสมนัส ถนนกรุงเกษม,,,"1521852.2058153602,663415.5105165256",ตรงข้ามวัดโสมนัส ถนนกรุงเกษม,,,กรุงเทพมหานคร,2025-11-20T21:02:37.594622,,0,0,2025-11-20T21:02:37.594622
EXT-03838,{ที่ตั้งจุดเสี่ยงภัยสะพานลอยและป้ายรถโดยสารประจำทาง},กรมป้องกันและบรรเทาสาธารณภัย,หน้าฝ่ายรักษาความสะอาด สำนักงานเขตป้อมปราบ,,,"1521227.2265693005,663821.7523895534",หน้าฝ่ายรักษาความสะอาด สำนักงานเขตป้อมปราบ,,,กรุงเทพมหานคร,2025-11-20T21:02:37.594622,,0,0,2025-11-20T21:02:37.594622
EXT-03839,{ที่ตั้งจุดเสี่ยงภัยสะพานลอยและป้ายรถโดยสารประจำทาง},กรมป้องกันและบรรเทาสาธารณภัย,หน้าไปรษณีย์หลานหลวง ถนนจักพรรดิพงษ์,,,"1521365.9843816669,663222.3440729524",หน้าไปรษณีย์หลานหลวง ถนนจักพรรดิพงษ์,,,กรุงเทพมหานคร,2025-11-20T21:02:37.594622,,0,0,2025-11-20T21:02:37.594622
EXT-03840,{ที่ตั้งจุดเสี่ยงภัยสะพานลอยและป้ายรถโดยสารประจำทาง},กรมป้องกันและบรรเทาสาธารณภัย,ปากซอยถนนคลองถมวัดโสมนัส ถนนจักรพรรดิพงษ์,,,"1521646.5252739661,663091.2312832406",ปากซอยถนนคลองถมวัดโสมนัส ถนนจักรพรรดิพงษ์,,,กรุงเทพมหานคร,2025-11-20T21:02:37.594622,,0,0,2025-11-20T21:02:37.594622
EXT-03841,{ที่ตั้งจุดเสี่ยงภัยสะพานลอยและป้ายรถโดยสารประจำทาง},กรมป้องกันและบรรเทาสาธารณภัย,ใกล้ปั๊มแก๊สดำรงรักษ์ ถนนดำรงรักษ์,,,"1521091.6200934236,663534.5410945065",ใกล้ปั๊มแก๊สดำรงรักษ์ ถนนดำรงรักษ์,,,กรุงเทพมหานคร,2025-11-20T21:02:37.594622,,0,0,2025-11-20T21:02:37.594622
EXT-03842,{ที่ตั้งจุดเสี่ยงภัยสะพานลอยและป้ายรถโดยสารประจำทาง},กรมป้องกันและบรรเทาสาธารณภัย,ตรงข้ามปั๊มเชลล์ ถนนกรุงเกษม,,,"1521501.0848634385,663778.574752534",ตรงข้ามปั๊มเชลล์ ถนนกรุงเกษม,,,กรุงเทพมหานคร,2025-11-20T21:02:37.594622,,0,0,2025-11-20T21:02:37.594622
EXT-03843,{ที่ตั้งจุดเสี่ยงภัยสะพานลอยและป้ายรถโดยสารประจำทาง},กรมป้องกันและบรรเทาสาธารณภัย,สะพานลอยหน้าอาคารชาญอิสระ,,,"1518423.4625251684,665915.7413812479",สะพานลอยหน้าอาคารชาญอิสระ,,,กรุงเทพมหานคร,2025-11-20T21:02:37.594622,,0,0,2025-11-20T21:02:37.594622
EXT-03844,{ที่ตั้งจุดเสี่ยงภัยสะพานลอยและป้ายรถโดยสารประจำทาง},กรมป้องกันและบรรเทาสาธารณภัย,สะพานลอยลานเลิฟลี่ ถ.นราธิวาสฯ,,,"1518168.5250863638,665134.1219229288",สะพานลอยลานเลิฟลี่ ถ.นราธิวาสฯ,,,กรุงเทพมหานคร,2025-11-20T21:02:37.594622,,0,0,2025-11-20T21:02:37.594622
EXT-03845,{ที่ตั้งจุดเสี่ยงภัยสะพานลอยและป้ายรถโดยสารประจำทาง},กรมป้องกันและบรรเทาสาธารณภัย,สะพานจักรยาน จากสวนลุมพินีไป,,,"1518360.2822017088,666164.4211864318",สะพานจักรยาน จากสวนลุมพินีไป,,,กรุงเทพมหานคร,2025-11-20T21:02:37.594622,,0,0,2025-11-20T21:02:37.594622
EXT-03846,{ที่ตั้งจุดเสี่ยงภัยสะพานลอยและป้ายรถโดยสารประจำทาง},กรมป้องกันและบรรเทาสาธารณภัย,ป้ายรถเมลล์รอบสวนลุมพินี,,,"1518497.9199846731,666239.2385914425",ป้ายรถเมลล์รอบสวนลุมพินี,,,กรุงเทพมหานคร,2025-11-20T21:02:37.594622,,0,0,2025-11-20T21:02:37.594622
EXT-03847,{ที่ตั้งจุดเสี่ยงภัยสะพานลอยและป้ายรถโดยสารประจำทาง},กรมป้องกันและบรรเทาสาธารณภัย,สะพานลอยคนข้ามสะพานเหลือง,,,"1518755.281855455,665178.1594308465",สะพานลอยคนข้ามสะพานเหลือง,,,กรุงเทพมหานคร,2025-11-20T21:02:37.594622,,0,0,2025-11-20T21:02:37.594622
EXT-03848,{ที่ตั้งจุดเสี่ยงภัยสะพานลอยและป้ายรถโดยสารประจำทาง},กรมป้องกันและบรรเทาสาธารณภัย,ปากซอยนราธิวาสฯ 4 ถนนนราธิวาสฯ,,,"1517253.0312224242,665587.3381392913",ปากซอยนราธิวาสฯ 4 ถนนนราธิวาสฯ,,,กรุงเทพมหานคร,2025-11-20T21:02:37.594622,,0,0,2025-11-20T21:02:37.594622
EXT-03849,{ที่ตั้งจุดเสี่ยงภัยสะพานลอยและป้ายรถโดยสารประจำทาง},กรมป้องกันและบรรเทาสาธารณภัย,ปากซอยนราธิวาสฯ 6 ถนนนราธิวาสฯ,,,"1517057.7804474577,665682.6111077989",ปากซอยนราธิวาสฯ 6 ถนนนราธิวาสฯ,,,กรุงเทพมหานคร,2025-11-20T21:02:37.594622,,0,0,2025-11-20T21:02:37.594622
EXT-03850,{ที่ตั้งจุดเสี่ยงภัยสะพานลอยและป้ายรถโดยสารประจำทาง},กรมป้องกันและบรรเทาสาธารณภัย,ปากซอยนราธิวาสฯ 17 ถนนนราธิวาสฯ,,,"1516600.6165774902,665918.3238036254",ปากซอยนราธิวาสฯ 17 ถนนนราธิวาสฯ,,,กรุงเทพมหานคร,2025-11-20T21:02:37.594622,,0,0,2025-11-20T21:02:37.594622
EXT-03851,{ที่ตั้งจุดเสี่ยงภัยสะพานลอยและป้ายรถโดยสารประจำทาง},กรมป้องกันและบรรเทาสาธารณภัย,ปากซอยนราธิวาสฯ 7 ถนนนราธิวาสฯ,,,"1516733.6316333811,665908.7740047411",ปากซอยนราธิวาสฯ 7 ถนนนราธิวาสฯ,,,กรุงเทพมหานคร,2025-11-20T21:02:37.594622,,0,0,2025-11-20T21:02:37.594622
EXT-03852,{ที่ตั้งจุดเสี่ยงภัยสะพานลอยและป้ายรถโดยสารประจำทาง},กรมป้องกันและบรรเทาสาธารณภัย,ใกล้ซอยสาทร 9 ถนนสาทรใต้,,,"1517371.5338384889,665185.2449175564",ใกล้ซอยสาทร 9 ถนนสาทรใต้,,,กรุงเทพมหานคร,2025-11-20T21:02:37.594622,,0,0,2025-11-20T21:02:37.594622
EXT-03853,{ที่ตั้งจุดเสี่ยงภัยสะพานลอยและป้ายรถโดยสารประจำทาง},กรมป้องกันและบรรเทาสาธารณภัย,ใกล้ซอยนราธิวาสฯ 5,,,"1517388.4788514236,665537.2759127308",ใกล้ซอยนราธิวาสฯ 5,,,กรุงเทพมหานคร,2025-11-20T21:02:37.594622,,0,0,2025-11-20T21:02:37.594622
EXT-03854,{ที่ตั้งจุดเสี่ยงภัยสะพานลอยและป้ายรถโดยสารประจำทาง},กรมป้องกันและบรรเทาสาธารณภัย,ใกล้ซอยสาทร 5 ถนนสาทรใต้,,,"1517647.5956854497,666069.320124454",ใกล้ซอยสาทร 5 ถนนสาทรใต้,,,กรุงเทพมหานคร,2025-11-20T21:02:37.594622,,0,0,2025-11-20T21:02:37.594622
EXT-03855,{ที่ตั้งจุดเสี่ยงภัยสะพานลอยและป้ายรถโดยสารประจำทาง},กรมป้องกันและบรรเทาสาธารณภัย,ใกล้ซอยนราธิวาสฯ 10,,,"1516757.0290770528,665832.3289086075",ใกล้ซอยนราธิวาสฯ 10,,,กรุงเทพมหานคร,2025-11-20T21:02:37.594622,,0,0,2025-11-20T21:02:37.594622
EXT-03856,{ที่ตั้งจุดเสี่ยงภัยสะพานลอยและป้ายรถโดยสารประจำทาง},กรมป้องกันและบรรเทาสาธารณภัย,ใกล้ซอยจันทน์ 26 ถนนจันทน์,,,"1515845.3916413009,664749.127594141",ใกล้ซอยจันทน์ 26 ถนนจันทน์,,,กรุงเทพมหานคร,2025-11-20T21:02:37.594622,,0,0,2025-11-20T21:02:37.594622
EXT-03857,{ที่ตั้งจุดเสี่ยงภัยสะพานลอยและป้ายรถโดยสารประจำทาง},กรมป้องกันและบรรเทาสาธารณภัย,หน้าอาคารบางกอกซิตี้ ถนนสาทรใต้,,,"1517504.166657293,665597.2843257942",หน้าอาคารบางกอกซิตี้ ถนนสาทรใต้,,,กรุงเทพมหานคร,2025-11-20T21:02:37.594622,,0,0,2025-11-20T21:02:37.594622
EXT-03858,{ที่ตั้งจุดเสี่ยงภัยสะพานลอยและป้ายรถโดยสารประจำทาง},กรมป้องกันและบรรเทาสาธารณภัย,เยื้องโชว์รูมรถยนต์ ถนนนราธิวาสฯ,,,"1515590.2681265655,666405.6289450123",เยื้องโชว์รูมรถยนต์ ถนนนราธิวาสฯ,,,กรุงเทพมหานคร,2025-11-20T21:02:37.594622,,0,0,2025-11-20T21:02:37.594622
EXT-03859,{ที่ตั้งจุดเสี่ยงภัยสะพานลอยและป้ายรถโดยสารประจำทาง},กรมป้องกันและบรรเทาสาธารณภัย,หน้า ร.ร. ราชวินิตมัธยม ถนนพิษณุโลก,,,"1521965.009144903,663778.6657206606",หน้า ร.ร. ราชวินิตมัธยม ถนนพิษณุโลก,,,กรุงเทพมหานคร,2025-11-20T21:02:37.594622,,0,0,2025-11-20T21:02:37.594622
EXT-03860,{ที่ตั้งจุดเสี่ยงภัยสะพานลอยและป้ายรถโดยสารประจำทาง},กรมป้องกันและบรรเทาสาธารณภัย,หน้าบ้านพิษณุโลก ถนนพิษณุโลก,,,"1521690.648944612,664054.461362744",หน้าบ้านพิษณุโลก ถนนพิษณุโลก,,,กรุงเทพมหานคร,2025-11-20T21:02:37.594622,,0,0,2025-11-20T21:02:37.594622
EXT-03861,{ที่ตั้งจุดเสี่ยงภัยสะพานลอยและป้ายรถโดยสารประจำทาง},กรมป้องกันและบรรเทาสาธารณภัย,หน้าหอสมุดแห่งชาติ   ถนนสามเสน,,,"1523128.773152065,662789.3668425491",หน้าหอสมุดแห่งชาติ   ถนนสามเสน,,,กรุงเทพมหานคร,2025-11-20T21:02:37.594622,,0,0,2025-11-20T21:02:37.594622
EXT-03862,{ที่ตั้งจุดเสี่ยงภัยสะพานลอยและป้ายรถโดยสารประจำทาง},กรมป้องกันและบรรเทาสาธารณภัย,สี่แยกเกียกาย ถนนสามเสน,,,"1525822.5863694313,664456.536687785",สี่แยกเกียกาย ถนนสามเสน,,,กรุงเทพมหานคร,2025-11-20T21:02:37.594622,,0,0,2025-11-20T21:02:37.594622
EXT-03863,{ที่ตั้งจุดเสี่ยงภัยสะพานลอยและป้ายรถโดยสารประจำทาง},กรมป้องกันและบรรเทาสาธารณภัย,สี่แยกบางกระบือ ถนนสามเสน,,,"1524949.9380850182,663735.6030418855",สี่แยกบางกระบือ ถนนสามเสน,,,กรุงเทพมหานคร,2025-11-20T21:02:37.594622,,0,0,2025-11-20T21:02:37.594622
EXT-03864,{ที่ตั้งจุดเสี่ยงภัยสะพานลอยและป้ายรถโดยสารประจำทาง},กรมป้องกันและบรรเทาสาธารณภัย,ถนนสวรรคโลก ช่วงตั้งแต่แยกยมราชถึงแยกเสาวนีย์,,,"1521463.2362234083,664427.531424889",ถนนสวรรคโลก ช่วงตั้งแต่แยกยมราชถึงแยกเสาวนีย์,,,กรุงเทพมหานคร,2025-11-20T21:02:37.594622,,0,0,2025-11-20T21:02:37.594622
EXT-03865,{ที่ตั้งจุดเสี่ยงภัยสะพานลอยและป้ายรถโดยสารประจำทาง},กรมป้องกันและบรรเทาสาธารณภัย,ตรงข้าม บ. โอเอ ถนนสวรรคโลก แขวงสวนจิตรลดา เขตดุสิต,,,"1521893.8817426583,664599.1185408775",ตรงข้าม บ. โอเอ ถนนสวรรคโลก แขวงสวนจิตรลดา เขตดุสิต,,,กรุงเทพมหานคร,2025-11-20T21:02:37.594622,,0,0,2025-11-20T21:02:37.594622
EXT-03866,{ที่ตั้งจุดเสี่ยงภัยสะพานลอยและป้ายรถโดยสารประจำทาง},กรมป้องกันและบรรเทาสาธารณภัย,ตรงข้ามกรมยุทธศึกษา  ถนนเทอดดำริห์ แขวงถนนนครไชยศรี เขตดุสิต,,,"1524329.156338825,665565.4825575991",ตรงข้ามกรมยุทธศึกษา  ถนนเทอดดำริห์ แขวงถนนนครไชยศรี เขตดุสิต,,,กรุงเทพมหานคร,2025-11-20T21:02:37.594622,,0,0,2025-11-20T21:02:37.594622
EXT-03867,{ที่ตั้งจุดเสี่ยงภัยสะพานลอยและป้ายรถโดยสารประจำทาง},กรมป้องกันและบรรเทาสาธารณภัย,กรมยุทธศึกษา ถนนเทอดดำริห์ แขวงถนนนครไชยศรี,,,"1524331.047506541,665515.5343263828",กรมยุทธศึกษา ถนนเทอดดำริห์ แขวงถนนนครไชยศรี,,,กรุงเทพมหานคร,2025-11-20T21:02:37.594622,,0,0,2025-11-20T21:02:37.594622
EXT-03868,{ที่ตั้งจุดเสี่ยงภัยสะพานลอยและป้ายรถโดยสารประจำทาง},กรมป้องกันและบรรเทาสาธารณภัย,สะพานลอยพระราม 7,,,"1527724.7018461798,663677.5802698855",สะพานลอยพระราม 7,,,กรุงเทพมหานคร,2025-11-20T21:02:37.594622,,0,0,2025-11-20T21:02:37.594622
EXT-03869,{ที่ตั้งจุดเสี่ยงภัยสะพานลอยและป้ายรถโดยสารประจำทาง},กรมป้องกันและบรรเทาสาธารณภัย,โค้งตลาดศรีเขมา,,,"1527766.8365892877,664412.6566155575",โค้งตลาดศรีเขมา,,,กรุงเทพมหานคร,2025-11-20T21:02:37.594622,,0,0,2025-11-20T21:02:37.594622
EXT-03870,{ที่ตั้งจุดเสี่ยงภัยสะพานลอยและป้ายรถโดยสารประจำทาง},กรมป้องกันและบรรเทาสาธารณภัย,ปากซอยประชาชื่น 21,,,"1528433.5991501892,666100.56010995",ปากซอยประชาชื่น 21,,,กรุงเทพมหานคร,2025-11-20T21:02:37.594622,,0,0,2025-11-20T21:02:37.594622
EXT-03871,{ที่ตั้งจุดเสี่ยงภัยสะพานลอยและป้ายรถโดยสารประจำทาง},กรมป้องกันและบรรเทาสาธารณภัย,ตรงข้ามโรงพยาบาลสัตว์สาทร ถนนจันทน์ตัดใหม่,,,"1515951.523027417,666413.4158537331",ตรงข้ามโรงพยาบาลสัตว์สาทร ถนนจันทน์ตัดใหม่,,,กรุงเทพมหานคร,2025-11-20T21:02:37.594622,,0,0,2025-11-20T21:02:37.594622
EXT-03872,{ที่ตั้งจุดเสี่ยงภัยสะพานลอยและป้ายรถโดยสารประจำทาง},กรมป้องกันและบรรเทาสาธารณภัย,บริเวณหน้ากระทรวงการคลัง ถนนพระรามที่ 6,,,"1524121.9002000059,665809.5620963539",บริเวณหน้ากระทรวงการคลัง ถนนพระรามที่ 6,,,กรุงเทพมหานคร,2025-11-20T21:02:37.594622,,0,0,2025-11-20T21:02:37.594622
EXT-03873,{ที่ตั้งจุดเสี่ยงภัยสะพานลอยและป้ายรถโดยสารประจำทาง},กรมป้องกันและบรรเทาสาธารณภัย,หน้ากระทรวงการคลัง  ถนนพระรามที่ 6,,,"1524150.281963378,665818.6354972575",หน้ากระทรวงการคลัง  ถนนพระรามที่ 6,,,กรุงเทพมหานคร,2025-11-20T21:02:37.594622,,0,0,2025-11-20T21:02:37.594622
EXT-03874,{ที่ตั้งจุดเสี่ยงภัยสะพานลอยและป้ายรถโดยสารประจำทาง},กรมป้องกันและบรรเทาสาธารณภัย,บริเวณหน้าโรงเรียนสามเสนวิทยาลัย ถนนพระรามที่ 6,,,"1524345.977532607,665884.9981784064",บริเวณหน้าโรงเรียนสามเสนวิทยาลัย ถนนพระรามที่ 6,,,กรุงเทพมหานคร,2025-11-20T21:02:37.594622,,0,0,2025-11-20T21:02:37.594622
EXT-03875,{ที่ตั้งจุดเสี่ยงภัยสะพานลอยและป้ายรถโดยสารประจำทาง},กรมป้องกันและบรรเทาสาธารณภัย,บริเวณหน้าโรงเรียนสามเสนวิทยาลัย ถนนพระรามที่ 6,,,"1524402.7355477943,665907.1160571156",บริเวณหน้าโรงเรียนสามเสนวิทยาลัย ถนนพระรามที่ 6,,,กรุงเทพมหานคร,2025-11-20T21:02:37.594622,,0,0,2025-11-20T21:02:37.594622
EXT-03876,{ที่ตั้งจุดเสี่ยงภัยสะพานลอยและป้ายรถโดยสารประจำทาง},กรมป้องกันและบรรเทาสาธารณภัย,บริเวณสามแยกสะพานควาย ถนนพหลโยธิน,,,"1525038.2526211222,667374.0532712815",บริเวณสามแยกสะพานควาย ถนนพหลโยธิน,,,กรุงเทพมหานคร,2025-11-20T21:02:37.594622,,0,0,2025-11-20T21:02:37.594622
EXT-03877,{ที่ตั้งจุดเสี่ยงภัยสะพานลอยและป้ายรถโดยสารประจำทาง},กรมป้องกันและบรรเทาสาธารณภัย,บริเวณสามแยกสะพานควาย ถนนพหลโยธิน,,,"1525097.9345173603,667391.6310048158",บริเวณสามแยกสะพานควาย ถนนพหลโยธิน,,,กรุงเทพมหานคร,2025-11-20T21:02:37.594622,,0,0,2025-11-20T21:02:37.594622
EXT-03878,{ที่ตั้งจุดเสี่ยงภัยสะพานลอยและป้ายรถโดยสารประจำทาง},กรมป้องกันและบรรเทาสาธารณภัย,บริเวณปากซอยบุญอยู่ ถนนดินแดง,,,"1522103.5404164838,667036.5167460636",บริเวณปากซอยบุญอยู่ ถนนดินแดง,,,กรุงเทพมหานคร,2025-11-20T21:02:37.594622,,0,0,2025-11-20T21:02:37.594622
EXT-03879,{ที่ตั้งจุดเสี่ยงภัยสะพานลอยและป้ายรถโดยสารประจำทาง},กรมป้องกันและบรรเทาสาธารณภัย,บริเวณปากซอยบุญอยู่ ถนนดินแดง,,,"1522099.7484651876,667020.4705364628",บริเวณปากซอยบุญอยู่ ถนนดินแดง,,,กรุงเทพมหานคร,2025-11-20T21:02:37.594622,,0,0,2025-11-20T21:02:37.594622
EXT-03880,{ที่ตั้งจุดเสี่ยงภัยสะพานลอยและป้ายรถโดยสารประจำทาง},กรมป้องกันและบรรเทาสาธารณภัย,บริเวณหน้ากองดุริยางค์ทหารบก ถนนวิภาวดีรังสิต,,,"1522938.3408922518,667719.9031684767",บริเวณหน้ากองดุริยางค์ทหารบก ถนนวิภาวดีรังสิต,,,กรุงเทพมหานคร,2025-11-20T21:02:37.594622,,0,0,2025-11-20T21:02:37.594622
EXT-03881,{ที่ตั้งจุดเสี่ยงภัยสะพานลอยและป้ายรถโดยสารประจำทาง},กรมป้องกันและบรรเทาสาธารณภัย,บริเวณหน้ากองดุริยางค์ทหารบก ถนนวิภาวดีรังสิต,,,"1522754.8391096098,667629.6321302415",บริเวณหน้ากองดุริยางค์ทหารบก ถนนวิภาวดีรังสิต,,,กรุงเทพมหานคร,2025-11-20T21:02:37.594622,,0,0,2025-11-20T21:02:37.594622
EXT-03882,{ที่ตั้งจุดเสี่ยงภัยสะพานลอยและป้ายรถโดยสารประจำทาง},กรมป้องกันและบรรเทาสาธารณภัย,สะพานข้ามคลองแสนแสบ (แยกอโศกเพชร)(สน.มักกะสัน),,,"1520404.4229880364,669006.0301950125",สะพานข้ามคลองแสนแสบ (แยกอโศกเพชร)(สน.มักกะสัน),,,กรุงเทพมหานคร,2025-11-20T21:02:37.594622,,0,0,2025-11-20T21:02:37.594622
EXT-03883,{ที่ตั้งจุดเสี่ยงภัยสะพานลอยและป้ายรถโดยสารประจำทาง},กรมป้องกันและบรรเทาสาธารณภัย,หน้าโรงเรียนดอนบอสโก  ถนนเพชรบุรี (สน.มักกะสัน),,,"1520574.8872834444,668607.2232147644",หน้าโรงเรียนดอนบอสโก  ถนนเพชรบุรี (สน.มักกะสัน),,,กรุงเทพมหานคร,2025-11-20T21:02:37.594622,,0,0,2025-11-20T21:02:37.594622
EXT-03884,{ที่ตั้งจุดเสี่ยงภัยสะพานลอยและป้ายรถโดยสารประจำทาง},กรมป้องกันและบรรเทาสาธารณภัย,ปากซอยออสก้า ถนนเพชรบุรี (สน.มักกะสัน),,,"1520612.0346817935,668298.7292182994",ปากซอยออสก้า ถนนเพชรบุรี (สน.มักกะสัน),,,กรุงเทพมหานคร,2025-11-20T21:02:37.594622,,0,0,2025-11-20T21:02:37.594622
EXT-03885,{ที่ตั้งจุดเสี่ยงภัยสะพานลอยและป้ายรถโดยสารประจำทาง},กรมป้องกันและบรรเทาสาธารณภัย,สะพานข้ามคลองแสนแสบ(แยกมิตรสัมพันธ์) (สน.มักกะสัน),,,"1520497.9440674272,669024.8172009377",สะพานข้ามคลองแสนแสบ(แยกมิตรสัมพันธ์) (สน.มักกะสัน),,,กรุงเทพมหานคร,2025-11-20T21:02:37.594622,,0,0,2025-11-20T21:02:37.594622
EXT-03886,{ที่ตั้งจุดเสี่ยงภัยสะพานลอยและป้ายรถโดยสารประจำทาง},กรมป้องกันและบรรเทาสาธารณภัย,ปากซอยสวนเงิน ถนนพระรามหก (สน.มักกะสัน),,,"1522931.241294102,665370.9885784304",ปากซอยสวนเงิน ถนนพระรามหก (สน.มักกะสัน),,,กรุงเทพมหานคร,2025-11-20T21:02:37.594622,,0,0,2025-11-20T21:02:37.594622
EXT-03887,{ที่ตั้งจุดเสี่ยงภัยสะพานลอยและป้ายรถโดยสารประจำทาง},กรมป้องกันและบรรเทาสาธารณภัย,หน้าโรงเรียนดอนบอสโก ถนนเพชรบุรี  (สน.มักกะสัน),,,"1520558.2713166266,668726.6083645236",หน้าโรงเรียนดอนบอสโก ถนนเพชรบุรี  (สน.มักกะสัน),,,กรุงเทพมหานคร,2025-11-20T21:02:37.594622,,0,0,2025-11-20T21:02:37.594622
EXT-03888,{ที่ตั้งจุดเสี่ยงภัยสะพานลอยและป้ายรถโดยสารประจำทาง},กรมป้องกันและบรรเทาสาธารณภัย,สะพานลอยหน้าโรงเรียนพิบูลย์อุปถัมภ์,,,"1525941.8860923082,671660.6412984309",สะพานลอยหน้าโรงเรียนพิบูลย์อุปถัมภ์,,,กรุงเทพมหานคร,2025-11-20T21:02:37.594622,,0,0,2025-11-20T21:02:37.594622
EXT-03889,{ที่ตั้งจุดเสี่ยงภัยสะพานลอยและป้ายรถโดยสารประจำทาง},กรมป้องกันและบรรเทาสาธารณภัย,สะพานลอยลาดพร้าว 44,,,"1526226.571692457,671155.0256193732",สะพานลอยลาดพร้าว 44,,,กรุงเทพมหานคร,2025-11-20T21:02:37.594622,,0,0,2025-11-20T21:02:37.594622
EXT-03890,{ที่ตั้งจุดเสี่ยงภัยสะพานลอยและป้ายรถโดยสารประจำทาง},กรมป้องกันและบรรเทาสาธารณภัย,สะพานลอยหน้า มศว.ประสานมิตร ถ.เพชรบุรี,,,"1520492.2588183924,669311.2902335817",สะพานลอยหน้า มศว.ประสานมิตร ถ.เพชรบุรี,,,กรุงเทพมหานคร,2025-11-20T21:02:37.594622,,0,0,2025-11-20T21:02:37.594622
EXT-03891,{ที่ตั้งจุดเสี่ยงภัยสะพานลอยและป้ายรถโดยสารประจำทาง},กรมป้องกันและบรรเทาสาธารณภัย,สะพานลอยหน้าบริษัทอิตัลไทยจำกัด ถ.เพชรบุรี,,,"1520328.8540921377,670202.9479862518",สะพานลอยหน้าบริษัทอิตัลไทยจำกัด ถ.เพชรบุรี,,,กรุงเทพมหานคร,2025-11-20T21:02:37.594622,,0,0,2025-11-20T21:02:37.594622
EXT-03892,{ที่ตั้งจุดเสี่ยงภัยสะพานลอยและป้ายรถโดยสารประจำทาง},กรมป้องกันและบรรเทาสาธารณภัย,สะพานลอยหน้าบริษัทสหพัฒนพิบูลย์จำกัด,,,"1520189.5695593655,670738.1056018573",สะพานลอยหน้าบริษัทสหพัฒนพิบูลย์จำกัด,,,กรุงเทพมหานคร,2025-11-20T21:02:37.594622,,0,0,2025-11-20T21:02:37.594622
EXT-03893,{ที่ตั้งจุดเสี่ยงภัยสะพานลอยและป้ายรถโดยสารประจำทาง},กรมป้องกันและบรรเทาสาธารณภัย,สะพานลอยหน้าอาบ อบ นวด เมรี ถ.เพชรบุรี,,,"1519893.2426473391,672148.9252337446",สะพานลอยหน้าอาบ อบ นวด เมรี ถ.เพชรบุรี,,,กรุงเทพมหานคร,2025-11-20T21:02:37.594622,,0,0,2025-11-20T21:02:37.594622
EXT-03894,{ที่ตั้งจุดเสี่ยงภัยสะพานลอยและป้ายรถโดยสารประจำทาง},กรมป้องกันและบรรเทาสาธารณภัย,สะพานลอยหน้าดาราคาเฟ่ ถ.เพชรบุรี,,,"1519849.2528121744,672353.5079188967",สะพานลอยหน้าดาราคาเฟ่ ถ.เพชรบุรี,,,กรุงเทพมหานคร,2025-11-20T21:02:37.594622,,0,0,2025-11-20T21:02:37.594622
EXT-03895,{ที่ตั้งจุดเสี่ยงภัยสะพานลอยและป้ายรถโดยสารประจำทาง},กรมป้องกันและบรรเทาสาธารณภัย,สะพานลอยหน้าชุมชนโรงปูน ถ.เพชรบุรี พระราม 9,,,"1519992.094970376,672685.958238338",สะพานลอยหน้าชุมชนโรงปูน ถ.เพชรบุรี พระราม 9,,,กรุงเทพมหานคร,2025-11-20T21:02:37.594622,,0,0,2025-11-20T21:02:37.594622
EXT-03896,{ที่ตั้งจุดเสี่ยงภัยสะพานลอยและป้ายรถโดยสารประจำทาง},กรมป้องกันและบรรเทาสาธารณภัย,สะพานลอยข้ามคลองแสนแสบ,,,"1519943.6160926397,672870.7779581154",สะพานลอยข้ามคลองแสนแสบ,,,กรุงเทพมหานคร,2025-11-20T21:02:37.594622,,0,0,2025-11-20T21:02:37.594622
EXT-03897,{ที่ตั้งจุดเสี่ยงภัยสะพานลอยและป้ายรถโดยสารประจำทาง},กรมป้องกันและบรรเทาสาธารณภัย,สะพานลอยหน้าโรงแรมอมารี ถ.เพชรบุรี,,,"1520402.7747274272,669772.3346650416",สะพานลอยหน้าโรงแรมอมารี ถ.เพชรบุรี,,,กรุงเทพมหานคร,2025-11-20T21:02:37.594622,,0,0,2025-11-20T21:02:37.594622
EXT-03898,{ที่ตั้งจุดเสี่ยงภัยสะพานลอยและป้ายรถโดยสารประจำทาง},กรมป้องกันและบรรเทาสาธารณภัย,สะพานข้ามท่าเรือคลองตัน,,,"1519723.1927106064,672800.4631575579",สะพานข้ามท่าเรือคลองตัน,,,กรุงเทพมหานคร,2025-11-20T21:02:37.594622,,0,0,2025-11-20T21:02:37.594622
EXT-03899,{ที่ตั้งจุดเสี่ยงภัยสะพานลอยและป้ายรถโดยสารประจำทาง},กรมป้องกันและบรรเทาสาธารณภัย,ปากซอยนาทอง ซอยรัชดา 7,,,"1523151.3500017575,670075.8675947976",ปากซอยนาทอง ซอยรัชดา 7,,,กรุงเทพมหานคร,2025-11-20T21:02:37.594622,,0,0,2025-11-20T21:02:37.594622
EXT-03900,{ที่ตั้งจุดเสี่ยงภัยสะพานลอยและป้ายรถโดยสารประจำทาง},กรมป้องกันและบรรเทาสาธารณภัย,หน้าวัดธาตุทอง,,,"1517249.1073430495,671477.2062102422",หน้าวัดธาตุทอง,,,กรุงเทพมหานคร,2025-11-20T21:02:37.594622,,0,0,2025-11-20T21:02:37.594622
EXT-03901,{ที่ตั้งจุดเสี่ยงภัยสะพานลอยและป้ายรถโดยสารประจำทาง},กรมป้องกันและบรรเทาสาธารณภัย,ปากซอยสุขุมวิท 65,,,"1517054.2903286903,671749.8222503666",ปากซอยสุขุมวิท 65,,,กรุงเทพมหานคร,2025-11-20T21:02:37.594622,,0,0,2025-11-20T21:02:37.594622
EXT-03902,{ที่ตั้งจุดเสี่ยงภัยสะพานลอยและป้ายรถโดยสารประจำทาง},กรมป้องกันและบรรเทาสาธารณภัย,ปากซอยสุขุมวิท 65/1,,,"1516991.6521432707,671825.6904049278",ปากซอยสุขุมวิท 65/1,,,กรุงเทพมหานคร,2025-11-20T21:02:37.594622,,0,0,2025-11-20T21:02:37.594622
EXT-03903,{ที่ตั้งจุดเสี่ยงภัยสะพานลอยและป้ายรถโดยสารประจำทาง},กรมป้องกันและบรรเทาสาธารณภัย,ปากซอยสุขุมวิท 69,,,"1516727.1460829119,672188.3325438295",ปากซอยสุขุมวิท 69,,,กรุงเทพมหานคร,2025-11-20T21:02:37.594622,,0,0,2025-11-20T21:02:37.594622
EXT-03904,{ที่ตั้งจุดเสี่ยงภัยสะพานลอยและป้ายรถโดยสารประจำทาง},กรมป้องกันและบรรเทาสาธารณภัย,ปากซอยปรีดีฯ 14,,,"1517301.1932769364,672561.9415864116",ปากซอยปรีดีฯ 14,,,กรุงเทพมหานคร,2025-11-20T21:02:37.594622,,0,0,2025-11-20T21:02:37.594622
EXT-03905,{ที่ตั้งจุดเสี่ยงภัยสะพานลอยและป้ายรถโดยสารประจำทาง},กรมป้องกันและบรรเทาสาธารณภัย,ปากซอยปรีดีฯ  4,,,"1516880.041331177,672498.9098334452",ปากซอยปรีดีฯ  4,,,กรุงเทพมหานคร,2025-11-20T21:02:37.594622,,0,0,2025-11-20T21:02:37.594622
EXT-03906,{ที่ตั้งจุดเสี่ยงภัยสะพานลอยและป้ายรถโดยสารประจำทาง},กรมป้องกันและบรรเทาสาธารณภัย,ปากซอยปรีดีฯ 5,,,"1516869.1737694095,672480.1486385458",ปากซอยปรีดีฯ 5,,,กรุงเทพมหานคร,2025-11-20T21:02:37.594622,,0,0,2025-11-20T21:02:37.594622
EXT-03907,{ที่ตั้งจุดเสี่ยงภัยสะพานลอยและป้ายรถโดยสารประจำทาง},กรมป้องกันและบรรเทาสาธารณภัย,ปากซอยปรีดีฯ 13,,,"1517392.102204213,672553.5112940845",ปากซอยปรีดีฯ 13,,,กรุงเทพมหานคร,2025-11-20T21:02:37.594622,,0,0,2025-11-20T21:02:37.594622
EXT-03908,{ที่ตั้งจุดเสี่ยงภัยสะพานลอยและป้ายรถโดยสารประจำทาง},กรมป้องกันและบรรเทาสาธารณภัย,ปากซอยปรีดีฯ 26,,,"1517918.789723217,672574.4304715795",ปากซอยปรีดีฯ 26,,,กรุงเทพมหานคร,2025-11-20T21:02:37.594622,,0,0,2025-11-20T21:02:37.594622
EXT-03909,{ที่ตั้งจุดเสี่ยงภัยสะพานลอยและป้ายรถโดยสารประจำทาง},กรมป้องกันและบรรเทาสาธารณภัย,ใต้สะพานคลองพระโขนง,,,"1516319.2742532012,672709.6735192162",ใต้สะพานคลองพระโขนง,,,กรุงเทพมหานคร,2025-11-20T21:02:37.594622,,0,0,2025-11-20T21:02:37.594622
EXT-03910,{ที่ตั้งจุดเสี่ยงภัยสะพานลอยและป้ายรถโดยสารประจำทาง},กรมป้องกันและบรรเทาสาธารณภัย,หน้าสถานทูตเนปาล สุขุมวิท 71,,,"1517103.6357556758,672540.984387319",หน้าสถานทูตเนปาล สุขุมวิท 71,,,กรุงเทพมหานคร,2025-11-20T21:02:37.594622,,0,0,2025-11-20T21:02:37.594622
EXT-03911,{ที่ตั้งจุดเสี่ยงภัยสะพานลอยและป้ายรถโดยสารประจำทาง},กรมป้องกันและบรรเทาสาธารณภัย,หน้าห้างคาร์ฟู สาขาอ่อนนุช,,,"1516172.8176340372,673121.3298029632",หน้าห้างคาร์ฟู สาขาอ่อนนุช,,,กรุงเทพมหานคร,2025-11-20T21:02:37.594622,,0,0,2025-11-20T21:02:37.594622
EXT-03912,{ที่ตั้งจุดเสี่ยงภัยสะพานลอยและป้ายรถโดยสารประจำทาง},กรมป้องกันและบรรเทาสาธารณภัย,หน้าวัดเสมียนนารี ถ.วิภาวดีรังสิต,,,"1530513.8872648904,668316.1209582441",หน้าวัดเสมียนนารี ถ.วิภาวดีรังสิต,,,กรุงเทพมหานคร,2025-11-20T21:02:37.594622,,0,0,2025-11-20T21:02:37.594622
EXT-03913,{ที่ตั้งจุดเสี่ยงภัยสะพานลอยและป้ายรถโดยสารประจำทาง},กรมป้องกันและบรรเทาสาธารณภัย,หน้าวัดเทวสุนทร,,,"1532127.9234350438,669029.0435562024",หน้าวัดเทวสุนทร,,,กรุงเทพมหานคร,2025-11-20T21:02:37.594622,,0,0,2025-11-20T21:02:37.594622
EXT-03914,{ที่ตั้งจุดเสี่ยงภัยสะพานลอยและป้ายรถโดยสารประจำทาง},กรมป้องกันและบรรเทาสาธารณภัย,สะพานลอยสวนสมเด็จย่าฯ ถ.วิภาวดีรังสิต,,,"1527782.4878015148,668688.4341599701",สะพานลอยสวนสมเด็จย่าฯ ถ.วิภาวดีรังสิต,,,กรุงเทพมหานคร,2025-11-20T21:02:37.594622,,0,0,2025-11-20T21:02:37.594622
EXT-03915,{ที่ตั้งจุดเสี่ยงภัยสะพานลอยและป้ายรถโดยสารประจำทาง},กรมป้องกันและบรรเทาสาธารณภัย,ปากซ.วิภาวดี 3 ถ.วิภาวดีรังสิต,,,"1525970.0418114641,668682.4185497168",ปากซ.วิภาวดี 3 ถ.วิภาวดีรังสิต,,,กรุงเทพมหานคร,2025-11-20T21:02:37.594622,,0,0,2025-11-20T21:02:37.594622
EXT-03916,{ที่ตั้งจุดเสี่ยงภัยสะพานลอยและป้ายรถโดยสารประจำทาง},กรมป้องกันและบรรเทาสาธารณภัย,หน้า ธ.ไทยพาณิชย์ สนญ. ถ.รัชดาฯ,,,"1529174.1606849304,669345.8284774832",หน้า ธ.ไทยพาณิชย์ สนญ. ถ.รัชดาฯ,,,กรุงเทพมหานคร,2025-11-20T21:02:37.594622,,0,0,2025-11-20T21:02:37.594622
EXT-03917,{ที่ตั้งจุดเสี่ยงภัยสะพานลอยและป้ายรถโดยสารประจำทาง},กรมป้องกันและบรรเทาสาธารณภัย,หน้าอาคารเจบี ถ.วิภาวดีรังสิต,,,"1526517.5970726518,668624.4660079954",หน้าอาคารเจบี ถ.วิภาวดีรังสิต,,,กรุงเทพมหานคร,2025-11-20T21:02:37.594622,,0,0,2025-11-20T21:02:37.594622
EXT-03918,{ที่ตั้งจุดเสี่ยงภัยสะพานลอยและป้ายรถโดยสารประจำทาง},กรมป้องกันและบรรเทาสาธารณภัย,ใกล้ปาก ซ.วิภาวดี 9 ถ.วิภาวดีรัสิต,,,"1526957.2731376914,668574.7225420083",ใกล้ปาก ซ.วิภาวดี 9 ถ.วิภาวดีรัสิต,,,กรุงเทพมหานคร,2025-11-20T21:02:37.594622,,0,0,2025-11-20T21:02:37.594622
EXT-03919,{ที่ตั้งจุดเสี่ยงภัยสะพานลอยและป้ายรถโดยสารประจำทาง},กรมป้องกันและบรรเทาสาธารณภัย,สถานี BTS ใกล้หมอชิต,,,"1526684.2551239606,668119.3298319259",สถานี BTS ใกล้หมอชิต,,,กรุงเทพมหานคร,2025-11-20T21:02:37.594622,,0,0,2025-11-20T21:02:37.594622
EXT-03920,{ที่ตั้งจุดเสี่ยงภัยสะพานลอยและป้ายรถโดยสารประจำทาง},กรมป้องกันและบรรเทาสาธารณภัย,ลานจอดรถ BTS หมอชิต,,,"1526606.5039837232,668075.2392574298",ลานจอดรถ BTS หมอชิต,,,กรุงเทพมหานคร,2025-11-20T21:02:37.594622,,0,0,2025-11-20T21:02:37.594622
EXT-03921,{ที่ตั้งจุดเสี่ยงภัยสะพานลอยและป้ายรถโดยสารประจำทาง},กรมป้องกันและบรรเทาสาธารณภัย,หน้า ร.ร.การบินพลเรือน ถ.พหลโยธิน,,,"1526236.5772168105,667869.0935266356",หน้า ร.ร.การบินพลเรือน ถ.พหลโยธิน,,,กรุงเทพมหานคร,2025-11-20T21:02:37.594622,,0,0,2025-11-20T21:02:37.594622
EXT-03922,{ที่ตั้งจุดเสี่ยงภัยสะพานลอยและป้ายรถโดยสารประจำทาง},กรมป้องกันและบรรเทาสาธารณภัย,หน้า ร.ร.ปัญจวิทยา ถ.พหลโยธิน,,,"1525830.959807028,667817.9840836026",หน้า ร.ร.ปัญจวิทยา ถ.พหลโยธิน,,,กรุงเทพมหานคร,2025-11-20T21:02:37.594622,,0,0,2025-11-20T21:02:37.594622
EXT-03923,{ที่ตั้งจุดเสี่ยงภัยสะพานลอยและป้ายรถโดยสารประจำทาง},กรมป้องกันและบรรเทาสาธารณภัย,ใต้สะพานพระราม 9,,,"1513298.4342167226,664281.9463146668",ใต้สะพานพระราม 9,,,กรุงเทพมหานคร,2025-11-20T21:02:37.594622,,0,0,2025-11-20T21:02:37.594622
EXT-03924,{ที่ตั้งจุดเสี่ยงภัยสะพานลอยและป้ายรถโดยสารประจำทาง},กรมป้องกันและบรรเทาสาธารณภัย,ถ.รัชดาตัดพระราม 3   (สะพานแขวน),,,"1513492.219792056,664445.6026825241",ถ.รัชดาตัดพระราม 3   (สะพานแขวน),,,กรุงเทพมหานคร,2025-11-20T21:02:37.594622,,0,0,2025-11-20T21:02:37.594622
EXT-03925,{ที่ตั้งจุดเสี่ยงภัยสะพานลอยและป้ายรถโดยสารประจำทาง},กรมป้องกันและบรรเทาสาธารณภัย,ปากซอยประดู่ 1  ตัดถนนรัชดา,,,"1513673.3037090527,664609.4795304851",ปากซอยประดู่ 1  ตัดถนนรัชดา,,,กรุงเทพมหานคร,2025-11-20T21:02:37.594622,,0,0,2025-11-20T21:02:37.594622
EXT-03926,{ที่ตั้งจุดเสี่ยงภัยสะพานลอยและป้ายรถโดยสารประจำทาง},กรมป้องกันและบรรเทาสาธารณภัย,ปากซอยนราธิวาสที่ 22   ถ.นราธิวาส,,,"1515687.5741768344,666349.1545180841",ปากซอยนราธิวาสที่ 22   ถ.นราธิวาส,,,กรุงเทพมหานคร,2025-11-20T21:02:37.594622,,0,0,2025-11-20T21:02:37.594622
EXT-03927,{ที่ตั้งจุดเสี่ยงภัยสะพานลอยและป้ายรถโดยสารประจำทาง},กรมป้องกันและบรรเทาสาธารณภัย,ปากซอยนราธิวาสที่ 24   ถ.นราธิวาส,,,"1515311.4886314818,666561.0767366814",ปากซอยนราธิวาสที่ 24   ถ.นราธิวาส,,,กรุงเทพมหานคร,2025-11-20T21:02:37.594622,,0,0,2025-11-20T21:02:37.594622
EXT-03928,{ที่ตั้งจุดเสี่ยงภัยสะพานลอยและป้ายรถโดยสารประจำทาง},กรมป้องกันและบรรเทาสาธารณภัย,ปากซอยนราธิวาสที่ 26,,,"1514972.517515987,666798.4871406873",ปากซอยนราธิวาสที่ 26,,,กรุงเทพมหานคร,2025-11-20T21:02:37.594622,,0,0,2025-11-20T21:02:37.594622
EXT-03929,{ที่ตั้งจุดเสี่ยงภัยสะพานลอยและป้ายรถโดยสารประจำทาง},กรมป้องกันและบรรเทาสาธารณภัย,ถ.นราธิวาส (หลังโลตัสพระราม 3),,,"1514669.1696022903,667090.3375939351",ถ.นราธิวาส (หลังโลตัสพระราม 3),,,กรุงเทพมหานคร,2025-11-20T21:02:37.594622,,0,0,2025-11-20T21:02:37.594622
EXT-03930,{ที่ตั้งจุดเสี่ยงภัยสะพานลอยและป้ายรถโดยสารประจำทาง},กรมป้องกันและบรรเทาสาธารณภัย,ปากซอยพระราม 3 ที่ 67 (หลังวัดช่องนนทรี),,,"1514545.4929107446,667256.8763723332",ปากซอยพระราม 3 ที่ 67 (หลังวัดช่องนนทรี),,,กรุงเทพมหานคร,2025-11-20T21:02:37.594622,,0,0,2025-11-20T21:02:37.594622
EXT-03931,{ที่ตั้งจุดเสี่ยงภัยสะพานลอยและป้ายรถโดยสารประจำทาง},กรมป้องกันและบรรเทาสาธารณภัย,ปากซอยพระราม 3 ที่ 63 (หน้าอู่ต่อเรือหยูลิมโบ้ท),,,"1513716.644988059,667359.4809406068",ปากซอยพระราม 3 ที่ 63 (หน้าอู่ต่อเรือหยูลิมโบ้ท),,,กรุงเทพมหานคร,2025-11-20T21:02:37.594622,,0,0,2025-11-20T21:02:37.594622
EXT-03932,{ที่ตั้งจุดเสี่ยงภัยสะพานลอยและป้ายรถโดยสารประจำทาง},กรมป้องกันและบรรเทาสาธารณภัย,ปากซอยถ.วงแหวนตัด ถ.พระราม 3,,,"1515603.8957192346,667131.2675828491",ปากซอยถ.วงแหวนตัด ถ.พระราม 3,,,กรุงเทพมหานคร,2025-11-20T21:02:37.594622,,0,0,2025-11-20T21:02:37.594622
EXT-03933,{ที่ตั้งจุดเสี่ยงภัยสะพานลอยและป้ายรถโดยสารประจำทาง},กรมป้องกันและบรรเทาสาธารณภัย,ปากซอยพระราม 3 ที่ 61,,,"1513417.0700542417,667384.5414073707",ปากซอยพระราม 3 ที่ 61,,,กรุงเทพมหานคร,2025-11-20T21:02:37.594622,,0,0,2025-11-20T21:02:37.594622
EXT-03934,{ที่ตั้งจุดเสี่ยงภัยสะพานลอยและป้ายรถโดยสารประจำทาง},กรมป้องกันและบรรเทาสาธารณภัย,ปากซอยพระราม 3 ที่ 59 (หน้าวัดคลองภูมิ),,,"1512955.5039099532,667401.8830730726",ปากซอยพระราม 3 ที่ 59 (หน้าวัดคลองภูมิ),,,กรุงเทพมหานคร,2025-11-20T21:02:37.594622,,0,0,2025-11-20T21:02:37.594622
EXT-03935,{ที่ตั้งจุดเสี่ยงภัยสะพานลอยและป้ายรถโดยสารประจำทาง},กรมป้องกันและบรรเทาสาธารณภัย,ปากซอยพระราม 3 ที่ 57 (หน้าวัดคลองใหม่),,,"1512713.099863439,667271.8940177145",ปากซอยพระราม 3 ที่ 57 (หน้าวัดคลองใหม่),,,กรุงเทพมหานคร,2025-11-20T21:02:37.594622,,0,0,2025-11-20T21:02:37.594622
EXT-03936,{ที่ตั้งจุดเสี่ยงภัยสะพานลอยและป้ายรถโดยสารประจำทาง},กรมป้องกันและบรรเทาสาธารณภัย,ปากซอยพระราม 3 ที่ 49,,,"1512217.545131773,666825.9457374975",ปากซอยพระราม 3 ที่ 49,,,กรุงเทพมหานคร,2025-11-20T21:02:37.594622,,0,0,2025-11-20T21:02:37.594622
EXT-03937,{ที่ตั้งจุดเสี่ยงภัยสะพานลอยและป้ายรถโดยสารประจำทาง},กรมป้องกันและบรรเทาสาธารณภัย,ปากซอยพระราม 3 ที่ 47 (หน้าวัดด่าน),,,"1512082.5678168721,666614.8715625118",ปากซอยพระราม 3 ที่ 47 (หน้าวัดด่าน),,,กรุงเทพมหานคร,2025-11-20T21:02:37.594622,,0,0,2025-11-20T21:02:37.594622
EXT-03938,{ที่ตั้งจุดเสี่ยงภัยสะพานลอยและป้ายรถโดยสารประจำทาง},กรมป้องกันและบรรเทาสาธารณภัย,ปากซอยพระราม 3 ที่ 41 (หน้าจตุจักรพระราม 3),,,"1512216.7587562029,666006.838235367",ปากซอยพระราม 3 ที่ 41 (หน้าจตุจักรพระราม 3),,,กรุงเทพมหานคร,2025-11-20T21:02:37.594622,,0,0,2025-11-20T21:02:37.594622
EXT-03939,{ที่ตั้งจุดเสี่ยงภัยสะพานลอยและป้ายรถโดยสารประจำทาง},กรมป้องกันและบรรเทาสาธารณภัย,ปากซอยพระราม 3 ที่ 39 (หน้าคลังแก๊ส ปตท.),,,"1512514.0893675848,665662.6815448438",ปากซอยพระราม 3 ที่ 39 (หน้าคลังแก๊ส ปตท.),,,กรุงเทพมหานคร,2025-11-20T21:02:37.594622,,0,0,2025-11-20T21:02:37.594622
EXT-03940,{ที่ตั้งจุดเสี่ยงภัยสะพานลอยและป้ายรถโดยสารประจำทาง},กรมป้องกันและบรรเทาสาธารณภัย,ปากซอยพระราม 3 ที่ 33 (หน้าวัดดอกไม้),,,"1513059.8193052078,665088.4687186693",ปากซอยพระราม 3 ที่ 33 (หน้าวัดดอกไม้),,,กรุงเทพมหานคร,2025-11-20T21:02:37.594622,,0,0,2025-11-20T21:02:37.594622
EXT-03941,{ที่ตั้งจุดเสี่ยงภัยสะพานลอยและป้ายรถโดยสารประจำทาง},กรมป้องกันและบรรเทาสาธารณภัย,ปากซอยพระราม 3 ที่ 29 (ทางเข้าชุมชนจตุมิตร),,,"1513298.8039841473,664772.1991977192",ปากซอยพระราม 3 ที่ 29 (ทางเข้าชุมชนจตุมิตร),,,กรุงเทพมหานคร,2025-11-20T21:02:37.594622,,0,0,2025-11-20T21:02:37.594622
EXT-03942,{ที่ตั้งจุดเสี่ยงภัยสะพานลอยและป้ายรถโดยสารประจำทาง},กรมป้องกันและบรรเทาสาธารณภัย,ปากซอย 47  ถนนพระรามที่ 3,,,"1512146.9739838701,666676.4113965419",ปากซอย 47  ถนนพระรามที่ 3,,,กรุงเทพมหานคร,2025-11-20T21:02:37.594622,,0,0,2025-11-20T21:02:37.594622
EXT-03943,{ที่ตั้งจุดเสี่ยงภัยสะพานลอยและป้ายรถโดยสารประจำทาง},กรมป้องกันและบรรเทาสาธารณภัย,วัดคลองใหม่  ถนนพระรามที่ 3,,,"1512723.1647923873,667276.5272912164",วัดคลองใหม่  ถนนพระรามที่ 3,,,กรุงเทพมหานคร,2025-11-20T21:02:37.594622,,0,0,2025-11-20T21:02:37.594622
EXT-03944,{ที่ตั้งจุดเสี่ยงภัยสะพานลอยและป้ายรถโดยสารประจำทาง},กรมป้องกันและบรรเทาสาธารณภัย,กรุงศรีอยุธยา  สำนักงานใหญ่  ถนนพระรามที่ 3,,,"1512602.7273667834,667271.5949763717",กรุงศรีอยุธยา  สำนักงานใหญ่  ถนนพระรามที่ 3,,,กรุงเทพมหานคร,2025-11-20T21:02:37.594622,,0,0,2025-11-20T21:02:37.594622
EXT-03945,{ที่ตั้งจุดเสี่ยงภัยสะพานลอยและป้ายรถโดยสารประจำทาง},กรมป้องกันและบรรเทาสาธารณภัย,ใกล้สี่แยกท่าน้ำสาธุประดิษฐ์  ถนนพระรามที่ 3,,,"1512758.530217801,665332.9227332514",ใกล้สี่แยกท่าน้ำสาธุประดิษฐ์  ถนนพระรามที่ 3,,,กรุงเทพมหานคร,2025-11-20T21:02:37.594622,,0,0,2025-11-20T21:02:37.594622
EXT-03946,{ที่ตั้งจุดเสี่ยงภัยสะพานลอยและป้ายรถโดยสารประจำทาง},กรมป้องกันและบรรเทาสาธารณภัย,ปากซอยประดู่ 1 ถนนรัชดาภิเษก,,,"1513649.2604904824,664636.683736748",ปากซอยประดู่ 1 ถนนรัชดาภิเษก,,,กรุงเทพมหานคร,2025-11-20T21:02:37.594622,,0,0,2025-11-20T21:02:37.594622
EXT-03947,{ที่ตั้งจุดเสี่ยงภัยสะพานลอยและป้ายรถโดยสารประจำทาง},กรมป้องกันและบรรเทาสาธารณภัย,หน้าวัดราชสิงขร  ถนนเจริญกรุง,,,"1515606.7215959234,662810.7461054396",หน้าวัดราชสิงขร  ถนนเจริญกรุง,,,กรุงเทพมหานคร,2025-11-20T21:02:37.594622,,0,0,2025-11-20T21:02:37.594622
EXT-03948,{ที่ตั้งจุดเสี่ยงภัยสะพานลอยและป้ายรถโดยสารประจำทาง},กรมป้องกันและบรรเทาสาธารณภัย,หน้าวัดบางโคล่นอก ถนนพระรามที่3,,,"1513783.3463770032,663725.6655907438",หน้าวัดบางโคล่นอก ถนนพระรามที่3,,,กรุงเทพมหานคร,2025-11-20T21:02:37.594622,,0,0,2025-11-20T21:02:37.594622
EXT-03949,{ที่ตั้งจุดเสี่ยงภัยสะพานลอยและป้ายรถโดยสารประจำทาง},กรมป้องกันและบรรเทาสาธารณภัย,ปากทางเข้าร้านอาหารเรือนเจ้าพระยา ถนนพระรามที่3,,,"1513884.1119272464,663222.2933469452",ปากทางเข้าร้านอาหารเรือนเจ้าพระยา ถนนพระรามที่3,,,กรุงเทพมหานคร,2025-11-20T21:02:37.594622,,0,0,2025-11-20T21:02:37.594622
EXT-03950,{ที่ตั้งจุดเสี่ยงภัยสะพานลอยและป้ายรถโดยสารประจำทาง},กรมป้องกันและบรรเทาสาธารณภัย,ตึกร้างพระรามที่ 3 ซอย 21,,,"1513921.6167606753,663380.4868110213",ตึกร้างพระรามที่ 3 ซอย 21,,,กรุงเทพมหานคร,2025-11-20T21:02:37.594622,,0,0,2025-11-20T21:02:37.594622
EXT-03951,{ที่ตั้งจุดเสี่ยงภัยสะพานลอยและป้ายรถโดยสารประจำทาง},กรมป้องกันและบรรเทาสาธารณภัย,ปากทางเข้าซอยจันทร์ 59 ถนนจันทน์,,,"1516093.2793360937,663634.8365429784",ปากทางเข้าซอยจันทร์ 59 ถนนจันทน์,,,กรุงเทพมหานคร,2025-11-20T21:02:37.594622,,0,0,2025-11-20T21:02:37.594622
EXT-03952,{ที่ตั้งจุดเสี่ยงภัยสะพานลอยและป้ายรถโดยสารประจำทาง},กรมป้องกันและบรรเทาสาธารณภัย,ปากซอยสุขุมวิท 64  ถนนสุขุมวิท,,,"1513817.970235689,674055.2991646081",ปากซอยสุขุมวิท 64  ถนนสุขุมวิท,,,กรุงเทพมหานคร,2025-11-20T21:02:37.594622,,0,0,2025-11-20T21:02:37.594622
EXT-03953,{ที่ตั้งจุดเสี่ยงภัยสะพานลอยและป้ายรถโดยสารประจำทาง},กรมป้องกันและบรรเทาสาธารณภัย,ตลาดบางจาก  ถนนสุขุมวิท,,,"1514962.230925288,673531.7257867646",ตลาดบางจาก  ถนนสุขุมวิท,,,กรุงเทพมหานคร,2025-11-20T21:02:37.594622,,0,0,2025-11-20T21:02:37.594622
EXT-03954,{ที่ตั้งจุดเสี่ยงภัยสะพานลอยและป้ายรถโดยสารประจำทาง},กรมป้องกันและบรรเทาสาธารณภัย,หน้าสำนักงานเขตฯ ปากซอยสุขุมวิท 54,,,"1515413.1096698537,673280.8719191472",หน้าสำนักงานเขตฯ ปากซอยสุขุมวิท 54,,,กรุงเทพมหานคร,2025-11-20T21:02:37.594622,,0,0,2025-11-20T21:02:37.594622
EXT-03955,{ที่ตั้งจุดเสี่ยงภัยสะพานลอยและป้ายรถโดยสารประจำทาง},กรมป้องกันและบรรเทาสาธารณภัย,หน้าธนาคารกรุงเทพ  ก่อนถึงปากซอย 83,,,"1515484.782203459,673276.4838048449",หน้าธนาคารกรุงเทพ  ก่อนถึงปากซอย 83,,,กรุงเทพมหานคร,2025-11-20T21:02:37.594622,,0,0,2025-11-20T21:02:37.594622
EXT-03956,{ที่ตั้งจุดเสี่ยงภัยสะพานลอยและป้ายรถโดยสารประจำทาง},กรมป้องกันและบรรเทาสาธารณภัย,ปากซอยบางนา - ตราด 2 (หน้าไบเทค),,,"1511964.217744325,674554.3467792689",ปากซอยบางนา - ตราด 2 (หน้าไบเทค),,,กรุงเทพมหานคร,2025-11-20T21:02:37.594622,,0,0,2025-11-20T21:02:37.594622
EXT-03957,{ที่ตั้งจุดเสี่ยงภัยสะพานลอยและป้ายรถโดยสารประจำทาง},กรมป้องกันและบรรเทาสาธารณภัย,หน้าหมู่บ้านถาวรนิเวศน์ 2,,,"1511048.0302050533,674868.3913672866",หน้าหมู่บ้านถาวรนิเวศน์ 2,,,กรุงเทพมหานคร,2025-11-20T21:02:37.594622,,0,0,2025-11-20T21:02:37.594622
EXT-03958,{ที่ตั้งจุดเสี่ยงภัยสะพานลอยและป้ายรถโดยสารประจำทาง},กรมป้องกันและบรรเทาสาธารณภัย,หน้าห้างเซ็นทรัลบางนา,,,"1511627.0267586396,676792.2328173793",หน้าห้างเซ็นทรัลบางนา,,,กรุงเทพมหานคร,2025-11-20T21:02:37.594622,,0,0,2025-11-20T21:02:37.594622
EXT-03959,{ที่ตั้งจุดเสี่ยงภัยสะพานลอยและป้ายรถโดยสารประจำทาง},กรมป้องกันและบรรเทาสาธารณภัย,หน้าการเคหะบางนา (หน้าห้างอินเด็กซ์),,,"1511472.9472819895,677619.6428509839",หน้าการเคหะบางนา (หน้าห้างอินเด็กซ์),,,กรุงเทพมหานคร,2025-11-20T21:02:37.594622,,0,0,2025-11-20T21:02:37.594622
EXT-03960,{ที่ตั้งจุดเสี่ยงภัยสะพานลอยและป้ายรถโดยสารประจำทาง},กรมป้องกันและบรรเทาสาธารณภัย,หน้าปาร์คแลนด์ คอนโด,,,"1511309.7992650145,678420.6576140082",หน้าปาร์คแลนด์ คอนโด,,,กรุงเทพมหานคร,2025-11-20T21:02:37.594622,,0,0,2025-11-20T21:02:37.594622
EXT-03961,{ที่ตั้งจุดเสี่ยงภัยสะพานลอยและป้ายรถโดยสารประจำทาง},กรมป้องกันและบรรเทาสาธารณภัย,ปากซอยบางนา - ตราด 13,,,"1511848.363365617,675664.1294150436",ปากซอยบางนา - ตราด 13,,,กรุงเทพมหานคร,2025-11-20T21:02:37.594622,,0,0,2025-11-20T21:02:37.594622
EXT-03962,{ที่ตั้งจุดเสี่ยงภัยสะพานลอยและป้ายรถโดยสารประจำทาง},กรมป้องกันและบรรเทาสาธารณภัย,หน้าอาคารเดอะเนชั่น,,,"1511191.9502044518,678566.5950516999",หน้าอาคารเดอะเนชั่น,,,กรุงเทพมหานคร,2025-11-20T21:02:37.594622,,0,0,2025-11-20T21:02:37.594622
EXT-03963,{ที่ตั้งจุดเสี่ยงภัยสะพานลอยและป้ายรถโดยสารประจำทาง},กรมป้องกันและบรรเทาสาธารณภัย,ป้ายจอดรถเมลล์สีสวาท,,,"1510657.2671424889,677741.0888973617",ป้ายจอดรถเมลล์สีสวาท,,,กรุงเทพมหานคร,2025-11-20T21:02:37.594622,,0,0,2025-11-20T21:02:37.594622
EXT-03964,{ที่ตั้งจุดเสี่ยงภัยสะพานลอยและป้ายรถโดยสารประจำทาง},กรมป้องกันและบรรเทาสาธารณภัย,ปากซอยสุขุมวิท 6 ถ.สุขุมวิท,,,"1519617.2847891194,668093.8337417127",ปากซอยสุขุมวิท 6 ถ.สุขุมวิท,,,กรุงเทพมหานคร,2025-11-20T21:02:37.594622,,0,0,2025-11-20T21:02:37.594622
EXT-03965,{ที่ตั้งจุดเสี่ยงภัยสะพานลอยและป้ายรถโดยสารประจำทาง},กรมป้องกันและบรรเทาสาธารณภัย,ปากซอยสุขุมวิท 2 ถ.สุขุมวิท,,,"1519775.1902740493,667793.1804334427",ปากซอยสุขุมวิท 2 ถ.สุขุมวิท,,,กรุงเทพมหานคร,2025-11-20T21:02:37.594622,,0,0,2025-11-20T21:02:37.594622
EXT-03966,{ที่ตั้งจุดเสี่ยงภัยสะพานลอยและป้ายรถโดยสารประจำทาง},กรมป้องกันและบรรเทาสาธารณภัย,ปากซอยสุขุมวิท 12 ถ.สุขุมวิท,,,"1519250.500625583,668610.9308835161",ปากซอยสุขุมวิท 12 ถ.สุขุมวิท,,,กรุงเทพมหานคร,2025-11-20T21:02:37.594622,,0,0,2025-11-20T21:02:37.594622
EXT-03967,{ที่ตั้งจุดเสี่ยงภัยสะพานลอยและป้ายรถโดยสารประจำทาง},กรมป้องกันและบรรเทาสาธารณภัย,ปากซอยสุขุมวิท 18 ถ.สุขุมวิท,,,"1518977.8886592456,668992.3422727059",ปากซอยสุขุมวิท 18 ถ.สุขุมวิท,,,กรุงเทพมหานคร,2025-11-20T21:02:37.594622,,0,0,2025-11-20T21:02:37.594622
EXT-03968,{ที่ตั้งจุดเสี่ยงภัยสะพานลอยและป้ายรถโดยสารประจำทาง},กรมป้องกันและบรรเทาสาธารณภัย,หน้าสวนหย่อมคลองเตย ถ.พระราม 4,,,"1517192.6680974043,668905.2826315422",หน้าสวนหย่อมคลองเตย ถ.พระราม 4,,,กรุงเทพมหานคร,2025-11-20T21:02:37.594622,,0,0,2025-11-20T21:02:37.594622
EXT-03969,{ที่ตั้งจุดเสี่ยงภัยสะพานลอยและป้ายรถโดยสารประจำทาง},กรมป้องกันและบรรเทาสาธารณภัย,หน้าตลาดคลองเตย 1-2 ถ.พระราม 4,,,"1517279.4853650928,668669.1772398838",หน้าตลาดคลองเตย 1-2 ถ.พระราม 4,,,กรุงเทพมหานคร,2025-11-20T21:02:37.594622,,0,0,2025-11-20T21:02:37.594622
EXT-03970,{ที่ตั้งจุดเสี่ยงภัยสะพานลอยและป้ายรถโดยสารประจำทาง},กรมป้องกันและบรรเทาสาธารณภัย,หน้าโรงเรียนพระหฤทัยคอนแวนต์,,,"1517098.1442929823,668460.7478023682",หน้าโรงเรียนพระหฤทัยคอนแวนต์,,,กรุงเทพมหานคร,2025-11-20T21:02:37.594622,,0,0,2025-11-20T21:02:37.594622
EXT-03971,{ที่ตั้งจุดเสี่ยงภัยสะพานลอยและป้ายรถโดยสารประจำทาง},กรมป้องกันและบรรเทาสาธารณภัย,หน้าโชว์รูม บี เอ็ม ดับบลิว ถ.พระราม 4,,,"1517285.110943555,669233.9276074439",หน้าโชว์รูม บี เอ็ม ดับบลิว ถ.พระราม 4,,,กรุงเทพมหานคร,2025-11-20T21:02:37.594622,,0,0,2025-11-20T21:02:37.594622
EXT-03972,{ที่ตั้งจุดเสี่ยงภัยสะพานลอยและป้ายรถโดยสารประจำทาง},กรมป้องกันและบรรเทาสาธารณภัย,หน้ากรมศุลกากร ถ.เกษมราษฎร์,,,"1516684.9290948175,669267.6757409659",หน้ากรมศุลกากร ถ.เกษมราษฎร์,,,กรุงเทพมหานคร,2025-11-20T21:02:37.594622,,0,0,2025-11-20T21:02:37.594622
EXT-03973,{ที่ตั้งจุดเสี่ยงภัยสะพานลอยและป้ายรถโดยสารประจำทาง},กรมป้องกันและบรรเทาสาธารณภัย,หน้าการไฟฟ้านครหลวงสาขาคลองเตย,,,"1517484.8402033837,668160.7977309622",หน้าการไฟฟ้านครหลวงสาขาคลองเตย,,,กรุงเทพมหานคร,2025-11-20T21:02:37.594622,,0,0,2025-11-20T21:02:37.594622
EXT-03974,{ที่ตั้งจุดเสี่ยงภัยสะพานลอยและป้ายรถโดยสารประจำทาง},กรมป้องกันและบรรเทาสาธารณภัย,หน้าตลาดพระโขนง (เยื้องซอยซอยสุขุมวิท 71),,,"1516511.3956015885,672440.1005922582",หน้าตลาดพระโขนง (เยื้องซอยซอยสุขุมวิท 71),,,กรุงเทพมหานคร,2025-11-20T21:02:37.594622,,0,0,2025-11-20T21:02:37.594622
EXT-03975,{ที่ตั้งจุดเสี่ยงภัยสะพานลอยและป้ายรถโดยสารประจำทาง},กรมป้องกันและบรรเทาสาธารณภัย,หน้าห้างไดมารู ถ.สุขุมวิท,,,"1516636.6134810012,672257.8541787934",หน้าห้างไดมารู ถ.สุขุมวิท,,,กรุงเทพมหานคร,2025-11-20T21:02:37.594622,,0,0,2025-11-20T21:02:37.594622
EXT-03976,{ที่ตั้งจุดเสี่ยงภัยสะพานลอยและป้ายรถโดยสารประจำทาง},กรมป้องกันและบรรเทาสาธารณภัย,หน้าโรงเรียนศรีวิกรณ์ ถ.สุขุมวิท,,,"1517037.4391648942,671709.2882588506",หน้าโรงเรียนศรีวิกรณ์ ถ.สุขุมวิท,,,กรุงเทพมหานคร,2025-11-20T21:02:37.594622,,0,0,2025-11-20T21:02:37.594622
EXT-03977,{ที่ตั้งจุดเสี่ยงภัยสะพานลอยและป้ายรถโดยสารประจำทาง},กรมป้องกันและบรรเทาสาธารณภัย,หน้าโรงเรียนปทุมคงคา ถ.สุขุมวิท,,,"1517308.8369378417,671332.0383926841",หน้าโรงเรียนปทุมคงคา ถ.สุขุมวิท,,,กรุงเทพมหานคร,2025-11-20T21:02:37.594622,,0,0,2025-11-20T21:02:37.594622
EXT-03978,{ที่ตั้งจุดเสี่ยงภัยสะพานลอยและป้ายรถโดยสารประจำทาง},กรมป้องกันและบรรเทาสาธารณภัย,ในซอยกล้วยน้ำไท,,,"1516519.812811928,671535.4598958931",ในซอยกล้วยน้ำไท,,,กรุงเทพมหานคร,2025-11-20T21:02:37.594622,,0,0,2025-11-20T21:02:37.594622
EXT-03979,{ที่ตั้งจุดเสี่ยงภัยสะพานลอยและป้ายรถโดยสารประจำทาง},กรมป้องกันและบรรเทาสาธารณภัย,สี่แยกหน้ามหาวิทยาลัยกรุงเทพ,,,"1516530.8842335336,671272.1619620526",สี่แยกหน้ามหาวิทยาลัยกรุงเทพ,,,กรุงเทพมหานคร,2025-11-20T21:02:37.594622,,0,0,2025-11-20T21:02:37.594622
EXT-03980,{ที่ตั้งจุดเสี่ยงภัยสะพานลอยและป้ายรถโดยสารประจำทาง},กรมป้องกันและบรรเทาสาธารณภัย,ปากซอยอุทัยฟาร์ม ถ.พระราม 4,,,"1516893.149508872,670132.4334873002",ปากซอยอุทัยฟาร์ม ถ.พระราม 4,,,กรุงเทพมหานคร,2025-11-20T21:02:37.594622,,0,0,2025-11-20T21:02:37.594622
EXT-03981,{ที่ตั้งจุดเสี่ยงภัยสะพานลอยและป้ายรถโดยสารประจำทาง},กรมป้องกันและบรรเทาสาธารณภัย,หน้าโรงเรียนศูนย์รวมน้ำใจ,,,"1516538.9326206252,669865.045070137",หน้าโรงเรียนศูนย์รวมน้ำใจ,,,กรุงเทพมหานคร,2025-11-20T21:02:37.594622,,0,0,2025-11-20T21:02:37.594622
EXT-03982,{ที่ตั้งจุดเสี่ยงภัยสะพานลอยและป้ายรถโดยสารประจำทาง},กรมป้องกันและบรรเทาสาธารณภัย,หน้าตึกมาลีนนท์ ถ.พระราม 4,,,"1517006.6851580942,669870.6140933855",หน้าตึกมาลีนนท์ ถ.พระราม 4,,,กรุงเทพมหานคร,2025-11-20T21:02:37.594622,,0,0,2025-11-20T21:02:37.594622
EXT-03983,{ที่ตั้งจุดเสี่ยงภัยสะพานลอยและป้ายรถโดยสารประจำทาง},กรมป้องกันและบรรเทาสาธารณภัย,หน้าสนามฟุตบอลการท่าเรือ,,,"1516937.4153032955,668683.9555093944",หน้าสนามฟุตบอลการท่าเรือ,,,กรุงเทพมหานคร,2025-11-20T21:02:37.594622,,0,0,2025-11-20T21:02:37.594622
EXT-03984,{ที่ตั้งจุดเสี่ยงภัยสะพานลอยและป้ายรถโดยสารประจำทาง},กรมป้องกันและบรรเทาสาธารณภัย,ห้าแยก ณ ระนอง,,,"1517000.0880290656,668515.7287191692",ห้าแยก ณ ระนอง,,,กรุงเทพมหานคร,2025-11-20T21:02:37.594622,,0,0,2025-11-20T21:02:37.594622
EXT-03985,{ที่ตั้งจุดเสี่ยงภัยสะพานลอยและป้ายรถโดยสารประจำทาง},กรมป้องกันและบรรเทาสาธารณภัย,หน้าตลาดปีนัง ถ.พระราม 3,,,"1516947.3109968381,668367.2933160292",หน้าตลาดปีนัง ถ.พระราม 3,,,กรุงเทพมหานคร,2025-11-20T21:02:37.594622,,0,0,2025-11-20T21:02:37.594622
EXT-03986,{ที่ตั้งจุดเสี่ยงภัยสะพานลอยและป้ายรถโดยสารประจำทาง},กรมป้องกันและบรรเทาสาธารณภัย,ปากซอยแสนสุข ถ.พระราม 4,,,"1516948.2429694491,670082.2828579884",ปากซอยแสนสุข ถ.พระราม 4,,,กรุงเทพมหานคร,2025-11-20T21:02:37.594622,,0,0,2025-11-20T21:02:37.594622
EXT-03987,{ที่ตั้งจุดเสี่ยงภัยสะพานลอยและป้ายรถโดยสารประจำทาง},กรมป้องกันและบรรเทาสาธารณภัย,ปากซอยโรงงานยาสูบ ถ.พระราม 4,,,"1517591.8946596342,668009.7563542357",ปากซอยโรงงานยาสูบ ถ.พระราม 4,,,กรุงเทพมหานคร,2025-11-20T21:02:37.594622,,0,0,2025-11-20T21:02:37.594622
EXT-03988,{ที่ตั้งจุดเสี่ยงภัยสะพานลอยและป้ายรถโดยสารประจำทาง},กรมป้องกันและบรรเทาสาธารณภัย,หน้าห้างเสรีเซ็นเตอร์ ถนนศรีนครินทร์,,,"1513725.4927926504,678108.8033545642",หน้าห้างเสรีเซ็นเตอร์ ถนนศรีนครินทร์,,,กรุงเทพมหานคร,2025-11-20T21:02:37.594622,,0,0,2025-11-20T21:02:37.594622
EXT-03989,{ที่ตั้งจุดเสี่ยงภัยสะพานลอยและป้ายรถโดยสารประจำทาง},กรมป้องกันและบรรเทาสาธารณภัย,หน้าห้างซีคอน ฯ โลตัส ถนนศรีนครินทร์,,,"1514370.5921749657,678168.4450479585",หน้าห้างซีคอน ฯ โลตัส ถนนศรีนครินทร์,,,กรุงเทพมหานคร,2025-11-20T21:02:37.594622,,0,0,2025-11-20T21:02:37.594622
EXT-03990,{ที่ตั้งจุดเสี่ยงภัยสะพานลอยและป้ายรถโดยสารประจำทาง},กรมป้องกันและบรรเทาสาธารณภัย,ใกล้โรงเรียนคลองปักหลัก ถนนกาญจนาภิเษก,,,"1513254.0641007514,683750.4982434785",ใกล้โรงเรียนคลองปักหลัก ถนนกาญจนาภิเษก,,,กรุงเทพมหานคร,2025-11-20T21:02:37.594622,,0,0,2025-11-20T21:02:37.594622
EXT-03991,{ที่ตั้งจุดเสี่ยงภัยสะพานลอยและป้ายรถโดยสารประจำทาง},กรมป้องกันและบรรเทาสาธารณภัย,ใกล้วัดทุ่งเศรษฐี  ถนนกาญจนาภิเษก,,,"1511755.080524917,683717.485702951",ใกล้วัดทุ่งเศรษฐี  ถนนกาญจนาภิเษก,,,กรุงเทพมหานคร,2025-11-20T21:02:37.594622,,0,0,2025-11-20T21:02:37.594622
EXT-03992,{ที่ตั้งจุดเสี่ยงภัยสะพานลอยและป้ายรถโดยสารประจำทาง},กรมป้องกันและบรรเทาสาธารณภัย,ปากซอยเฉลิมพระเกียรติ ร.9 -6,,,"1512635.3481893996,678929.7222079077",ปากซอยเฉลิมพระเกียรติ ร.9 -6,,,กรุงเทพมหานคร,2025-11-20T21:02:37.594622,,0,0,2025-11-20T21:02:37.594622
EXT-03993,{ที่ตั้งจุดเสี่ยงภัยสะพานลอยและป้ายรถโดยสารประจำทาง},กรมป้องกันและบรรเทาสาธารณภัย,ปากซอยอ่อนนุช 3,,,"1516404.4755314921,673441.3017409713",ปากซอยอ่อนนุช 3,,,กรุงเทพมหานคร,2025-11-20T21:02:37.594622,,0,0,2025-11-20T21:02:37.594622
EXT-03994,{ที่ตั้งจุดเสี่ยงภัยสะพานลอยและป้ายรถโดยสารประจำทาง},กรมป้องกันและบรรเทาสาธารณภัย,ปากซอยอ่อนนุช 21,,,"1516217.8381279765,674446.4453478556",ปากซอยอ่อนนุช 21,,,กรุงเทพมหานคร,2025-11-20T21:02:37.594622,,0,0,2025-11-20T21:02:37.594622
EXT-03995,{ที่ตั้งจุดเสี่ยงภัยสะพานลอยและป้ายรถโดยสารประจำทาง},กรมป้องกันและบรรเทาสาธารณภัย,ใกล้แยกพัฒนาการ ถนนศรีนครินทร์,,,"1518975.5867975766,677434.3972385299",ใกล้แยกพัฒนาการ ถนนศรีนครินทร์,,,กรุงเทพมหานคร,2025-11-20T21:02:37.594622,,0,0,2025-11-20T21:02:37.594622
EXT-03996,{ที่ตั้งจุดเสี่ยงภัยสะพานลอยและป้ายรถโดยสารประจำทาง},กรมป้องกันและบรรเทาสาธารณภัย,ปากซอยศรีนครินทร์ 26 (ตลาดเอี่ยมสมบัติ),,,"1516743.4720813204,677684.9760446278",ปากซอยศรีนครินทร์ 26 (ตลาดเอี่ยมสมบัติ),,,กรุงเทพมหานคร,2025-11-20T21:02:37.594622,,0,0,2025-11-20T21:02:37.594622
EXT-03997,{ที่ตั้งจุดเสี่ยงภัยสะพานลอยและป้ายรถโดยสารประจำทาง},กรมป้องกันและบรรเทาสาธารณภัย,หน้าตลาดเอี่ยมสมบัติ ถนนอ่อนนุช,,,"1516671.6071544788,677714.439605192",หน้าตลาดเอี่ยมสมบัติ ถนนอ่อนนุช,,,กรุงเทพมหานคร,2025-11-20T21:02:37.594622,,0,0,2025-11-20T21:02:37.594622
EXT-03998,{ที่ตั้งจุดเสี่ยงภัยสะพานลอยและป้ายรถโดยสารประจำทาง},กรมป้องกันและบรรเทาสาธารณภัย,ปากซอยเข้าโรงเรียนเตรียมอุดมศึกษาถนนพัฒนาการ,,,"1518699.703937919,678360.6439673061",ปากซอยเข้าโรงเรียนเตรียมอุดมศึกษาถนนพัฒนาการ,,,กรุงเทพมหานคร,2025-11-20T21:02:37.594622,,0,0,2025-11-20T21:02:37.594622
EXT-03999,{ที่ตั้งจุดเสี่ยงภัยสะพานลอยและป้ายรถโดยสารประจำทาง},กรมป้องกันและบรรเทาสาธารณภัย,แยกพัฒนาการข้างธนาคารกรุงเทพ ถนนศรีนครินทร์,,,"1519055.0264022318,677496.4403839159",แยกพัฒนาการข้างธนาคารกรุงเทพ ถนนศรีนครินทร์,,,กรุงเทพมหานคร,2025-11-20T21:02:37.594622,,0,0,2025-11-20T21:02:37.594622
EXT-04000,{ที่ตั้งจุดเสี่ยงภัยสะพานลอยและป้ายรถโดยสารประจำทาง},กรมป้องกันและบรรเทาสาธารณภัย,โรงเรียนปราโมช ถนนพหลโยธิน,,,"1532813.2626705081,671545.4219900168",โรงเรียนปราโมช ถนนพหลโยธิน,,,กรุงเทพมหานคร,2025-11-20T21:02:37.594622,,0,0,2025-11-20T21:02:37.594622
EXT-04001,{ที่ตั้งจุดเสี่ยงภัยสะพานลอยและป้ายรถโดยสารประจำทาง},กรมป้องกันและบรรเทาสาธารณภัย,โรงเรียนอนุบาลพิมลทิพย์ ถนนพหลโยธิน,,,"1535406.2710787535,673049.6760008967",โรงเรียนอนุบาลพิมลทิพย์ ถนนพหลโยธิน,,,กรุงเทพมหานคร,2025-11-20T21:02:37.594622,,0,0,2025-11-20T21:02:37.594622
EXT-04002,{ที่ตั้งจุดเสี่ยงภัยสะพานลอยและป้ายรถโดยสารประจำทาง},กรมป้องกันและบรรเทาสาธารณภัย,ห้างบิ๊กซี ถนนพหลโยธิน,,,"1536189.38940905,673490.4347942863",ห้างบิ๊กซี ถนนพหลโยธิน,,,กรุงเทพมหานคร,2025-11-20T21:02:37.594622,,0,0,2025-11-20T21:02:37.594622
EXT-04003,{ที่ตั้งจุดเสี่ยงภัยสะพานลอยและป้ายรถโดยสารประจำทาง},กรมป้องกันและบรรเทาสาธารณภัย,ตลาดยิ่งเจริญ ถนนพหลโยธิน,,,"1536909.032920313,673867.2862554336",ตลาดยิ่งเจริญ ถนนพหลโยธิน,,,กรุงเทพมหานคร,2025-11-20T21:02:37.594622,,0,0,2025-11-20T21:02:37.594622
EXT-04004,{ที่ตั้งจุดเสี่ยงภัยสะพานลอยและป้ายรถโดยสารประจำทาง},กรมป้องกันและบรรเทาสาธารณภัย,มหาวิทยาลัยเกริก ถนนรามอินทรา,,,"1534198.2505543877,672909.6501404333",มหาวิทยาลัยเกริก ถนนรามอินทรา,,,กรุงเทพมหานคร,2025-11-20T21:02:37.594622,,0,0,2025-11-20T21:02:37.594622
EXT-04005,{ที่ตั้งจุดเสี่ยงภัยสะพานลอยและป้ายรถโดยสารประจำทาง},กรมป้องกันและบรรเทาสาธารณภัย,ปากซอยรามอินทรา 5 ถนนรามอินทรา,,,"1533946.1716050927,673383.2746871362",ปากซอยรามอินทรา 5 ถนนรามอินทรา,,,กรุงเทพมหานคร,2025-11-20T21:02:37.594622,,0,0,2025-11-20T21:02:37.594622
EXT-04006,{ที่ตั้งจุดเสี่ยงภัยสะพานลอยและป้ายรถโดยสารประจำทาง},กรมป้องกันและบรรเทาสาธารณภัย,โรงเรียนปราโมชรามอินทรา ถนนรามอินทรา,,,"1533849.459974032,673561.7726600551",โรงเรียนปราโมชรามอินทรา ถนนรามอินทรา,,,กรุงเทพมหานคร,2025-11-20T21:02:37.594622,,0,0,2025-11-20T21:02:37.594622
EXT-04007,{ที่ตั้งจุดเสี่ยงภัยสะพานลอยและป้ายรถโดยสารประจำทาง},กรมป้องกันและบรรเทาสาธารณภัย,กองบินตำรวจ,,,"1532151.0956434412,676691.8517471895",กองบินตำรวจ,,,กรุงเทพมหานคร,2025-11-20T21:02:37.594622,,0,0,2025-11-20T21:02:37.594622
EXT-04008,{ที่ตั้งจุดเสี่ยงภัยสะพานลอยและป้ายรถโดยสารประจำทาง},กรมป้องกันและบรรเทาสาธารณภัย,ปากซอยรามอินทรา 51 ถนนรามอินทรา,,,"1532091.2680449309,677165.9071119459",ปากซอยรามอินทรา 51 ถนนรามอินทรา,,,กรุงเทพมหานคร,2025-11-20T21:02:37.594622,,0,0,2025-11-20T21:02:37.594622
EXT-04009,{ที่ตั้งจุดเสี่ยงภัยสะพานลอยและป้ายรถโดยสารประจำทาง},กรมป้องกันและบรรเทาสาธารณภัย,มหาวิทยาลัยราชภัฎพระนคร ถนนแจ้งวัฒนะ,,,"1534923.5167267856,671864.9646668098",มหาวิทยาลัยราชภัฎพระนคร ถนนแจ้งวัฒนะ,,,กรุงเทพมหานคร,2025-11-20T21:02:37.594622,,0,0,2025-11-20T21:02:37.594622
EXT-04010,{ที่ตั้งจุดเสี่ยงภัยสะพานลอยและป้ายรถโดยสารประจำทาง},กรมป้องกันและบรรเทาสาธารณภัย,โรงเรียนสาธิตวัดพระศรีฯ ถนนแจ้งวัฒนะ,,,"1534736.2149989174,672196.117157174",โรงเรียนสาธิตวัดพระศรีฯ ถนนแจ้งวัฒนะ,,,กรุงเทพมหานคร,2025-11-20T21:02:37.594622,,0,0,2025-11-20T21:02:37.594622
EXT-04011,{ที่ตั้งจุดเสี่ยงภัยสะพานลอยและป้ายรถโดยสารประจำทาง},กรมป้องกันและบรรเทาสาธารณภัย,ทางเข้า มหาวิทยาลัยเกริก ถนนรามอินทรา,,,"1534205.075125527,672900.6462872408",ทางเข้า มหาวิทยาลัยเกริก ถนนรามอินทรา,,,กรุงเทพมหานคร,2025-11-20T21:02:37.594622,,0,0,2025-11-20T21:02:37.594622
EXT-04012,{ที่ตั้งจุดเสี่ยงภัยสะพานลอยและป้ายรถโดยสารประจำทาง},กรมป้องกันและบรรเทาสาธารณภัย,หน้าหมู่บ้านจัดสรรทบ.กม.6 ถ.รามอินทรา,,,"1533889.9302183692,673404.616490057",หน้าหมู่บ้านจัดสรรทบ.กม.6 ถ.รามอินทรา,,,กรุงเทพมหานคร,2025-11-20T21:02:37.594622,,0,0,2025-11-20T21:02:37.594622
EXT-04013,{ที่ตั้งจุดเสี่ยงภัยสะพานลอยและป้ายรถโดยสารประจำทาง},กรมป้องกันและบรรเทาสาธารณภัย,ปากซอยหกพี่น้อง ถ.สุขาภิบาล 5,,,"1534292.1346122646,678051.3763898247",ปากซอยหกพี่น้อง ถ.สุขาภิบาล 5,,,กรุงเทพมหานคร,2025-11-20T21:02:37.594622,,0,0,2025-11-20T21:02:37.594622
EXT-04014,{ที่ตั้งจุดเสี่ยงภัยสะพานลอยและป้ายรถโดยสารประจำทาง},กรมป้องกันและบรรเทาสาธารณภัย,ตลาดยิ่งเจริญ ถนนพหลโยธิน,,,"1536924.1401187847,673876.6212310741",ตลาดยิ่งเจริญ ถนนพหลโยธิน,,,กรุงเทพมหานคร,2025-11-20T21:02:37.594622,,0,0,2025-11-20T21:02:37.594622
EXT-04015,{ที่ตั้งจุดเสี่ยงภัยสะพานลอยและป้ายรถโดยสารประจำทาง},กรมป้องกันและบรรเทาสาธารณภัย,ห้างโลตัส ถนนพหลโยธิน,,,"1535028.086571713,672837.7732073001",ห้างโลตัส ถนนพหลโยธิน,,,กรุงเทพมหานคร,2025-11-20T21:02:37.594622,,0,0,2025-11-20T21:02:37.594622
EXT-04016,{ที่ตั้งจุดเสี่ยงภัยสะพานลอยและป้ายรถโดยสารประจำทาง},กรมป้องกันและบรรเทาสาธารณภัย,ปากซอยรามอินทรา 5 ถนนรามอินทรา,,,"1533924.4439732537,673420.9516097986",ปากซอยรามอินทรา 5 ถนนรามอินทรา,,,กรุงเทพมหานคร,2025-11-20T21:02:37.594622,,0,0,2025-11-20T21:02:37.594622
EXT-04017,{ที่ตั้งจุดเสี่ยงภัยสะพานลอยและป้ายรถโดยสารประจำทาง},กรมป้องกันและบรรเทาสาธารณภัย,ปากซอยรามอินทรา23 ถนนรามอินทรา,,,"1533151.1956824244,674853.2375576919",ปากซอยรามอินทรา23 ถนนรามอินทรา,,,กรุงเทพมหานคร,2025-11-20T21:02:37.594622,,0,0,2025-11-20T21:02:37.594622
EXT-04018,{ที่ตั้งจุดเสี่ยงภัยสะพานลอยและป้ายรถโดยสารประจำทาง},กรมป้องกันและบรรเทาสาธารณภัย,ปากซอยรามอินทรา37 ถนนรามอินทรา,,,"1532652.8989173274,675769.4606419023",ปากซอยรามอินทรา37 ถนนรามอินทรา,,,กรุงเทพมหานคร,2025-11-20T21:02:37.594622,,0,0,2025-11-20T21:02:37.594622
EXT-04019,{ที่ตั้งจุดเสี่ยงภัยสะพานลอยและป้ายรถโดยสารประจำทาง},กรมป้องกันและบรรเทาสาธารณภัย,ซอยแจ้งวัฒนะ 4 ถนนแจ้งวัฒนะ,,,"1534835.082628346,672104.3115012757",ซอยแจ้งวัฒนะ 4 ถนนแจ้งวัฒนะ,,,กรุงเทพมหานคร,2025-11-20T21:02:37.594622,,0,0,2025-11-20T21:02:37.594622
EXT-04020,{ที่ตั้งจุดเสี่ยงภัยสะพานลอยและป้ายรถโดยสารประจำทาง},กรมป้องกันและบรรเทาสาธารณภัย,สะพานลอยการเคหะทุ่งสองห้อง,,,"1537099.4002142032,671675.2336885997",สะพานลอยการเคหะทุ่งสองห้อง,,,กรุงเทพมหานคร,2025-11-20T21:02:37.594622,,0,0,2025-11-20T21:02:37.594622
EXT-04021,{ที่ตั้งจุดเสี่ยงภัยสะพานลอยและป้ายรถโดยสารประจำทาง},กรมป้องกันและบรรเทาสาธารณภัย,สะพานลอยหน้าโรงเรียนพหลโยธิน,,,"1542735.1316160562,674764.9119414836",สะพานลอยหน้าโรงเรียนพหลโยธิน,,,กรุงเทพมหานคร,2025-11-20T21:02:37.594622,,0,0,2025-11-20T21:02:37.594622
EXT-04022,{ที่ตั้งจุดเสี่ยงภัยสะพานลอยและป้ายรถโดยสารประจำทาง},กรมป้องกันและบรรเทาสาธารณภัย,สะพานลอย กม.27 ถนนพหลโยธิน,,,"1542362.287165062,675322.1702510569",สะพานลอย กม.27 ถนนพหลโยธิน,,,กรุงเทพมหานคร,2025-11-20T21:02:37.594622,,0,0,2025-11-20T21:02:37.594622
EXT-04023,{ที่ตั้งจุดเสี่ยงภัยสะพานลอยและป้ายรถโดยสารประจำทาง},กรมป้องกันและบรรเทาสาธารณภัย,ป้ายรถเมลล์ตลาดใหม่ดอนเมือง,,,"1538892.3448762908,672606.4379625584",ป้ายรถเมลล์ตลาดใหม่ดอนเมือง,,,กรุงเทพมหานคร,2025-11-20T21:02:37.594622,,0,0,2025-11-20T21:02:37.594622
EXT-04024,{ที่ตั้งจุดเสี่ยงภัยสะพานลอยและป้ายรถโดยสารประจำทาง},กรมป้องกันและบรรเทาสาธารณภัย,ปากซอยแจ้งวัฒนะ 1,,,"1535173.5728270116,671428.6086087299",ปากซอยแจ้งวัฒนะ 1,,,กรุงเทพมหานคร,2025-11-20T21:02:37.594622,,0,0,2025-11-20T21:02:37.594622
EXT-04025,{ที่ตั้งจุดเสี่ยงภัยสะพานลอยและป้ายรถโดยสารประจำทาง},กรมป้องกันและบรรเทาสาธารณภัย,หน้าวัดหลักสี่,,,"1535937.4406326844,671030.8742017524",หน้าวัดหลักสี่,,,กรุงเทพมหานคร,2025-11-20T21:02:37.594622,,0,0,2025-11-20T21:02:37.594622
EXT-04026,{ที่ตั้งจุดเสี่ยงภัยสะพานลอยและป้ายรถโดยสารประจำทาง},กรมป้องกันและบรรเทาสาธารณภัย,ปากซอยวิภาวดี 64,,,"1534606.8096278843,670461.3339298505",ปากซอยวิภาวดี 64,,,กรุงเทพมหานคร,2025-11-20T21:02:37.594622,,0,0,2025-11-20T21:02:37.594622
EXT-04027,{ที่ตั้งจุดเสี่ยงภัยสะพานลอยและป้ายรถโดยสารประจำทาง},กรมป้องกันและบรรเทาสาธารณภัย,ปากซอยทางเข้าหมู่บ้านจัดสรรรถไฟ,,,"1533005.2356004328,669484.9624026519",ปากซอยทางเข้าหมู่บ้านจัดสรรรถไฟ,,,กรุงเทพมหานคร,2025-11-20T21:02:37.594622,,0,0,2025-11-20T21:02:37.594622
EXT-04028,{ที่ตั้งจุดเสี่ยงภัยสะพานลอยและป้ายรถโดยสารประจำทาง},กรมป้องกันและบรรเทาสาธารณภัย,ข้ามถนนนวมินทร์  ปากซอยนวมินทร์  83,,,"1525873.3325797967,678409.0709352997",ข้ามถนนนวมินทร์  ปากซอยนวมินทร์  83,,,กรุงเทพมหานคร,2025-11-20T21:02:37.594622,,0,0,2025-11-20T21:02:37.594622
EXT-04029,{ที่ตั้งจุดเสี่ยงภัยสะพานลอยและป้ายรถโดยสารประจำทาง},กรมป้องกันและบรรเทาสาธารณภัย,หน้าโรงเรียนบ้านบางกะปิ  ถนนนวมินทร์,,,"1523129.904934699,678067.4144837529",หน้าโรงเรียนบ้านบางกะปิ  ถนนนวมินทร์,,,กรุงเทพมหานคร,2025-11-20T21:02:37.594622,,0,0,2025-11-20T21:02:37.594622
EXT-04030,{ที่ตั้งจุดเสี่ยงภัยสะพานลอยและป้ายรถโดยสารประจำทาง},กรมป้องกันและบรรเทาสาธารณภัย,หน้าโรงเรียนมัธยมบึงทองหลาง,,,"1525666.472423451,675927.173079738",หน้าโรงเรียนมัธยมบึงทองหลาง,,,กรุงเทพมหานคร,2025-11-20T21:02:37.594622,,0,0,2025-11-20T21:02:37.594622
EXT-04031,{ที่ตั้งจุดเสี่ยงภัยสะพานลอยและป้ายรถโดยสารประจำทาง},กรมป้องกันและบรรเทาสาธารณภัย,ปากซอยลาดพร้าว  130/1  ถนนลาดพร้าว,,,"1523220.627860118,676504.7675803212",ปากซอยลาดพร้าว  130/1  ถนนลาดพร้าว,,,กรุงเทพมหานคร,2025-11-20T21:02:37.594622,,0,0,2025-11-20T21:02:37.594622
EXT-04032,{ที่ตั้งจุดเสี่ยงภัยสะพานลอยและป้ายรถโดยสารประจำทาง},กรมป้องกันและบรรเทาสาธารณภัย,ปากซอยลาดพร้าว  138  ถ.ลาดพร้าว,,,"1522938.8997595843,677004.7953159781",ปากซอยลาดพร้าว  138  ถ.ลาดพร้าว,,,กรุงเทพมหานคร,2025-11-20T21:02:37.594622,,0,0,2025-11-20T21:02:37.594622
EXT-04033,{ที่ตั้งจุดเสี่ยงภัยสะพานลอยและป้ายรถโดยสารประจำทาง},กรมป้องกันและบรรเทาสาธารณภัย,หน้าสถาบันพัฒนบริหารศาสตร์ ( นิด้า ),,,"1523107.031667133,678813.215301084",หน้าสถาบันพัฒนบริหารศาสตร์ ( นิด้า ),,,กรุงเทพมหานคร,2025-11-20T21:02:37.594622,,0,0,2025-11-20T21:02:37.594622
EXT-04034,{ที่ตั้งจุดเสี่ยงภัยสะพานลอยและป้ายรถโดยสารประจำทาง},กรมป้องกันและบรรเทาสาธารณภัย,หน้าห้างฟู้ดแลนด์  ถนนรามคำแหง,,,"1520671.3912300484,673865.7766054616",หน้าห้างฟู้ดแลนด์  ถนนรามคำแหง,,,กรุงเทพมหานคร,2025-11-20T21:02:37.594622,,0,0,2025-11-20T21:02:37.594622
EXT-04035,{ที่ตั้งจุดเสี่ยงภัยสะพานลอยและป้ายรถโดยสารประจำทาง},กรมป้องกันและบรรเทาสาธารณภัย,ปากซอยนวมินทร์  20  ถนนนวมินทร์,,,"1524358.9772133976,678058.1985067539",ปากซอยนวมินทร์  20  ถนนนวมินทร์,,,กรุงเทพมหานคร,2025-11-20T21:02:37.594622,,0,0,2025-11-20T21:02:37.594622
EXT-04036,{ที่ตั้งจุดเสี่ยงภัยสะพานลอยและป้ายรถโดยสารประจำทาง},กรมป้องกันและบรรเทาสาธารณภัย,ตรงข้าม  สถาบันพัฒนบริหารศาสตร์( นิด้า ),,,"1523105.6963825994,678779.5355018877",ตรงข้าม  สถาบันพัฒนบริหารศาสตร์( นิด้า ),,,กรุงเทพมหานคร,2025-11-20T21:02:37.594622,,0,0,2025-11-20T21:02:37.594622
EXT-04037,{ที่ตั้งจุดเสี่ยงภัยสะพานลอยและป้ายรถโดยสารประจำทาง},กรมป้องกันและบรรเทาสาธารณภัย,ถนนเสรีไทยซอย5  ถนนเสรีไทย,,,"1522684.063094448,678457.7517921189",ถนนเสรีไทยซอย5  ถนนเสรีไทย,,,กรุงเทพมหานคร,2025-11-20T21:02:37.594622,,0,0,2025-11-20T21:02:37.594622
EXT-04038,{ที่ตั้งจุดเสี่ยงภัยสะพานลอยและป้ายรถโดยสารประจำทาง},กรมป้องกันและบรรเทาสาธารณภัย,ใกล้แฟมิลี่มาร์ท  ทางเข้าแฟลต 30,,,"1522690.7994387194,678434.8899373373",ใกล้แฟมิลี่มาร์ท  ทางเข้าแฟลต 30,,,กรุงเทพมหานคร,2025-11-20T21:02:37.594622,,0,0,2025-11-20T21:02:37.594622
EXT-04039,{ที่ตั้งจุดเสี่ยงภัยสะพานลอยและป้ายรถโดยสารประจำทาง},กรมป้องกันและบรรเทาสาธารณภัย,ข้างธนาคารกรุงเทพ  สาขาคลองจั่น,,,"1522546.6616888691,678331.3002934316",ข้างธนาคารกรุงเทพ  สาขาคลองจั่น,,,กรุงเทพมหานคร,2025-11-20T21:02:37.594622,,0,0,2025-11-20T21:02:37.594622
EXT-04040,{ที่ตั้งจุดเสี่ยงภัยสะพานลอยและป้ายรถโดยสารประจำทาง},กรมป้องกันและบรรเทาสาธารณภัย,หน้าหมู่บ้านเสนาวิลล่า 84,,,"1523957.1925013664,677485.97393703",หน้าหมู่บ้านเสนาวิลล่า 84,,,กรุงเทพมหานคร,2025-11-20T21:02:37.594622,,0,0,2025-11-20T21:02:37.594622
EXT-04041,{ที่ตั้งจุดเสี่ยงภัยสะพานลอยและป้ายรถโดยสารประจำทาง},กรมป้องกันและบรรเทาสาธารณภัย,ทางเข้าแฟลต 3  ถนนศรีบูรพา,,,"1523371.5191969427,678727.9744310505",ทางเข้าแฟลต 3  ถนนศรีบูรพา,,,กรุงเทพมหานคร,2025-11-20T21:02:37.594622,,0,0,2025-11-20T21:02:37.594622
EXT-04042,{ที่ตั้งจุดเสี่ยงภัยสะพานลอยและป้ายรถโดยสารประจำทาง},กรมป้องกันและบรรเทาสาธารณภัย,ฝั่งตรงข้ามโรงเรียนลำสาลี,,,"1520599.300609192,678438.8509228859",ฝั่งตรงข้ามโรงเรียนลำสาลี,,,กรุงเทพมหานคร,2025-11-20T21:02:37.594622,,0,0,2025-11-20T21:02:37.594622
EXT-04043,{ที่ตั้งจุดเสี่ยงภัยสะพานลอยและป้ายรถโดยสารประจำทาง},กรมป้องกันและบรรเทาสาธารณภัย,ตรงข้ามห้างฟู้ดแลนด์  ถนนรามคำแหง,,,"1520580.4011704929,673818.5392531357",ตรงข้ามห้างฟู้ดแลนด์  ถนนรามคำแหง,,,กรุงเทพมหานคร,2025-11-20T21:02:37.594622,,0,0,2025-11-20T21:02:37.594622
EXT-04044,{ที่ตั้งจุดเสี่ยงภัยสะพานลอยและป้ายรถโดยสารประจำทาง},กรมป้องกันและบรรเทาสาธารณภัย,กรุงเทพกรีฑา ( มุ่งหน้า )  ม.นักกีฬา,,,"1520294.4803238618,679975.191503172",กรุงเทพกรีฑา ( มุ่งหน้า )  ม.นักกีฬา,,,กรุงเทพมหานคร,2025-11-20T21:02:37.594622,,0,0,2025-11-20T21:02:37.594622
EXT-04045,{ที่ตั้งจุดเสี่ยงภัยสะพานลอยและป้ายรถโดยสารประจำทาง},กรมป้องกันและบรรเทาสาธารณภัย,ตรงข้ามวัดศรีบุญเรือง,,,"1522404.2344829196,678804.0799611788",ตรงข้ามวัดศรีบุญเรือง,,,กรุงเทพมหานคร,2025-11-20T21:02:37.594622,,0,0,2025-11-20T21:02:37.594622
EXT-04046,{ที่ตั้งจุดเสี่ยงภัยสะพานลอยและป้ายรถโดยสารประจำทาง},กรมป้องกันและบรรเทาสาธารณภัย,หลังโรงเรียนสตรีวิทยา 2,,,"1528872.752711484,674636.2776564911",หลังโรงเรียนสตรีวิทยา 2,,,กรุงเทพมหานคร,2025-11-20T21:02:37.594622,,0,0,2025-11-20T21:02:37.594622
EXT-04047,{ที่ตั้งจุดเสี่ยงภัยสะพานลอยและป้ายรถโดยสารประจำทาง},กรมป้องกันและบรรเทาสาธารณภัย,ปากซอยลาดพร้าว 57,,,"1525409.403970541,672661.8614270326",ปากซอยลาดพร้าว 57,,,กรุงเทพมหานคร,2025-11-20T21:02:37.594622,,0,0,2025-11-20T21:02:37.594622
EXT-04048,{ที่ตั้งจุดเสี่ยงภัยสะพานลอยและป้ายรถโดยสารประจำทาง},กรมป้องกันและบรรเทาสาธารณภัย,ถนนประดิษฐ์มนูธรรมขาเข้า    (ตรงข้ามศูนย์การแพทย์),,,"1522026.6430306546,672821.7276571613",ถนนประดิษฐ์มนูธรรมขาเข้า    (ตรงข้ามศูนย์การแพทย์),,,กรุงเทพมหานคร,2025-11-20T21:02:37.594622,,0,0,2025-11-20T21:02:37.594622
EXT-04049,{ที่ตั้งจุดเสี่ยงภัยสะพานลอยและป้ายรถโดยสารประจำทาง},กรมป้องกันและบรรเทาสาธารณภัย,ปากซอยนวมินทร์ 147 ถนนนวมินทร์,,,"1529133.3001808452,679101.9724610852",ปากซอยนวมินทร์ 147 ถนนนวมินทร์,,,กรุงเทพมหานคร,2025-11-20T21:02:37.594622,,0,0,2025-11-20T21:02:37.594622
EXT-04050,{ที่ตั้งจุดเสี่ยงภัยสะพานลอยและป้ายรถโดยสารประจำทาง},กรมป้องกันและบรรเทาสาธารณภัย,ปากซอยเสรีไทย 41 ถนนเสรีไทย,,,"1524124.0365704182,680474.2547163262",ปากซอยเสรีไทย 41 ถนนเสรีไทย,,,กรุงเทพมหานคร,2025-11-20T21:02:37.594622,,0,0,2025-11-20T21:02:37.594622
EXT-04051,{ที่ตั้งจุดเสี่ยงภัยสะพานลอยและป้ายรถโดยสารประจำทาง},กรมป้องกันและบรรเทาสาธารณภัย,ปากซอยนวมินทร์ 135 ถนนนวมินทร์,,,"1528448.2833509035,678819.5958881136",ปากซอยนวมินทร์ 135 ถนนนวมินทร์,,,กรุงเทพมหานคร,2025-11-20T21:02:37.594622,,0,0,2025-11-20T21:02:37.594622
EXT-04052,{ที่ตั้งจุดเสี่ยงภัยสะพานลอยและป้ายรถโดยสารประจำทาง},กรมป้องกันและบรรเทาสาธารณภัย,ปากซอยเข้าร.ร.วัดบางเตย ถนนนวมินทร์,,,"1526443.6108787525,678179.3119296005",ปากซอยเข้าร.ร.วัดบางเตย ถนนนวมินทร์,,,กรุงเทพมหานคร,2025-11-20T21:02:37.594622,,0,0,2025-11-20T21:02:37.594622
EXT-04053,{ที่ตั้งจุดเสี่ยงภัยสะพานลอยและป้ายรถโดยสารประจำทาง},กรมป้องกันและบรรเทาสาธารณภัย,ปากซอยนวมินทร์ 89 ถนนนวมินทร์,,,"1526101.186718673,678302.1373226932",ปากซอยนวมินทร์ 89 ถนนนวมินทร์,,,กรุงเทพมหานคร,2025-11-20T21:02:37.594622,,0,0,2025-11-20T21:02:37.594622
EXT-04054,{ที่ตั้งจุดเสี่ยงภัยสะพานลอยและป้ายรถโดยสารประจำทาง},กรมป้องกันและบรรเทาสาธารณภัย,สะพานลอยใกล้ปากซอยรามอินทรา 107,,,"1527685.734222763,683179.0517103054",สะพานลอยใกล้ปากซอยรามอินทรา 107,,,กรุงเทพมหานคร,2025-11-20T21:02:37.594622,,0,0,2025-11-20T21:02:37.594622
EXT-04055,{ที่ตั้งจุดเสี่ยงภัยสะพานลอยและป้ายรถโดยสารประจำทาง},กรมป้องกันและบรรเทาสาธารณภัย,ปากซอยเสรีไทย 77  ถนนเสรีไทย,,,"1525753.1674306842,682818.2954922057",ปากซอยเสรีไทย 77  ถนนเสรีไทย,,,กรุงเทพมหานคร,2025-11-20T21:02:37.594622,,0,0,2025-11-20T21:02:37.594622
EXT-04056,{ที่ตั้งจุดเสี่ยงภัยสะพานลอยและป้ายรถโดยสารประจำทาง},กรมป้องกันและบรรเทาสาธารณภัย,ปากซอยนวมินทร์ 74 ถนนนวมินทร์,,,"1528236.0473466618,678766.1835431447",ปากซอยนวมินทร์ 74 ถนนนวมินทร์,,,กรุงเทพมหานคร,2025-11-20T21:02:37.594622,,0,0,2025-11-20T21:02:37.594622
EXT-04057,{ที่ตั้งจุดเสี่ยงภัยสะพานลอยและป้ายรถโดยสารประจำทาง},กรมป้องกันและบรรเทาสาธารณภัย,ระหว่างซอยเสรีไทย 83-85,,,"1526112.462241423,683617.8628469354",ระหว่างซอยเสรีไทย 83-85,,,กรุงเทพมหานคร,2025-11-20T21:02:37.594622,,0,0,2025-11-20T21:02:37.594622
EXT-04058,{ที่ตั้งจุดเสี่ยงภัยสะพานลอยและป้ายรถโดยสารประจำทาง},กรมป้องกันและบรรเทาสาธารณภัย,ระหว่างซอยเสรีไทย 81/1-83 ถนนเสรีไทย,,,"1525805.316498575,682949.4409733862",ระหว่างซอยเสรีไทย 81/1-83 ถนนเสรีไทย,,,กรุงเทพมหานคร,2025-11-20T21:02:37.594622,,0,0,2025-11-20T21:02:37.594622
EXT-04059,{ที่ตั้งจุดเสี่ยงภัยสะพานลอยและป้ายรถโดยสารประจำทาง},กรมป้องกันและบรรเทาสาธารณภัย,ปากซอยเสรีไทย 52  ถนนเสรีไทย,,,"1525933.1926632416,683304.1590899756",ปากซอยเสรีไทย 52  ถนนเสรีไทย,,,กรุงเทพมหานคร,2025-11-20T21:02:37.594622,,0,0,2025-11-20T21:02:37.594622
EXT-04060,{ที่ตั้งจุดเสี่ยงภัยสะพานลอยและป้ายรถโดยสารประจำทาง},กรมป้องกันและบรรเทาสาธารณภัย,ปากซอยเสรีไทย 54   ถนนเสรีไทย,,,"1526066.4212765438,683599.398930256",ปากซอยเสรีไทย 54   ถนนเสรีไทย,,,กรุงเทพมหานคร,2025-11-20T21:02:37.594622,,0,0,2025-11-20T21:02:37.594622
EXT-04061,{ที่ตั้งจุดเสี่ยงภัยสะพานลอยและป้ายรถโดยสารประจำทาง},กรมป้องกันและบรรเทาสาธารณภัย,ปากซอยรามอินทรา 74  ถนนรามอินทรา,,,"1527648.656997669,683209.8419295304",ปากซอยรามอินทรา 74  ถนนรามอินทรา,,,กรุงเทพมหานคร,2025-11-20T21:02:37.594622,,0,0,2025-11-20T21:02:37.594622
EXT-04062,{ที่ตั้งจุดเสี่ยงภัยสะพานลอยและป้ายรถโดยสารประจำทาง},กรมป้องกันและบรรเทาสาธารณภัย,ตรงข้ามห้างแฟชั่นไอส์แลนด์,,,"1528995.6350999041,681199.8154268744",ตรงข้ามห้างแฟชั่นไอส์แลนด์,,,กรุงเทพมหานคร,2025-11-20T21:02:37.594622,,0,0,2025-11-20T21:02:37.594622
EXT-04063,{ที่ตั้งจุดเสี่ยงภัยสะพานลอยและป้ายรถโดยสารประจำทาง},กรมป้องกันและบรรเทาสาธารณภัย,ใกล้สุเหร่าซีรอ ถนนวงแหวนตะวันออก,,,"1522795.5475329123,682998.3944199928",ใกล้สุเหร่าซีรอ ถนนวงแหวนตะวันออก,,,กรุงเทพมหานคร,2025-11-20T21:02:37.594622,,0,0,2025-11-20T21:02:37.594622
EXT-04064,{ที่ตั้งจุดเสี่ยงภัยสะพานลอยและป้ายรถโดยสารประจำทาง},กรมป้องกันและบรรเทาสาธารณภัย,แยกมีนทีน ถนนรามคำแหง,,,"1525443.6536288473,684014.2277813819",แยกมีนทีน ถนนรามคำแหง,,,กรุงเทพมหานคร,2025-11-20T21:02:37.594622,,0,0,2025-11-20T21:02:37.594622
EXT-04065,{ที่ตั้งจุดเสี่ยงภัยสะพานลอยและป้ายรถโดยสารประจำทาง},กรมป้องกันและบรรเทาสาธารณภัย,ซอยรามคำแหง 127,,,"1523262.5228618092,680136.9868598265",ซอยรามคำแหง 127,,,กรุงเทพมหานคร,2025-11-20T21:02:37.594622,,0,0,2025-11-20T21:02:37.594622
EXT-04066,{ที่ตั้งจุดเสี่ยงภัยสะพานลอยและป้ายรถโดยสารประจำทาง},กรมป้องกันและบรรเทาสาธารณภัย,หมู่บ้านศรีประจักษ์ ถนนรามคำแหง,,,"1525139.9296333978,683528.044810332",หมู่บ้านศรีประจักษ์ ถนนรามคำแหง,,,กรุงเทพมหานคร,2025-11-20T21:02:37.594622,,0,0,2025-11-20T21:02:37.594622
EXT-04067,{ที่ตั้งจุดเสี่ยงภัยสะพานลอยและป้ายรถโดยสารประจำทาง},กรมป้องกันและบรรเทาสาธารณภัย,หมู่บ้านเทพพนา ถนนรามคำแหง,,,"1525664.7901159157,684364.3349517446",หมู่บ้านเทพพนา ถนนรามคำแหง,,,กรุงเทพมหานคร,2025-11-20T21:02:37.594622,,0,0,2025-11-20T21:02:37.594622
EXT-04068,{ที่ตั้งจุดเสี่ยงภัยสะพานลอยและป้ายรถโดยสารประจำทาง},กรมป้องกันและบรรเทาสาธารณภัย,ซอยรามคำแหง 165 ถนนรามคำแหง,,,"1525462.0383310176,683980.9165620998",ซอยรามคำแหง 165 ถนนรามคำแหง,,,กรุงเทพมหานคร,2025-11-20T21:02:37.594622,,0,0,2025-11-20T21:02:37.594622
EXT-04069,{ที่ตั้งจุดเสี่ยงภัยสะพานลอยและป้ายรถโดยสารประจำทาง},กรมป้องกันและบรรเทาสาธารณภัย,ปากซอยรามคำแหง 124 ถนนรามคำแหง,,,"1524104.866607988,681697.0359320595",ปากซอยรามคำแหง 124 ถนนรามคำแหง,,,กรุงเทพมหานคร,2025-11-20T21:02:37.594622,,0,0,2025-11-20T21:02:37.594622
EXT-04070,{ที่ตั้งจุดเสี่ยงภัยสะพานลอยและป้ายรถโดยสารประจำทาง},กรมป้องกันและบรรเทาสาธารณภัย,ตรงข้ามซอยรามคำแหง 143 ถนนรามคำแหง,,,"1524140.169912911,681708.5143673035",ตรงข้ามซอยรามคำแหง 143 ถนนรามคำแหง,,,กรุงเทพมหานคร,2025-11-20T21:02:37.594622,,0,0,2025-11-20T21:02:37.594622
EXT-04071,{ที่ตั้งจุดเสี่ยงภัยสะพานลอยและป้ายรถโดยสารประจำทาง},กรมป้องกันและบรรเทาสาธารณภัย,ปากซอยรามคำแหง 160 ถนนรามคำแหง,,,"1525475.8618344273,684104.8954795026",ปากซอยรามคำแหง 160 ถนนรามคำแหง,,,กรุงเทพมหานคร,2025-11-20T21:02:37.594622,,0,0,2025-11-20T21:02:37.594622
EXT-04072,{ที่ตั้งจุดเสี่ยงภัยสะพานลอยและป้ายรถโดยสารประจำทาง},กรมป้องกันและบรรเทาสาธารณภัย,ตรงข้ามซอยรามคำแหง 162 ถนนรามคำแหง,,,"1525627.1866661003,684292.7862209725",ตรงข้ามซอยรามคำแหง 162 ถนนรามคำแหง,,,กรุงเทพมหานคร,2025-11-20T21:02:37.594622,,0,0,2025-11-20T21:02:37.594622
EXT-04073,{ที่ตั้งจุดเสี่ยงภัยสะพานลอยและป้ายรถโดยสารประจำทาง},กรมป้องกันและบรรเทาสาธารณภัย,ปากซอยรามคำแหง 142 ถนนรามคำแหง,,,"1524677.455110815,682687.8801440684",ปากซอยรามคำแหง 142 ถนนรามคำแหง,,,กรุงเทพมหานคร,2025-11-20T21:02:37.594622,,0,0,2025-11-20T21:02:37.594622
EXT-04074,{ที่ตั้งจุดเสี่ยงภัยสะพานลอยและป้ายรถโดยสารประจำทาง},กรมป้องกันและบรรเทาสาธารณภัย,ทางเข้าวัดจินดิษย์ ถนนนิมิตรใหม่,,,"1530973.440894693,687452.761232141",ทางเข้าวัดจินดิษย์ ถนนนิมิตรใหม่,,,กรุงเทพมหานคร,2025-11-20T21:02:37.594622,,0,0,2025-11-20T21:02:37.594622
EXT-04075,{ที่ตั้งจุดเสี่ยงภัยสะพานลอยและป้ายรถโดยสารประจำทาง},กรมป้องกันและบรรเทาสาธารณภัย,ซอยนิมิตใหม่  19 (ปากซอยวัดบัวแก้ว),,,"1531895.0483379571,687205.4490780145",ซอยนิมิตใหม่  19 (ปากซอยวัดบัวแก้ว),,,กรุงเทพมหานคร,2025-11-20T21:02:37.594622,,0,0,2025-11-20T21:02:37.594622
EXT-04076,{ที่ตั้งจุดเสี่ยงภัยสะพานลอยและป้ายรถโดยสารประจำทาง},กรมป้องกันและบรรเทาสาธารณภัย,หน้าวัดลำกระดาน,,,"1539356.2683513146,689162.94048329",หน้าวัดลำกระดาน,,,กรุงเทพมหานคร,2025-11-20T21:02:37.594622,,0,0,2025-11-20T21:02:37.594622
EXT-04077,{ที่ตั้งจุดเสี่ยงภัยสะพานลอยและป้ายรถโดยสารประจำทาง},กรมป้องกันและบรรเทาสาธารณภัย,หน้าวัดลำกระดาน ถนนนิมิตรใหม่,,,"1539348.960307424,689158.1104784338",หน้าวัดลำกระดาน ถนนนิมิตรใหม่,,,กรุงเทพมหานคร,2025-11-20T21:02:37.594622,,0,0,2025-11-20T21:02:37.594622
EXT-04078,{ที่ตั้งจุดเสี่ยงภัยสะพานลอยและป้ายรถโดยสารประจำทาง},กรมป้องกันและบรรเทาสาธารณภัย,โรงเรียนนวมินทราชินูทิศ สตรีวิทยา 2,,,"1538443.0902215608,688448.2861018743",โรงเรียนนวมินทราชินูทิศ สตรีวิทยา 2,,,กรุงเทพมหานคร,2025-11-20T21:02:37.594622,,0,0,2025-11-20T21:02:37.594622
EXT-04079,{ที่ตั้งจุดเสี่ยงภัยสะพานลอยและป้ายรถโดยสารประจำทาง},กรมป้องกันและบรรเทาสาธารณภัย,โรงเรียนวัดสุทธิสะอาด ถนนนิมิตรใหม่,,,"1535143.6734098475,687117.0860076421",โรงเรียนวัดสุทธิสะอาด ถนนนิมิตรใหม่,,,กรุงเทพมหานคร,2025-11-20T21:02:37.594622,,0,0,2025-11-20T21:02:37.594622
EXT-04080,{ที่ตั้งจุดเสี่ยงภัยสะพานลอยและป้ายรถโดยสารประจำทาง},กรมป้องกันและบรรเทาสาธารณภัย,โรงเรียนวัดบัวแก้ว ถนนนิมิตรใหม่ 19,,,"1531902.5820577126,687204.3514690028",โรงเรียนวัดบัวแก้ว ถนนนิมิตรใหม่ 19,,,กรุงเทพมหานคร,2025-11-20T21:02:37.594622,,0,0,2025-11-20T21:02:37.594622
EXT-04081,{ที่ตั้งจุดเสี่ยงภัยสะพานลอยและป้ายรถโดยสารประจำทาง},กรมป้องกันและบรรเทาสาธารณภัย,โรงเรียนบางชัน(ปลื้มวิทยานุสรณ์) ถนนพระยาสุเรนทร์,,,"1528232.5543110394,683649.3048978975",โรงเรียนบางชัน(ปลื้มวิทยานุสรณ์) ถนนพระยาสุเรนทร์,,,กรุงเทพมหานคร,2025-11-20T21:02:37.594622,,0,0,2025-11-20T21:02:37.594622
EXT-04082,{ที่ตั้งจุดเสี่ยงภัยสะพานลอยและป้ายรถโดยสารประจำทาง},กรมป้องกันและบรรเทาสาธารณภัย,หน้าหมู่บ้านสัมมากร  นิมิตใหม่  34,,,"1534754.1306366804,687148.7263051051",หน้าหมู่บ้านสัมมากร  นิมิตใหม่  34,,,กรุงเทพมหานคร,2025-11-20T21:02:37.594622,,0,0,2025-11-20T21:02:37.594622
EXT-04083,{ที่ตั้งจุดเสี่ยงภัยสะพานลอยและป้ายรถโดยสารประจำทาง},กรมป้องกันและบรรเทาสาธารณภัย,ตรงข้ามโรงเรียนนวมินทราชินูทิศ สตรีวิทยา 2,,,"1538467.5214928729,688447.5656906312",ตรงข้ามโรงเรียนนวมินทราชินูทิศ สตรีวิทยา 2,,,กรุงเทพมหานคร,2025-11-20T21:02:37.594622,,0,0,2025-11-20T21:02:37.594622
EXT-04084,{ที่ตั้งจุดเสี่ยงภัยสะพานลอยและป้ายรถโดยสารประจำทาง},กรมป้องกันและบรรเทาสาธารณภัย,ตรงข้ามปากซอยถนนนิมิตใหม่ ตัดถนน,,,"1538659.3145438738,688744.7681285008",ตรงข้ามปากซอยถนนนิมิตใหม่ ตัดถนน,,,กรุงเทพมหานคร,2025-11-20T21:02:37.594622,,0,0,2025-11-20T21:02:37.594622
EXT-04085,{ที่ตั้งจุดเสี่ยงภัยสะพานลอยและป้ายรถโดยสารประจำทาง},กรมป้องกันและบรรเทาสาธารณภัย,ตรงข้ามโรงเรียนวัดสุทธิสะอาด,,,"1535158.6254896268,687198.5906935135",ตรงข้ามโรงเรียนวัดสุทธิสะอาด,,,กรุงเทพมหานคร,2025-11-20T21:02:37.594622,,0,0,2025-11-20T21:02:37.594622
EXT-04086,{ที่ตั้งจุดเสี่ยงภัยสะพานลอยและป้ายรถโดยสารประจำทาง},กรมป้องกันและบรรเทาสาธารณภัย,ตรงข้ามซอยนิมิตใหม่  19,,,"1531904.598750333,687210.3304234607",ตรงข้ามซอยนิมิตใหม่  19,,,กรุงเทพมหานคร,2025-11-20T21:02:37.594622,,0,0,2025-11-20T21:02:37.594622
EXT-04087,{ที่ตั้งจุดเสี่ยงภัยสะพานลอยและป้ายรถโดยสารประจำทาง},กรมป้องกันและบรรเทาสาธารณภัย,โรงเรียนนวมินทราชินูทิศ สตรีวิทยา 2,,,"1538454.1411158966,688466.4936930407",โรงเรียนนวมินทราชินูทิศ สตรีวิทยา 2,,,กรุงเทพมหานคร,2025-11-20T21:02:37.594622,,0,0,2025-11-20T21:02:37.594622
EXT-04088,{ที่ตั้งจุดเสี่ยงภัยสะพานลอยและป้ายรถโดยสารประจำทาง},กรมป้องกันและบรรเทาสาธารณภัย,หน้าตลาดแย้มเจริญรัตน์ ถนนฉลองกรุง,,,"1521544.2499508294,694486.7954832346",หน้าตลาดแย้มเจริญรัตน์ ถนนฉลองกรุง,,,กรุงเทพมหานคร,2025-11-20T21:02:37.594622,,0,0,2025-11-20T21:02:37.594622
EXT-04089,{ที่ตั้งจุดเสี่ยงภัยสะพานลอยและป้ายรถโดยสารประจำทาง},กรมป้องกันและบรรเทาสาธารณภัย,ปากทางเข้าวัดสุทธาโภชน์ ถนนฉลองกรุง,,,"1519824.7039440132,693690.878132428",ปากทางเข้าวัดสุทธาโภชน์ ถนนฉลองกรุง,,,กรุงเทพมหานคร,2025-11-20T21:02:37.594622,,0,0,2025-11-20T21:02:37.594622
EXT-04090,{ที่ตั้งจุดเสี่ยงภัยสะพานลอยและป้ายรถโดยสารประจำทาง},กรมป้องกันและบรรเทาสาธารณภัย,สะพานลอยข้ามทางยกระดับ กรุงเทพ-ชลบุรี,,,"1518830.548227098,692870.6739991899",สะพานลอยข้ามทางยกระดับ กรุงเทพ-ชลบุรี,,,กรุงเทพมหานคร,2025-11-20T21:02:37.594622,,0,0,2025-11-20T21:02:37.594622
EXT-04091,{ที่ตั้งจุดเสี่ยงภัยสะพานลอยและป้ายรถโดยสารประจำทาง},กรมป้องกันและบรรเทาสาธารณภัย,สะพานลอยหลังวัดลานบุญ,,,"1518544.8424926354,686264.9625162979",สะพานลอยหลังวัดลานบุญ,,,กรุงเทพมหานคร,2025-11-20T21:02:37.594622,,0,0,2025-11-20T21:02:37.594622
EXT-04092,{ที่ตั้งจุดเสี่ยงภัยสะพานลอยและป้ายรถโดยสารประจำทาง},กรมป้องกันและบรรเทาสาธารณภัย,สะพานลอยตากสิน 10 ถนนตากสิน,,,"1517143.0840570715,661163.7170022242",สะพานลอยตากสิน 10 ถนนตากสิน,,,กรุงเทพมหานคร,2025-11-20T21:02:37.594622,,0,0,2025-11-20T21:02:37.594622
EXT-04093,{ที่ตั้งจุดเสี่ยงภัยสะพานลอยและป้ายรถโดยสารประจำทาง},กรมป้องกันและบรรเทาสาธารณภัย,หน้าวัดสุวรรณ ถนนเจริญนคร,,,"1517689.9653910305,663166.3920642444",หน้าวัดสุวรรณ ถนนเจริญนคร,,,กรุงเทพมหานคร,2025-11-20T21:02:37.594622,,0,0,2025-11-20T21:02:37.594622
EXT-04094,{ที่ตั้งจุดเสี่ยงภัยสะพานลอยและป้ายรถโดยสารประจำทาง},กรมป้องกันและบรรเทาสาธารณภัย,ปากซอยเจริญนคร 46 ถนนเจริญนคร,,,"1516147.9608509066,661826.6309391155",ปากซอยเจริญนคร 46 ถนนเจริญนคร,,,กรุงเทพมหานคร,2025-11-20T21:02:37.594622,,0,0,2025-11-20T21:02:37.594622
EXT-04095,{ที่ตั้งจุดเสี่ยงภัยสะพานลอยและป้ายรถโดยสารประจำทาง},กรมป้องกันและบรรเทาสาธารณภัย,ปากซอยเจริญนคร 40  ถนนเจริญนคร,,,"1516277.4239878703,662042.7067381326",ปากซอยเจริญนคร 40  ถนนเจริญนคร,,,กรุงเทพมหานคร,2025-11-20T21:02:37.594622,,0,0,2025-11-20T21:02:37.594622
EXT-04096,{ที่ตั้งจุดเสี่ยงภัยสะพานลอยและป้ายรถโดยสารประจำทาง},กรมป้องกันและบรรเทาสาธารณภัย,ปากซอยเจริญนคร 39  ถนนเจริญนคร,,,"1516382.2708945663,662358.1591704529",ปากซอยเจริญนคร 39  ถนนเจริญนคร,,,กรุงเทพมหานคร,2025-11-20T21:02:37.594622,,0,0,2025-11-20T21:02:37.594622
EXT-04097,{ที่ตั้งจุดเสี่ยงภัยสะพานลอยและป้ายรถโดยสารประจำทาง},กรมป้องกันและบรรเทาสาธารณภัย,หน้าวัดเศวต   ถนนเจริญนคร,,,"1516636.2931297694,662701.7923267648",หน้าวัดเศวต   ถนนเจริญนคร,,,กรุงเทพมหานคร,2025-11-20T21:02:37.594622,,0,0,2025-11-20T21:02:37.594622
EXT-04098,{ที่ตั้งจุดเสี่ยงภัยสะพานลอยและป้ายรถโดยสารประจำทาง},กรมป้องกันและบรรเทาสาธารณภัย,ปากซอยเจริญนคร 18  ถนนเจริญนคร,,,"1517040.9808476253,663027.4652265359",ปากซอยเจริญนคร 18  ถนนเจริญนคร,,,กรุงเทพมหานคร,2025-11-20T21:02:37.594622,,0,0,2025-11-20T21:02:37.594622
EXT-04099,{ที่ตั้งจุดเสี่ยงภัยสะพานลอยและป้ายรถโดยสารประจำทาง},กรมป้องกันและบรรเทาสาธารณภัย,ใกล้ปากซอยลาดหญ้า 18 ถนนลาดหญ้า,,,"1518320.9324401747,662928.8463823335",ใกล้ปากซอยลาดหญ้า 18 ถนนลาดหญ้า,,,กรุงเทพมหานคร,2025-11-20T21:02:37.594622,,0,0,2025-11-20T21:02:37.594622
EXT-04100,{ที่ตั้งจุดเสี่ยงภัยสะพานลอยและป้ายรถโดยสารประจำทาง},กรมป้องกันและบรรเทาสาธารณภัย,ปากซอยลาดหญ้า 8 ถนนลาดหญ้า,,,"1518126.923100729,662156.8256812984",ปากซอยลาดหญ้า 8 ถนนลาดหญ้า,,,กรุงเทพมหานคร,2025-11-20T21:02:37.594622,,0,0,2025-11-20T21:02:37.594622
EXT-04101,{ที่ตั้งจุดเสี่ยงภัยสะพานลอยและป้ายรถโดยสารประจำทาง},กรมป้องกันและบรรเทาสาธารณภัย,หน้าห้างสรรพสินค้าโรบินสัน  ถนนลาดหญ้า,,,"1518013.3365892936,661616.4672098664",หน้าห้างสรรพสินค้าโรบินสัน  ถนนลาดหญ้า,,,กรุงเทพมหานคร,2025-11-20T21:02:37.594622,,0,0,2025-11-20T21:02:37.594622
EXT-04102,{ที่ตั้งจุดเสี่ยงภัยสะพานลอยและป้ายรถโดยสารประจำทาง},กรมป้องกันและบรรเทาสาธารณภัย,ปากซอยรุ่งประชา ถ.สิรินธร,,,"1524949.197884524,659403.2464662202",ปากซอยรุ่งประชา ถ.สิรินธร,,,กรุงเทพมหานคร,2025-11-20T21:02:37.594622,,0,0,2025-11-20T21:02:37.594622
EXT-04103,{ที่ตั้งจุดเสี่ยงภัยสะพานลอยและป้ายรถโดยสารประจำทาง},กรมป้องกันและบรรเทาสาธารณภัย,ปากซอยจรัญฯ57 ถ.จรัญฯ,,,"1523797.8597805754,660708.8016841307",ปากซอยจรัญฯ57 ถ.จรัญฯ,,,กรุงเทพมหานคร,2025-11-20T21:02:37.594622,,0,0,2025-11-20T21:02:37.594622
EXT-04104,{ที่ตั้งจุดเสี่ยงภัยสะพานลอยและป้ายรถโดยสารประจำทาง},กรมป้องกันและบรรเทาสาธารณภัย,ปากซอยจรัญฯ40  ถ.จรัญฯ,,,"1523345.5730360425,660377.6381699449",ปากซอยจรัญฯ40  ถ.จรัญฯ,,,กรุงเทพมหานคร,2025-11-20T21:02:37.594622,,0,0,2025-11-20T21:02:37.594622
EXT-04105,{ที่ตั้งจุดเสี่ยงภัยสะพานลอยและป้ายรถโดยสารประจำทาง},กรมป้องกันและบรรเทาสาธารณภัย,ปากซอยจรัญฯ94  ถ.จรัญฯ,,,"1526488.1305284847,663440.6360349646",ปากซอยจรัญฯ94  ถ.จรัญฯ,,,กรุงเทพมหานคร,2025-11-20T21:02:37.594622,,0,0,2025-11-20T21:02:37.594622
EXT-04106,{ที่ตั้งจุดเสี่ยงภัยสะพานลอยและป้ายรถโดยสารประจำทาง},กรมป้องกันและบรรเทาสาธารณภัย,หน้าโรงเรียนวิมุตยาราม,,,"1527317.8347774518,663567.2199617191",หน้าโรงเรียนวิมุตยาราม,,,กรุงเทพมหานคร,2025-11-20T21:02:37.594622,,0,0,2025-11-20T21:02:37.594622
EXT-04107,{ที่ตั้งจุดเสี่ยงภัยสะพานลอยและป้ายรถโดยสารประจำทาง},กรมป้องกันและบรรเทาสาธารณภัย,หน้าโรงเรียนเขมะฯ ถ.ราชวิถี,,,"1524213.3593920106,661945.4983267735",หน้าโรงเรียนเขมะฯ ถ.ราชวิถี,,,กรุงเทพมหานคร,2025-11-20T21:02:37.594622,,0,0,2025-11-20T21:02:37.594622
EXT-04108,{ที่ตั้งจุดเสี่ยงภัยสะพานลอยและป้ายรถโดยสารประจำทาง},กรมป้องกันและบรรเทาสาธารณภัย,ปากซอยเพชรเกษม 16,,,"1518112.7018138291,659029.1296583887",ปากซอยเพชรเกษม 16,,,กรุงเทพมหานคร,2025-11-20T21:02:37.594622,,0,0,2025-11-20T21:02:37.594622
EXT-04109,{ที่ตั้งจุดเสี่ยงภัยสะพานลอยและป้ายรถโดยสารประจำทาง},กรมป้องกันและบรรเทาสาธารณภัย,ปากซอยเพชรเกษม  18,,,"1518012.9930863963,658859.2035172709",ปากซอยเพชรเกษม  18,,,กรุงเทพมหานคร,2025-11-20T21:02:37.594622,,0,0,2025-11-20T21:02:37.594622
EXT-04110,{ที่ตั้งจุดเสี่ยงภัยสะพานลอยและป้ายรถโดยสารประจำทาง},กรมป้องกันและบรรเทาสาธารณภัย,ปากซอยจรัญสนิทวงศ์ 8,,,"1519130.6872605397,659063.2284010502",ปากซอยจรัญสนิทวงศ์ 8,,,กรุงเทพมหานคร,2025-11-20T21:02:37.594622,,0,0,2025-11-20T21:02:37.594622
EXT-04111,{ที่ตั้งจุดเสี่ยงภัยสะพานลอยและป้ายรถโดยสารประจำทาง},กรมป้องกันและบรรเทาสาธารณภัย,หน้าวัดเครือวัลย์,,,"1520106.7751306356,660604.5848896741",หน้าวัดเครือวัลย์,,,กรุงเทพมหานคร,2025-11-20T21:02:37.594622,,0,0,2025-11-20T21:02:37.594622
EXT-04112,{ที่ตั้งจุดเสี่ยงภัยสะพานลอยและป้ายรถโดยสารประจำทาง},กรมป้องกันและบรรเทาสาธารณภัย,ปากซอยอิสรภาพ 21,,,"1519083.3802877304,660751.001449587",ปากซอยอิสรภาพ 21,,,กรุงเทพมหานคร,2025-11-20T21:02:37.594622,,0,0,2025-11-20T21:02:37.594622
EXT-04113,{ที่ตั้งจุดเสี่ยงภัยสะพานลอยและป้ายรถโดยสารประจำทาง},กรมป้องกันและบรรเทาสาธารณภัย,พณิชยการราชดำเนิน (ปากซอยอิสระภาพ 42),,,"1519866.4896568416,660183.6994478711",พณิชยการราชดำเนิน (ปากซอยอิสระภาพ 42),,,กรุงเทพมหานคร,2025-11-20T21:02:37.594622,,0,0,2025-11-20T21:02:37.594622
EXT-04114,{ที่ตั้งจุดเสี่ยงภัยสะพานลอยและป้ายรถโดยสารประจำทาง},กรมป้องกันและบรรเทาสาธารณภัย,ปากซอยจรัญสนิทวงศ์ 13,,,"1519538.6873859183,658999.7719270432",ปากซอยจรัญสนิทวงศ์ 13,,,กรุงเทพมหานคร,2025-11-20T21:02:37.594622,,0,0,2025-11-20T21:02:37.594622
EXT-04115,{ที่ตั้งจุดเสี่ยงภัยสะพานลอยและป้ายรถโดยสารประจำทาง},กรมป้องกันและบรรเทาสาธารณภัย,ปากซอยเพชรเกษม 1,,,"1518125.103823131,660326.3468607088",ปากซอยเพชรเกษม 1,,,กรุงเทพมหานคร,2025-11-20T21:02:37.594622,,0,0,2025-11-20T21:02:37.594622
EXT-04116,{ที่ตั้งจุดเสี่ยงภัยสะพานลอยและป้ายรถโดยสารประจำทาง},กรมป้องกันและบรรเทาสาธารณภัย,ปากซอยเพชรเกษม 4,,,"1518223.576990276,659926.3873291088",ปากซอยเพชรเกษม 4,,,กรุงเทพมหานคร,2025-11-20T21:02:37.594622,,0,0,2025-11-20T21:02:37.594622
EXT-04117,{ที่ตั้งจุดเสี่ยงภัยสะพานลอยและป้ายรถโดยสารประจำทาง},กรมป้องกันและบรรเทาสาธารณภัย,หน้าธนาคารกสิกรไทย สาขาท่าพระ,,,"1519265.30155559,659027.137739209",หน้าธนาคารกสิกรไทย สาขาท่าพระ,,,กรุงเทพมหานคร,2025-11-20T21:02:37.594622,,0,0,2025-11-20T21:02:37.594622
EXT-04118,{ที่ตั้งจุดเสี่ยงภัยสะพานลอยและป้ายรถโดยสารประจำทาง},กรมป้องกันและบรรเทาสาธารณภัย,แยกโพธิ์สามต้น,,,"1519498.2921494986,660439.2479466054",แยกโพธิ์สามต้น,,,กรุงเทพมหานคร,2025-11-20T21:02:37.594622,,0,0,2025-11-20T21:02:37.594622
EXT-04119,{ที่ตั้งจุดเสี่ยงภัยสะพานลอยและป้ายรถโดยสารประจำทาง},กรมป้องกันและบรรเทาสาธารณภัย,หน้าธนาคารกสิกรไทย สาขาท่าพระ,,,"1519291.9439140945,659024.5962869553",หน้าธนาคารกสิกรไทย สาขาท่าพระ,,,กรุงเทพมหานคร,2025-11-20T21:02:37.594622,,0,0,2025-11-20T21:02:37.594622
EXT-04120,{ที่ตั้งจุดเสี่ยงภัยสะพานลอยและป้ายรถโดยสารประจำทาง},กรมป้องกันและบรรเทาสาธารณภัย,ใกล้ซอยรัชดาภิเษก,,,"1517596.4872927843,659702.1796117033",ใกล้ซอยรัชดาภิเษก,,,กรุงเทพมหานคร,2025-11-20T21:02:37.594622,,0,0,2025-11-20T21:02:37.594622
EXT-04121,{ที่ตั้งจุดเสี่ยงภัยสะพานลอยและป้ายรถโดยสารประจำทาง},กรมป้องกันและบรรเทาสาธารณภัย,ปากซอยเพชรเกษม 6,,,"1518215.4413252105,659963.7401534806",ปากซอยเพชรเกษม 6,,,กรุงเทพมหานคร,2025-11-20T21:02:37.594622,,0,0,2025-11-20T21:02:37.594622
EXT-04122,{ที่ตั้งจุดเสี่ยงภัยสะพานลอยและป้ายรถโดยสารประจำทาง},กรมป้องกันและบรรเทาสาธารณภัย,ปากซอยจรัญสนิทวงศ์ 8,,,"1519144.8234237665,659061.1850900421",ปากซอยจรัญสนิทวงศ์ 8,,,กรุงเทพมหานคร,2025-11-20T21:02:37.594622,,0,0,2025-11-20T21:02:37.594622
EXT-04123,{ที่ตั้งจุดเสี่ยงภัยสะพานลอยและป้ายรถโดยสารประจำทาง},กรมป้องกันและบรรเทาสาธารณภัย,สะพานลอยคนเดินข้าม  ซอยเพชรเกษม 42,,,"1516930.3869425878,656844.5030664721",สะพานลอยคนเดินข้าม  ซอยเพชรเกษม 42,,,กรุงเทพมหานคร,2025-11-20T21:02:37.594622,,0,0,2025-11-20T21:02:37.594622
EXT-04124,{ที่ตั้งจุดเสี่ยงภัยสะพานลอยและป้ายรถโดยสารประจำทาง},กรมป้องกันและบรรเทาสาธารณภัย,สะพานลอยคนเดินข้ามทางเข้าวัดประดู่บางจาก,,,"1517240.5412762032,657482.3160199621",สะพานลอยคนเดินข้ามทางเข้าวัดประดู่บางจาก,,,กรุงเทพมหานคร,2025-11-20T21:02:37.594622,,0,0,2025-11-20T21:02:37.594622
EXT-04125,{ที่ตั้งจุดเสี่ยงภัยสะพานลอยและป้ายรถโดยสารประจำทาง},กรมป้องกันและบรรเทาสาธารณภัย,สะพานลอยคนเดินข้ามหน้าโรงเรียนสุจินต์วดี,,,"1516418.971566189,654745.9697692693",สะพานลอยคนเดินข้ามหน้าโรงเรียนสุจินต์วดี,,,กรุงเทพมหานคร,2025-11-20T21:02:37.594622,,0,0,2025-11-20T21:02:37.594622
EXT-04126,{ที่ตั้งจุดเสี่ยงภัยสะพานลอยและป้ายรถโดยสารประจำทาง},กรมป้องกันและบรรเทาสาธารณภัย,สะพานลอยคนเดินข้ามหน้าหมู่บ้านอินทราวิลล่า,,,"1514080.6564247892,655093.7983555353",สะพานลอยคนเดินข้ามหน้าหมู่บ้านอินทราวิลล่า,,,กรุงเทพมหานคร,2025-11-20T21:02:37.594622,,0,0,2025-11-20T21:02:37.594622
EXT-04127,{ที่ตั้งจุดเสี่ยงภัยสะพานลอยและป้ายรถโดยสารประจำทาง},กรมป้องกันและบรรเทาสาธารณภัย,สะพานลอยคนเดินข้ามใกล้ทางเบี่ยงซ้าย,,,"1516479.5060530554,655619.3581013946",สะพานลอยคนเดินข้ามใกล้ทางเบี่ยงซ้าย,,,กรุงเทพมหานคร,2025-11-20T21:02:37.594622,,0,0,2025-11-20T21:02:37.594622
EXT-04128,{ที่ตั้งจุดเสี่ยงภัยสะพานลอยและป้ายรถโดยสารประจำทาง},กรมป้องกันและบรรเทาสาธารณภัย,ปากซอยเพชรเกษม 29,,,"1516808.3924695947,656579.8328136087",ปากซอยเพชรเกษม 29,,,กรุงเทพมหานคร,2025-11-20T21:02:37.594622,,0,0,2025-11-20T21:02:37.594622
EXT-04129,{ที่ตั้งจุดเสี่ยงภัยสะพานลอยและป้ายรถโดยสารประจำทาง},กรมป้องกันและบรรเทาสาธารณภัย,หน้ามหาวิทยาลัยสยาม,,,"1517083.259692234,657198.6660515581",หน้ามหาวิทยาลัยสยาม,,,กรุงเทพมหานคร,2025-11-20T21:02:37.594622,,0,0,2025-11-20T21:02:37.594622
EXT-04130,{ที่ตั้งจุดเสี่ยงภัยสะพานลอยและป้ายรถโดยสารประจำทาง},กรมป้องกันและบรรเทาสาธารณภัย,ปากซอยเพชรเกษม 29,,,"1517245.7622609509,657490.7835796835",ปากซอยเพชรเกษม 29,,,กรุงเทพมหานคร,2025-11-20T21:02:37.594622,,0,0,2025-11-20T21:02:37.594622
EXT-04131,{ที่ตั้งจุดเสี่ยงภัยสะพานลอยและป้ายรถโดยสารประจำทาง},กรมป้องกันและบรรเทาสาธารณภัย,ป้ายรถบริเวณถนนราชพฤกษ์ตัดกับถนนบางแวก,,,"1519184.0296938003,656409.8196066691",ป้ายรถบริเวณถนนราชพฤกษ์ตัดกับถนนบางแวก,,,กรุงเทพมหานคร,2025-11-20T21:02:37.594622,,0,0,2025-11-20T21:02:37.594622
EXT-04132,{ที่ตั้งจุดเสี่ยงภัยสะพานลอยและป้ายรถโดยสารประจำทาง},กรมป้องกันและบรรเทาสาธารณภัย,ใกล้เชิงสะพานบางเพลี้ย,,,"1518379.1630502946,657444.4327385892",ใกล้เชิงสะพานบางเพลี้ย,,,กรุงเทพมหานคร,2025-11-20T21:02:37.594622,,0,0,2025-11-20T21:02:37.594622
EXT-04133,{ที่ตั้งจุดเสี่ยงภัยสะพานลอยและป้ายรถโดยสารประจำทาง},กรมป้องกันและบรรเทาสาธารณภัย,สะพานลอยคนเดินข้ามหน้าตลาดบางแค,,,"1516320.733509808,654041.016797666",สะพานลอยคนเดินข้ามหน้าตลาดบางแค,,,กรุงเทพมหานคร,2025-11-20T21:02:37.594622,,0,0,2025-11-20T21:02:37.594622
EXT-04134,{ที่ตั้งจุดเสี่ยงภัยสะพานลอยและป้ายรถโดยสารประจำทาง},กรมป้องกันและบรรเทาสาธารณภัย,ใต้ทางด่วน,,,"1512891.0828511997,659715.037241965",ใต้ทางด่วน,,,กรุงเทพมหานคร,2025-11-20T21:02:37.594622,,0,0,2025-11-20T21:02:37.594622
EXT-04135,{ที่ตั้งจุดเสี่ยงภัยสะพานลอยและป้ายรถโดยสารประจำทาง},กรมป้องกันและบรรเทาสาธารณภัย,ปากทางเข้าถนนพุทธบูชา,,,"1512831.4265981293,659188.3416572751",ปากทางเข้าถนนพุทธบูชา,,,กรุงเทพมหานคร,2025-11-20T21:02:37.594622,,0,0,2025-11-20T21:02:37.594622
EXT-04136,{ที่ตั้งจุดเสี่ยงภัยสะพานลอยและป้ายรถโดยสารประจำทาง},กรมป้องกันและบรรเทาสาธารณภัย,ปากทางเข้าถนนพุทธบูชา,,,"1513274.2856594417,660783.1770680828",ปากทางเข้าถนนพุทธบูชา,,,กรุงเทพมหานคร,2025-11-20T21:02:37.594622,,0,0,2025-11-20T21:02:37.594622
EXT-04137,{ที่ตั้งจุดเสี่ยงภัยสะพานลอยและป้ายรถโดยสารประจำทาง},กรมป้องกันและบรรเทาสาธารณภัย,ถนนพระรามที่ 2 (ซอยจันทร์พริ้ง),,,"1512796.76540691,658902.5640258404",ถนนพระรามที่ 2 (ซอยจันทร์พริ้ง),,,กรุงเทพมหานคร,2025-11-20T21:02:37.594622,,0,0,2025-11-20T21:02:37.594622
EXT-04138,{ที่ตั้งจุดเสี่ยงภัยสะพานลอยและป้ายรถโดยสารประจำทาง},กรมป้องกันและบรรเทาสาธารณภัย,ปากซอยเข้าวัดสีสุก,,,"1512603.1318031298,658465.703486488",ปากซอยเข้าวัดสีสุก,,,กรุงเทพมหานคร,2025-11-20T21:02:37.594622,,0,0,2025-11-20T21:02:37.594622
EXT-04139,{ที่ตั้งจุดเสี่ยงภัยสะพานลอยและป้ายรถโดยสารประจำทาง},กรมป้องกันและบรรเทาสาธารณภัย,ปากซอยพระรามที่ 2 ซอย 3,,,"1513105.9355637685,660212.360084116",ปากซอยพระรามที่ 2 ซอย 3,,,กรุงเทพมหานคร,2025-11-20T21:02:37.594622,,0,0,2025-11-20T21:02:37.594622
EXT-04140,{ที่ตั้งจุดเสี่ยงภัยสะพานลอยและป้ายรถโดยสารประจำทาง},กรมป้องกันและบรรเทาสาธารณภัย,ปากซอยสุขสวัสดิ์ 2,,,"1514057.092309591,660166.9097173325",ปากซอยสุขสวัสดิ์ 2,,,กรุงเทพมหานคร,2025-11-20T21:02:37.594622,,0,0,2025-11-20T21:02:37.594622
EXT-04141,{ที่ตั้งจุดเสี่ยงภัยสะพานลอยและป้ายรถโดยสารประจำทาง},กรมป้องกันและบรรเทาสาธารณภัย,ปากซอยวัดนาคนิมิต,,,"1513672.879644829,660526.0220007066",ปากซอยวัดนาคนิมิต,,,กรุงเทพมหานคร,2025-11-20T21:02:37.594622,,0,0,2025-11-20T21:02:37.594622
EXT-04142,{ที่ตั้งจุดเสี่ยงภัยสะพานลอยและป้ายรถโดยสารประจำทาง},กรมป้องกันและบรรเทาสาธารณภัย,หน้าโรงพยาบาลบางมด,,,"1511972.3138601098,657533.1806962254",หน้าโรงพยาบาลบางมด,,,กรุงเทพมหานคร,2025-11-20T21:02:37.594622,,0,0,2025-11-20T21:02:37.594622
EXT-04143,{ที่ตั้งจุดเสี่ยงภัยสะพานลอยและป้ายรถโดยสารประจำทาง},กรมป้องกันและบรรเทาสาธารณภัย,หน้าหมู่บ้านชิชา,,,"1512392.894857021,658205.9439840169",หน้าหมู่บ้านชิชา,,,กรุงเทพมหานคร,2025-11-20T21:02:37.594622,,0,0,2025-11-20T21:02:37.594622
EXT-04144,{ที่ตั้งจุดเสี่ยงภัยสะพานลอยและป้ายรถโดยสารประจำทาง},กรมป้องกันและบรรเทาสาธารณภัย,หน้าสมาคมฮินแหน่น,,,"1512253.4405285132,657881.9914160585",หน้าสมาคมฮินแหน่น,,,กรุงเทพมหานคร,2025-11-20T21:02:37.594622,,0,0,2025-11-20T21:02:37.594622
EXT-04145,{ที่ตั้งจุดเสี่ยงภัยสะพานลอยและป้ายรถโดยสารประจำทาง},กรมป้องกันและบรรเทาสาธารณภัย,หน้าหมู่บ้านชิชา ถ.พระรามที่ 2,,,"1512393.2665341592,658218.016608099",หน้าหมู่บ้านชิชา ถ.พระรามที่ 2,,,กรุงเทพมหานคร,2025-11-20T21:02:37.594622,,0,0,2025-11-20T21:02:37.594622
EXT-04146,{ที่ตั้งจุดเสี่ยงภัยสะพานลอยและป้ายรถโดยสารประจำทาง},กรมป้องกันและบรรเทาสาธารณภัย,หน้าโรงพยาบาลบางมด ถ.พระรามที่ 2,,,"1511962.5676595962,657514.817092433",หน้าโรงพยาบาลบางมด ถ.พระรามที่ 2,,,กรุงเทพมหานคร,2025-11-20T21:02:37.594622,,0,0,2025-11-20T21:02:37.594622
EXT-04147,{ที่ตั้งจุดเสี่ยงภัยสะพานลอยและป้ายรถโดยสารประจำทาง},กรมป้องกันและบรรเทาสาธารณภัย,หน้าศาลอาญาธนบุรี  ถ.เอกชัย,,,"1513382.961537459,656360.5388158825",หน้าศาลอาญาธนบุรี  ถ.เอกชัย,,,กรุงเทพมหานคร,2025-11-20T21:02:37.594622,,0,0,2025-11-20T21:02:37.594622
EXT-04148,{ที่ตั้งจุดเสี่ยงภัยสะพานลอยและป้ายรถโดยสารประจำทาง},กรมป้องกันและบรรเทาสาธารณภัย,ปากซอยสุขสวัสดิ์ 19,,,"1512941.608095647,661609.9121417009",ปากซอยสุขสวัสดิ์ 19,,,กรุงเทพมหานคร,2025-11-20T21:02:37.594622,,0,0,2025-11-20T21:02:37.594622
EXT-04149,{ที่ตั้งจุดเสี่ยงภัยสะพานลอยและป้ายรถโดยสารประจำทาง},กรมป้องกันและบรรเทาสาธารณภัย,ปากซอยสุขสวัสดิ์ 23,,,"1512795.293579591,661822.2238437223",ปากซอยสุขสวัสดิ์ 23,,,กรุงเทพมหานคร,2025-11-20T21:02:37.594622,,0,0,2025-11-20T21:02:37.594622
EXT-04150,{ที่ตั้งจุดเสี่ยงภัยสะพานลอยและป้ายรถโดยสารประจำทาง},กรมป้องกันและบรรเทาสาธารณภัย,ปากซอยสุขสวัสดิ์ 29,,,"1512259.222097361,662663.376657303",ปากซอยสุขสวัสดิ์ 29,,,กรุงเทพมหานคร,2025-11-20T21:02:37.594622,,0,0,2025-11-20T21:02:37.594622
EXT-04151,{ที่ตั้งจุดเสี่ยงภัยสะพานลอยและป้ายรถโดยสารประจำทาง},กรมป้องกันและบรรเทาสาธารณภัย,หน้าโรงงานธนบุรีทอผ้า ถนนสุขสวัสดิ์,,,"1513993.5103189123,660181.7781154764",หน้าโรงงานธนบุรีทอผ้า ถนนสุขสวัสดิ์,,,กรุงเทพมหานคร,2025-11-20T21:02:37.594622,,0,0,2025-11-20T21:02:37.594622
EXT-04152,{ที่ตั้งจุดเสี่ยงภัยสะพานลอยและป้ายรถโดยสารประจำทาง},กรมป้องกันและบรรเทาสาธารณภัย,สะพานลอยปากซอยพุทธบูชา 42,,,"1509637.9655049653,660839.5188497157",สะพานลอยปากซอยพุทธบูชา 42,,,กรุงเทพมหานคร,2025-11-20T21:02:37.594622,,0,0,2025-11-20T21:02:37.594622
EXT-04153,{ที่ตั้งจุดเสี่ยงภัยสะพานลอยและป้ายรถโดยสารประจำทาง},กรมป้องกันและบรรเทาสาธารณภัย,สะพานลอยหน้า ม.เทคโน ฯ,,,"1509704.6806847663,661893.6349556183",สะพานลอยหน้า ม.เทคโน ฯ,,,กรุงเทพมหานคร,2025-11-20T21:02:37.594622,,0,0,2025-11-20T21:02:37.594622
EXT-04154,{ที่ตั้งจุดเสี่ยงภัยสะพานลอยและป้ายรถโดยสารประจำทาง},กรมป้องกันและบรรเทาสาธารณภัย,สะพานลอยหน้า สน.ทุ่งครุ,,,"1506955.6054305586,662899.2044365105",สะพานลอยหน้า สน.ทุ่งครุ,,,กรุงเทพมหานคร,2025-11-20T21:02:37.594622,,0,0,2025-11-20T21:02:37.594622
EXT-04155,{ที่ตั้งจุดเสี่ยงภัยสะพานลอยและป้ายรถโดยสารประจำทาง},กรมป้องกันและบรรเทาสาธารณภัย,สะพานลอยหน้าโรงเรียนนาหลวง,,,"1509257.1563366626,661686.1965377673",สะพานลอยหน้าโรงเรียนนาหลวง,,,กรุงเทพมหานคร,2025-11-20T21:02:37.594622,,0,0,2025-11-20T21:02:37.594622
EXT-04156,{ที่ตั้งจุดเสี่ยงภัยสะพานลอยและป้ายรถโดยสารประจำทาง},กรมป้องกันและบรรเทาสาธารณภัย,สะพานลอยหน้าโรงเรียนราษฎร์บูรณะ,,,"1507840.1044218882,662545.8299256179",สะพานลอยหน้าโรงเรียนราษฎร์บูรณะ,,,กรุงเทพมหานคร,2025-11-20T21:02:37.594622,,0,0,2025-11-20T21:02:37.594622
EXT-04157,{ที่ตั้งจุดเสี่ยงภัยสะพานลอยและป้ายรถโดยสารประจำทาง},กรมป้องกันและบรรเทาสาธารณภัย,สะพานลอยหน้าตลาดใหม่ 61,,,"1508969.2751726713,662119.8453223346",สะพานลอยหน้าตลาดใหม่ 61,,,กรุงเทพมหานคร,2025-11-20T21:02:37.594622,,0,0,2025-11-20T21:02:37.594622
EXT-04158,{ที่ตั้งจุดเสี่ยงภัยสะพานลอยและป้ายรถโดยสารประจำทาง},กรมป้องกันและบรรเทาสาธารณภัย,สะพานลอยหน้าอิสลามวิทยาลัย,,,"1508160.7185707018,662413.838025017",สะพานลอยหน้าอิสลามวิทยาลัย,,,กรุงเทพมหานคร,2025-11-20T21:02:37.594622,,0,0,2025-11-20T21:02:37.594622
EXT-04159,{ที่ตั้งจุดเสี่ยงภัยสะพานลอยและป้ายรถโดยสารประจำทาง},กรมป้องกันและบรรเทาสาธารณภัย,สะพานลอยหน้าซอยประชาอุทิศ 70,,,"1507390.741111535,662675.7389432687",สะพานลอยหน้าซอยประชาอุทิศ 70,,,กรุงเทพมหานคร,2025-11-20T21:02:37.594622,,0,0,2025-11-20T21:02:37.594622
EXT-04160,{ที่ตั้งจุดเสี่ยงภัยสะพานลอยและป้ายรถโดยสารประจำทาง},กรมป้องกันและบรรเทาสาธารณภัย,สะพานลอยหน้าโรงเรียนวัดทุ่งครุ,,,"1506138.5699887981,663502.1389439509",สะพานลอยหน้าโรงเรียนวัดทุ่งครุ,,,กรุงเทพมหานคร,2025-11-20T21:02:37.594622,,0,0,2025-11-20T21:02:37.594622
EXT-04161,{ที่ตั้งจุดเสี่ยงภัยสะพานลอยและป้ายรถโดยสารประจำทาง},กรมป้องกันและบรรเทาสาธารณภัย,ปากซอยประชาอุทิศ 54,,,"1508801.6732072444,662145.5973590531",ปากซอยประชาอุทิศ 54,,,กรุงเทพมหานคร,2025-11-20T21:02:37.594622,,0,0,2025-11-20T21:02:37.594622
EXT-04162,{ที่ตั้งจุดเสี่ยงภัยสะพานลอยและป้ายรถโดยสารประจำทาง},กรมป้องกันและบรรเทาสาธารณภัย,ตรงข้ามโรงเรียนนาหลวง,,,"1509243.6579208863,661676.5811741153",ตรงข้ามโรงเรียนนาหลวง,,,กรุงเทพมหานคร,2025-11-20T21:02:37.594622,,0,0,2025-11-20T21:02:37.594622
EXT-04163,{ที่ตั้งจุดเสี่ยงภัยสะพานลอยและป้ายรถโดยสารประจำทาง},กรมป้องกันและบรรเทาสาธารณภัย,แยกชัยพฤกษ์,,,"1524555.365344087,658076.9597012567",แยกชัยพฤกษ์,,,กรุงเทพมหานคร,2025-11-20T21:02:37.594622,,0,0,2025-11-20T21:02:37.594622
EXT-04164,{ที่ตั้งจุดเสี่ยงภัยสะพานลอยและป้ายรถโดยสารประจำทาง},กรมป้องกันและบรรเทาสาธารณภัย,หน้า สน.ตลิ่งชัน,,,"1523940.0955253532,656307.6064444723",หน้า สน.ตลิ่งชัน,,,กรุงเทพมหานคร,2025-11-20T21:02:37.594622,,0,0,2025-11-20T21:02:37.594622
EXT-04165,{ที่ตั้งจุดเสี่ยงภัยสะพานลอยและป้ายรถโดยสารประจำทาง},กรมป้องกันและบรรเทาสาธารณภัย,วัดทองบางระมาด,,,"1523833.7883030784,655937.923186555",วัดทองบางระมาด,,,กรุงเทพมหานคร,2025-11-20T21:02:37.594622,,0,0,2025-11-20T21:02:37.594622
EXT-04166,{ที่ตั้งจุดเสี่ยงภัยสะพานลอยและป้ายรถโดยสารประจำทาง},กรมป้องกันและบรรเทาสาธารณภัย,วัดมะกอก,,,"1523921.9320008156,654698.4848758728",วัดมะกอก,,,กรุงเทพมหานคร,2025-11-20T21:02:37.594622,,0,0,2025-11-20T21:02:37.594622
EXT-04167,{ที่ตั้งจุดเสี่ยงภัยสะพานลอยและป้ายรถโดยสารประจำทาง},กรมป้องกันและบรรเทาสาธารณภัย,ขนส่งกรุงเทพ(สายใต้ใหม่),,,"1524004.8700403988,653742.8929351483",ขนส่งกรุงเทพ(สายใต้ใหม่),,,กรุงเทพมหานคร,2025-11-20T21:02:37.594622,,0,0,2025-11-20T21:02:37.594622
EXT-04168,{ที่ตั้งจุดเสี่ยงภัยสะพานลอยและป้ายรถโดยสารประจำทาง},กรมป้องกันและบรรเทาสาธารณภัย,หมู่บ้านภานุ,,,"1524075.574913836,653091.3203322449",หมู่บ้านภานุ,,,กรุงเทพมหานคร,2025-11-20T21:02:37.594622,,0,0,2025-11-20T21:02:37.594622
EXT-04169,{ที่ตั้งจุดเสี่ยงภัยสะพานลอยและป้ายรถโดยสารประจำทาง},กรมป้องกันและบรรเทาสาธารณภัย,วัดอินทราวาส,,,"1521479.593719938,654845.9598392969",วัดอินทราวาส,,,กรุงเทพมหานคร,2025-11-20T21:02:37.594622,,0,0,2025-11-20T21:02:37.594622
EXT-04170,{ที่ตั้งจุดเสี่ยงภัยสะพานลอยและป้ายรถโดยสารประจำทาง},กรมป้องกันและบรรเทาสาธารณภัย,ทางเข้าซอยทิมเรืองเวช ถนนบรมราชชนนี,,,"1524535.9721187053,648970.6565505954",ทางเข้าซอยทิมเรืองเวช ถนนบรมราชชนนี,,,กรุงเทพมหานคร,2025-11-20T21:02:37.594622,,0,0,2025-11-20T21:02:37.594622
EXT-04171,{ที่ตั้งจุดเสี่ยงภัยสะพานลอยและป้ายรถโดยสารประจำทาง},กรมป้องกันและบรรเทาสาธารณภัย,หน้าหมู่บ้านหรรษา  ถนนเพชรเกษม,,,"1515468.7980105134,644346.0860929079",หน้าหมู่บ้านหรรษา  ถนนเพชรเกษม,,,กรุงเทพมหานคร,2025-11-20T21:02:37.594622,,0,0,2025-11-20T21:02:37.594622
EXT-04172,{ที่ตั้งจุดเสี่ยงภัยสะพานลอยและป้ายรถโดยสารประจำทาง},กรมป้องกันและบรรเทาสาธารณภัย,ปากซอยเพชรเกษม 71,,,"1515790.5582752747,648041.1394559734",ปากซอยเพชรเกษม 71,,,กรุงเทพมหานคร,2025-11-20T21:02:37.594622,,0,0,2025-11-20T21:02:37.594622
EXT-04173,{ที่ตั้งจุดเสี่ยงภัยสะพานลอยและป้ายรถโดยสารประจำทาง},กรมป้องกันและบรรเทาสาธารณภัย,ปากซอยเพชรเกษม 77,,,"1515710.8816818094,647125.4747246223",ปากซอยเพชรเกษม 77,,,กรุงเทพมหานคร,2025-11-20T21:02:37.594622,,0,0,2025-11-20T21:02:37.594622
EXT-04174,{ที่ตั้งจุดเสี่ยงภัยสะพานลอยและป้ายรถโดยสารประจำทาง},กรมป้องกันและบรรเทาสาธารณภัย,ปากซอยเพชรเกษม 81,,,"1515546.8896732572,645277.6774451617",ปากซอยเพชรเกษม 81,,,กรุงเทพมหานคร,2025-11-20T21:02:37.594622,,0,0,2025-11-20T21:02:37.594622
EXT-04175,{ที่ตั้งจุดเสี่ยงภัยสะพานลอยและป้ายรถโดยสารประจำทาง},กรมป้องกันและบรรเทาสาธารณภัย,ตรงข้ามซอยอาบทิพย์,,,"1512692.5015989568,644766.533943484",ตรงข้ามซอยอาบทิพย์,,,กรุงเทพมหานคร,2025-11-20T21:02:37.594622,,0,0,2025-11-20T21:02:37.594622
EXT-04176,{ที่ตั้งจุดเสี่ยงภัยสะพานลอยและป้ายรถโดยสารประจำทาง},กรมป้องกันและบรรเทาสาธารณภัย,หน้าวัดหลักสาม ถ.เลียบคลองภาษีเจริญฝั่งใต้,,,"1513116.2311792665,647593.2572632986",หน้าวัดหลักสาม ถ.เลียบคลองภาษีเจริญฝั่งใต้,,,กรุงเทพมหานคร,2025-11-20T21:02:37.594622,,0,0,2025-11-20T21:02:37.594622
EXT-04177,{ที่ตั้งจุดเสี่ยงภัยสะพานลอยและป้ายรถโดยสารประจำทาง},กรมป้องกันและบรรเทาสาธารณภัย,ป้ายรถประจำทางหน้าธนาคารนครหลวงไทยซอยเพชรเกษม 106-108,,,"1515702.2969553368,646669.6552518168",ป้ายรถประจำทางหน้าธนาคารนครหลวงไทยซอยเพชรเกษม 106-108,,,กรุงเทพมหานคร,2025-11-20T21:02:37.594622,,0,0,2025-11-20T21:02:37.594622
EXT-04178,{ที่ตั้งจุดเสี่ยงภัยสะพานลอยและป้ายรถโดยสารประจำทาง},กรมป้องกันและบรรเทาสาธารณภัย,หน้าสถานี TV 3 ถ.เพชรเกษม (ขาเข้า),,,"1515762.9915337164,647407.8035013921",หน้าสถานี TV 3 ถ.เพชรเกษม (ขาเข้า),,,กรุงเทพมหานคร,2025-11-20T21:02:37.594622,,0,0,2025-11-20T21:02:37.594622
EXT-04179,{ที่ตั้งจุดเสี่ยงภัยสะพานลอยและป้ายรถโดยสารประจำทาง},กรมป้องกันและบรรเทาสาธารณภัย,หมู่บ้านเจษฎา 1,,,"1540819.930720793,675602.5480754233",หมู่บ้านเจษฎา 1,,,กรุงเทพมหานคร,2025-11-20T21:02:37.594622,,0,0,2025-11-20T21:02:37.594622
EXT-04180,{ที่ตั้งจุดเสี่ยงภัยสะพานลอยและป้ายรถโดยสารประจำทาง},กรมป้องกันและบรรเทาสาธารณภัย,ท่าน้ำคลองสาน,,,"1518161.0556291048,663141.5055136398",ท่าน้ำคลองสาน,,,กรุงเทพมหานคร,2025-11-20T21:02:37.594622,,0,0,2025-11-20T21:02:37.594622
EXT-04181,{ที่ตั้งจุดเสี่ยงภัยสะพานลอยและป้ายรถโดยสารประจำทาง},กรมป้องกันและบรรเทาสาธารณภัย,ใกล้อาคารไทยวิวัฒน์ ถนนกรุงธนบุรี,,,"1517340.4886680506,661857.1707531887",ใกล้อาคารไทยวิวัฒน์ ถนนกรุงธนบุรี,,,กรุงเทพมหานคร,2025-11-20T21:02:37.594622,,0,0,2025-11-20T21:02:37.594622
EXT-04182,{ที่ตั้งจุดเสี่ยงภัยสะพานลอยและป้ายรถโดยสารประจำทาง},กรมป้องกันและบรรเทาสาธารณภัย,หน้าสนามกีฬาคลองจั่น  ถ.นวมินทร์,,,"1523795.4487171913,677795.8163004271",หน้าสนามกีฬาคลองจั่น  ถ.นวมินทร์,,,กรุงเทพมหานคร,2025-11-20T21:02:37.594622,,0,0,2025-11-20T21:02:37.594622
EXT-04183,{ที่ตั้งจุดเสี่ยงภัยสะพานลอยและป้ายรถโดยสารประจำทาง},กรมป้องกันและบรรเทาสาธารณภัย,หน้าศูนย์การค้าบางประแก้ว,,,"1513533.2920710193,660713.6549168803",หน้าศูนย์การค้าบางประแก้ว,,,กรุงเทพมหานคร,2025-11-20T21:02:37.594622,,0,0,2025-11-20T21:02:37.594622
EXT-04184,{ที่ตั้งจุดเสี่ยงภัยสะพานลอยและป้ายรถโดยสารประจำทาง},กรมป้องกันและบรรเทาสาธารณภัย,โรงเรียนประสาทวิทยา,,,"1518061.1535298694,659529.4386775981",โรงเรียนประสาทวิทยา,,,กรุงเทพมหานคร,2025-11-20T21:02:37.594622,,0,0,2025-11-20T21:02:37.594622
EXT-04185,{ที่ตั้งจุดเสี่ยงภัยสะพานลอยและป้ายรถโดยสารประจำทาง},กรมป้องกันและบรรเทาสาธารณภัย,ป้ายรถโดยสารประจำทางใกล้ซอยรัชดาฯ 21,,,"1518078.1638393868,659478.6893180083",ป้ายรถโดยสารประจำทางใกล้ซอยรัชดาฯ 21,,,กรุงเทพมหานคร,2025-11-20T21:02:37.594622,,0,0,2025-11-20T21:02:37.594622
EXT-04186,{ที่ตั้งจุดเสี่ยงภัยสะพานลอยและป้ายรถโดยสารประจำทาง},กรมป้องกันและบรรเทาสาธารณภัย,สะพานลอยปากซอยจรัญฯ 3,,,"1518730.6403219136,659162.6755032383",สะพานลอยปากซอยจรัญฯ 3,,,กรุงเทพมหานคร,2025-11-20T21:02:37.594622,,0,0,2025-11-20T21:02:37.594622
EXT-04187,{ที่ตั้งจุดเสี่ยงภัยสะพานลอยและป้ายรถโดยสารประจำทาง},กรมป้องกันและบรรเทาสาธารณภัย,สะพานลอยหน้าโรงเรียนสละเวชวิทยา,,,"1519130.1419852886,659038.2342838781",สะพานลอยหน้าโรงเรียนสละเวชวิทยา,,,กรุงเทพมหานคร,2025-11-20T21:02:37.594622,,0,0,2025-11-20T21:02:37.594622
EXT-04188,{ที่ตั้งจุดเสี่ยงภัยสะพานลอยและป้ายรถโดยสารประจำทาง},กรมป้องกันและบรรเทาสาธารณภัย,หน้าร้าน ท.รุ่งโรจน์ กม.6 ถ.รามอินทรา,,,"1531664.4359003126,677592.0834763222",หน้าร้าน ท.รุ่งโรจน์ กม.6 ถ.รามอินทรา,,,กรุงเทพมหานคร,2025-11-20T21:02:37.594622,,0,0,2025-11-20T21:02:37.594622
EXT-04189,{ที่ตั้งจุดเสี่ยงภัยสะพานลอยและป้ายรถโดยสารประจำทาง},กรมป้องกันและบรรเทาสาธารณภัย,หมู่บ้าน เกาหลี,,,"1532790.7712976688,675520.6853621291",หมู่บ้าน เกาหลี,,,กรุงเทพมหานคร,2025-11-20T21:02:37.594622,,0,0,2025-11-20T21:02:37.594622
EXT-04190,{ที่ตั้งจุดเสี่ยงภัยสะพานลอยและป้ายรถโดยสารประจำทาง},กรมป้องกันและบรรเทาสาธารณภัย,ร้านล้อแม็กบริสโตน กม.3 ถ.รามอินทรา,,,"1532902.5942945755,675224.0345897585",ร้านล้อแม็กบริสโตน กม.3 ถ.รามอินทรา,,,กรุงเทพมหานคร,2025-11-20T21:02:37.594622,,0,0,2025-11-20T21:02:37.594622
EXT-04191,{ที่ตั้งจุดเสี่ยงภัยสะพานลอยและป้ายรถโดยสารประจำทาง},กรมป้องกันและบรรเทาสาธารณภัย,ปั้มเอสโซ่  ตรงข้ามบิ๊กซี ถ.พหลโยธิน,,,"1535707.0477986285,673184.4669820248",ปั้มเอสโซ่  ตรงข้ามบิ๊กซี ถ.พหลโยธิน,,,กรุงเทพมหานคร,2025-11-20T21:02:37.594622,,0,0,2025-11-20T21:02:37.594622
EXT-04192,{ที่ตั้งจุดเสี่ยงภัยสะพานลอยและป้ายรถโดยสารประจำทาง},กรมป้องกันและบรรเทาสาธารณภัย,แขวงการทาง ถ.รามอินทรา,,,"1534363.4131480558,672606.9472709629",แขวงการทาง ถ.รามอินทรา,,,กรุงเทพมหานคร,2025-11-20T21:02:37.594622,,0,0,2025-11-20T21:02:37.594622
EXT-04193,{ที่ตั้งจุดเสี่ยงภัยสะพานลอยและป้ายรถโดยสารประจำทาง},กรมป้องกันและบรรเทาสาธารณภัย,หน้าร้านวิเชีรยวัสดุ กม.6 ถ.รามอินทรา,,,"1531473.9637469759,677932.5130324597",หน้าร้านวิเชีรยวัสดุ กม.6 ถ.รามอินทรา,,,กรุงเทพมหานคร,2025-11-20T21:02:37.594622,,0,0,2025-11-20T21:02:37.594622
EXT-04194,{ที่ตั้งจุดเสี่ยงภัยสะพานลอยและป้ายรถโดยสารประจำทาง},กรมป้องกันและบรรเทาสาธารณภัย,ถนนประดิษฐ์มนูธรรม ขาออก หน้าศูนย์แพทย์พัฒนา,,,"1522080.3973255847,672803.9432306987",ถนนประดิษฐ์มนูธรรม ขาออก หน้าศูนย์แพทย์พัฒนา,,,กรุงเทพมหานคร,2025-11-20T21:02:37.594622,,0,0,2025-11-20T21:02:37.594622
EXT-04195,{ที่ตั้งจุดเสี่ยงภัยสะพานลอยและป้ายรถโดยสารประจำทาง},กรมป้องกันและบรรเทาสาธารณภัย,ถนนประดิษฐ์มนูธรรม ขาเข้า ปั๊มน้ำมันปิโตรนาส,,,"1522213.9271860954,673018.4426613423",ถนนประดิษฐ์มนูธรรม ขาเข้า ปั๊มน้ำมันปิโตรนาส,,,กรุงเทพมหานคร,2025-11-20T21:02:37.594622,,0,0,2025-11-20T21:02:37.594622
EXT-04196,{ที่ตั้งจุดเสี่ยงภัยสะพานลอยและป้ายรถโดยสารประจำทาง},กรมป้องกันและบรรเทาสาธารณภัย,หน้าปั้ม ปตท ถนนนิมิตใหม่,,,"1537505.1651497444,687494.4552095225",หน้าปั้ม ปตท ถนนนิมิตใหม่,,,กรุงเทพมหานคร,2025-11-20T21:02:37.594622,,0,0,2025-11-20T21:02:37.594622
EXT-04197,{ที่ตั้งจุดเสี่ยงภัยสะพานลอยและป้ายรถโดยสารประจำทาง},กรมป้องกันและบรรเทาสาธารณภัย,หน้าโรงเรียนสารสาสน์,,,"1533889.1368055057,687162.476441606",หน้าโรงเรียนสารสาสน์,,,กรุงเทพมหานคร,2025-11-20T21:02:37.594622,,0,0,2025-11-20T21:02:37.594622
EXT-04198,{ที่ตั้งจุดเสี่ยงภัยสะพานลอยและป้ายรถโดยสารประจำทาง},กรมป้องกันและบรรเทาสาธารณภัย,ตรงข้ามโรงเรียนสารสาสน์  ถนนนิมิตใหม่25,,,"1533896.070794944,687141.5385177286",ตรงข้ามโรงเรียนสารสาสน์  ถนนนิมิตใหม่25,,,กรุงเทพมหานคร,2025-11-20T21:02:37.594622,,0,0,2025-11-20T21:02:37.594622
EXT-04199,{ที่ตั้งจุดเสี่ยงภัยสะพานลอยและป้ายรถโดยสารประจำทาง},กรมป้องกันและบรรเทาสาธารณภัย,สะพานลอยโรงเรียนจรวยพรถนนราชพฤกษ์,,,"1517290.81387415,661039.1057767944",สะพานลอยโรงเรียนจรวยพรถนนราชพฤกษ์,,,กรุงเทพมหานคร,2025-11-20T21:02:37.594622,,0,0,2025-11-20T21:02:37.594622
EXT-04200,{ที่ตั้งจุดเสี่ยงภัยสะพานลอยและป้ายรถโดยสารประจำทาง},กรมป้องกันและบรรเทาสาธารณภัย,สะพานลอยดาวคะนอง ถนนตากสิน,,,"1514786.4556937772,660382.703642017",สะพานลอยดาวคะนอง ถนนตากสิน,,,กรุงเทพมหานคร,2025-11-20T21:02:37.594622,,0,0,2025-11-20T21:02:37.594622
EXT-04201,{ที่ตั้งจุดเสี่ยงภัยสะพานลอยและป้ายรถโดยสารประจำทาง},กรมป้องกันและบรรเทาสาธารณภัย,ใกล้ธนาคารไทยพาณิชย์ ถนนนวลจันทร์,,,"1529458.5137149757,677124.6822268877",ใกล้ธนาคารไทยพาณิชย์ ถนนนวลจันทร์,,,กรุงเทพมหานคร,2025-11-20T21:02:37.594622,,0,0,2025-11-20T21:02:37.594622
EXT-04202,{ที่ตั้งจุดเสี่ยงภัยสะพานลอยและป้ายรถโดยสารประจำทาง},กรมป้องกันและบรรเทาสาธารณภัย,แยกสวนเฉลิมพระเกียรติ ถนนศรีบูรพา,,,"1524103.9090167193,678408.2126101883",แยกสวนเฉลิมพระเกียรติ ถนนศรีบูรพา,,,กรุงเทพมหานคร,2025-11-20T21:02:37.594622,,0,0,2025-11-20T21:02:37.594622
EXT-04203,{ที่ตั้งจุดเสี่ยงภัยสะพานลอยและป้ายรถโดยสารประจำทาง},กรมป้องกันและบรรเทาสาธารณภัย,ตรงข้ามซอยศรีบูรพา 3 ถนนศรีบูรพา,,,"1524312.6413258994,678275.6689965394",ตรงข้ามซอยศรีบูรพา 3 ถนนศรีบูรพา,,,กรุงเทพมหานคร,2025-11-20T21:02:37.594622,,0,0,2025-11-20T21:02:37.594622
EXT-04204,{ที่ตั้งจุดเสี่ยงภัยสะพานลอยและป้ายรถโดยสารประจำทาง},กรมป้องกันและบรรเทาสาธารณภัย,สะพานลอยตรงข้ามร้านอาหารเรือนชมดาว,,,"1528044.4162176112,688413.3469058783",สะพานลอยตรงข้ามร้านอาหารเรือนชมดาว,,,กรุงเทพมหานคร,2025-11-20T21:02:37.594622,,0,0,2025-11-20T21:02:37.594622
EXT-04205,{ที่ตั้งจุดเสี่ยงภัยสะพานลอยและป้ายรถโดยสารประจำทาง},กรมป้องกันและบรรเทาสาธารณภัย,สะพานลอยหน้าสำนักงานการประปามีนบุรี,,,"1527940.9849603877,688227.6407849544",สะพานลอยหน้าสำนักงานการประปามีนบุรี,,,กรุงเทพมหานคร,2025-11-20T21:02:37.594622,,0,0,2025-11-20T21:02:37.594622
EXT-04206,{ที่ตั้งจุดเสี่ยงภัยสะพานลอยและป้ายรถโดยสารประจำทาง},กรมป้องกันและบรรเทาสาธารณภัย,สะพานลอยหน้า ม.รินทร์ทอง,,,"1527044.9707597843,686733.8236434364",สะพานลอยหน้า ม.รินทร์ทอง,,,กรุงเทพมหานคร,2025-11-20T21:02:37.594622,,0,0,2025-11-20T21:02:37.594622
EXT-04207,{ที่ตั้งจุดเสี่ยงภัยสะพานลอยและป้ายรถโดยสารประจำทาง},กรมป้องกันและบรรเทาสาธารณภัย,สะพานลอยหน้าบริษัทสินอุดม,,,"1529026.5692085698,686544.720467522",สะพานลอยหน้าบริษัทสินอุดม,,,กรุงเทพมหานคร,2025-11-20T21:02:37.594622,,0,0,2025-11-20T21:02:37.594622
EXT-04208,{ที่ตั้งจุดเสี่ยงภัยสะพานลอยและป้ายรถโดยสารประจำทาง},กรมป้องกันและบรรเทาสาธารณภัย,สะพานลอยหน้าการไฟฟ้ามีนบุรี,,,"1528017.9444155656,688896.0627911208",สะพานลอยหน้าการไฟฟ้ามีนบุรี,,,กรุงเทพมหานคร,2025-11-20T21:02:37.594622,,0,0,2025-11-20T21:02:37.594622
EXT-04209,{ที่ตั้งจุดเสี่ยงภัยสะพานลอยและป้ายรถโดยสารประจำทาง},กรมป้องกันและบรรเทาสาธารณภัย,สะพานลอยหน้า ม.ทองสงวน,,,"1527602.4325451276,693730.2059264565",สะพานลอยหน้า ม.ทองสงวน,,,กรุงเทพมหานคร,2025-11-20T21:02:37.594622,,0,0,2025-11-20T21:02:37.594622
EXT-04210,{ที่ตั้งจุดเสี่ยงภัยสะพานลอยและป้ายรถโดยสารประจำทาง},กรมป้องกันและบรรเทาสาธารณภัย,สะพานลอยหน้าวัดปากบึง,,,"1523797.9188677617,688797.8717684796",สะพานลอยหน้าวัดปากบึง,,,กรุงเทพมหานคร,2025-11-20T21:02:37.594622,,0,0,2025-11-20T21:02:37.594622
EXT-04211,{ที่ตั้งจุดเสี่ยงภัยสะพานลอยและป้ายรถโดยสารประจำทาง},กรมป้องกันและบรรเทาสาธารณภัย,ป้ายรถประจำทางปากซอยรามอินทรา 115/1,,,"1527689.8537104996,684389.0134874162",ป้ายรถประจำทางปากซอยรามอินทรา 115/1,,,กรุงเทพมหานคร,2025-11-20T21:02:37.594622,,0,0,2025-11-20T21:02:37.594622
EXT-04212,{ที่ตั้งจุดเสี่ยงภัยสะพานลอยและป้ายรถโดยสารประจำทาง},กรมป้องกันและบรรเทาสาธารณภัย,ป้ายรถประจำทางหน้าโรงพยาบาลเสรีรักษ์,,,"1527274.6460098233,685460.4016286891",ป้ายรถประจำทางหน้าโรงพยาบาลเสรีรักษ์,,,กรุงเทพมหานคร,2025-11-20T21:02:37.594622,,0,0,2025-11-20T21:02:37.594622
EXT-04213,{ที่ตั้งจุดเสี่ยงภัยสะพานลอยและป้ายรถโดยสารประจำทาง},กรมป้องกันและบรรเทาสาธารณภัย,ป้ายรถประจำทางฝั่งตรงข้าม ม.เกษมบัณฑิต,,,"1527086.5438436733,688021.1633520639",ป้ายรถประจำทางฝั่งตรงข้าม ม.เกษมบัณฑิต,,,กรุงเทพมหานคร,2025-11-20T21:02:37.594622,,0,0,2025-11-20T21:02:37.594622
EXT-04214,{ที่ตั้งจุดเสี่ยงภัยสะพานลอยและป้ายรถโดยสารประจำทาง},กรมป้องกันและบรรเทาสาธารณภัย,ป้ายรถประจำทางหน้าบริษัทซีพีเล็ก,,,"1527979.3020493633,689752.0959352098",ป้ายรถประจำทางหน้าบริษัทซีพีเล็ก,,,กรุงเทพมหานคร,2025-11-20T21:02:37.594622,,0,0,2025-11-20T21:02:37.594622
EXT-04215,{ที่ตั้งจุดเสี่ยงภัยสะพานลอยและป้ายรถโดยสารประจำทาง},กรมป้องกันและบรรเทาสาธารณภัย,ป้ายรถประจำทางปากทางเข้าวัดจินนาดิต,,,"1530330.0404917796,687617.4584405153",ป้ายรถประจำทางปากทางเข้าวัดจินนาดิต,,,กรุงเทพมหานคร,2025-11-20T21:02:37.594622,,0,0,2025-11-20T21:02:37.594622
EXT-04216,{ที่ตั้งจุดเสี่ยงภัยสะพานลอยและป้ายรถโดยสารประจำทาง},กรมป้องกันและบรรเทาสาธารณภัย,ป้ายรถประจำทางหน้าโรงงานถังเหล็กซอยสามวา 1,,,"1528388.5162524094,686565.240751595",ป้ายรถประจำทางหน้าโรงงานถังเหล็กซอยสามวา 1,,,กรุงเทพมหานคร,2025-11-20T21:02:37.594622,,0,0,2025-11-20T21:02:37.594622
EXT-04217,{ที่ตั้งจุดเสี่ยงภัยสะพานลอยและป้ายรถโดยสารประจำทาง},กรมป้องกันและบรรเทาสาธารณภัย,ป้ายรถประจำทางราษฎร์อุทิศ,,,"1528777.3555101987,689735.7132682652",ป้ายรถประจำทางราษฎร์อุทิศ,,,กรุงเทพมหานคร,2025-11-20T21:02:37.594622,,0,0,2025-11-20T21:02:37.594622
EXT-04218,{ที่ตั้งจุดเสี่ยงภัยสะพานลอยและป้ายรถโดยสารประจำทาง},กรมป้องกันและบรรเทาสาธารณภัย,ป้ายรถประจำทาง กม.3+365  ตรงข้ามสหพัฒพิบูลย์,,,"1525281.7783633668,688788.0110428823",ป้ายรถประจำทาง กม.3+365  ตรงข้ามสหพัฒพิบูลย์,,,กรุงเทพมหานคร,2025-11-20T21:02:37.595668,,0,0,2025-11-20T21:02:37.595668
EXT-04219,{ที่ตั้งจุดเสี่ยงภัยสะพานลอยและป้ายรถโดยสารประจำทาง},กรมป้องกันและบรรเทาสาธารณภัย,หน้าโรงเรียนลำพะอง ถนนฉลองกรุง,,,"1523347.2903906233,695993.8188166899",หน้าโรงเรียนลำพะอง ถนนฉลองกรุง,,,กรุงเทพมหานคร,2025-11-20T21:02:37.595668,,0,0,2025-11-20T21:02:37.595668
EXT-04220,{ที่ตั้งจุดเสี่ยงภัยสะพานลอยและป้ายรถโดยสารประจำทาง},กรมป้องกันและบรรเทาสาธารณภัย,ใกล้สะพานลอยตรงข้ามหมู่บ้านพาราไดซ์เทอเรส,,,"1521783.0981038976,688791.7959703525",ใกล้สะพานลอยตรงข้ามหมู่บ้านพาราไดซ์เทอเรส,,,กรุงเทพมหานคร,2025-11-20T21:02:37.595668,,0,0,2025-11-20T21:02:37.595668
EXT-04221,{ที่ตั้งจุดเสี่ยงภัยสะพานลอยและป้ายรถโดยสารประจำทาง},กรมป้องกันและบรรเทาสาธารณภัย,ป้ายรถประจำทาง สาย 143 ตรงข้ามสุกี้มาสเตอร์,,,"1521333.2090576175,688798.6794814392",ป้ายรถประจำทาง สาย 143 ตรงข้ามสุกี้มาสเตอร์,,,กรุงเทพมหานคร,2025-11-20T21:02:37.595668,,0,0,2025-11-20T21:02:37.595668
EXT-04222,{ที่ตั้งจุดเสี่ยงภัยสะพานลอยและป้ายรถโดยสารประจำทาง},กรมป้องกันและบรรเทาสาธารณภัย,ป้ายรถประจำทาง หน้าโรงไฟฟ้าย่อยลาดกระบัง,,,"1523168.2498962816,693949.7552798555",ป้ายรถประจำทาง หน้าโรงไฟฟ้าย่อยลาดกระบัง,,,กรุงเทพมหานคร,2025-11-20T21:02:37.595668,,0,0,2025-11-20T21:02:37.595668
EXT-04223,{ที่ตั้งจุดเสี่ยงภัยสะพานลอยและป้ายรถโดยสารประจำทาง},กรมป้องกันและบรรเทาสาธารณภัย,ป้ายรถประจำทางไก่ย่างโคราช หมู่ 5,,,"1520865.2524165732,688812.4306032868",ป้ายรถประจำทางไก่ย่างโคราช หมู่ 5,,,กรุงเทพมหานคร,2025-11-20T21:02:37.595668,,0,0,2025-11-20T21:02:37.595668
EXT-04224,{ที่ตั้งจุดเสี่ยงภัยสะพานลอยและป้ายรถโดยสารประจำทาง},กรมป้องกันและบรรเทาสาธารณภัย,ป้ายรถประจำทางระหว่างหมู่บ้านรุ่งกิจ 4 และ5,,,"1518905.6626589326,688828.1282632079",ป้ายรถประจำทางระหว่างหมู่บ้านรุ่งกิจ 4 และ5,,,กรุงเทพมหานคร,2025-11-20T21:02:37.595668,,0,0,2025-11-20T21:02:37.595668
EXT-04225,{ที่ตั้งจุดเสี่ยงภัยสะพานลอยและป้ายรถโดยสารประจำทาง},กรมป้องกันและบรรเทาสาธารณภัย,ป้ายรถประจำทางหน้าหมู่บ้านเคหะนคร 2,,,"1517656.4177779937,689682.7306518111",ป้ายรถประจำทางหน้าหมู่บ้านเคหะนคร 2,,,กรุงเทพมหานคร,2025-11-20T21:02:37.595668,,0,0,2025-11-20T21:02:37.595668
EXT-04226,{ที่ตั้งจุดเสี่ยงภัยสะพานลอยและป้ายรถโดยสารประจำทาง},กรมป้องกันและบรรเทาสาธารณภัย,ป้ายรถประจำทาง ปากทางเข้าวัดสุทธาโภชน์,,,"1519769.8375639075,693686.3059340859",ป้ายรถประจำทาง ปากทางเข้าวัดสุทธาโภชน์,,,กรุงเทพมหานคร,2025-11-20T21:02:37.595668,,0,0,2025-11-20T21:02:37.595668
EXT-04227,{ที่ตั้งจุดเสี่ยงภัยสะพานลอยและป้ายรถโดยสารประจำทาง},กรมป้องกันและบรรเทาสาธารณภัย,ป้ายรถประจำทางปากซอยลาดกระบัง 24,,,"1517671.8508444366,687170.7882386467",ป้ายรถประจำทางปากซอยลาดกระบัง 24,,,กรุงเทพมหานคร,2025-11-20T21:02:37.595668,,0,0,2025-11-20T21:02:37.595668
EXT-04228,{ที่ตั้งจุดเสี่ยงภัยสะพานลอยและป้ายรถโดยสารประจำทาง},กรมป้องกันและบรรเทาสาธารณภัย,ป้ายรถประจำทางปากซอยลาดกระบัง 26,,,"1517683.8337312746,687686.0523726748",ป้ายรถประจำทางปากซอยลาดกระบัง 26,,,กรุงเทพมหานคร,2025-11-20T21:02:37.595668,,0,0,2025-11-20T21:02:37.595668
EXT-04229,{ที่ตั้งจุดเสี่ยงภัยสะพานลอยและป้ายรถโดยสารประจำทาง},กรมป้องกันและบรรเทาสาธารณภัย,ป้ายรถประจำทางข้างธนาคารกรุงเทพฯ(สุขุมวิท77),,,"1517647.3436220898,685752.4630257004",ป้ายรถประจำทางข้างธนาคารกรุงเทพฯ(สุขุมวิท77),,,กรุงเทพมหานคร,2025-11-20T21:02:37.595668,,0,0,2025-11-20T21:02:37.595668
EXT-04230,{ที่ตั้งจุดเสี่ยงภัยสะพานลอยและป้ายรถโดยสารประจำทาง},กรมป้องกันและบรรเทาสาธารณภัย,ป้ายรถประจำทางหน้าทางเข้าวัดสังฆราชา,,,"1517937.2343913645,687945.5928156541",ป้ายรถประจำทางหน้าทางเข้าวัดสังฆราชา,,,กรุงเทพมหานคร,2025-11-20T21:02:37.595668,,0,0,2025-11-20T21:02:37.595668
EXT-04231,{ที่ตั้งจุดเสี่ยงภัยสะพานลอยและป้ายรถโดยสารประจำทาง},กรมป้องกันและบรรเทาสาธารณภัย,ป้ายรถประจำทางใกล้สเต๊กบ้านแดง,,,"1519304.7569499952,688835.1412311266",ป้ายรถประจำทางใกล้สเต๊กบ้านแดง,,,กรุงเทพมหานคร,2025-11-20T21:02:37.595668,,0,0,2025-11-20T21:02:37.595668
EXT-04232,{ที่ตั้งจุดเสี่ยงภัยสะพานลอยและป้ายรถโดยสารประจำทาง},กรมป้องกันและบรรเทาสาธารณภัย,ป้ายรถประจำทางใกล้ปากซอยหมู้บ้าน ป.ธนาวิลล์,,,"1520361.5845699268,688856.109726469",ป้ายรถประจำทางใกล้ปากซอยหมู้บ้าน ป.ธนาวิลล์,,,กรุงเทพมหานคร,2025-11-20T21:02:37.595668,,0,0,2025-11-20T21:02:37.595668
EXT-04233,{ที่ตั้งจุดเสี่ยงภัยสะพานลอยและป้ายรถโดยสารประจำทาง},กรมป้องกันและบรรเทาสาธารณภัย,ปากซอยศรีนครินทร์ 34,,,"1515326.774120246,678017.9218620228",ปากซอยศรีนครินทร์ 34,,,กรุงเทพมหานคร,2025-11-20T21:02:37.595668,,0,0,2025-11-20T21:02:37.595668
EXT-04234,{ที่ตั้งจุดเสี่ยงภัยสะพานลอยและป้ายรถโดยสารประจำทาง},กรมป้องกันและบรรเทาสาธารณภัย,ปากซอยศรีนครินทร์  40,,,"1514500.7802144804,678130.7175350378",ปากซอยศรีนครินทร์  40,,,กรุงเทพมหานคร,2025-11-20T21:02:37.595668,,0,0,2025-11-20T21:02:37.595668
EXT-04235,{ที่ตั้งจุดเสี่ยงภัยสะพานลอยและป้ายรถโดยสารประจำทาง},กรมป้องกันและบรรเทาสาธารณภัย,ปากซอยศรีนครินทร์  50,,,"1512877.7158274155,678019.302685627",ปากซอยศรีนครินทร์  50,,,กรุงเทพมหานคร,2025-11-20T21:02:37.595668,,0,0,2025-11-20T21:02:37.595668
EXT-04236,{ที่ตั้งจุดเสี่ยงภัยสะพานลอยและป้ายรถโดยสารประจำทาง},กรมป้องกันและบรรเทาสาธารณภัย,ป้ายรถประจำทางตรงข้ามบริษัทศรีวัฒนาเจริญยนต์,,,"1513070.1104370684,680059.0919532332",ป้ายรถประจำทางตรงข้ามบริษัทศรีวัฒนาเจริญยนต์,,,กรุงเทพมหานคร,2025-11-20T21:02:37.595668,,0,0,2025-11-20T21:02:37.595668
EXT-04237,{ที่ตั้งจุดเสี่ยงภัยสะพานลอยและป้ายรถโดยสารประจำทาง},กรมป้องกันและบรรเทาสาธารณภัย,หน้าหมู่บ้านกฤษดานคร ถนนบรมราชชนนี,,,"1524676.986222955,647161.9234659234",หน้าหมู่บ้านกฤษดานคร ถนนบรมราชชนนี,,,กรุงเทพมหานคร,2025-11-20T21:02:37.595668,,0,0,2025-11-20T21:02:37.595668
EXT-04238,{ที่ตั้งจุดเสี่ยงภัยสะพานลอยและป้ายรถโดยสารประจำทาง},กรมป้องกันและบรรเทาสาธารณภัย,ทางเข้าหมู่บ้านพรรณพฤกษา,,,"1524690.5240435915,645314.296046792",ทางเข้าหมู่บ้านพรรณพฤกษา,,,กรุงเทพมหานคร,2025-11-20T21:02:37.595668,,0,0,2025-11-20T21:02:37.595668
EXT-04239,{ที่ตั้งจุดเสี่ยงภัยสะพานลอยและป้ายรถโดยสารประจำทาง},กรมป้องกันและบรรเทาสาธารณภัย,หมู่บ้านนันทวัน,,,"1523036.912214405,654174.8816358588",หมู่บ้านนันทวัน,,,กรุงเทพมหานคร,2025-11-20T21:02:37.595668,,0,0,2025-11-20T21:02:37.595668
EXT-04240,{ที่ตั้งจุดเสี่ยงภัยสะพานลอยและป้ายรถโดยสารประจำทาง},กรมป้องกันและบรรเทาสาธารณภัย,วัดทองบางเชือกหนัง,,,"1519650.604104913,656522.4729314526",วัดทองบางเชือกหนัง,,,กรุงเทพมหานคร,2025-11-20T21:02:37.595668,,0,0,2025-11-20T21:02:37.595668
EXT-04241,{ที่ตั้งจุดเสี่ยงภัยสะพานลอยและป้ายรถโดยสารประจำทาง},กรมป้องกันและบรรเทาสาธารณภัย,ปากทางเข้าถนนชัยพฤกษ์ ขาเข้า,,,"1524550.978834852,658056.0512632948",ปากทางเข้าถนนชัยพฤกษ์ ขาเข้า,,,กรุงเทพมหานคร,2025-11-20T21:02:37.595668,,0,0,2025-11-20T21:02:37.595668
EXT-04242,{ที่ตั้งจุดเสี่ยงภัยสะพานลอยและป้ายรถโดยสารประจำทาง},กรมป้องกันและบรรเทาสาธารณภัย,ข้างหมู่บ้านพฤกษ์ภิรมย์,,,"1521713.7848434395,656244.2796358517",ข้างหมู่บ้านพฤกษ์ภิรมย์,,,กรุงเทพมหานคร,2025-11-20T21:02:37.595668,,0,0,2025-11-20T21:02:37.595668
EXT-04243,{ที่ตั้งจุดเสี่ยงภัยสะพานลอยและป้ายรถโดยสารประจำทาง},กรมป้องกันและบรรเทาสาธารณภัย,ปากซอยวัดมะกอก,,,"1523907.8760588497,654788.442904454",ปากซอยวัดมะกอก,,,กรุงเทพมหานคร,2025-11-20T21:02:37.595668,,0,0,2025-11-20T21:02:37.595668
EXT-04244,{ที่ตั้งจุดเสี่ยงภัยสะพานลอยและป้ายรถโดยสารประจำทาง},กรมป้องกันและบรรเทาสาธารณภัย,ปากซอยอัศวพิเชษฐ์,,,"1524137.1528150043,653071.9454060603",ปากซอยอัศวพิเชษฐ์,,,กรุงเทพมหานคร,2025-11-20T21:02:37.595668,,0,0,2025-11-20T21:02:37.595668
EXT-04245,{ที่ตั้งจุดเสี่ยงภัยสะพานลอยและป้ายรถโดยสารประจำทาง},กรมป้องกันและบรรเทาสาธารณภัย,ศูนย์โตโยต้า ถนนกาญจนาภิเษก,,,"1524806.1764559706,652423.0848484592",ศูนย์โตโยต้า ถนนกาญจนาภิเษก,,,กรุงเทพมหานคร,2025-11-20T21:02:37.595668,,0,0,2025-11-20T21:02:37.595668
EXT-04246,{ที่ตั้งจุดเสี่ยงภัยสะพานลอยและป้ายรถโดยสารประจำทาง},กรมป้องกันและบรรเทาสาธารณภัย,ใกล้ซอยทวีวัฒนา 1 ถ.ทวีวัฒนา,,,"1518969.0839619297,647015.4383659994",ใกล้ซอยทวีวัฒนา 1 ถ.ทวีวัฒนา,,,กรุงเทพมหานคร,2025-11-20T21:02:37.595668,,0,0,2025-11-20T21:02:37.595668
EXT-04247,{ที่ตั้งจุดเสี่ยงภัยสะพานลอยและป้ายรถโดยสารประจำทาง},กรมป้องกันและบรรเทาสาธารณภัย,ใต้สะพานข้ามคลองทวีวัฒนา,,,"1516135.7267253732,648333.5540830528",ใต้สะพานข้ามคลองทวีวัฒนา,,,กรุงเทพมหานคร,2025-11-20T21:02:37.595668,,0,0,2025-11-20T21:02:37.595668
EXT-04248,{ที่ตั้งจุดเสี่ยงภัยสะพานลอยและป้ายรถโดยสารประจำทาง},กรมป้องกันและบรรเทาสาธารณภัย,ปากทางอนามัยงามเจริญ 2,,,"1507430.0994849394,656839.6890235743",ปากทางอนามัยงามเจริญ 2,,,กรุงเทพมหานคร,2025-11-20T21:02:37.595668,,0,0,2025-11-20T21:02:37.595668
EXT-04249,{ที่ตั้งจุดเสี่ยงภัยสะพานลอยและป้ายรถโดยสารประจำทาง},กรมป้องกันและบรรเทาสาธารณภัย,หน้าบริษัทกระจกตังน้ำ,,,"1510159.2274389598,654515.1245799677",หน้าบริษัทกระจกตังน้ำ,,,กรุงเทพมหานคร,2025-11-20T21:02:37.595668,,0,0,2025-11-20T21:02:37.595668
EXT-04250,{ที่ตั้งจุดเสี่ยงภัยสะพานลอยและป้ายรถโดยสารประจำทาง},กรมป้องกันและบรรเทาสาธารณภัย,หน้าการเคหะไฟฟ้า  พระรามที่ 2,,,"1509850.0963807842,654120.1759594602",หน้าการเคหะไฟฟ้า  พระรามที่ 2,,,กรุงเทพมหานคร,2025-11-20T21:02:37.595668,,0,0,2025-11-20T21:02:37.595668
EXT-04251,{ที่ตั้งจุดเสี่ยงภัยสะพานลอยและป้ายรถโดยสารประจำทาง},กรมป้องกันและบรรเทาสาธารณภัย,หน้าหมู่บ้านอมรชัย 4 ถ.พระรามที่ 2,,,"1508195.9924403701,652001.6397875879",หน้าหมู่บ้านอมรชัย 4 ถ.พระรามที่ 2,,,กรุงเทพมหานคร,2025-11-20T21:02:37.595668,,0,0,2025-11-20T21:02:37.595668
EXT-04252,{ที่ตั้งจุดเสี่ยงภัยสะพานลอยและป้ายรถโดยสารประจำทาง},กรมป้องกันและบรรเทาสาธารณภัย,ปากทางเข้าสน.แสมดำ,,,"1505587.676820465,651720.467444399",ปากทางเข้าสน.แสมดำ,,,กรุงเทพมหานคร,2025-11-20T21:02:37.595668,,0,0,2025-11-20T21:02:37.595668
EXT-04253,{ที่ตั้งจุดเสี่ยงภัยสะพานลอยและป้ายรถโดยสารประจำทาง},กรมป้องกันและบรรเทาสาธารณภัย,ปากทางเข้าชุมชนทรัพย์สินพัฒนา,,,"1505075.9814100685,649096.7270875629",ปากทางเข้าชุมชนทรัพย์สินพัฒนา,,,กรุงเทพมหานคร,2025-11-20T21:02:37.595668,,0,0,2025-11-20T21:02:37.595668
EXT-04254,{ที่ตั้งจุดเสี่ยงภัยสะพานลอยและป้ายรถโดยสารประจำทาง},กรมป้องกันและบรรเทาสาธารณภัย,หน้าศาลเจ้าแม่งู,,,"1511281.7776615405,656286.0294986869",หน้าศาลเจ้าแม่งู,,,กรุงเทพมหานคร,2025-11-20T21:02:37.595668,,0,0,2025-11-20T21:02:37.595668
EXT-04255,{ที่ตั้งจุดเสี่ยงภัยสะพานลอยและป้ายรถโดยสารประจำทาง},กรมป้องกันและบรรเทาสาธารณภัย,ป้ายรถประจำทางหน้าศาลเจ้าแม่งู,,,"1511269.2407969183,656264.297047896",ป้ายรถประจำทางหน้าศาลเจ้าแม่งู,,,กรุงเทพมหานคร,2025-11-20T21:02:37.595668,,0,0,2025-11-20T21:02:37.595668
EXT-04256,{ที่ตั้งจุดเสี่ยงภัยสะพานลอยและป้ายรถโดยสารประจำทาง},กรมป้องกันและบรรเทาสาธารณภัย,ป้ายรถประจำทางหน้าการเคหะไฟฟ้า,,,"1509812.4898271568,654047.8556640227",ป้ายรถประจำทางหน้าการเคหะไฟฟ้า,,,กรุงเทพมหานคร,2025-11-20T21:02:37.595668,,0,0,2025-11-20T21:02:37.595668
EXT-04257,{ที่ตั้งจุดเสี่ยงภัยสะพานลอยและป้ายรถโดยสารประจำทาง},กรมป้องกันและบรรเทาสาธารณภัย,ใกล้ปากซอยพระราม 2 ที่ 70,,,"1508921.4108618482,652909.2029141594",ใกล้ปากซอยพระราม 2 ที่ 70,,,กรุงเทพมหานคร,2025-11-20T21:02:37.595668,,0,0,2025-11-20T21:02:37.595668
EXT-04258,{ที่ตั้งจุดเสี่ยงภัยสะพานลอยและป้ายรถโดยสารประจำทาง},กรมป้องกันและบรรเทาสาธารณภัย,หน้าซอยรักสินพงษ์,,,"1509869.3006031688,654201.5610502436",หน้าซอยรักสินพงษ์,,,กรุงเทพมหานคร,2025-11-20T21:02:37.595668,,0,0,2025-11-20T21:02:37.595668
EXT-04259,{ที่ตั้งจุดเสี่ยงภัยสะพานลอยและป้ายรถโดยสารประจำทาง},กรมป้องกันและบรรเทาสาธารณภัย,สะพานลอยหน้าปั๊ม ปตท. ถนนรามอินทรา,,,"1527915.893595552,682398.9497820111",สะพานลอยหน้าปั๊ม ปตท. ถนนรามอินทรา,,,กรุงเทพมหานคร,2025-11-20T21:02:37.595668,,0,0,2025-11-20T21:02:37.595668
EXT-04260,{ที่ตั้งจุดเสี่ยงภัยสะพานลอยและป้ายรถโดยสารประจำทาง},กรมป้องกันและบรรเทาสาธารณภัย,ปากซอยนวมินทร์ 62,,,"1526510.81981223,678148.6930893246",ปากซอยนวมินทร์ 62,,,กรุงเทพมหานคร,2025-11-20T21:02:37.595668,,0,0,2025-11-20T21:02:37.595668
EXT-04261,{ที่ตั้งจุดเสี่ยงภัยสะพานลอยและป้ายรถโดยสารประจำทาง},กรมป้องกันและบรรเทาสาธารณภัย,ปากซอยนวมินทร์ 143,,,"1528987.964127719,679037.7434810292",ปากซอยนวมินทร์ 143,,,กรุงเทพมหานคร,2025-11-20T21:02:37.595668,,0,0,2025-11-20T21:02:37.595668
EXT-04262,{ที่ตั้งจุดเสี่ยงภัยสะพานลอยและป้ายรถโดยสารประจำทาง},กรมป้องกันและบรรเทาสาธารณภัย,ใกล้โรงเรียนเบญจมินทร์,,,"1528177.7170789663,678747.8303160067",ใกล้โรงเรียนเบญจมินทร์,,,กรุงเทพมหานคร,2025-11-20T21:02:37.595668,,0,0,2025-11-20T21:02:37.595668
EXT-04263,{ที่ตั้งจุดเสี่ยงภัยสะพานลอยและป้ายรถโดยสารประจำทาง},กรมป้องกันและบรรเทาสาธารณภัย,ปากซอยรามอินทรา 40 (ถนนนวลจันทร์),,,"1530376.334537532,676833.0032209014",ปากซอยรามอินทรา 40 (ถนนนวลจันทร์),,,กรุงเทพมหานคร,2025-11-20T21:02:37.595668,,0,0,2025-11-20T21:02:37.595668
EXT-04264,{ที่ตั้งจุดเสี่ยงภัยสะพานลอยและป้ายรถโดยสารประจำทาง},กรมป้องกันและบรรเทาสาธารณภัย,แยกสะพานหัน,,,"1519956.1032202437,662408.9914386888",แยกสะพานหัน,,,กรุงเทพมหานคร,2025-11-20T21:02:37.595668,,0,0,2025-11-20T21:02:37.595668
EXT-04265,{ที่ตั้งจุดเสี่ยงภัยสะพานลอยและป้ายรถโดยสารประจำทาง},กรมป้องกันและบรรเทาสาธารณภัย,หน้าทางเข้าเรือด่วนเจ้าพระยา,,,"1521230.8582669536,661050.3770316353",หน้าทางเข้าเรือด่วนเจ้าพระยา,,,กรุงเทพมหานคร,2025-11-20T21:02:37.595668,,0,0,2025-11-20T21:02:37.595668
EXT-04266,{ที่ตั้งจุดเสี่ยงภัยสะพานลอยและป้ายรถโดยสารประจำทาง},กรมป้องกันและบรรเทาสาธารณภัย,หน้าเซเว่น ฯ ท่าพระจันทร์,,,"1521248.238867172,661051.4189994601",หน้าเซเว่น ฯ ท่าพระจันทร์,,,กรุงเทพมหานคร,2025-11-20T21:02:37.595668,,0,0,2025-11-20T21:02:37.595668
EXT-04267,{ที่ตั้งจุดเสี่ยงภัยสะพานลอยและป้ายรถโดยสารประจำทาง},กรมป้องกันและบรรเทาสาธารณภัย,หน้าโรงละครแห่งชาติ,,,"1521688.7874102893,661334.0465676507",หน้าโรงละครแห่งชาติ,,,กรุงเทพมหานคร,2025-11-20T21:02:37.595668,,0,0,2025-11-20T21:02:37.595668
EXT-04268,{ที่ตั้งจุดเสี่ยงภัยสะพานลอยและป้ายรถโดยสารประจำทาง},กรมป้องกันและบรรเทาสาธารณภัย,ข้างวัดพระเชตุพนวิมลมังคลาราม,,,"1520206.1506994197,661556.5097400543",ข้างวัดพระเชตุพนวิมลมังคลาราม,,,กรุงเทพมหานคร,2025-11-20T21:02:37.595668,,0,0,2025-11-20T21:02:37.595668
EXT-04269,{ที่ตั้งจุดเสี่ยงภัยสะพานลอยและป้ายรถโดยสารประจำทาง},กรมป้องกันและบรรเทาสาธารณภัย,หน้าพาณิชย์นาวี,,,"1521795.641049938,661305.2478966308",หน้าพาณิชย์นาวี,,,กรุงเทพมหานคร,2025-11-20T21:02:37.595668,,0,0,2025-11-20T21:02:37.595668
EXT-04270,{ที่ตั้งจุดเสี่ยงภัยสะพานลอยและป้ายรถโดยสารประจำทาง},กรมป้องกันและบรรเทาสาธารณภัย,หน้าปากซอยวัดใหม่อมตรส,,,"1522259.675423175,662462.410953443",หน้าปากซอยวัดใหม่อมตรส,,,กรุงเทพมหานคร,2025-11-20T21:02:37.595668,,0,0,2025-11-20T21:02:37.595668
EXT-04271,{ที่ตั้งจุดเสี่ยงภัยสะพานลอยและป้ายรถโดยสารประจำทาง},กรมป้องกันและบรรเทาสาธารณภัย,หน้าตลาดท่าเตียน,,,"1520149.3668455903,661238.2941299855",หน้าตลาดท่าเตียน,,,กรุงเทพมหานคร,2025-11-20T21:02:37.595668,,0,0,2025-11-20T21:02:37.595668
EXT-04272,{ที่ตั้งจุดเสี่ยงภัยสะพานลอยและป้ายรถโดยสารประจำทาง},กรมป้องกันและบรรเทาสาธารณภัย,ตรงข้ามโรงเรียนวัดมงกุฎ,,,"1522254.1539710718,663023.734549723",ตรงข้ามโรงเรียนวัดมงกุฎ,,,กรุงเทพมหานคร,2025-11-20T21:02:37.595668,,0,0,2025-11-20T21:02:37.595668
EXT-04273,{ที่ตั้งจุดเสี่ยงภัยสะพานลอยและป้ายรถโดยสารประจำทาง},กรมป้องกันและบรรเทาสาธารณภัย,หน้าสวัสดิการทหารบก,,,"1522107.3044275073,662567.725771016",หน้าสวัสดิการทหารบก,,,กรุงเทพมหานคร,2025-11-20T21:02:37.595668,,0,0,2025-11-20T21:02:37.595668
EXT-04274,{ที่ตั้งจุดเสี่ยงภัยสะพานลอยและป้ายรถโดยสารประจำทาง},กรมป้องกันและบรรเทาสาธารณภัย,หน้าศูนย์บำบัดโรคผิวหนัง,,,"1522149.4018602686,662745.2164392323",หน้าศูนย์บำบัดโรคผิวหนัง,,,กรุงเทพมหานคร,2025-11-20T21:02:37.595668,,0,0,2025-11-20T21:02:37.595668
EXT-04275,{ที่ตั้งจุดเสี่ยงภัยสะพานลอยและป้ายรถโดยสารประจำทาง},กรมป้องกันและบรรเทาสาธารณภัย,หน้าสนามยิงปืนกรมรักษาดินแดน,,,"1520166.1345232215,661578.9957611074",หน้าสนามยิงปืนกรมรักษาดินแดน,,,กรุงเทพมหานคร,2025-11-20T21:02:37.595668,,0,0,2025-11-20T21:02:37.595668
EXT-04276,{ที่ตั้งจุดเสี่ยงภัยสะพานลอยและป้ายรถโดยสารประจำทาง},กรมป้องกันและบรรเทาสาธารณภัย,หน้าสวนสราญรมย์,,,"1520386.3116496576,661750.8569429857",หน้าสวนสราญรมย์,,,กรุงเทพมหานคร,2025-11-20T21:02:37.595668,,0,0,2025-11-20T21:02:37.595668
EXT-04277,{ที่ตั้งจุดเสี่ยงภัยสะพานลอยและป้ายรถโดยสารประจำทาง},กรมป้องกันและบรรเทาสาธารณภัย,ตรงข้ามโรงเรียนวัดมงกุฎ,,,"1522327.4681655418,662957.5917811973",ตรงข้ามโรงเรียนวัดมงกุฎ,,,กรุงเทพมหานคร,2025-11-20T21:02:37.595668,,0,0,2025-11-20T21:02:37.595668
EXT-04278,{ที่ตั้งจุดเสี่ยงภัยสะพานลอยและป้ายรถโดยสารประจำทาง},กรมป้องกันและบรรเทาสาธารณภัย,เยื้องโชว์รูมรถยนต์ ถนนนราธิวาสราชนครินทร์,,,"1516196.1574019922,666098.4511064979",เยื้องโชว์รูมรถยนต์ ถนนนราธิวาสราชนครินทร์,,,กรุงเทพมหานคร,2025-11-20T21:02:37.595668,,0,0,2025-11-20T21:02:37.595668
EXT-04279,{ที่ตั้งจุดเสี่ยงภัยสะพานลอยและป้ายรถโดยสารประจำทาง},กรมป้องกันและบรรเทาสาธารณภัย,สวนป่าวิภาวดี ถนนวิภาวดี ฯ,,,"1522893.7085343644,667788.4599849572",สวนป่าวิภาวดี ถนนวิภาวดี ฯ,,,กรุงเทพมหานคร,2025-11-20T21:02:37.595668,,0,0,2025-11-20T21:02:37.595668
EXT-04280,{ที่ตั้งจุดเสี่ยงภัยสะพานลอยและป้ายรถโดยสารประจำทาง},กรมป้องกันและบรรเทาสาธารณภัย,ปากซอยศรีนครินทร์ 26,,,"1513610.501290547,678101.5678187535",ปากซอยศรีนครินทร์ 26,,,กรุงเทพมหานคร,2025-11-20T21:02:37.595668,,0,0,2025-11-20T21:02:37.595668
EXT-04281,{ที่ตั้งจุดเสี่ยงภัยสะพานลอยและป้ายรถโดยสารประจำทาง},กรมป้องกันและบรรเทาสาธารณภัย,ห้างคาร์ฟู ถนนรามอินทรา,,,"1533057.285923064,674971.0482952682",ห้างคาร์ฟู ถนนรามอินทรา,,,กรุงเทพมหานคร,2025-11-20T21:02:37.595668,,0,0,2025-11-20T21:02:37.595668
EXT-04282,{ที่ตั้งจุดเสี่ยงภัยสะพานลอยและป้ายรถโดยสารประจำทาง},กรมป้องกันและบรรเทาสาธารณภัย,ปากซอยรามคำแหง 162 ถนนรามคำแหง,,,"1525611.5832593418,684285.9016520662",ปากซอยรามคำแหง 162 ถนนรามคำแหง,,,กรุงเทพมหานคร,2025-11-20T21:02:37.595668,,0,0,2025-11-20T21:02:37.595668
EXT-04283,{ที่ตั้งจุดเสี่ยงภัยสะพานลอยและป้ายรถโดยสารประจำทาง},กรมป้องกันและบรรเทาสาธารณภัย,หมู่บ้านสุขสันต์6,,,"1513910.7172172277,652193.4228181061",หมู่บ้านสุขสันต์6,,,กรุงเทพมหานคร,2025-11-20T21:02:37.595668,,0,0,2025-11-20T21:02:37.595668
EXT-04284,{ที่ตั้งจุดเสี่ยงภัยสะพานลอยและป้ายรถโดยสารประจำทาง},กรมป้องกันและบรรเทาสาธารณภัย,หมู่บ้านสุขสันต์7,,,"1514002.03227086,652202.0924077337",หมู่บ้านสุขสันต์7,,,กรุงเทพมหานคร,2025-11-20T21:02:37.595668,,0,0,2025-11-20T21:02:37.595668
EXT-04285,{ที่ตั้งจุดเสี่ยงภัยสะพานลอยและป้ายรถโดยสารประจำทาง},กรมป้องกันและบรรเทาสาธารณภัย,ซอยเพชรเกษม 96,,,"1515984.60999936,649764.431716757",ซอยเพชรเกษม 96,,,กรุงเทพมหานคร,2025-11-20T21:02:37.595668,,0,0,2025-11-20T21:02:37.595668
EXT-04286,{ที่ตั้งจุดเสี่ยงภัยสะพานลอยและป้ายรถโดยสารประจำทาง},กรมป้องกันและบรรเทาสาธารณภัย,ป้ายรถประจำทางเพชรเกษม 94,,,"1515985.5330446407,649797.6613468594",ป้ายรถประจำทางเพชรเกษม 94,,,กรุงเทพมหานคร,2025-11-20T21:02:37.595668,,0,0,2025-11-20T21:02:37.595668
EXT-04287,{ที่ตั้งจุดเสี่ยงภัยสะพานลอยและป้ายรถโดยสารประจำทาง},กรมป้องกันและบรรเทาสาธารณภัย,ซอยเพชรเกษม 94,,,"1516014.14744834,650116.1119686741",ซอยเพชรเกษม 94,,,กรุงเทพมหานคร,2025-11-20T21:02:37.595668,,0,0,2025-11-20T21:02:37.595668
EXT-04288,{ที่ตั้งจุดเสี่ยงภัยสะพานลอยและป้ายรถโดยสารประจำทาง},กรมป้องกันและบรรเทาสาธารณภัย,ปากซอยเพชรเกษม 63,,,"1515996.6095880081,650333.0276096204",ปากซอยเพชรเกษม 63,,,กรุงเทพมหานคร,2025-11-20T21:02:37.595668,,0,0,2025-11-20T21:02:37.595668
EXT-04289,{ที่ตั้งจุดเสี่ยงภัยสะพานลอยและป้ายรถโดยสารประจำทาง},กรมป้องกันและบรรเทาสาธารณภัย,ปากซอยหมู่บ้านเศรษฐกิจ,,,"1515916.243154287,649025.2039191743",ปากซอยหมู่บ้านเศรษฐกิจ,,,กรุงเทพมหานคร,2025-11-20T21:02:37.595668,,0,0,2025-11-20T21:02:37.595668
EXT-04290,{ที่ตั้งจุดเสี่ยงภัยสะพานลอยและป้ายรถโดยสารประจำทาง},กรมป้องกันและบรรเทาสาธารณภัย,ซอยหมู่บ้านแสงทองวิลล่า,,,"1515929.7980904975,649568.7990845584",ซอยหมู่บ้านแสงทองวิลล่า,,,กรุงเทพมหานคร,2025-11-20T21:02:37.595668,,0,0,2025-11-20T21:02:37.595668
EXT-04291,{ที่ตั้งจุดเสี่ยงภัยสะพานลอยและป้ายรถโดยสารประจำทาง},กรมป้องกันและบรรเทาสาธารณภัย,หน้าโรงเรียนสารสาสน์,,,"1503854.3833792014,663008.3225795125",หน้าโรงเรียนสารสาสน์,,,กรุงเทพมหานคร,2025-11-20T21:02:37.595668,,0,0,2025-11-20T21:02:37.595668
EXT-04292,{ที่ตั้งจุดเสี่ยงภัยสะพานลอยและป้ายรถโดยสารประจำทาง},กรมป้องกันและบรรเทาสาธารณภัย,ปากซอยนวมินทร์ 16,,,"1524180.7039065317,677947.8897977239",ปากซอยนวมินทร์ 16,,,กรุงเทพมหานคร,2025-11-20T21:02:37.595668,,0,0,2025-11-20T21:02:37.595668
EXT-04293,{ที่ตั้งจุดเสี่ยงภัยสะพานลอยและป้ายรถโดยสารประจำทาง},กรมป้องกันและบรรเทาสาธารณภัย,ป้ายรถเมล์โรงเรียนบ้านบางกะปิ,,,"1523153.6031711292,678059.520038807",ป้ายรถเมล์โรงเรียนบ้านบางกะปิ,,,กรุงเทพมหานคร,2025-11-20T21:02:37.595668,,0,0,2025-11-20T21:02:37.595668
EXT-04294,{ที่ตั้งจุดเสี่ยงภัยสะพานลอยและป้ายรถโดยสารประจำทาง},กรมป้องกันและบรรเทาสาธารณภัย,ปากซอยรามคำแหง 95-97,,,"1522125.2863732008,678065.0804209647",ปากซอยรามคำแหง 95-97,,,กรุงเทพมหานคร,2025-11-20T21:02:37.595668,,0,0,2025-11-20T21:02:37.595668
EXT-04295,{ที่ตั้งจุดเสี่ยงภัยสะพานลอยและป้ายรถโดยสารประจำทาง},กรมป้องกันและบรรเทาสาธารณภัย,ซอยรามคำแหง 78,,,"1522798.9136969242,679492.801645912",ซอยรามคำแหง 78,,,กรุงเทพมหานคร,2025-11-20T21:02:37.595668,,0,0,2025-11-20T21:02:37.595668
EXT-04296,{ที่ตั้งจุดเสี่ยงภัยสะพานลอยและป้ายรถโดยสารประจำทาง},กรมป้องกันและบรรเทาสาธารณภัย,ปากซอยรามคำแหง 7,,,"1520579.2970412676,673788.9745306332",ปากซอยรามคำแหง 7,,,กรุงเทพมหานคร,2025-11-20T21:02:37.595668,,0,0,2025-11-20T21:02:37.595668
EXT-04297,{ที่ตั้งจุดเสี่ยงภัยสะพานลอยและป้ายรถโดยสารประจำทาง},กรมป้องกันและบรรเทาสาธารณภัย,ปากซอยรามคำแหง 164,,,"1525883.8287736923,684811.8868310474",ปากซอยรามคำแหง 164,,,กรุงเทพมหานคร,2025-11-20T21:02:37.595668,,0,0,2025-11-20T21:02:37.595668
EXT-04298,{ที่ตั้งจุดเสี่ยงภัยสะพานลอยและป้ายรถโดยสารประจำทาง},กรมป้องกันและบรรเทาสาธารณภัย,ปากซอยรามคำแหง 185,,,"1525921.4974736953,684812.6099333552",ปากซอยรามคำแหง 185,,,กรุงเทพมหานคร,2025-11-20T21:02:37.595668,,0,0,2025-11-20T21:02:37.595668
EXT-04299,{ที่ตั้งจุดเสี่ยงภัยสะพานลอยและป้ายรถโดยสารประจำทาง},กรมป้องกันและบรรเทาสาธารณภัย,ฝั่งตรงข้ามโรงเรียนพรสุดามีนบุรี,,,"1528450.4803415095,687511.6324989289",ฝั่งตรงข้ามโรงเรียนพรสุดามีนบุรี,,,กรุงเทพมหานคร,2025-11-20T21:02:37.595668,,0,0,2025-11-20T21:02:37.595668
EXT-04300,{ที่ตั้งจุดเสี่ยงภัยสะพานลอยและป้ายรถโดยสารประจำทาง},กรมป้องกันและบรรเทาสาธารณภัย,ปากซอยรามอินทรา 86,,,"1527646.4758393865,685073.4024770197",ปากซอยรามอินทรา 86,,,กรุงเทพมหานคร,2025-11-20T21:02:37.595668,,0,0,2025-11-20T21:02:37.595668
EXT-04301,{ที่ตั้งจุดเสี่ยงภัยสะพานลอยและป้ายรถโดยสารประจำทาง},กรมป้องกันและบรรเทาสาธารณภัย,ปากซอยรามอินทรา 84,,,"1527649.95182897,684592.3728142604",ปากซอยรามอินทรา 84,,,กรุงเทพมหานคร,2025-11-20T21:02:37.595668,,0,0,2025-11-20T21:02:37.595668
EXT-04302,{ที่ตั้งจุดเสี่ยงภัยสะพานลอยและป้ายรถโดยสารประจำทาง},กรมป้องกันและบรรเทาสาธารณภัย,ปากซอยรามอินทรา 115,,,"1527727.10766496,684120.670089688",ปากซอยรามอินทรา 115,,,กรุงเทพมหานคร,2025-11-20T21:02:37.595668,,0,0,2025-11-20T21:02:37.595668
EXT-04303,{ที่ตั้งจุดเสี่ยงภัยสะพานลอยและป้ายรถโดยสารประจำทาง},กรมป้องกันและบรรเทาสาธารณภัย,ปากซอยเอกชัย 100,,,"1510573.0011199291,651474.4299379085",ปากซอยเอกชัย 100,,,กรุงเทพมหานคร,2025-11-20T21:02:37.595668,,0,0,2025-11-20T21:02:37.595668
EXT-04304,{ที่ตั้งจุดเสี่ยงภัยสะพานลอยและป้ายรถโดยสารประจำทาง},กรมป้องกันและบรรเทาสาธารณภัย,ปากซอยเอกชัย 116,,,"1509032.5829176772,649423.5746074494",ปากซอยเอกชัย 116,,,กรุงเทพมหานคร,2025-11-20T21:02:37.595668,,0,0,2025-11-20T21:02:37.595668
EXT-04305,{ที่ตั้งจุดเสี่ยงภัยสะพานลอยและป้ายรถโดยสารประจำทาง},กรมป้องกันและบรรเทาสาธารณภัย,ปากซอยเอกชัย 119,,,"1508742.5307761359,649105.2913312527",ปากซอยเอกชัย 119,,,กรุงเทพมหานคร,2025-11-20T21:02:37.595668,,0,0,2025-11-20T21:02:37.595668
EXT-04306,{ที่ตั้งจุดเสี่ยงภัยสะพานลอยและป้ายรถโดยสารประจำทาง},กรมป้องกันและบรรเทาสาธารณภัย,ปากซอยเอกชัย 122,,,"1508495.736018341,648777.4458965432",ปากซอยเอกชัย 122,,,กรุงเทพมหานคร,2025-11-20T21:02:37.595668,,0,0,2025-11-20T21:02:37.595668
EXT-04307,{ที่ตั้งจุดเสี่ยงภัยสะพานลอยและป้ายรถโดยสารประจำทาง},กรมป้องกันและบรรเทาสาธารณภัย,ตรงข้ามปากซอยเอกชัย 97,,,"1510479.656239214,651324.1674469996",ตรงข้ามปากซอยเอกชัย 97,,,กรุงเทพมหานคร,2025-11-20T21:02:37.595668,,0,0,2025-11-20T21:02:37.595668
EXT-04308,{ที่ตั้งจุดเสี่ยงภัยสะพานลอยและป้ายรถโดยสารประจำทาง},กรมป้องกันและบรรเทาสาธารณภัย,พระราม 2 ซอย 94,,,"1506129.1078198755,650045.05265718",พระราม 2 ซอย 94,,,กรุงเทพมหานคร,2025-11-20T21:02:37.595668,,0,0,2025-11-20T21:02:37.595668
EXT-04309,{ที่ตั้งจุดเสี่ยงภัยสะพานลอยและป้ายรถโดยสารประจำทาง},กรมป้องกันและบรรเทาสาธารณภัย,ซอยประชาอุทิศ 60,,,"1508152.3784913146,662396.1582573889",ซอยประชาอุทิศ 60,,,กรุงเทพมหานคร,2025-11-20T21:02:37.595668,,0,0,2025-11-20T21:02:37.595668
EXT-04310,{ที่ตั้งจุดเสี่ยงภัยสะพานลอยและป้ายรถโดยสารประจำทาง},กรมป้องกันและบรรเทาสาธารณภัย,ปากซอยเจริญนคร 78,,,"1514652.884185013,660737.4775500906",ปากซอยเจริญนคร 78,,,กรุงเทพมหานคร,2025-11-20T21:02:37.595668,,0,0,2025-11-20T21:02:37.595668
